2017-11-11 21:40:51,961 :: GoPro :: DEBUG :: ========== Starting GoPro H3 Controller ==========
2017-11-11 21:40:51,969 :: GoPro :: DEBUG :: Sleeping for 1 minutes
2017-11-11 21:41:56,067 :: GoPro :: INFO :: Wake up GoPro...
2017-11-11 21:42:06,107 :: GoPro :: INFO :: - Taking a photo
2017-11-11 21:42:22,155 :: GoPro :: INFO :: - Download media
2017-11-11 21:42:22,429 :: GoPro :: INFO :: Downloading 2017-11-11T21:42:22.000Z_GOPR0133.JPG (1064598 bytes)...
2017-11-11 21:42:25,418 :: GoPro :: INFO :: Downloading 2017-11-11T21:42:25.000Z_GOPR0134.JPG (1072634 bytes)...
2017-11-11 21:42:28,421 :: GoPro :: INFO :: Downloaded 2 file(s)
2017-11-11 21:42:38,432 :: GoPro :: INFO :: - Deleting all
2017-11-11 21:42:48,651 :: GoPro :: INFO :: Upload to AWS:  2017-11-11T21:42:22.000Z_GOPR0133.JPG  Path: /home/pi/cloudberry/images/2017-11-11T21:42:22.000Z_GOPR0133.JPG
2017-11-11 21:42:49,029 :: GoPro :: INFO :: Uploaded to AWS S3.
2017-11-11 21:42:49,207 :: GoPro :: INFO :: Upload to AWS:  2017-11-11T21:42:25.000Z_GOPR0134.JPG  Path: /home/pi/cloudberry/images/2017-11-11T21:42:25.000Z_GOPR0134.JPG
2017-11-11 21:42:49,577 :: GoPro :: INFO :: Uploaded to AWS S3.
2017-11-11 21:42:49,581 :: GoPro :: INFO :: - Sleep
2017-11-11 21:50:07,290 :: GoPro :: DEBUG :: ========== Starting GoPro H3 Controller ==========
2017-11-11 21:50:07,341 :: GoPro :: DEBUG :: Sleeping for 1 minutes
2017-11-11 21:51:11,943 :: GoPro :: INFO :: Wake up GoPro...
2017-11-11 21:51:21,990 :: GoPro :: INFO :: - Taking a photo
2017-11-11 21:51:27,164 :: GoPro :: ERROR :: Failed to send command to GoPro: HTTP Error 410: Gone
2017-11-11 21:51:37,177 :: GoPro :: INFO :: - Download media
2017-11-11 21:51:47,191 :: GoPro :: ERROR :: <urlopen error timed out>
2017-11-11 21:51:47,192 :: GoPro :: INFO :: - Sleep
2017-11-11 21:56:09,616 :: GoPro :: DEBUG :: ========== Starting GoPro H3 Controller ==========
2017-11-11 21:56:09,620 :: GoPro :: DEBUG :: Sleeping for 1 minutes
2017-11-11 21:56:11,511 :: GoPro :: DEBUG :: ========== Starting GoPro H3 Controller ==========
2017-11-11 21:56:11,515 :: GoPro :: DEBUG :: Sleeping for 1 minutes
2017-11-11 21:57:14,713 :: GoPro :: INFO :: Wake up GoPro...
2017-11-11 21:57:16,606 :: GoPro :: INFO :: Wake up GoPro...
2017-11-11 21:57:24,750 :: GoPro :: INFO :: - Taking a photo
2017-11-11 21:57:26,641 :: GoPro :: INFO :: - Taking a photo
2017-11-11 21:57:40,797 :: GoPro :: INFO :: - Download media
2017-11-11 21:57:41,877 :: GoPro :: INFO :: Downloading 2017-11-11T21:57:41.000Z_GOPR0135.JPG (1071876 bytes)...
2017-11-11 21:57:42,690 :: GoPro :: INFO :: - Download media
2017-11-11 21:57:44,447 :: GoPro :: INFO :: Downloading 2017-11-11T21:57:44.000Z_GOPR0135.JPG (1071876 bytes)...
2017-11-11 21:57:49,567 :: GoPro :: INFO :: Downloading 2017-11-11T21:57:49.000Z_GOPR0136.JPG (1071020 bytes)...
2017-11-11 21:57:52,649 :: GoPro :: DEBUG :: ========== Starting GoPro H3 Controller ==========
2017-11-11 21:57:52,653 :: GoPro :: DEBUG :: Sleeping for 1 minutes
2017-11-11 21:57:53,269 :: GoPro :: INFO :: Downloading 2017-11-11T21:57:53.000Z_GOPR0136.JPG (1071020 bytes)...
2017-11-11 21:57:56,879 :: GoPro :: INFO :: Downloading 2017-11-11T21:57:56.000Z_GOPR0137.JPG (1071483 bytes)...
2017-11-11 21:57:59,368 :: GoPro :: INFO :: Downloading 2017-11-11T21:57:59.000Z_GOPR0137.JPG (1071483 bytes)...
2017-11-11 21:58:03,438 :: GoPro :: INFO :: Downloaded 3 file(s)
2017-11-11 21:58:04,155 :: GoPro :: INFO :: Downloaded 3 file(s)
2017-11-11 21:58:13,451 :: GoPro :: INFO :: - Deleting all
2017-11-11 21:58:14,168 :: GoPro :: INFO :: - Deleting all
2017-11-11 21:58:23,667 :: GoPro :: INFO :: Upload to AWS:  2017-11-11T21:57:41.000Z_GOPR0135.JPG  Path: /home/pi/cloudberry/images/2017-11-11T21:57:41.000Z_GOPR0135.JPG
2017-11-11 21:58:24,026 :: GoPro :: INFO :: Uploaded to AWS S3.
2017-11-11 21:58:24,153 :: GoPro :: INFO :: Upload to AWS:  2017-11-11T21:57:49.000Z_GOPR0136.JPG  Path: /home/pi/cloudberry/images/2017-11-11T21:57:49.000Z_GOPR0136.JPG
2017-11-11 21:58:24,510 :: GoPro :: INFO :: Upload to AWS:  2017-11-11T21:57:44.000Z_GOPR0135.JPG  Path: /home/pi/cloudberry/images/2017-11-11T21:57:44.000Z_GOPR0135.JPG
2017-11-11 21:58:24,547 :: GoPro :: INFO :: Uploaded to AWS S3.
2017-11-11 21:58:24,670 :: GoPro :: INFO :: Upload to AWS:  2017-11-11T21:57:56.000Z_GOPR0137.JPG  Path: /home/pi/cloudberry/images/2017-11-11T21:57:56.000Z_GOPR0137.JPG
2017-11-11 21:58:25,011 :: GoPro :: INFO :: Uploaded to AWS S3.
2017-11-11 21:58:25,112 :: GoPro :: INFO :: Uploaded to AWS S3.
2017-11-11 21:58:25,115 :: GoPro :: INFO :: - Sleep
2017-11-11 21:58:25,133 :: GoPro :: INFO :: Upload to AWS:  2017-11-11T21:57:53.000Z_GOPR0136.JPG  Path: /home/pi/cloudberry/images/2017-11-11T21:57:53.000Z_GOPR0136.JPG
2017-11-11 21:58:25,504 :: GoPro :: INFO :: Uploaded to AWS S3.
2017-11-11 21:58:25,639 :: GoPro :: INFO :: Upload to AWS:  2017-11-11T21:57:59.000Z_GOPR0137.JPG  Path: /home/pi/cloudberry/images/2017-11-11T21:57:59.000Z_GOPR0137.JPG
2017-11-11 21:58:25,931 :: GoPro :: INFO :: Uploaded to AWS S3.
2017-11-11 21:58:25,934 :: GoPro :: INFO :: - Sleep
2017-11-11 21:58:52,723 :: GoPro :: INFO :: Wake up GoPro...
2017-11-11 21:59:02,770 :: GoPro :: INFO :: - Taking a photo
2017-11-11 21:59:19,323 :: GoPro :: INFO :: - Download media
2017-11-11 21:59:19,512 :: GoPro :: INFO :: Downloading 2017-11-11T21:59:19.000Z_GOPR0138.JPG (1071479 bytes)...
2017-11-11 21:59:22,693 :: GoPro :: INFO :: Downloaded 1 file(s)
2017-11-11 21:59:32,707 :: GoPro :: INFO :: - Deleting all
2017-11-11 21:59:42,929 :: GoPro :: INFO :: Upload to AWS:  2017-11-11T21:59:19.000Z_GOPR0138.JPG  Path: /home/pi/cloudberry/images/2017-11-11T21:59:19.000Z_GOPR0138.JPG
2017-11-11 21:59:43,289 :: GoPro :: INFO :: Uploaded to AWS S3.
2017-11-11 21:59:43,293 :: GoPro :: INFO :: - Sleep
2017-11-11 22:24:39,378 :: GoPro :: DEBUG :: ========== Starting GoPro H3 Controller ==========
2017-11-11 22:24:39,402 :: GoPro :: DEBUG :: Sleeping for 1 minutes
2017-11-11 22:25:46,014 :: GoPro :: INFO :: Wake up GoPro...
2017-11-11 22:25:56,053 :: GoPro :: INFO :: - Taking a photo
2017-11-11 22:26:12,107 :: GoPro :: INFO :: - Download media
2017-11-11 22:26:12,331 :: GoPro :: INFO :: Downloading 2017-11-11T22:26:12.000Z_GOPR0142.JPG (1067349 bytes)...
2017-11-11 22:26:15,382 :: GoPro :: INFO :: Downloading 2017-11-11T22:26:15.000Z_GOPR0143.JPG (1072156 bytes)...
2017-11-11 22:26:18,420 :: GoPro :: INFO :: Downloaded 2 file(s)
2017-11-11 22:26:28,433 :: GoPro :: INFO :: - Deleting all
2017-11-11 22:26:38,651 :: GoPro :: INFO :: Upload to AWS:  2017-11-11T22:26:12.000Z_GOPR0142.JPG  Path: /home/pi/cloudberry/images/2017-11-11T22:26:12.000Z_GOPR0142.JPG
2017-11-11 22:26:39,035 :: GoPro :: INFO :: Uploaded to AWS S3.
2017-11-11 22:26:39,176 :: GoPro :: INFO :: Upload to AWS:  2017-11-11T22:26:15.000Z_GOPR0143.JPG  Path: /home/pi/cloudberry/images/2017-11-11T22:26:15.000Z_GOPR0143.JPG
2017-11-11 22:26:39,712 :: GoPro :: INFO :: Uploaded to AWS S3.
2017-11-11 22:26:39,716 :: GoPro :: INFO :: - Sleep
2017-11-11 22:31:45,246 :: GoPro :: DEBUG :: ========== Starting GoPro H3 Controller ==========
2017-11-11 22:31:45,263 :: GoPro :: DEBUG :: Sleeping for 1 minutes
2017-11-11 22:32:52,385 :: GoPro :: INFO :: Wake up GoPro...
2017-11-11 22:33:02,421 :: GoPro :: INFO :: - Taking a photo
2017-11-11 22:33:18,686 :: GoPro :: INFO :: - Download media
2017-11-11 22:33:18,897 :: GoPro :: INFO :: Downloading 2017-11-11T22:33:18.000Z_GOPR0144.JPG (1069080 bytes)...
2017-11-11 22:33:22,064 :: GoPro :: INFO :: Downloaded 1 file(s)
2017-11-11 22:33:32,077 :: GoPro :: INFO :: - Deleting all
2017-11-11 22:33:42,379 :: GoPro :: INFO :: Upload to AWS:  2017-11-11T22:33:18.000Z_GOPR0144.JPG  Path: /home/pi/cloudberry/images/2017-11-11T22:33:18.000Z_GOPR0144.JPG
2017-11-11 22:33:42,704 :: GoPro :: INFO :: Uploaded to AWS S3.
2017-11-11 22:33:42,707 :: GoPro :: INFO :: - Sleep
2017-11-11 22:34:52,865 :: GoPro :: DEBUG :: ========== Starting GoPro H3 Controller ==========
2017-11-11 22:34:52,870 :: GoPro :: DEBUG :: Sleeping for 1 minutes
2017-11-11 22:36:00,492 :: GoPro :: INFO :: Wake up GoPro...
2017-11-11 22:36:10,548 :: GoPro :: INFO :: - Taking a photo
2017-11-11 22:36:26,835 :: GoPro :: INFO :: - Download media
2017-11-11 22:36:27,057 :: GoPro :: INFO :: Downloading 2017-11-11T22:36:27.000Z_GOPR0145.JPG (1069987 bytes)...
2017-11-11 22:36:30,228 :: GoPro :: INFO :: Downloaded 1 file(s)
2017-11-11 22:36:40,241 :: GoPro :: INFO :: - Deleting all
2017-11-11 22:36:50,501 :: GoPro :: INFO :: Upload to AWS:  2017-11-11T22:36:27.000Z_GOPR0145.JPG  Path: /home/pi/cloudberry/images/2017-11-11T22:36:27.000Z_GOPR0145.JPG
2017-11-11 22:36:50,902 :: GoPro :: INFO :: Uploaded to AWS S3.
2017-11-11 22:36:50,907 :: GoPro :: INFO :: - Sleep
2017-11-12 08:56:12,034 :: GoPro :: DEBUG :: ========== Starting GoPro H3 Controller ==========
2017-11-12 08:56:12,081 :: GoPro :: DEBUG :: Sleeping for 1 minutes
2017-11-12 08:57:20,254 :: GoPro :: INFO :: Wake up GoPro...
2017-11-12 08:57:30,301 :: GoPro :: INFO :: - Taking a photo
2017-11-12 08:57:46,596 :: GoPro :: INFO :: - Download media
2017-11-12 08:57:46,832 :: GoPro :: INFO :: Downloading 2017-11-12T08:57:46.000Z_GOPR0146.JPG (117896 bytes)...
2017-11-12 08:57:47,190 :: GoPro :: INFO :: Downloaded 1 file(s)
2017-11-12 08:57:57,203 :: GoPro :: INFO :: - Deleting all
2017-11-12 08:58:07,512 :: GoPro :: INFO :: Upload to AWS:  2017-11-12T08:57:46.000Z_GOPR0146.JPG  Path: /home/pi/cloudberry/images/2017-11-12T08:57:46.000Z_GOPR0146.JPG
2017-11-12 08:58:07,707 :: GoPro :: INFO :: Uploaded to AWS S3.
2017-11-12 08:58:07,710 :: GoPro :: INFO :: - Sleep
2017-11-12 10:00:20,833 :: GoPro :: DEBUG :: ========== Starting GoPro H3 Controller ==========
2017-11-12 10:00:20,854 :: GoPro :: DEBUG :: Sleeping for 1 minutes
2017-11-12 10:01:29,459 :: GoPro :: INFO :: Wake up GoPro...
2017-11-12 10:01:39,587 :: GoPro :: INFO :: - Taking a photo
2017-11-12 10:01:55,919 :: GoPro :: INFO :: - Download media
2017-11-12 10:01:56,163 :: GoPro :: INFO :: Downloading 2017-11-12T10:01:56.000Z_GOPR0147.JPG (117551 bytes)...
2017-11-12 10:01:56,530 :: GoPro :: INFO :: Downloaded 1 file(s)
2017-11-12 10:02:06,543 :: GoPro :: INFO :: - Deleting all
2017-11-12 10:02:16,830 :: GoPro :: INFO :: Upload to AWS:  2017-11-12T10:01:56.000Z_GOPR0147.JPG  Path: /home/pi/cloudberry/images/2017-11-12T10:01:56.000Z_GOPR0147.JPG
2017-11-12 10:02:17,059 :: GoPro :: INFO :: Uploaded to AWS S3.
2017-11-12 10:02:17,061 :: GoPro :: INFO :: - Sleep
2017-11-12 11:00:20,299 :: GoPro :: DEBUG :: ========== Starting GoPro H3 Controller ==========
2017-11-12 11:00:20,337 :: GoPro :: DEBUG :: Sleeping for 1 minutes
2017-11-12 11:01:29,434 :: GoPro :: INFO :: Wake up GoPro...
2017-11-12 11:01:39,481 :: GoPro :: INFO :: - Taking a photo
2017-11-12 11:01:55,852 :: GoPro :: INFO :: - Download media
2017-11-12 11:01:56,081 :: GoPro :: INFO :: Downloading 2017-11-12T11:01:56.000Z_GOPR0148.JPG (117638 bytes)...
2017-11-12 11:01:56,446 :: GoPro :: INFO :: Downloaded 1 file(s)
2017-11-12 11:02:06,459 :: GoPro :: INFO :: - Deleting all
2017-11-12 11:02:16,762 :: GoPro :: INFO :: Upload to AWS:  2017-11-12T11:01:56.000Z_GOPR0148.JPG  Path: /home/pi/cloudberry/images/2017-11-12T11:01:56.000Z_GOPR0148.JPG
2017-11-12 11:02:16,957 :: GoPro :: INFO :: Uploaded to AWS S3.
2017-11-12 11:02:16,959 :: GoPro :: INFO :: - Sleep
2017-11-12 12:00:20,181 :: GoPro :: DEBUG :: ========== Starting GoPro H3 Controller ==========
2017-11-12 12:00:20,194 :: GoPro :: DEBUG :: Sleeping for 1 minutes
2017-11-12 12:01:29,808 :: GoPro :: INFO :: Wake up GoPro...
2017-11-12 12:01:39,855 :: GoPro :: INFO :: - Taking a photo
2017-11-12 12:01:56,120 :: GoPro :: INFO :: - Download media
2017-11-12 12:01:56,356 :: GoPro :: INFO :: Downloading 2017-11-12T12:01:56.000Z_GOPR0149.JPG (117709 bytes)...
2017-11-12 12:01:56,720 :: GoPro :: INFO :: Downloaded 1 file(s)
2017-11-12 12:02:06,733 :: GoPro :: INFO :: - Deleting all
2017-11-12 12:02:17,050 :: GoPro :: INFO :: Upload to AWS:  2017-11-12T12:01:56.000Z_GOPR0149.JPG  Path: /home/pi/cloudberry/images/2017-11-12T12:01:56.000Z_GOPR0149.JPG
2017-11-12 12:02:17,275 :: GoPro :: INFO :: Uploaded to AWS S3.
2017-11-12 12:02:17,278 :: GoPro :: INFO :: - Sleep
2017-11-12 13:00:20,395 :: GoPro :: DEBUG :: ========== Starting GoPro H3 Controller ==========
2017-11-12 13:00:20,400 :: GoPro :: DEBUG :: Sleeping for 1 minutes
2017-11-12 13:01:30,495 :: GoPro :: INFO :: Wake up GoPro...
2017-11-12 13:01:40,541 :: GoPro :: INFO :: - Taking a photo
2017-11-12 13:01:56,836 :: GoPro :: INFO :: - Download media
2017-11-12 13:01:57,044 :: GoPro :: INFO :: Downloading 2017-11-12T13:01:57.000Z_GOPR0150.JPG (906606 bytes)...
2017-11-12 13:01:59,718 :: GoPro :: INFO :: Downloaded 1 file(s)
2017-11-12 13:02:09,731 :: GoPro :: INFO :: - Deleting all
2017-11-12 13:02:19,995 :: GoPro :: INFO :: Upload to AWS:  2017-11-12T13:01:57.000Z_GOPR0150.JPG  Path: /home/pi/cloudberry/images/2017-11-12T13:01:57.000Z_GOPR0150.JPG
2017-11-12 13:02:20,472 :: GoPro :: INFO :: Uploaded to AWS S3.
2017-11-12 13:02:20,476 :: GoPro :: INFO :: - Sleep
2017-11-12 14:00:20,302 :: GoPro :: DEBUG :: ========== Starting GoPro H3 Controller ==========
2017-11-12 14:00:20,331 :: GoPro :: DEBUG :: Sleeping for 1 minutes
2017-11-12 14:01:30,931 :: GoPro :: INFO :: Wake up GoPro...
2017-11-12 14:01:40,972 :: GoPro :: INFO :: - Taking a photo
2017-11-12 14:01:57,242 :: GoPro :: INFO :: - Download media
2017-11-12 14:01:57,476 :: GoPro :: INFO :: Downloading 2017-11-12T14:01:57.000Z_GOPR0151.JPG (116861 bytes)...
2017-11-12 14:01:57,841 :: GoPro :: INFO :: Downloaded 1 file(s)
2017-11-12 14:02:07,854 :: GoPro :: INFO :: - Deleting all
2017-11-12 14:02:18,171 :: GoPro :: INFO :: Upload to AWS:  2017-11-12T14:01:57.000Z_GOPR0151.JPG  Path: /home/pi/cloudberry/images/2017-11-12T14:01:57.000Z_GOPR0151.JPG
2017-11-12 14:02:18,396 :: GoPro :: INFO :: Uploaded to AWS S3.
2017-11-12 14:02:18,399 :: GoPro :: INFO :: - Sleep
2017-11-12 15:00:20,745 :: GoPro :: DEBUG :: ========== Starting GoPro H3 Controller ==========
2017-11-12 15:00:20,758 :: GoPro :: DEBUG :: Sleeping for 1 minutes
2017-11-12 15:01:31,859 :: GoPro :: INFO :: Wake up GoPro...
2017-11-12 15:01:41,907 :: GoPro :: INFO :: - Taking a photo
2017-11-12 15:01:58,124 :: GoPro :: INFO :: - Download media
2017-11-12 15:01:58,346 :: GoPro :: INFO :: Downloading 2017-11-12T15:01:58.000Z_GOPR0152.JPG (118599 bytes)...
2017-11-12 15:01:58,702 :: GoPro :: INFO :: Downloaded 1 file(s)
2017-11-12 15:02:08,715 :: GoPro :: INFO :: - Deleting all
2017-11-12 15:02:18,996 :: GoPro :: INFO :: Upload to AWS:  2017-11-12T15:01:58.000Z_GOPR0152.JPG  Path: /home/pi/cloudberry/images/2017-11-12T15:01:58.000Z_GOPR0152.JPG
2017-11-12 15:02:19,277 :: GoPro :: INFO :: Uploaded to AWS S3.
2017-11-12 15:02:19,279 :: GoPro :: INFO :: - Sleep
2017-11-12 16:00:20,578 :: GoPro :: DEBUG :: ========== Starting GoPro H3 Controller ==========
2017-11-12 16:00:20,614 :: GoPro :: DEBUG :: Sleeping for 1 minutes
2017-11-12 16:01:32,214 :: GoPro :: INFO :: Wake up GoPro...
2017-11-12 16:01:42,276 :: GoPro :: INFO :: - Taking a photo
2017-11-12 16:01:58,584 :: GoPro :: INFO :: - Download media
2017-11-12 16:01:58,775 :: GoPro :: INFO :: Downloading 2017-11-12T16:01:58.000Z_GOPR0153.JPG (118421 bytes)...
2017-11-12 16:01:59,142 :: GoPro :: INFO :: Downloaded 1 file(s)
2017-11-12 16:02:09,155 :: GoPro :: INFO :: - Deleting all
2017-11-12 16:02:19,544 :: GoPro :: INFO :: Upload to AWS:  2017-11-12T16:01:58.000Z_GOPR0153.JPG  Path: /home/pi/cloudberry/images/2017-11-12T16:01:58.000Z_GOPR0153.JPG
2017-11-12 16:02:19,799 :: GoPro :: INFO :: Uploaded to AWS S3.
2017-11-12 16:02:19,802 :: GoPro :: INFO :: - Sleep
2017-11-12 17:00:20,308 :: GoPro :: DEBUG :: ========== Starting GoPro H3 Controller ==========
2017-11-12 17:00:20,324 :: GoPro :: DEBUG :: Sleeping for 1 minutes
2017-11-12 17:01:32,451 :: GoPro :: INFO :: Wake up GoPro...
2017-11-12 17:01:42,499 :: GoPro :: INFO :: - Taking a photo
2017-11-12 17:01:58,818 :: GoPro :: INFO :: - Download media
2017-11-12 17:01:59,033 :: GoPro :: INFO :: Downloading 2017-11-12T17:01:59.000Z_GOPR0154.JPG (745571 bytes)...
2017-11-12 17:02:01,247 :: GoPro :: INFO :: Downloaded 1 file(s)
2017-11-12 17:02:11,260 :: GoPro :: INFO :: - Deleting all
2017-11-12 17:02:21,587 :: GoPro :: INFO :: Upload to AWS:  2017-11-12T17:01:59.000Z_GOPR0154.JPG  Path: /home/pi/cloudberry/images/2017-11-12T17:01:59.000Z_GOPR0154.JPG
2017-11-12 17:02:22,503 :: GoPro :: INFO :: Uploaded to AWS S3.
2017-11-12 17:02:22,510 :: GoPro :: INFO :: - Sleep
2017-11-12 18:00:20,560 :: GoPro :: DEBUG :: ========== Starting GoPro H3 Controller ==========
2017-11-12 18:00:20,591 :: GoPro :: DEBUG :: Sleeping for 1 minutes
2017-11-12 18:01:33,200 :: GoPro :: INFO :: Wake up GoPro...
2017-11-12 18:01:43,246 :: GoPro :: INFO :: - Taking a photo
2017-11-12 18:01:59,509 :: GoPro :: INFO :: - Download media
2017-11-12 18:01:59,743 :: GoPro :: INFO :: Downloading 2017-11-12T18:01:59.000Z_GOPR0155.JPG (119476 bytes)...
2017-11-12 18:02:00,114 :: GoPro :: INFO :: Downloaded 1 file(s)
2017-11-12 18:02:10,127 :: GoPro :: INFO :: - Deleting all
2017-11-12 18:02:20,430 :: GoPro :: INFO :: Upload to AWS:  2017-11-12T18:01:59.000Z_GOPR0155.JPG  Path: /home/pi/cloudberry/images/2017-11-12T18:01:59.000Z_GOPR0155.JPG
2017-11-12 18:02:20,684 :: GoPro :: INFO :: Uploaded to AWS S3.
2017-11-12 18:02:20,686 :: GoPro :: INFO :: - Sleep
2017-11-12 19:00:20,656 :: GoPro :: DEBUG :: ========== Starting GoPro H3 Controller ==========
2017-11-12 19:00:20,676 :: GoPro :: DEBUG :: Sleeping for 1 minutes
2017-11-12 19:01:33,786 :: GoPro :: INFO :: Wake up GoPro...
2017-11-12 19:01:43,833 :: GoPro :: INFO :: - Taking a photo
2017-11-12 19:02:00,184 :: GoPro :: INFO :: - Download media
2017-11-12 19:02:00,425 :: GoPro :: INFO :: Downloading 2017-11-12T19:02:00.000Z_GOPR0156.JPG (120365 bytes)...
2017-11-12 19:02:00,807 :: GoPro :: INFO :: Downloaded 1 file(s)
2017-11-12 19:02:10,820 :: GoPro :: INFO :: - Deleting all
2017-11-12 19:02:21,097 :: GoPro :: INFO :: Upload to AWS:  2017-11-12T19:02:00.000Z_GOPR0156.JPG  Path: /home/pi/cloudberry/images/2017-11-12T19:02:00.000Z_GOPR0156.JPG
2017-11-12 19:02:21,330 :: GoPro :: INFO :: Uploaded to AWS S3.
2017-11-12 19:02:21,333 :: GoPro :: INFO :: - Sleep
2017-11-13 07:00:22,379 :: GoPro :: DEBUG :: ========== Starting GoPro H3 Controller ==========
2017-11-13 07:00:22,391 :: GoPro :: DEBUG :: Sleeping for 1 minutes
2017-11-13 07:01:35,986 :: GoPro :: INFO :: Wake up GoPro...
2017-11-13 07:01:46,039 :: GoPro :: INFO :: - Taking a photo
2017-11-13 07:02:02,311 :: GoPro :: INFO :: - Download media
2017-11-13 07:02:02,542 :: GoPro :: INFO :: Downloading 2017-11-13T07:02:02.000Z_GOPR0157.JPG (116159 bytes)...
2017-11-13 07:02:02,903 :: GoPro :: INFO :: Downloaded 1 file(s)
2017-11-13 07:02:12,922 :: GoPro :: INFO :: - Deleting all
2017-11-13 07:02:23,233 :: GoPro :: INFO :: Upload to AWS:  2017-11-13T07:02:02.000Z_GOPR0157.JPG  Path: /home/pi/cloudberry/images/2017-11-13T07:02:02.000Z_GOPR0157.JPG
2017-11-13 07:02:23,514 :: GoPro :: INFO :: Uploaded to AWS S3.
2017-11-13 07:02:23,517 :: GoPro :: INFO :: - Sleep
2017-11-13 08:00:20,420 :: GoPro :: DEBUG :: ========== Starting GoPro H3 Controller ==========
2017-11-13 08:00:20,463 :: GoPro :: DEBUG :: Sleeping for 1 minutes
2017-11-13 08:01:34,533 :: GoPro :: INFO :: Wake up GoPro...
2017-11-13 08:01:44,579 :: GoPro :: INFO :: - Taking a photo
2017-11-13 08:02:00,788 :: GoPro :: INFO :: - Download media
2017-11-13 08:02:01,000 :: GoPro :: INFO :: Downloading 2017-11-13T08:02:01.000Z_GOPR0158.JPG (117421 bytes)...
2017-11-13 08:02:01,386 :: GoPro :: INFO :: Downloaded 1 file(s)
2017-11-13 08:02:11,398 :: GoPro :: INFO :: - Deleting all
2017-11-13 08:02:21,686 :: GoPro :: INFO :: Upload to AWS:  2017-11-13T08:02:01.000Z_GOPR0158.JPG  Path: /home/pi/cloudberry/images/2017-11-13T08:02:01.000Z_GOPR0158.JPG
2017-11-13 08:02:21,905 :: GoPro :: INFO :: Uploaded to AWS S3.
2017-11-13 08:02:21,908 :: GoPro :: INFO :: - Sleep
2017-11-13 09:00:20,306 :: GoPro :: DEBUG :: ========== Starting GoPro H3 Controller ==========
2017-11-13 09:00:20,325 :: GoPro :: DEBUG :: Sleeping for 1 minutes
2017-11-13 09:01:34,899 :: GoPro :: INFO :: Wake up GoPro...
2017-11-13 09:01:45,077 :: GoPro :: INFO :: - Taking a photo
2017-11-13 09:02:01,591 :: GoPro :: INFO :: - Download media
2017-11-13 09:02:01,764 :: GoPro :: INFO :: Downloading 2017-11-13T09:02:01.000Z_GOPR0159.JPG (1148086 bytes)...
2017-11-13 09:02:05,099 :: GoPro :: INFO :: Downloaded 1 file(s)
2017-11-13 09:02:15,123 :: GoPro :: INFO :: - Deleting all
2017-11-13 09:02:25,412 :: GoPro :: INFO :: Upload to AWS:  2017-11-13T09:02:01.000Z_GOPR0159.JPG  Path: /home/pi/cloudberry/images/2017-11-13T09:02:01.000Z_GOPR0159.JPG
2017-11-13 09:02:25,843 :: GoPro :: INFO :: Uploaded to AWS S3.
2017-11-13 09:02:25,847 :: GoPro :: INFO :: - Sleep
2017-11-13 10:00:20,661 :: GoPro :: DEBUG :: ========== Starting GoPro H3 Controller ==========
2017-11-13 10:00:20,680 :: GoPro :: DEBUG :: Sleeping for 1 minutes
2017-11-13 10:01:35,758 :: GoPro :: INFO :: Wake up GoPro...
2017-11-13 10:01:45,808 :: GoPro :: INFO :: - Taking a photo
2017-11-13 10:02:02,035 :: GoPro :: INFO :: - Download media
2017-11-13 10:02:02,202 :: GoPro :: INFO :: Downloading 2017-11-13T10:02:02.000Z_GOPR0160.JPG (1348638 bytes)...
2017-11-13 10:02:06,149 :: GoPro :: INFO :: Downloaded 1 file(s)
2017-11-13 10:02:16,162 :: GoPro :: INFO :: - Deleting all
2017-11-13 10:02:26,479 :: GoPro :: INFO :: Upload to AWS:  2017-11-13T10:02:02.000Z_GOPR0160.JPG  Path: /home/pi/cloudberry/images/2017-11-13T10:02:02.000Z_GOPR0160.JPG
2017-11-13 10:02:26,936 :: GoPro :: INFO :: Uploaded to AWS S3.
2017-11-13 10:02:26,940 :: GoPro :: INFO :: - Sleep
2017-11-13 11:00:20,169 :: GoPro :: DEBUG :: ========== Starting GoPro H3 Controller ==========
2017-11-13 11:00:20,185 :: GoPro :: DEBUG :: Sleeping for 1 minutes
2017-11-13 11:01:35,757 :: GoPro :: INFO :: Wake up GoPro...
2017-11-13 11:01:45,811 :: GoPro :: INFO :: - Taking a photo
2017-11-13 11:02:02,181 :: GoPro :: INFO :: - Download media
2017-11-13 11:02:02,363 :: GoPro :: INFO :: Downloading 2017-11-13T11:02:02.000Z_GOPR0161.JPG (1330208 bytes)...
2017-11-13 11:02:06,245 :: GoPro :: INFO :: Downloaded 1 file(s)
2017-11-13 11:02:16,258 :: GoPro :: INFO :: - Deleting all
2017-11-13 11:02:26,568 :: GoPro :: INFO :: Upload to AWS:  2017-11-13T11:02:02.000Z_GOPR0161.JPG  Path: /home/pi/cloudberry/images/2017-11-13T11:02:02.000Z_GOPR0161.JPG
2017-11-13 11:02:27,053 :: GoPro :: INFO :: Uploaded to AWS S3.
2017-11-13 11:02:27,057 :: GoPro :: INFO :: - Sleep
2017-11-13 12:00:20,207 :: GoPro :: DEBUG :: ========== Starting GoPro H3 Controller ==========
2017-11-13 12:00:20,223 :: GoPro :: DEBUG :: Sleeping for 1 minutes
2017-11-13 12:01:36,296 :: GoPro :: INFO :: Wake up GoPro...
2017-11-13 12:01:46,338 :: GoPro :: INFO :: - Taking a photo
2017-11-13 12:02:02,753 :: GoPro :: INFO :: - Download media
2017-11-13 12:02:02,932 :: GoPro :: INFO :: Downloading 2017-11-13T12:02:02.000Z_GOPR0162.JPG (1552532 bytes)...
2017-11-13 12:02:07,518 :: GoPro :: INFO :: Downloaded 1 file(s)
2017-11-13 12:02:17,531 :: GoPro :: INFO :: - Deleting all
2017-11-13 12:02:27,810 :: GoPro :: INFO :: Upload to AWS:  2017-11-13T12:02:02.000Z_GOPR0162.JPG  Path: /home/pi/cloudberry/images/2017-11-13T12:02:02.000Z_GOPR0162.JPG
2017-11-13 12:02:28,355 :: GoPro :: INFO :: Uploaded to AWS S3.
2017-11-13 12:02:28,359 :: GoPro :: INFO :: - Sleep
2017-11-13 13:00:20,804 :: GoPro :: DEBUG :: ========== Starting GoPro H3 Controller ==========
2017-11-13 13:00:20,812 :: GoPro :: DEBUG :: Sleeping for 1 minutes
2017-11-13 13:01:37,397 :: GoPro :: INFO :: Wake up GoPro...
2017-11-13 13:01:47,444 :: GoPro :: INFO :: - Taking a photo
2017-11-13 13:02:03,637 :: GoPro :: INFO :: - Download media
2017-11-13 13:02:03,863 :: GoPro :: INFO :: Downloading 2017-11-13T13:02:03.000Z_GOPR0163.JPG (1245487 bytes)...
2017-11-13 13:02:07,484 :: GoPro :: INFO :: Downloaded 1 file(s)
2017-11-13 13:02:17,498 :: GoPro :: INFO :: - Deleting all
2017-11-13 13:02:27,777 :: GoPro :: INFO :: Upload to AWS:  2017-11-13T13:02:03.000Z_GOPR0163.JPG  Path: /home/pi/cloudberry/images/2017-11-13T13:02:03.000Z_GOPR0163.JPG
2017-11-13 13:02:28,262 :: GoPro :: INFO :: Uploaded to AWS S3.
2017-11-13 13:02:28,266 :: GoPro :: INFO :: - Sleep
2017-11-13 14:00:20,563 :: GoPro :: DEBUG :: ========== Starting GoPro H3 Controller ==========
2017-11-13 14:00:20,576 :: GoPro :: DEBUG :: Sleeping for 1 minutes
2017-11-13 14:01:37,648 :: GoPro :: INFO :: Wake up GoPro...
2017-11-13 14:01:47,696 :: GoPro :: INFO :: - Taking a photo
2017-11-13 14:02:04,015 :: GoPro :: INFO :: - Download media
2017-11-13 14:02:04,239 :: GoPro :: INFO :: Downloading 2017-11-13T14:02:04.000Z_GOPR0164.JPG (116319 bytes)...
2017-11-13 14:02:04,594 :: GoPro :: INFO :: Downloaded 1 file(s)
2017-11-13 14:02:14,607 :: GoPro :: INFO :: - Deleting all
2017-11-13 14:02:24,949 :: GoPro :: INFO :: Upload to AWS:  2017-11-13T14:02:04.000Z_GOPR0164.JPG  Path: /home/pi/cloudberry/images/2017-11-13T14:02:04.000Z_GOPR0164.JPG
2017-11-13 14:02:25,202 :: GoPro :: INFO :: Uploaded to AWS S3.
2017-11-13 14:02:25,205 :: GoPro :: INFO :: - Sleep
2017-11-13 15:00:20,270 :: GoPro :: DEBUG :: ========== Starting GoPro H3 Controller ==========
2017-11-13 15:00:20,295 :: GoPro :: DEBUG :: Sleeping for 1 minutes
2017-11-13 15:01:37,879 :: GoPro :: INFO :: Wake up GoPro...
2017-11-13 15:01:47,920 :: GoPro :: INFO :: - Taking a photo
2017-11-13 15:01:47,940 :: GoPro :: ERROR :: Failed to send command to GoPro: HTTP Error 410: Gone
2017-11-13 15:01:57,953 :: GoPro :: INFO :: - Download media
2017-11-13 15:02:07,966 :: GoPro :: ERROR :: <urlopen error timed out>
2017-11-13 15:02:07,968 :: GoPro :: INFO :: - Sleep
2017-11-13 16:00:20,340 :: GoPro :: DEBUG :: ========== Starting GoPro H3 Controller ==========
2017-11-13 16:00:20,363 :: GoPro :: DEBUG :: Sleeping for 1 minutes
2017-11-13 16:01:38,439 :: GoPro :: INFO :: Wake up GoPro...
2017-11-13 16:01:48,487 :: GoPro :: INFO :: - Taking a photo
2017-11-13 16:02:05,008 :: GoPro :: INFO :: - Download media
2017-11-13 16:02:05,183 :: GoPro :: INFO :: Downloading 2017-11-13T16:02:05.000Z_GOPR0165.JPG (750270 bytes)...
2017-11-13 16:02:07,399 :: GoPro :: INFO :: Downloaded 1 file(s)
2017-11-13 16:02:17,412 :: GoPro :: INFO :: - Deleting all
2017-11-13 16:02:27,688 :: GoPro :: INFO :: Upload to AWS:  2017-11-13T16:02:05.000Z_GOPR0165.JPG  Path: /home/pi/cloudberry/images/2017-11-13T16:02:05.000Z_GOPR0165.JPG
2017-11-13 16:02:28,115 :: GoPro :: INFO :: Uploaded to AWS S3.
2017-11-13 16:02:28,118 :: GoPro :: INFO :: - Sleep
2017-11-13 17:00:20,477 :: GoPro :: DEBUG :: ========== Starting GoPro H3 Controller ==========
2017-11-13 17:00:20,504 :: GoPro :: DEBUG :: Sleeping for 1 minutes
2017-11-13 17:01:39,083 :: GoPro :: INFO :: Wake up GoPro...
2017-11-13 17:01:49,135 :: GoPro :: INFO :: - Taking a photo
2017-11-13 17:02:05,494 :: GoPro :: INFO :: - Download media
2017-11-13 17:02:05,689 :: GoPro :: INFO :: Downloading 2017-11-13T17:02:05.000Z_GOPR0166.JPG (116175 bytes)...
2017-11-13 17:02:06,050 :: GoPro :: INFO :: Downloaded 1 file(s)
2017-11-13 17:02:16,064 :: GoPro :: INFO :: - Deleting all
2017-11-13 17:02:26,409 :: GoPro :: INFO :: Upload to AWS:  2017-11-13T17:02:05.000Z_GOPR0166.JPG  Path: /home/pi/cloudberry/images/2017-11-13T17:02:05.000Z_GOPR0166.JPG
2017-11-13 17:02:26,670 :: GoPro :: INFO :: Uploaded to AWS S3.
2017-11-13 17:02:26,673 :: GoPro :: INFO :: - Sleep
2017-11-13 17:11:47,111 :: GoPro :: DEBUG :: ========== Starting GoPro H3 Controller ==========
2017-11-13 17:11:47,114 :: GoPro :: DEBUG :: Sleeping for 1 minutes
2017-11-13 17:12:47,209 :: GoPro :: INFO :: Wake up GoPro...
2017-11-13 17:12:57,254 :: GoPro :: INFO :: - Taking a photo
2017-11-13 17:13:13,582 :: GoPro :: INFO :: - Download media
2017-11-13 17:13:13,778 :: GoPro :: INFO :: Downloading 2017-11-13T17:13:13.000Z_GOPR0167.JPG (116177 bytes)...
2017-11-13 17:13:14,137 :: GoPro :: INFO :: Downloaded 1 file(s)
2017-11-13 17:13:24,150 :: GoPro :: INFO :: - Deleting all
2017-11-13 17:13:34,394 :: GoPro :: INFO :: Upload to AWS:  2017-11-13T17:13:13.000Z_GOPR0167.JPG  Path: /home/pi/cloudberry/images/2017-11-13T17:13:13.000Z_GOPR0167.JPG
2017-11-13 17:13:34,659 :: GoPro :: INFO :: Uploaded to AWS S3.
2017-11-13 17:13:34,662 :: GoPro :: INFO :: - Sleep
2017-11-13 18:00:20,301 :: GoPro :: DEBUG :: ========== Starting GoPro H3 Controller ==========
2017-11-13 18:00:20,330 :: GoPro :: DEBUG :: Sleeping for 1 minutes
2017-11-13 18:01:39,409 :: GoPro :: INFO :: Wake up GoPro...
2017-11-13 18:01:49,456 :: GoPro :: INFO :: - Taking a photo
2017-11-13 18:02:05,815 :: GoPro :: INFO :: - Download media
2017-11-13 18:02:06,045 :: GoPro :: INFO :: Downloading 2017-11-13T18:02:06.000Z_GOPR0168.JPG (116179 bytes)...
2017-11-13 18:02:06,397 :: GoPro :: INFO :: Downloaded 1 file(s)
2017-11-13 18:02:16,410 :: GoPro :: INFO :: - Deleting all
2017-11-13 18:02:26,681 :: GoPro :: INFO :: Upload to AWS:  2017-11-13T18:02:06.000Z_GOPR0168.JPG  Path: /home/pi/cloudberry/images/2017-11-13T18:02:06.000Z_GOPR0168.JPG
2017-11-13 18:02:26,902 :: GoPro :: INFO :: Uploaded to AWS S3.
2017-11-13 18:02:26,905 :: GoPro :: INFO :: - Sleep
2017-11-13 19:00:20,565 :: GoPro :: DEBUG :: ========== Starting GoPro H3 Controller ==========
2017-11-13 19:00:20,588 :: GoPro :: DEBUG :: Sleeping for 1 minutes
2017-11-13 19:01:40,171 :: GoPro :: INFO :: Wake up GoPro...
2017-11-13 19:01:50,216 :: GoPro :: INFO :: - Taking a photo
2017-11-13 19:02:06,423 :: GoPro :: INFO :: - Download media
2017-11-13 19:02:06,639 :: GoPro :: INFO :: Downloading 2017-11-13T19:02:06.000Z_GOPR0169.JPG (116170 bytes)...
2017-11-13 19:02:06,998 :: GoPro :: INFO :: Downloaded 1 file(s)
2017-11-13 19:02:17,020 :: GoPro :: INFO :: - Deleting all
2017-11-13 19:02:27,298 :: GoPro :: INFO :: Upload to AWS:  2017-11-13T19:02:06.000Z_GOPR0169.JPG  Path: /home/pi/cloudberry/images/2017-11-13T19:02:06.000Z_GOPR0169.JPG
2017-11-13 19:02:27,508 :: GoPro :: INFO :: Uploaded to AWS S3.
2017-11-13 19:02:27,511 :: GoPro :: INFO :: - Sleep
2017-11-14 07:00:22,070 :: GoPro :: DEBUG :: ========== Starting GoPro H3 Controller ==========
2017-11-14 07:00:22,099 :: GoPro :: DEBUG :: Sleeping for 1 minutes
2017-11-14 07:01:42,144 :: GoPro :: INFO :: Wake up GoPro...
2017-11-14 07:01:52,192 :: GoPro :: INFO :: - Taking a photo
2017-11-14 07:02:08,703 :: GoPro :: INFO :: - Download media
2017-11-14 07:02:08,895 :: GoPro :: INFO :: Downloading 2017-11-14T07:02:08.000Z_GOPR0170.JPG (116166 bytes)...
2017-11-14 07:02:09,245 :: GoPro :: INFO :: Downloaded 1 file(s)
2017-11-14 07:02:19,258 :: GoPro :: INFO :: - Deleting all
2017-11-14 07:02:29,592 :: GoPro :: INFO :: Upload to AWS:  2017-11-14T07:02:08.000Z_GOPR0170.JPG  Path: /home/pi/cloudberry/images/2017-11-14T07:02:08.000Z_GOPR0170.JPG
2017-11-14 07:02:29,801 :: GoPro :: INFO :: Uploaded to AWS S3.
2017-11-14 07:02:29,804 :: GoPro :: INFO :: - Sleep
2017-11-14 08:00:20,552 :: GoPro :: DEBUG :: ========== Starting GoPro H3 Controller ==========
2017-11-14 08:00:20,560 :: GoPro :: DEBUG :: Sleeping for 1 minutes
2017-11-14 08:01:41,106 :: GoPro :: INFO :: Wake up GoPro...
2017-11-14 08:01:51,141 :: GoPro :: INFO :: - Taking a photo
2017-11-14 08:02:07,376 :: GoPro :: INFO :: - Download media
2017-11-14 08:02:07,607 :: GoPro :: INFO :: Downloading 2017-11-14T08:02:07.000Z_GOPR0171.JPG (116490 bytes)...
2017-11-14 08:02:07,975 :: GoPro :: INFO :: Downloaded 1 file(s)
2017-11-14 08:02:17,988 :: GoPro :: INFO :: - Deleting all
2017-11-14 08:02:28,282 :: GoPro :: INFO :: Upload to AWS:  2017-11-14T08:02:07.000Z_GOPR0171.JPG  Path: /home/pi/cloudberry/images/2017-11-14T08:02:07.000Z_GOPR0171.JPG
2017-11-14 08:02:29,078 :: GoPro :: INFO :: Uploaded to AWS S3.
2017-11-14 08:02:29,085 :: GoPro :: INFO :: - Sleep
2017-11-14 09:00:20,221 :: GoPro :: DEBUG :: ========== Starting GoPro H3 Controller ==========
2017-11-14 09:00:20,247 :: GoPro :: DEBUG :: Sleeping for 1 minutes
2017-11-14 09:01:41,286 :: GoPro :: INFO :: Wake up GoPro...
2017-11-14 09:01:51,334 :: GoPro :: INFO :: - Taking a photo
2017-11-14 09:02:07,709 :: GoPro :: INFO :: - Download media
2017-11-14 09:02:07,941 :: GoPro :: INFO :: Downloading 2017-11-14T09:02:07.000Z_GOPR0172.JPG (901057 bytes)...
2017-11-14 09:02:10,569 :: GoPro :: INFO :: Downloaded 1 file(s)
2017-11-14 09:02:20,582 :: GoPro :: INFO :: - Deleting all
2017-11-14 09:02:30,880 :: GoPro :: INFO :: Upload to AWS:  2017-11-14T09:02:07.000Z_GOPR0172.JPG  Path: /home/pi/cloudberry/images/2017-11-14T09:02:07.000Z_GOPR0172.JPG
2017-11-14 09:02:31,257 :: GoPro :: INFO :: Uploaded to AWS S3.
2017-11-14 09:02:31,261 :: GoPro :: INFO :: - Sleep
2017-11-14 09:06:44,930 :: GoPro :: DEBUG :: ========== Starting GoPro H3 Controller ==========
2017-11-14 09:06:44,954 :: GoPro :: DEBUG :: Sleeping for 1 minutes
2017-11-14 09:07:45,079 :: GoPro :: INFO :: Wake up GoPro...
2017-11-14 09:07:55,118 :: GoPro :: INFO :: - Taking a photo
2017-11-14 09:08:11,280 :: GoPro :: INFO :: - Download media
2017-11-14 09:08:11,494 :: GoPro :: INFO :: Downloading 2017-11-14T09:08:11.000Z_GOPR0173.JPG (900556 bytes)...
2017-11-14 09:08:14,074 :: GoPro :: INFO :: Downloaded 1 file(s)
2017-11-14 09:08:24,087 :: GoPro :: INFO :: - Deleting all
2017-11-14 09:08:34,318 :: GoPro :: INFO :: Upload to AWS:  2017-11-14T09:08:11.000Z_GOPR0173.JPG  Path: /home/pi/cloudberry/images/2017-11-14T09:08:11.000Z_GOPR0173.JPG
2017-11-14 09:08:34,749 :: GoPro :: INFO :: Uploaded to AWS S3.
2017-11-14 09:08:34,753 :: GoPro :: INFO :: - Sleep
2017-11-14 11:00:20,905 :: GoPro :: DEBUG :: ========== Starting GoPro H3 Controller ==========
2017-11-14 11:00:20,911 :: GoPro :: DEBUG :: Sleeping for 1 minutes
2017-11-14 11:01:42,456 :: GoPro :: INFO :: Wake up GoPro...
2017-11-14 11:01:52,503 :: GoPro :: INFO :: - Taking a photo
2017-11-14 11:02:08,860 :: GoPro :: INFO :: - Download media
2017-11-14 11:02:09,077 :: GoPro :: INFO :: Downloading 2017-11-14T11:02:09.000Z_GOPR0174.JPG (911801 bytes)...
2017-11-14 11:02:11,728 :: GoPro :: INFO :: Downloaded 1 file(s)
2017-11-14 11:02:21,741 :: GoPro :: INFO :: - Deleting all
2017-11-14 11:02:32,034 :: GoPro :: INFO :: Upload to AWS:  2017-11-14T11:02:09.000Z_GOPR0174.JPG  Path: /home/pi/cloudberry/images/2017-11-14T11:02:09.000Z_GOPR0174.JPG
2017-11-14 11:02:32,532 :: GoPro :: INFO :: Uploaded to AWS S3.
2017-11-14 11:02:32,535 :: GoPro :: INFO :: - Sleep
2017-11-14 12:00:20,310 :: GoPro :: DEBUG :: ========== Starting GoPro H3 Controller ==========
2017-11-14 12:00:20,316 :: GoPro :: DEBUG :: Sleeping for 1 minutes
2017-11-14 12:01:42,376 :: GoPro :: INFO :: Wake up GoPro...
2017-11-14 12:01:52,423 :: GoPro :: INFO :: - Taking a photo
2017-11-14 12:02:08,753 :: GoPro :: INFO :: - Download media
2017-11-14 12:02:08,985 :: GoPro :: INFO :: Downloading 2017-11-14T12:02:08.000Z_GOPR0175.JPG (910284 bytes)...
2017-11-14 12:02:11,631 :: GoPro :: INFO :: Downloaded 1 file(s)
2017-11-14 12:02:21,644 :: GoPro :: INFO :: - Deleting all
2017-11-14 12:02:32,220 :: GoPro :: INFO :: Upload to AWS:  2017-11-14T12:02:08.000Z_GOPR0175.JPG  Path: /home/pi/cloudberry/images/2017-11-14T12:02:08.000Z_GOPR0175.JPG
2017-11-14 12:02:32,600 :: GoPro :: INFO :: Uploaded to AWS S3.
2017-11-14 12:02:32,604 :: GoPro :: INFO :: - Sleep
2017-11-14 13:00:20,679 :: GoPro :: DEBUG :: ========== Starting GoPro H3 Controller ==========
2017-11-14 13:00:20,702 :: GoPro :: DEBUG :: Sleeping for 1 minutes
2017-11-14 13:01:43,253 :: GoPro :: INFO :: Wake up GoPro...
2017-11-14 13:01:53,295 :: GoPro :: INFO :: - Taking a photo
2017-11-14 13:02:09,613 :: GoPro :: INFO :: - Download media
2017-11-14 13:02:09,835 :: GoPro :: INFO :: Downloading 2017-11-14T13:02:09.000Z_GOPR0176.JPG (130815 bytes)...
2017-11-14 13:02:10,238 :: GoPro :: INFO :: Downloaded 1 file(s)
2017-11-14 13:02:20,251 :: GoPro :: INFO :: - Deleting all
2017-11-14 13:02:30,600 :: GoPro :: INFO :: Upload to AWS:  2017-11-14T13:02:09.000Z_GOPR0176.JPG  Path: /home/pi/cloudberry/images/2017-11-14T13:02:09.000Z_GOPR0176.JPG
2017-11-14 13:02:30,832 :: GoPro :: INFO :: Uploaded to AWS S3.
2017-11-14 13:02:30,834 :: GoPro :: INFO :: - Sleep
2017-11-14 14:00:20,118 :: GoPro :: DEBUG :: ========== Starting GoPro H3 Controller ==========
2017-11-14 14:00:20,133 :: GoPro :: DEBUG :: Sleeping for 1 minutes
2017-11-14 14:01:43,178 :: GoPro :: INFO :: Wake up GoPro...
2017-11-14 14:01:53,230 :: GoPro :: INFO :: - Taking a photo
2017-11-14 14:02:09,444 :: GoPro :: INFO :: - Download media
2017-11-14 14:02:09,679 :: GoPro :: INFO :: Downloading 2017-11-14T14:02:09.000Z_GOPR0177.JPG (130343 bytes)...
2017-11-14 14:02:10,067 :: GoPro :: INFO :: Downloaded 1 file(s)
2017-11-14 14:02:20,080 :: GoPro :: INFO :: - Deleting all
2017-11-14 14:02:30,372 :: GoPro :: INFO :: Upload to AWS:  2017-11-14T14:02:09.000Z_GOPR0177.JPG  Path: /home/pi/cloudberry/images/2017-11-14T14:02:09.000Z_GOPR0177.JPG
2017-11-14 14:02:30,731 :: GoPro :: INFO :: Uploaded to AWS S3.
2017-11-14 14:02:30,733 :: GoPro :: INFO :: - Sleep
2017-11-14 15:00:20,216 :: GoPro :: DEBUG :: ========== Starting GoPro H3 Controller ==========
2017-11-14 15:00:20,230 :: GoPro :: DEBUG :: Sleeping for 1 minutes
2017-11-14 15:01:43,841 :: GoPro :: INFO :: Wake up GoPro...
2017-11-14 15:01:53,891 :: GoPro :: INFO :: - Taking a photo
2017-11-14 15:02:10,111 :: GoPro :: INFO :: - Download media
2017-11-14 15:02:10,334 :: GoPro :: INFO :: Downloading 2017-11-14T15:02:10.000Z_GOPR0178.JPG (1034164 bytes)...
2017-11-14 15:02:13,408 :: GoPro :: INFO :: Downloaded 1 file(s)
2017-11-14 15:02:23,421 :: GoPro :: INFO :: - Deleting all
2017-11-14 15:02:33,709 :: GoPro :: INFO :: Upload to AWS:  2017-11-14T15:02:10.000Z_GOPR0178.JPG  Path: /home/pi/cloudberry/images/2017-11-14T15:02:10.000Z_GOPR0178.JPG
2017-11-14 15:02:34,072 :: GoPro :: INFO :: Uploaded to AWS S3.
2017-11-14 15:02:34,076 :: GoPro :: INFO :: - Sleep
2017-11-14 16:00:20,652 :: GoPro :: DEBUG :: ========== Starting GoPro H3 Controller ==========
2017-11-14 16:00:20,661 :: GoPro :: DEBUG :: Sleeping for 1 minutes
2017-11-14 16:01:44,714 :: GoPro :: INFO :: Wake up GoPro...
2017-11-14 16:01:54,760 :: GoPro :: INFO :: - Taking a photo
2017-11-14 16:02:11,010 :: GoPro :: INFO :: - Download media
2017-11-14 16:02:11,244 :: GoPro :: INFO :: Downloading 2017-11-14T16:02:11.000Z_GOPR0179.JPG (120365 bytes)...
2017-11-14 16:02:11,615 :: GoPro :: INFO :: Downloaded 1 file(s)
2017-11-14 16:02:21,627 :: GoPro :: INFO :: - Deleting all
2017-11-14 16:02:31,916 :: GoPro :: INFO :: Upload to AWS:  2017-11-14T16:02:11.000Z_GOPR0179.JPG  Path: /home/pi/cloudberry/images/2017-11-14T16:02:11.000Z_GOPR0179.JPG
2017-11-14 16:02:32,158 :: GoPro :: INFO :: Uploaded to AWS S3.
2017-11-14 16:02:32,161 :: GoPro :: INFO :: - Sleep
2017-11-14 17:00:20,265 :: GoPro :: DEBUG :: ========== Starting GoPro H3 Controller ==========
2017-11-14 17:00:20,282 :: GoPro :: DEBUG :: Sleeping for 1 minutes
2017-11-14 17:01:44,848 :: GoPro :: INFO :: Wake up GoPro...
2017-11-14 17:01:54,895 :: GoPro :: INFO :: - Taking a photo
2017-11-14 17:02:11,068 :: GoPro :: INFO :: - Download media
2017-11-14 17:02:11,671 :: GoPro :: INFO :: Downloaded 1 file(s)
2017-11-14 17:02:21,684 :: GoPro :: INFO :: - Deleting all
2017-11-14 17:02:31,971 :: GoPro :: INFO :: Upload to AWS:  2017-11-14T17:02:11.000Z_GOPR0180.JPG  Path: /home/pi/cloudberry/images/2017-11-14T17:02:11.000Z_GOPR0180.JPG
2017-11-14 17:02:32,182 :: GoPro :: INFO :: Uploaded to AWS S3.
2017-11-14 17:02:32,184 :: GoPro :: INFO :: - Sleep
2017-11-14 18:00:20,181 :: GoPro :: DEBUG :: ========== Starting GoPro H3 Controller ==========
2017-11-14 18:00:20,202 :: GoPro :: DEBUG :: Sleeping for 1 minutes
2017-11-14 18:01:45,252 :: GoPro :: INFO :: Wake up GoPro...
2017-11-14 18:01:55,354 :: GoPro :: INFO :: - Taking a photo
2017-11-14 18:02:11,715 :: GoPro :: INFO :: - Download media
2017-11-14 18:02:11,943 :: GoPro :: INFO :: Downloading 2017-11-14T18:02:11.000Z_GOPR0181.JPG (1141117 bytes)...
2017-11-14 18:02:15,296 :: GoPro :: INFO :: Downloaded 1 file(s)
2017-11-14 18:02:25,309 :: GoPro :: INFO :: - Deleting all
2017-11-14 18:02:35,610 :: GoPro :: INFO :: Upload to AWS:  2017-11-14T18:02:11.000Z_GOPR0181.JPG  Path: /home/pi/cloudberry/images/2017-11-14T18:02:11.000Z_GOPR0181.JPG
2017-11-14 18:02:36,110 :: GoPro :: INFO :: Uploaded to AWS S3.
2017-11-14 18:02:36,114 :: GoPro :: INFO :: - Sleep
2017-11-14 19:00:20,292 :: GoPro :: DEBUG :: ========== Starting GoPro H3 Controller ==========
2017-11-14 19:00:20,313 :: GoPro :: DEBUG :: Sleeping for 1 minutes
2017-11-14 19:01:45,867 :: GoPro :: INFO :: Wake up GoPro...
2017-11-14 19:01:55,918 :: GoPro :: INFO :: - Taking a photo
2017-11-14 19:02:12,284 :: GoPro :: INFO :: - Download media
2017-11-14 19:02:12,474 :: GoPro :: INFO :: Downloading 2017-11-14T19:02:12.000Z_GOPR0182.JPG (1141173 bytes)...
2017-11-14 19:02:15,922 :: GoPro :: INFO :: Downloaded 1 file(s)
2017-11-14 19:02:25,935 :: GoPro :: INFO :: - Deleting all
2017-11-14 19:02:36,227 :: GoPro :: INFO :: Upload to AWS:  2017-11-14T19:02:12.000Z_GOPR0182.JPG  Path: /home/pi/cloudberry/images/2017-11-14T19:02:12.000Z_GOPR0182.JPG
2017-11-14 19:02:37,742 :: GoPro :: INFO :: Uploaded to AWS S3.
2017-11-14 19:02:37,746 :: GoPro :: INFO :: - Sleep
2017-11-14 23:24:41,642 :: GoPro :: DEBUG :: ========== Starting GoPro H3 Controller ==========
2017-11-14 23:24:41,650 :: GoPro :: DEBUG :: Sleeping for 1 minutes
2017-11-14 23:26:07,705 :: GoPro :: INFO :: Wake up GoPro...
2017-11-14 23:26:17,752 :: GoPro :: INFO :: - Taking a photo
2017-11-14 23:26:33,931 :: GoPro :: INFO :: - Download media
2017-11-14 23:26:34,153 :: GoPro :: INFO :: Downloading 2017-11-14T23:26:34.000Z_GOPR0183.JPG (118851 bytes)...
2017-11-14 23:26:34,511 :: GoPro :: INFO :: Downloaded 1 file(s)
2017-11-14 23:26:44,524 :: GoPro :: INFO :: - Deleting all
2017-11-14 23:26:54,812 :: GoPro :: INFO :: Upload to AWS:  2017-11-14T23:26:34.000Z_GOPR0183.JPG  Path: /home/pi/cloudberry/images/2017-11-14T23:26:34.000Z_GOPR0183.JPG
2017-11-14 23:26:55,017 :: GoPro :: INFO :: Uploaded to AWS S3.
2017-11-14 23:26:55,020 :: GoPro :: INFO :: - Sleep
2017-11-15 08:00:22,143 :: GoPro :: DEBUG :: ========== Starting GoPro H3 Controller ==========
2017-11-15 08:00:22,149 :: GoPro :: DEBUG :: Sleeping for 1 minutes
2017-11-15 08:01:48,673 :: GoPro :: INFO :: Wake up GoPro...
2017-11-15 08:01:58,720 :: GoPro :: INFO :: - Taking a photo
2017-11-15 08:02:14,969 :: GoPro :: INFO :: - Download media
2017-11-15 08:02:15,168 :: GoPro :: INFO :: Downloading 2017-11-15T08:02:15.000Z_GOPR0184.JPG (552273 bytes)...
2017-11-15 08:02:16,827 :: GoPro :: INFO :: Downloaded 1 file(s)
2017-11-15 08:02:26,840 :: GoPro :: INFO :: - Deleting all
2017-11-15 08:02:37,160 :: GoPro :: INFO :: Upload to AWS:  2017-11-15T08:02:15.000Z_GOPR0184.JPG  Path: /home/pi/cloudberry/images/2017-11-15T08:02:15.000Z_GOPR0184.JPG
2017-11-15 08:02:37,511 :: GoPro :: INFO :: Uploaded to AWS S3.
2017-11-15 08:02:37,514 :: GoPro :: INFO :: - Sleep
2017-11-15 09:00:20,188 :: GoPro :: DEBUG :: ========== Starting GoPro H3 Controller ==========
2017-11-15 09:00:20,194 :: GoPro :: DEBUG :: Sleeping for 1 minutes
2017-11-15 09:01:47,220 :: GoPro :: INFO :: Wake up GoPro...
2017-11-15 09:01:57,267 :: GoPro :: INFO :: - Taking a photo
2017-11-15 09:02:13,625 :: GoPro :: INFO :: - Download media
2017-11-15 09:02:13,795 :: GoPro :: INFO :: Downloading 2017-11-15T09:02:13.000Z_GOPR0185.JPG (949213 bytes)...
2017-11-15 09:02:16,598 :: GoPro :: INFO :: Downloaded 1 file(s)
2017-11-15 09:02:26,612 :: GoPro :: INFO :: - Deleting all
2017-11-15 09:02:36,890 :: GoPro :: INFO :: Upload to AWS:  2017-11-15T09:02:13.000Z_GOPR0185.JPG  Path: /home/pi/cloudberry/images/2017-11-15T09:02:13.000Z_GOPR0185.JPG
2017-11-15 09:02:37,650 :: GoPro :: INFO :: Uploaded to AWS S3.
2017-11-15 09:02:37,658 :: GoPro :: INFO :: - Sleep
2017-11-15 10:00:20,306 :: GoPro :: DEBUG :: ========== Starting GoPro H3 Controller ==========
2017-11-15 10:00:20,353 :: GoPro :: DEBUG :: Sleeping for 1 minutes
2017-11-15 10:01:47,884 :: GoPro :: INFO :: Wake up GoPro...
2017-11-15 10:01:57,933 :: GoPro :: INFO :: - Taking a photo
2017-11-15 10:02:14,312 :: GoPro :: INFO :: - Download media
2017-11-15 10:02:14,529 :: GoPro :: INFO :: Downloading 2017-11-15T10:02:14.000Z_GOPR0186.JPG (138122 bytes)...
2017-11-15 10:02:14,958 :: GoPro :: INFO :: Downloaded 1 file(s)
2017-11-15 10:02:24,971 :: GoPro :: INFO :: - Deleting all
2017-11-15 10:02:35,253 :: GoPro :: INFO :: Upload to AWS:  2017-11-15T10:02:14.000Z_GOPR0186.JPG  Path: /home/pi/cloudberry/images/2017-11-15T10:02:14.000Z_GOPR0186.JPG
2017-11-15 10:02:35,577 :: GoPro :: INFO :: Uploaded to AWS S3.
2017-11-15 10:02:35,580 :: GoPro :: INFO :: - Sleep
2017-11-15 11:00:20,536 :: GoPro :: DEBUG :: ========== Starting GoPro H3 Controller ==========
2017-11-15 11:00:20,565 :: GoPro :: DEBUG :: Sleeping for 1 minutes
2017-11-15 11:01:48,592 :: GoPro :: INFO :: Wake up GoPro...
2017-11-15 11:01:58,638 :: GoPro :: INFO :: - Taking a photo
2017-11-15 11:02:14,977 :: GoPro :: INFO :: - Download media
2017-11-15 11:02:15,209 :: GoPro :: INFO :: Downloading 2017-11-15T11:02:15.000Z_GOPR0187.JPG (145328 bytes)...
2017-11-15 11:02:15,670 :: GoPro :: INFO :: Downloaded 1 file(s)
2017-11-15 11:02:25,683 :: GoPro :: INFO :: - Deleting all
2017-11-15 11:02:35,962 :: GoPro :: INFO :: Upload to AWS:  2017-11-15T11:02:15.000Z_GOPR0187.JPG  Path: /home/pi/cloudberry/images/2017-11-15T11:02:15.000Z_GOPR0187.JPG
2017-11-15 11:02:36,236 :: GoPro :: INFO :: Uploaded to AWS S3.
2017-11-15 11:02:36,239 :: GoPro :: INFO :: - Sleep
2017-11-15 12:00:20,367 :: GoPro :: DEBUG :: ========== Starting GoPro H3 Controller ==========
2017-11-15 12:00:20,392 :: GoPro :: DEBUG :: Sleeping for 1 minutes
2017-11-15 12:01:48,918 :: GoPro :: INFO :: Wake up GoPro...
2017-11-15 12:01:58,965 :: GoPro :: INFO :: - Taking a photo
2017-11-15 12:02:15,299 :: GoPro :: INFO :: - Download media
2017-11-15 12:02:15,492 :: GoPro :: INFO :: Downloading 2017-11-15T12:02:15.000Z_GOPR0188.JPG (154795 bytes)...
2017-11-15 12:02:15,961 :: GoPro :: INFO :: Downloaded 1 file(s)
2017-11-15 12:02:25,974 :: GoPro :: INFO :: - Deleting all
2017-11-15 12:02:36,390 :: GoPro :: INFO :: Upload to AWS:  2017-11-15T12:02:15.000Z_GOPR0188.JPG  Path: /home/pi/cloudberry/images/2017-11-15T12:02:15.000Z_GOPR0188.JPG
2017-11-15 12:02:37,060 :: GoPro :: INFO :: Uploaded to AWS S3.
2017-11-15 12:02:37,067 :: GoPro :: INFO :: - Sleep
2017-11-15 13:00:20,809 :: GoPro :: DEBUG :: ========== Starting GoPro H3 Controller ==========
2017-11-15 13:00:20,821 :: GoPro :: DEBUG :: Sleeping for 1 minutes
2017-11-15 13:01:49,855 :: GoPro :: INFO :: Wake up GoPro...
2017-11-15 13:01:59,904 :: GoPro :: INFO :: - Taking a photo
2017-11-15 13:02:16,133 :: GoPro :: INFO :: - Download media
2017-11-15 13:02:16,364 :: GoPro :: INFO :: Downloading 2017-11-15T13:02:16.000Z_GOPR0189.JPG (160380 bytes)...
2017-11-15 13:02:16,853 :: GoPro :: INFO :: Downloaded 1 file(s)
2017-11-15 13:02:26,866 :: GoPro :: INFO :: - Deleting all
2017-11-15 13:02:37,141 :: GoPro :: INFO :: Upload to AWS:  2017-11-15T13:02:16.000Z_GOPR0189.JPG  Path: /home/pi/cloudberry/images/2017-11-15T13:02:16.000Z_GOPR0189.JPG
2017-11-15 13:02:37,429 :: GoPro :: INFO :: Uploaded to AWS S3.
2017-11-15 13:02:37,432 :: GoPro :: INFO :: - Sleep
2017-11-15 14:00:20,447 :: GoPro :: DEBUG :: ========== Starting GoPro H3 Controller ==========
2017-11-15 14:00:20,467 :: GoPro :: DEBUG :: Sleeping for 1 minutes
2017-11-15 14:01:50,002 :: GoPro :: INFO :: Wake up GoPro...
2017-11-15 14:02:00,049 :: GoPro :: INFO :: - Taking a photo
2017-11-15 14:02:16,379 :: GoPro :: INFO :: - Download media
2017-11-15 14:02:16,577 :: GoPro :: INFO :: Downloading 2017-11-15T14:02:16.000Z_GOPR0190.JPG (125534 bytes)...
2017-11-15 14:02:16,958 :: GoPro :: INFO :: Downloaded 1 file(s)
2017-11-15 14:02:26,971 :: GoPro :: INFO :: - Deleting all
2017-11-15 14:02:37,260 :: GoPro :: INFO :: Upload to AWS:  2017-11-15T14:02:16.000Z_GOPR0190.JPG  Path: /home/pi/cloudberry/images/2017-11-15T14:02:16.000Z_GOPR0190.JPG
2017-11-15 14:02:37,502 :: GoPro :: INFO :: Uploaded to AWS S3.
2017-11-15 14:02:37,505 :: GoPro :: INFO :: - Sleep
2017-11-15 15:00:20,595 :: GoPro :: DEBUG :: ========== Starting GoPro H3 Controller ==========
2017-11-15 15:00:20,616 :: GoPro :: DEBUG :: Sleeping for 1 minutes
2017-11-15 15:01:50,647 :: GoPro :: INFO :: Wake up GoPro...
2017-11-15 15:02:00,698 :: GoPro :: INFO :: - Taking a photo
2017-11-15 15:02:16,965 :: GoPro :: INFO :: - Download media
2017-11-15 15:02:17,202 :: GoPro :: INFO :: Downloading 2017-11-15T15:02:17.000Z_GOPR0191.JPG (116489 bytes)...
2017-11-15 15:02:17,559 :: GoPro :: INFO :: Downloaded 1 file(s)
2017-11-15 15:02:27,578 :: GoPro :: INFO :: - Deleting all
2017-11-15 15:02:37,913 :: GoPro :: INFO :: Upload to AWS:  2017-11-15T15:02:17.000Z_GOPR0191.JPG  Path: /home/pi/cloudberry/images/2017-11-15T15:02:17.000Z_GOPR0191.JPG
2017-11-15 15:02:38,285 :: GoPro :: INFO :: Uploaded to AWS S3.
2017-11-15 15:02:38,288 :: GoPro :: INFO :: - Sleep
2017-11-15 16:00:20,490 :: GoPro :: DEBUG :: ========== Starting GoPro H3 Controller ==========
2017-11-15 16:00:20,501 :: GoPro :: DEBUG :: Sleeping for 1 minutes
2017-11-15 16:01:51,031 :: GoPro :: INFO :: Wake up GoPro...
2017-11-15 16:02:01,077 :: GoPro :: INFO :: - Taking a photo
2017-11-15 16:02:17,310 :: GoPro :: INFO :: - Download media
2017-11-15 16:02:17,547 :: GoPro :: INFO :: Downloading 2017-11-15T16:02:17.000Z_GOPR0192.JPG (116165 bytes)...
2017-11-15 16:02:17,894 :: GoPro :: INFO :: Downloaded 1 file(s)
2017-11-15 16:02:27,907 :: GoPro :: INFO :: - Deleting all
2017-11-15 16:02:38,185 :: GoPro :: INFO :: Upload to AWS:  2017-11-15T16:02:17.000Z_GOPR0192.JPG  Path: /home/pi/cloudberry/images/2017-11-15T16:02:17.000Z_GOPR0192.JPG
2017-11-15 16:02:38,390 :: GoPro :: INFO :: Uploaded to AWS S3.
2017-11-15 16:02:38,392 :: GoPro :: INFO :: - Sleep
2017-11-15 17:00:20,618 :: GoPro :: DEBUG :: ========== Starting GoPro H3 Controller ==========
2017-11-15 17:00:20,632 :: GoPro :: DEBUG :: Sleeping for 1 minutes
2017-11-15 17:01:51,660 :: GoPro :: INFO :: Wake up GoPro...
2017-11-15 17:02:01,710 :: GoPro :: INFO :: - Taking a photo
2017-11-15 17:02:18,031 :: GoPro :: INFO :: - Download media
2017-11-15 17:02:18,226 :: GoPro :: INFO :: Downloading 2017-11-15T17:02:18.000Z_GOPR0193.JPG (116164 bytes)...
2017-11-15 17:02:18,583 :: GoPro :: INFO :: Downloaded 1 file(s)
2017-11-15 17:02:28,596 :: GoPro :: INFO :: - Deleting all
2017-11-15 17:02:38,943 :: GoPro :: INFO :: Upload to AWS:  2017-11-15T17:02:18.000Z_GOPR0193.JPG  Path: /home/pi/cloudberry/images/2017-11-15T17:02:18.000Z_GOPR0193.JPG
2017-11-15 17:02:39,242 :: GoPro :: INFO :: Uploaded to AWS S3.
2017-11-15 17:02:39,245 :: GoPro :: INFO :: - Sleep
2017-11-15 18:00:20,424 :: GoPro :: DEBUG :: ========== Starting GoPro H3 Controller ==========
2017-11-15 18:00:20,435 :: GoPro :: DEBUG :: Sleeping for 1 minutes
2017-11-15 18:01:51,980 :: GoPro :: INFO :: Wake up GoPro...
2017-11-15 18:02:02,030 :: GoPro :: INFO :: - Taking a photo
2017-11-15 18:02:18,337 :: GoPro :: INFO :: - Download media
2017-11-15 18:02:18,560 :: GoPro :: INFO :: Downloading 2017-11-15T18:02:18.000Z_GOPR0194.JPG (1108840 bytes)...
2017-11-15 18:02:21,809 :: GoPro :: INFO :: Downloaded 1 file(s)
2017-11-15 18:02:31,822 :: GoPro :: INFO :: - Deleting all
2017-11-15 18:02:42,093 :: GoPro :: INFO :: Upload to AWS:  2017-11-15T18:02:18.000Z_GOPR0194.JPG  Path: /home/pi/cloudberry/images/2017-11-15T18:02:18.000Z_GOPR0194.JPG
2017-11-15 18:02:42,424 :: GoPro :: INFO :: Uploaded to AWS S3.
2017-11-15 18:02:42,428 :: GoPro :: INFO :: - Sleep
2017-11-15 19:00:20,031 :: GoPro :: DEBUG :: ========== Starting GoPro H3 Controller ==========
2017-11-15 19:00:20,042 :: GoPro :: DEBUG :: Sleeping for 1 minutes
2017-11-15 19:01:52,075 :: GoPro :: INFO :: Wake up GoPro...
2017-11-15 19:02:02,123 :: GoPro :: INFO :: - Taking a photo
2017-11-15 19:02:18,380 :: GoPro :: INFO :: - Download media
2017-11-15 19:02:18,582 :: GoPro :: INFO :: Downloading 2017-11-15T19:02:18.000Z_GOPR0195.JPG (1109411 bytes)...
2017-11-15 19:02:21,805 :: GoPro :: INFO :: Downloaded 1 file(s)
2017-11-15 19:02:31,818 :: GoPro :: INFO :: - Deleting all
2017-11-15 19:02:42,107 :: GoPro :: INFO :: Upload to AWS:  2017-11-15T19:02:18.000Z_GOPR0195.JPG  Path: /home/pi/cloudberry/images/2017-11-15T19:02:18.000Z_GOPR0195.JPG
2017-11-15 19:02:42,520 :: GoPro :: INFO :: Uploaded to AWS S3.
2017-11-15 19:02:42,524 :: GoPro :: INFO :: - Sleep
2017-11-16 07:00:21,805 :: GoPro :: DEBUG :: ========== Starting GoPro H3 Controller ==========
2017-11-16 07:00:21,821 :: GoPro :: DEBUG :: Sleeping for 1 minutes
2017-11-16 07:01:54,331 :: GoPro :: INFO :: Wake up GoPro...
2017-11-16 07:02:04,370 :: GoPro :: INFO :: - Taking a photo
2017-11-16 07:02:20,600 :: GoPro :: INFO :: - Download media
2017-11-16 07:02:20,835 :: GoPro :: INFO :: Downloading 2017-11-16T07:02:20.000Z_GOPR0196.JPG (116165 bytes)...
2017-11-16 07:02:21,191 :: GoPro :: INFO :: Downloaded 1 file(s)
2017-11-16 07:02:31,205 :: GoPro :: INFO :: - Deleting all
2017-11-16 07:02:41,577 :: GoPro :: INFO :: Upload to AWS:  2017-11-16T07:02:20.000Z_GOPR0196.JPG  Path: /home/pi/cloudberry/images/2017-11-16T07:02:20.000Z_GOPR0196.JPG
2017-11-16 07:02:41,847 :: GoPro :: INFO :: Uploaded to AWS S3.
2017-11-16 07:02:41,849 :: GoPro :: INFO :: - Sleep
2017-11-16 08:00:20,546 :: GoPro :: DEBUG :: ========== Starting GoPro H3 Controller ==========
2017-11-16 08:00:20,552 :: GoPro :: DEBUG :: Sleeping for 1 minutes
2017-11-16 08:01:53,555 :: GoPro :: INFO :: Wake up GoPro...
2017-11-16 08:02:03,605 :: GoPro :: INFO :: - Taking a photo
2017-11-16 08:02:19,792 :: GoPro :: INFO :: - Download media
2017-11-16 08:02:20,027 :: GoPro :: INFO :: Downloading 2017-11-16T08:02:20.000Z_GOPR0197.JPG (116862 bytes)...
2017-11-16 08:02:20,396 :: GoPro :: INFO :: Downloaded 1 file(s)
2017-11-16 08:02:30,409 :: GoPro :: INFO :: - Deleting all
2017-11-16 08:02:40,677 :: GoPro :: INFO :: Upload to AWS:  2017-11-16T08:02:20.000Z_GOPR0197.JPG  Path: /home/pi/cloudberry/images/2017-11-16T08:02:20.000Z_GOPR0197.JPG
2017-11-16 08:02:40,947 :: GoPro :: INFO :: Uploaded to AWS S3.
2017-11-16 08:02:40,950 :: GoPro :: INFO :: - Sleep
2017-11-16 09:00:20,402 :: GoPro :: DEBUG :: ========== Starting GoPro H3 Controller ==========
2017-11-16 09:00:20,454 :: GoPro :: DEBUG :: Sleeping for 1 minutes
2017-11-16 09:01:53,958 :: GoPro :: INFO :: Wake up GoPro...
2017-11-16 09:02:04,004 :: GoPro :: INFO :: - Taking a photo
2017-11-16 09:02:20,326 :: GoPro :: INFO :: - Download media
2017-11-16 09:02:20,563 :: GoPro :: INFO :: Downloading 2017-11-16T09:02:20.000Z_GOPR0198.JPG (124896 bytes)...
2017-11-16 09:02:20,952 :: GoPro :: INFO :: Downloaded 1 file(s)
2017-11-16 09:02:30,965 :: GoPro :: INFO :: - Deleting all
2017-11-16 09:02:41,307 :: GoPro :: INFO :: Upload to AWS:  2017-11-16T09:02:20.000Z_GOPR0198.JPG  Path: /home/pi/cloudberry/images/2017-11-16T09:02:20.000Z_GOPR0198.JPG
2017-11-16 09:02:41,577 :: GoPro :: INFO :: Uploaded to AWS S3.
2017-11-16 09:02:41,579 :: GoPro :: INFO :: - Sleep
2017-11-16 10:00:20,673 :: GoPro :: DEBUG :: ========== Starting GoPro H3 Controller ==========
2017-11-16 10:00:20,694 :: GoPro :: DEBUG :: Sleeping for 1 minutes
2017-11-16 10:01:54,698 :: GoPro :: INFO :: Wake up GoPro...
2017-11-16 10:02:04,740 :: GoPro :: INFO :: - Taking a photo
2017-11-16 10:02:20,939 :: GoPro :: INFO :: - Download media
2017-11-16 10:02:21,179 :: GoPro :: INFO :: Downloading 2017-11-16T10:02:21.000Z_GOPR0199.JPG (125112 bytes)...
2017-11-16 10:02:21,581 :: GoPro :: INFO :: Downloaded 1 file(s)
2017-11-16 10:02:31,593 :: GoPro :: INFO :: - Deleting all
2017-11-16 10:02:41,920 :: GoPro :: INFO :: Upload to AWS:  2017-11-16T10:02:21.000Z_GOPR0199.JPG  Path: /home/pi/cloudberry/images/2017-11-16T10:02:21.000Z_GOPR0199.JPG
2017-11-16 10:02:42,155 :: GoPro :: INFO :: Uploaded to AWS S3.
2017-11-16 10:02:42,158 :: GoPro :: INFO :: - Sleep
2017-11-16 11:00:20,789 :: GoPro :: DEBUG :: ========== Starting GoPro H3 Controller ==========
2017-11-16 11:00:20,809 :: GoPro :: DEBUG :: Sleeping for 1 minutes
2017-11-16 11:01:55,335 :: GoPro :: INFO :: Wake up GoPro...
2017-11-16 11:02:05,379 :: GoPro :: INFO :: - Taking a photo
2017-11-16 11:02:21,603 :: GoPro :: INFO :: - Download media
2017-11-16 11:02:21,846 :: GoPro :: INFO :: Downloading 2017-11-16T11:02:21.000Z_GOPR0200.JPG (820503 bytes)...
2017-11-16 11:02:24,310 :: GoPro :: INFO :: Downloaded 1 file(s)
2017-11-16 11:02:34,323 :: GoPro :: INFO :: - Deleting all
2017-11-16 11:02:44,639 :: GoPro :: INFO :: Upload to AWS:  2017-11-16T11:02:21.000Z_GOPR0200.JPG  Path: /home/pi/cloudberry/images/2017-11-16T11:02:21.000Z_GOPR0200.JPG
2017-11-16 11:02:44,962 :: GoPro :: INFO :: Uploaded to AWS S3.
2017-11-16 11:02:44,966 :: GoPro :: INFO :: - Sleep
2017-11-16 12:00:20,521 :: GoPro :: DEBUG :: ========== Starting GoPro H3 Controller ==========
2017-11-16 12:00:20,540 :: GoPro :: DEBUG :: Sleeping for 1 minutes
2017-11-16 12:01:55,573 :: GoPro :: INFO :: Wake up GoPro...
2017-11-16 12:02:05,609 :: GoPro :: INFO :: - Taking a photo
2017-11-16 12:02:21,918 :: GoPro :: INFO :: - Download media
2017-11-16 12:02:22,087 :: GoPro :: INFO :: Downloading 2017-11-16T12:02:22.000Z_GOPR0201.JPG (1629020 bytes)...
2017-11-16 12:02:26,817 :: GoPro :: INFO :: Downloaded 1 file(s)
2017-11-16 12:02:36,830 :: GoPro :: INFO :: - Deleting all
2017-11-16 12:02:47,142 :: GoPro :: INFO :: Upload to AWS:  2017-11-16T12:02:22.000Z_GOPR0201.JPG  Path: /home/pi/cloudberry/images/2017-11-16T12:02:22.000Z_GOPR0201.JPG
2017-11-16 12:02:47,708 :: GoPro :: INFO :: Uploaded to AWS S3.
2017-11-16 12:02:47,713 :: GoPro :: INFO :: - Sleep
2017-11-16 13:00:20,172 :: GoPro :: DEBUG :: ========== Starting GoPro H3 Controller ==========
2017-11-16 13:00:20,190 :: GoPro :: DEBUG :: Sleeping for 1 minutes
2017-11-16 13:01:55,692 :: GoPro :: INFO :: Wake up GoPro...
2017-11-16 13:02:05,739 :: GoPro :: INFO :: - Taking a photo
2017-11-16 13:02:22,059 :: GoPro :: INFO :: - Download media
2017-11-16 13:02:22,272 :: GoPro :: INFO :: Downloading 2017-11-16T13:02:22.000Z_GOPR0202.JPG (116195 bytes)...
2017-11-16 13:02:22,631 :: GoPro :: INFO :: Downloaded 1 file(s)
2017-11-16 13:02:32,644 :: GoPro :: INFO :: - Deleting all
2017-11-16 13:02:42,974 :: GoPro :: INFO :: Upload to AWS:  2017-11-16T13:02:22.000Z_GOPR0202.JPG  Path: /home/pi/cloudberry/images/2017-11-16T13:02:22.000Z_GOPR0202.JPG
2017-11-16 13:02:43,223 :: GoPro :: INFO :: Uploaded to AWS S3.
2017-11-16 13:02:43,226 :: GoPro :: INFO :: - Sleep
2017-11-16 14:00:20,584 :: GoPro :: DEBUG :: ========== Starting GoPro H3 Controller ==========
2017-11-16 14:00:20,600 :: GoPro :: DEBUG :: Sleeping for 1 minutes
2017-11-16 14:01:56,603 :: GoPro :: INFO :: Wake up GoPro...
2017-11-16 14:02:06,639 :: GoPro :: INFO :: - Taking a photo
2017-11-16 14:02:23,000 :: GoPro :: INFO :: - Download media
2017-11-16 14:02:23,190 :: GoPro :: INFO :: Downloading 2017-11-16T14:02:23.000Z_GOPR0203.JPG (116414 bytes)...
2017-11-16 14:02:23,539 :: GoPro :: INFO :: Downloaded 1 file(s)
2017-11-16 14:02:33,558 :: GoPro :: INFO :: - Deleting all
2017-11-16 14:02:43,899 :: GoPro :: INFO :: Upload to AWS:  2017-11-16T14:02:23.000Z_GOPR0203.JPG  Path: /home/pi/cloudberry/images/2017-11-16T14:02:23.000Z_GOPR0203.JPG
2017-11-16 14:02:44,260 :: GoPro :: INFO :: Uploaded to AWS S3.
2017-11-16 14:02:44,263 :: GoPro :: INFO :: - Sleep
2017-11-16 15:00:20,407 :: GoPro :: DEBUG :: ========== Starting GoPro H3 Controller ==========
2017-11-16 15:00:20,416 :: GoPro :: DEBUG :: Sleeping for 1 minutes
2017-11-16 15:01:56,919 :: GoPro :: INFO :: Wake up GoPro...
2017-11-16 15:02:06,966 :: GoPro :: INFO :: - Taking a photo
2017-11-16 15:02:23,163 :: GoPro :: INFO :: - Download media
2017-11-16 15:02:23,381 :: GoPro :: INFO :: Downloading 2017-11-16T15:02:23.000Z_GOPR0204.JPG (116164 bytes)...
2017-11-16 15:02:23,742 :: GoPro :: INFO :: Downloaded 1 file(s)
2017-11-16 15:02:33,755 :: GoPro :: INFO :: - Deleting all
2017-11-16 15:02:44,045 :: GoPro :: INFO :: Upload to AWS:  2017-11-16T15:02:23.000Z_GOPR0204.JPG  Path: /home/pi/cloudberry/images/2017-11-16T15:02:23.000Z_GOPR0204.JPG
2017-11-16 15:02:44,244 :: GoPro :: INFO :: Uploaded to AWS S3.
2017-11-16 15:02:44,247 :: GoPro :: INFO :: - Sleep
2017-11-16 16:00:20,188 :: GoPro :: DEBUG :: ========== Starting GoPro H3 Controller ==========
2017-11-16 16:00:20,199 :: GoPro :: DEBUG :: Sleeping for 1 minutes
2017-11-16 16:01:57,206 :: GoPro :: INFO :: Wake up GoPro...
2017-11-16 16:02:07,248 :: GoPro :: INFO :: - Taking a photo
2017-11-16 16:02:23,799 :: GoPro :: INFO :: - Download media
2017-11-16 16:02:23,987 :: GoPro :: INFO :: Downloading 2017-11-16T16:02:23.000Z_GOPR0205.JPG (116161 bytes)...
2017-11-16 16:02:24,354 :: GoPro :: INFO :: Downloaded 1 file(s)
2017-11-16 16:02:34,366 :: GoPro :: INFO :: - Deleting all
2017-11-16 16:02:44,908 :: GoPro :: INFO :: Upload to AWS:  2017-11-16T16:02:23.000Z_GOPR0205.JPG  Path: /home/pi/cloudberry/images/2017-11-16T16:02:23.000Z_GOPR0205.JPG
2017-11-16 16:02:45,143 :: GoPro :: INFO :: Uploaded to AWS S3.
2017-11-16 16:02:45,145 :: GoPro :: INFO :: - Sleep
2017-11-16 17:00:20,352 :: GoPro :: DEBUG :: ========== Starting GoPro H3 Controller ==========
2017-11-16 17:00:20,361 :: GoPro :: DEBUG :: Sleeping for 1 minutes
2017-11-16 17:01:57,873 :: GoPro :: INFO :: Wake up GoPro...
2017-11-16 17:02:07,908 :: GoPro :: INFO :: - Taking a photo
2017-11-16 17:02:24,270 :: GoPro :: INFO :: - Download media
2017-11-16 17:02:24,506 :: GoPro :: INFO :: Downloading 2017-11-16T17:02:24.000Z_GOPR0206.JPG (116159 bytes)...
2017-11-16 17:02:24,863 :: GoPro :: INFO :: Downloaded 1 file(s)
2017-11-16 17:02:34,876 :: GoPro :: INFO :: - Deleting all
2017-11-16 17:02:45,230 :: GoPro :: INFO :: Upload to AWS:  2017-11-16T17:02:24.000Z_GOPR0206.JPG  Path: /home/pi/cloudberry/images/2017-11-16T17:02:24.000Z_GOPR0206.JPG
2017-11-16 17:02:45,462 :: GoPro :: INFO :: Uploaded to AWS S3.
2017-11-16 17:02:45,464 :: GoPro :: INFO :: - Sleep
2017-11-16 18:00:20,825 :: GoPro :: DEBUG :: ========== Starting GoPro H3 Controller ==========
2017-11-16 18:00:20,848 :: GoPro :: DEBUG :: Sleeping for 1 minutes
2017-11-16 18:01:58,855 :: GoPro :: INFO :: Wake up GoPro...
2017-11-16 18:02:08,907 :: GoPro :: INFO :: - Taking a photo
2017-11-16 18:02:25,156 :: GoPro :: INFO :: - Download media
2017-11-16 18:02:25,400 :: GoPro :: INFO :: Downloading 2017-11-16T18:02:25.000Z_GOPR0207.JPG (116167 bytes)...
2017-11-16 18:02:25,775 :: GoPro :: INFO :: Downloaded 1 file(s)
2017-11-16 18:02:35,787 :: GoPro :: INFO :: - Deleting all
2017-11-16 18:02:46,071 :: GoPro :: INFO :: Upload to AWS:  2017-11-16T18:02:25.000Z_GOPR0207.JPG  Path: /home/pi/cloudberry/images/2017-11-16T18:02:25.000Z_GOPR0207.JPG
2017-11-16 18:02:46,396 :: GoPro :: INFO :: Uploaded to AWS S3.
2017-11-16 18:02:46,398 :: GoPro :: INFO :: - Sleep
2017-11-16 19:00:20,512 :: GoPro :: DEBUG :: ========== Starting GoPro H3 Controller ==========
2017-11-16 19:00:20,517 :: GoPro :: DEBUG :: Sleeping for 1 minutes
2017-11-16 19:01:59,018 :: GoPro :: INFO :: Wake up GoPro...
2017-11-16 19:02:09,065 :: GoPro :: INFO :: - Taking a photo
2017-11-16 19:02:25,424 :: GoPro :: INFO :: - Download media
2017-11-16 19:02:25,653 :: GoPro :: INFO :: Downloading 2017-11-16T19:02:25.000Z_GOPR0208.JPG (119105 bytes)...
2017-11-16 19:02:26,027 :: GoPro :: INFO :: Downloaded 1 file(s)
2017-11-16 19:02:36,041 :: GoPro :: INFO :: - Deleting all
2017-11-16 19:02:46,313 :: GoPro :: INFO :: Upload to AWS:  2017-11-16T19:02:25.000Z_GOPR0208.JPG  Path: /home/pi/cloudberry/images/2017-11-16T19:02:25.000Z_GOPR0208.JPG
2017-11-16 19:02:46,528 :: GoPro :: INFO :: Uploaded to AWS S3.
2017-11-16 19:02:46,530 :: GoPro :: INFO :: - Sleep
2017-11-17 07:00:21,679 :: GoPro :: DEBUG :: ========== Starting GoPro H3 Controller ==========
2017-11-17 07:00:21,697 :: GoPro :: DEBUG :: Sleeping for 1 minutes
2017-11-17 07:02:00,679 :: GoPro :: INFO :: Wake up GoPro...
2017-11-17 07:02:10,716 :: GoPro :: INFO :: - Taking a photo
2017-11-17 07:02:26,961 :: GoPro :: INFO :: - Download media
2017-11-17 07:02:27,163 :: GoPro :: INFO :: Downloading 2017-11-17T07:02:27.000Z_GOPR0209.JPG (116164 bytes)...
2017-11-17 07:02:27,531 :: GoPro :: INFO :: Downloaded 1 file(s)
2017-11-17 07:02:37,544 :: GoPro :: INFO :: - Deleting all
2017-11-17 07:02:47,828 :: GoPro :: INFO :: Upload to AWS:  2017-11-17T07:02:27.000Z_GOPR0209.JPG  Path: /home/pi/cloudberry/images/2017-11-17T07:02:27.000Z_GOPR0209.JPG
2017-11-17 07:02:48,057 :: GoPro :: INFO :: Uploaded to AWS S3.
2017-11-17 07:02:48,059 :: GoPro :: INFO :: - Sleep
2017-11-17 08:00:20,401 :: GoPro :: DEBUG :: ========== Starting GoPro H3 Controller ==========
2017-11-17 08:00:20,409 :: GoPro :: DEBUG :: Sleeping for 1 minutes
2017-11-17 08:01:59,884 :: GoPro :: INFO :: Wake up GoPro...
2017-11-17 08:02:09,920 :: GoPro :: INFO :: - Taking a photo
2017-11-17 08:02:26,094 :: GoPro :: INFO :: - Download media
2017-11-17 08:02:26,337 :: GoPro :: INFO :: Downloading 2017-11-17T08:02:26.000Z_GOPR0210.JPG (116173 bytes)...
2017-11-17 08:02:26,702 :: GoPro :: INFO :: Downloaded 1 file(s)
2017-11-17 08:02:36,715 :: GoPro :: INFO :: - Deleting all
2017-11-17 08:02:46,991 :: GoPro :: INFO :: Upload to AWS:  2017-11-17T08:02:26.000Z_GOPR0210.JPG  Path: /home/pi/cloudberry/images/2017-11-17T08:02:26.000Z_GOPR0210.JPG
2017-11-17 08:02:47,198 :: GoPro :: INFO :: Uploaded to AWS S3.
2017-11-17 08:02:47,201 :: GoPro :: INFO :: - Sleep
2017-11-17 09:00:22,010 :: GoPro :: DEBUG :: ========== Starting GoPro H3 Controller ==========
2017-11-17 09:00:22,015 :: GoPro :: DEBUG :: Sleeping for 1 minutes
2017-11-17 09:02:01,991 :: GoPro :: INFO :: Wake up GoPro...
2017-11-17 09:02:12,033 :: GoPro :: INFO :: - Taking a photo
2017-11-17 09:02:28,221 :: GoPro :: INFO :: - Download media
2017-11-17 09:02:28,435 :: GoPro :: INFO :: Downloading 2017-11-17T09:02:28.000Z_GOPR0211.JPG (1625633 bytes)...
2017-11-17 09:02:33,116 :: GoPro :: INFO :: Downloaded 1 file(s)
2017-11-17 09:02:43,129 :: GoPro :: INFO :: - Deleting all
2017-11-17 09:02:53,459 :: GoPro :: INFO :: Upload to AWS:  2017-11-17T09:02:28.000Z_GOPR0211.JPG  Path: /home/pi/cloudberry/images/2017-11-17T09:02:28.000Z_GOPR0211.JPG
2017-11-17 09:02:53,929 :: GoPro :: INFO :: Uploaded to AWS S3.
2017-11-17 09:02:53,934 :: GoPro :: INFO :: - Sleep
2017-11-17 10:00:20,771 :: GoPro :: DEBUG :: ========== Starting GoPro H3 Controller ==========
2017-11-17 10:00:20,791 :: GoPro :: DEBUG :: Sleeping for 1 minutes
2017-11-17 10:02:01,262 :: GoPro :: INFO :: Wake up GoPro...
2017-11-17 10:02:11,313 :: GoPro :: INFO :: - Taking a photo
2017-11-17 10:02:27,523 :: GoPro :: INFO :: - Download media
2017-11-17 10:02:27,704 :: GoPro :: INFO :: Downloading 2017-11-17T10:02:27.000Z_GOPR0212.JPG (1218090 bytes)...
2017-11-17 10:02:31,281 :: GoPro :: INFO :: Downloaded 1 file(s)
2017-11-17 10:02:41,294 :: GoPro :: INFO :: - Deleting all
2017-11-17 10:02:51,566 :: GoPro :: INFO :: Upload to AWS:  2017-11-17T10:02:27.000Z_GOPR0212.JPG  Path: /home/pi/cloudberry/images/2017-11-17T10:02:27.000Z_GOPR0212.JPG
2017-11-17 10:02:51,969 :: GoPro :: INFO :: Uploaded to AWS S3.
2017-11-17 10:02:51,973 :: GoPro :: INFO :: - Sleep
2017-11-17 11:00:20,393 :: GoPro :: DEBUG :: ========== Starting GoPro H3 Controller ==========
2017-11-17 11:00:20,413 :: GoPro :: DEBUG :: Sleeping for 1 minutes
2017-11-17 11:02:01,396 :: GoPro :: INFO :: Wake up GoPro...
2017-11-17 11:02:11,444 :: GoPro :: INFO :: - Taking a photo
2017-11-17 11:02:27,761 :: GoPro :: INFO :: - Download media
2017-11-17 11:02:27,936 :: GoPro :: INFO :: Downloading 2017-11-17T11:02:27.000Z_GOPR0213.JPG (1626378 bytes)...
2017-11-17 11:02:32,725 :: GoPro :: INFO :: Downloaded 1 file(s)
2017-11-17 11:02:42,738 :: GoPro :: INFO :: - Deleting all
2017-11-17 11:02:53,055 :: GoPro :: INFO :: Upload to AWS:  2017-11-17T11:02:27.000Z_GOPR0213.JPG  Path: /home/pi/cloudberry/images/2017-11-17T11:02:27.000Z_GOPR0213.JPG
2017-11-17 11:02:53,484 :: GoPro :: INFO :: Uploaded to AWS S3.
2017-11-17 11:02:53,489 :: GoPro :: INFO :: - Sleep
2017-11-17 12:00:20,477 :: GoPro :: DEBUG :: ========== Starting GoPro H3 Controller ==========
2017-11-17 12:00:20,512 :: GoPro :: DEBUG :: Sleeping for 1 minutes
2017-11-17 12:02:01,990 :: GoPro :: INFO :: Wake up GoPro...
2017-11-17 12:02:12,037 :: GoPro :: INFO :: - Taking a photo
2017-11-17 12:02:28,544 :: GoPro :: INFO :: - Download media
2017-11-17 12:02:28,728 :: GoPro :: INFO :: Downloading 2017-11-17T12:02:28.000Z_GOPR0214.JPG (1599092 bytes)...
2017-11-17 12:02:33,392 :: GoPro :: INFO :: Downloaded 1 file(s)
2017-11-17 12:02:43,404 :: GoPro :: INFO :: - Deleting all
2017-11-17 12:02:53,672 :: GoPro :: INFO :: Upload to AWS:  2017-11-17T12:02:28.000Z_GOPR0214.JPG  Path: /home/pi/cloudberry/images/2017-11-17T12:02:28.000Z_GOPR0214.JPG
2017-11-17 12:02:54,245 :: GoPro :: INFO :: Uploaded to AWS S3.
2017-11-17 12:02:54,250 :: GoPro :: INFO :: - Sleep
2017-11-17 12:03:04,264 :: GoPro :: ERROR :: Failed to send command to GoPro: <urlopen error timed out>
2017-11-17 13:00:20,666 :: GoPro :: DEBUG :: ========== Starting GoPro H3 Controller ==========
2017-11-17 13:00:20,681 :: GoPro :: DEBUG :: Sleeping for 1 minutes
2017-11-17 13:02:02,653 :: GoPro :: INFO :: Wake up GoPro...
2017-11-17 13:02:12,690 :: GoPro :: INFO :: - Taking a photo
2017-11-17 13:02:28,739 :: GoPro :: INFO :: - Download media
2017-11-17 13:02:28,848 :: GoPro :: INFO :: Downloading 2017-11-17T13:02:28.000Z_GOPR0215.JPG (1616302 bytes)...
2017-11-17 13:02:33,386 :: GoPro :: INFO :: Downloaded 1 file(s)
2017-11-17 13:02:43,399 :: GoPro :: INFO :: - Deleting all
2017-11-17 13:02:53,699 :: GoPro :: INFO :: Upload to AWS:  2017-11-17T13:02:28.000Z_GOPR0215.JPG  Path: /home/pi/cloudberry/images/2017-11-17T13:02:28.000Z_GOPR0215.JPG
2017-11-17 13:02:54,695 :: GoPro :: INFO :: Uploaded to AWS S3.
2017-11-17 13:02:54,700 :: GoPro :: INFO :: - Sleep
2017-11-17 14:00:20,183 :: GoPro :: DEBUG :: ========== Starting GoPro H3 Controller ==========
2017-11-17 14:00:20,228 :: GoPro :: DEBUG :: Sleeping for 1 minutes
2017-11-17 14:02:02,755 :: GoPro :: INFO :: Wake up GoPro...
2017-11-17 14:02:12,803 :: GoPro :: INFO :: - Taking a photo
2017-11-17 14:02:29,092 :: GoPro :: INFO :: - Download media
2017-11-17 14:02:29,285 :: GoPro :: INFO :: Downloading 2017-11-17T14:02:29.000Z_GOPR0216.JPG (1595585 bytes)...
2017-11-17 14:02:33,939 :: GoPro :: INFO :: Downloaded 1 file(s)
2017-11-17 14:02:43,952 :: GoPro :: INFO :: - Deleting all
2017-11-17 14:02:54,271 :: GoPro :: INFO :: Upload to AWS:  2017-11-17T14:02:29.000Z_GOPR0216.JPG  Path: /home/pi/cloudberry/images/2017-11-17T14:02:29.000Z_GOPR0216.JPG
2017-11-17 14:02:54,776 :: GoPro :: INFO :: Uploaded to AWS S3.
2017-11-17 14:02:54,781 :: GoPro :: INFO :: - Sleep
2017-11-17 15:00:20,398 :: GoPro :: DEBUG :: ========== Starting GoPro H3 Controller ==========
2017-11-17 15:00:20,404 :: GoPro :: DEBUG :: Sleeping for 1 minutes
2017-11-17 15:02:03,386 :: GoPro :: INFO :: Wake up GoPro...
2017-11-17 15:02:13,432 :: GoPro :: INFO :: - Taking a photo
2017-11-17 15:02:29,759 :: GoPro :: INFO :: - Download media
2017-11-17 15:02:29,975 :: GoPro :: INFO :: Downloading 2017-11-17T15:02:29.000Z_GOPR0217.JPG (1597478 bytes)...
2017-11-17 15:02:34,594 :: GoPro :: INFO :: Downloaded 1 file(s)
2017-11-17 15:02:44,607 :: GoPro :: INFO :: - Deleting all
2017-11-17 15:02:54,903 :: GoPro :: INFO :: Upload to AWS:  2017-11-17T15:02:29.000Z_GOPR0217.JPG  Path: /home/pi/cloudberry/images/2017-11-17T15:02:29.000Z_GOPR0217.JPG
2017-11-17 15:02:55,528 :: GoPro :: INFO :: Uploaded to AWS S3.
2017-11-17 15:02:55,533 :: GoPro :: INFO :: - Sleep
2017-11-17 16:00:20,781 :: GoPro :: DEBUG :: ========== Starting GoPro H3 Controller ==========
2017-11-17 16:00:20,810 :: GoPro :: DEBUG :: Sleeping for 1 minutes
2017-11-17 16:02:04,305 :: GoPro :: INFO :: Wake up GoPro...
2017-11-17 16:02:14,409 :: GoPro :: INFO :: - Taking a photo
2017-11-17 16:02:30,543 :: GoPro :: INFO :: - Download media
2017-11-17 16:02:30,743 :: GoPro :: INFO :: Downloading 2017-11-17T16:02:30.000Z_GOPR0218.JPG (1612752 bytes)...
2017-11-17 16:02:35,450 :: GoPro :: INFO :: Downloaded 1 file(s)
2017-11-17 16:02:45,463 :: GoPro :: INFO :: - Deleting all
2017-11-17 16:02:55,733 :: GoPro :: INFO :: Upload to AWS:  2017-11-17T16:02:30.000Z_GOPR0218.JPG  Path: /home/pi/cloudberry/images/2017-11-17T16:02:30.000Z_GOPR0218.JPG
2017-11-17 16:02:56,202 :: GoPro :: INFO :: Uploaded to AWS S3.
2017-11-17 16:02:56,207 :: GoPro :: INFO :: - Sleep
2017-11-17 17:00:20,078 :: GoPro :: DEBUG :: ========== Starting GoPro H3 Controller ==========
2017-11-17 17:00:20,097 :: GoPro :: DEBUG :: Sleeping for 1 minutes
2017-11-17 17:02:04,084 :: GoPro :: INFO :: Wake up GoPro...
2017-11-17 17:02:14,132 :: GoPro :: INFO :: - Taking a photo
2017-11-17 17:02:30,484 :: GoPro :: INFO :: - Download media
2017-11-17 17:02:30,665 :: GoPro :: INFO :: Downloading 2017-11-17T17:02:30.000Z_GOPR0219.JPG (1162060 bytes)...
2017-11-17 17:02:34,062 :: GoPro :: INFO :: Downloaded 1 file(s)
2017-11-17 17:02:44,075 :: GoPro :: INFO :: - Deleting all
2017-11-17 17:02:54,391 :: GoPro :: INFO :: Upload to AWS:  2017-11-17T17:02:30.000Z_GOPR0219.JPG  Path: /home/pi/cloudberry/images/2017-11-17T17:02:30.000Z_GOPR0219.JPG
2017-11-17 17:02:54,867 :: GoPro :: INFO :: Uploaded to AWS S3.
2017-11-17 17:02:54,871 :: GoPro :: INFO :: - Sleep
2017-11-17 18:00:20,435 :: GoPro :: DEBUG :: ========== Starting GoPro H3 Controller ==========
2017-11-17 18:00:20,444 :: GoPro :: DEBUG :: Sleeping for 1 minutes
2017-11-17 18:02:04,930 :: GoPro :: INFO :: Wake up GoPro...
2017-11-17 18:02:14,980 :: GoPro :: INFO :: - Taking a photo
2017-11-17 18:02:31,284 :: GoPro :: INFO :: - Download media
2017-11-17 18:02:31,499 :: GoPro :: INFO :: Downloading 2017-11-17T18:02:31.000Z_GOPR0220.JPG (1161662 bytes)...
2017-11-17 18:02:34,905 :: GoPro :: INFO :: Downloaded 1 file(s)
2017-11-17 18:02:44,918 :: GoPro :: INFO :: - Deleting all
2017-11-17 18:02:55,200 :: GoPro :: INFO :: Upload to AWS:  2017-11-17T18:02:31.000Z_GOPR0220.JPG  Path: /home/pi/cloudberry/images/2017-11-17T18:02:31.000Z_GOPR0220.JPG
2017-11-17 18:02:55,615 :: GoPro :: INFO :: Uploaded to AWS S3.
2017-11-17 18:02:55,619 :: GoPro :: INFO :: - Sleep
2017-11-17 19:00:21,674 :: GoPro :: DEBUG :: ========== Starting GoPro H3 Controller ==========
2017-11-17 19:00:21,685 :: GoPro :: DEBUG :: Sleeping for 1 minutes
2017-11-17 19:02:06,684 :: GoPro :: INFO :: Wake up GoPro...
2017-11-17 19:02:16,719 :: GoPro :: INFO :: - Taking a photo
2017-11-17 19:02:32,924 :: GoPro :: INFO :: - Download media
2017-11-17 19:02:33,312 :: GoPro :: INFO :: Downloading 2017-11-17T19:02:33.000Z_GOPR0221.JPG (1158127 bytes)...
2017-11-17 19:02:36,696 :: GoPro :: INFO :: Downloaded 1 file(s)
2017-11-17 19:02:46,709 :: GoPro :: INFO :: - Deleting all
2017-11-17 19:02:57,000 :: GoPro :: INFO :: Upload to AWS:  2017-11-17T19:02:33.000Z_GOPR0221.JPG  Path: /home/pi/cloudberry/images/2017-11-17T19:02:33.000Z_GOPR0221.JPG
2017-11-17 19:02:57,394 :: GoPro :: INFO :: Uploaded to AWS S3.
2017-11-17 19:02:57,398 :: GoPro :: INFO :: - Sleep
2017-11-18 07:00:21,803 :: GoPro :: DEBUG :: ========== Starting GoPro H3 Controller ==========
2017-11-18 07:00:21,809 :: GoPro :: DEBUG :: Sleeping for 1 minutes
2017-11-18 07:02:07,278 :: GoPro :: INFO :: Wake up GoPro...
2017-11-18 07:02:17,325 :: GoPro :: INFO :: - Taking a photo
2017-11-18 07:02:33,662 :: GoPro :: INFO :: - Download media
2017-11-18 07:02:33,893 :: GoPro :: INFO :: Downloading 2017-11-18T07:02:33.000Z_GOPR0222.JPG (116371 bytes)...
2017-11-18 07:02:34,256 :: GoPro :: INFO :: Downloaded 1 file(s)
2017-11-18 07:02:44,269 :: GoPro :: INFO :: - Deleting all
2017-11-18 07:02:54,543 :: GoPro :: INFO :: Upload to AWS:  2017-11-18T07:02:33.000Z_GOPR0222.JPG  Path: /home/pi/cloudberry/images/2017-11-18T07:02:33.000Z_GOPR0222.JPG
2017-11-18 07:02:54,746 :: GoPro :: INFO :: Uploaded to AWS S3.
2017-11-18 07:02:54,749 :: GoPro :: INFO :: - Sleep
2017-11-18 08:00:20,297 :: GoPro :: DEBUG :: ========== Starting GoPro H3 Controller ==========
2017-11-18 08:00:20,319 :: GoPro :: DEBUG :: Sleeping for 1 minutes
2017-11-18 08:02:06,290 :: GoPro :: INFO :: Wake up GoPro...
2017-11-18 08:02:16,327 :: GoPro :: INFO :: - Taking a photo
2017-11-18 08:02:32,606 :: GoPro :: INFO :: - Download media
2017-11-18 08:02:32,818 :: GoPro :: INFO :: Downloading 2017-11-18T08:02:32.000Z_GOPR0223.JPG (844382 bytes)...
2017-11-18 08:02:35,291 :: GoPro :: INFO :: Downloaded 1 file(s)
2017-11-18 08:02:45,304 :: GoPro :: INFO :: - Deleting all
2017-11-18 08:02:55,588 :: GoPro :: INFO :: Upload to AWS:  2017-11-18T08:02:32.000Z_GOPR0223.JPG  Path: /home/pi/cloudberry/images/2017-11-18T08:02:32.000Z_GOPR0223.JPG
2017-11-18 08:02:56,247 :: GoPro :: INFO :: Uploaded to AWS S3.
2017-11-18 08:02:56,251 :: GoPro :: INFO :: - Sleep
2017-11-18 09:00:20,777 :: GoPro :: DEBUG :: ========== Starting GoPro H3 Controller ==========
2017-11-18 09:00:20,786 :: GoPro :: DEBUG :: Sleeping for 1 minutes
2017-11-18 09:02:07,255 :: GoPro :: INFO :: Wake up GoPro...
2017-11-18 09:02:17,303 :: GoPro :: INFO :: - Taking a photo
2017-11-18 09:02:33,517 :: GoPro :: INFO :: - Download media
2017-11-18 09:02:33,732 :: GoPro :: INFO :: Downloading 2017-11-18T09:02:33.000Z_GOPR0224.JPG (869152 bytes)...
2017-11-18 09:02:36,326 :: GoPro :: INFO :: Downloaded 1 file(s)
2017-11-18 09:02:46,339 :: GoPro :: INFO :: - Deleting all
2017-11-18 09:02:56,607 :: GoPro :: INFO :: Upload to AWS:  2017-11-18T09:02:33.000Z_GOPR0224.JPG  Path: /home/pi/cloudberry/images/2017-11-18T09:02:33.000Z_GOPR0224.JPG
2017-11-18 09:02:56,923 :: GoPro :: INFO :: Uploaded to AWS S3.
2017-11-18 09:02:56,927 :: GoPro :: INFO :: - Sleep
2017-11-18 09:49:52,615 :: GoPro :: DEBUG :: ========== Starting GoPro H3 Controller ==========
2017-11-18 09:49:52,630 :: GoPro :: DEBUG :: Sleeping for 1 minutes
2017-11-18 09:51:39,607 :: GoPro :: INFO :: Wake up GoPro...
2017-11-18 09:51:49,655 :: GoPro :: INFO :: - Taking a photo
2017-11-18 09:52:05,924 :: GoPro :: INFO :: - Download media
2017-11-18 09:52:06,109 :: GoPro :: INFO :: Downloading 2017-11-18T09:52:06.000Z_GOPR0225.JPG (1610202 bytes)...
2017-11-18 09:52:10,852 :: GoPro :: INFO :: Downloaded 1 file(s)
2017-11-18 09:52:20,865 :: GoPro :: INFO :: - Deleting all
2017-11-18 09:52:31,188 :: GoPro :: INFO :: Upload to AWS:  2017-11-18T09:52:06.000Z_GOPR0225.JPG  Path: /home/pi/cloudberry/images/2017-11-18T09:52:06.000Z_GOPR0225.JPG
2017-11-18 09:52:31,664 :: GoPro :: INFO :: Uploaded to AWS S3.
2017-11-18 09:52:31,675 :: GoPro :: INFO :: - Sleep
2017-11-18 10:00:20,192 :: GoPro :: DEBUG :: ========== Starting GoPro H3 Controller ==========
2017-11-18 10:00:20,215 :: GoPro :: DEBUG :: Sleeping for 1 minutes
2017-11-18 10:02:07,690 :: GoPro :: INFO :: Wake up GoPro...
2017-11-18 10:02:17,740 :: GoPro :: INFO :: - Taking a photo
2017-11-18 10:02:33,986 :: GoPro :: INFO :: - Download media
2017-11-18 10:02:34,208 :: GoPro :: INFO :: Downloading 2017-11-18T10:02:34.000Z_GOPR0226.JPG (882742 bytes)...
2017-11-18 10:02:36,780 :: GoPro :: INFO :: Downloaded 1 file(s)
2017-11-18 10:02:46,794 :: GoPro :: INFO :: - Deleting all
2017-11-18 10:02:57,052 :: GoPro :: INFO :: Upload to AWS:  2017-11-18T10:02:34.000Z_GOPR0226.JPG  Path: /home/pi/cloudberry/images/2017-11-18T10:02:34.000Z_GOPR0226.JPG
2017-11-18 10:02:57,391 :: GoPro :: INFO :: Uploaded to AWS S3.
2017-11-18 10:02:57,395 :: GoPro :: INFO :: - Sleep
2017-11-18 11:00:20,334 :: GoPro :: DEBUG :: ========== Starting GoPro H3 Controller ==========
2017-11-18 11:00:20,343 :: GoPro :: DEBUG :: Sleeping for 1 minutes
2017-11-18 11:02:08,346 :: GoPro :: INFO :: Wake up GoPro...
2017-11-18 11:02:18,398 :: GoPro :: INFO :: - Taking a photo
2017-11-18 11:02:34,710 :: GoPro :: INFO :: - Download media
2017-11-18 11:02:34,894 :: GoPro :: INFO :: Downloading 2017-11-18T11:02:34.000Z_GOPR0227.JPG (902877 bytes)...
2017-11-18 11:02:37,632 :: GoPro :: INFO :: Downloaded 1 file(s)
2017-11-18 11:02:47,655 :: GoPro :: INFO :: - Deleting all
2017-11-18 11:02:58,289 :: GoPro :: INFO :: Upload to AWS:  2017-11-18T11:02:34.000Z_GOPR0227.JPG  Path: /home/pi/cloudberry/images/2017-11-18T11:02:34.000Z_GOPR0227.JPG
2017-11-18 11:02:58,715 :: GoPro :: INFO :: Uploaded to AWS S3.
2017-11-18 11:02:58,719 :: GoPro :: INFO :: - Sleep
2017-11-18 12:00:20,629 :: GoPro :: DEBUG :: ========== Starting GoPro H3 Controller ==========
2017-11-18 12:00:20,647 :: GoPro :: DEBUG :: Sleeping for 1 minutes
2017-11-18 12:02:09,121 :: GoPro :: INFO :: Wake up GoPro...
2017-11-18 12:02:19,169 :: GoPro :: INFO :: - Taking a photo
2017-11-18 12:02:35,338 :: GoPro :: INFO :: - Download media
2017-11-18 12:02:35,569 :: GoPro :: INFO :: Downloading 2017-11-18T12:02:35.000Z_GOPR0228.JPG (1612578 bytes)...
2017-11-18 12:02:40,304 :: GoPro :: INFO :: Downloaded 1 file(s)
2017-11-18 12:02:50,317 :: GoPro :: INFO :: - Deleting all
2017-11-18 12:03:00,599 :: GoPro :: INFO :: Upload to AWS:  2017-11-18T12:02:35.000Z_GOPR0228.JPG  Path: /home/pi/cloudberry/images/2017-11-18T12:02:35.000Z_GOPR0228.JPG
2017-11-18 12:03:01,104 :: GoPro :: INFO :: Uploaded to AWS S3.
2017-11-18 12:03:01,109 :: GoPro :: INFO :: - Sleep
2017-11-18 13:00:20,298 :: GoPro :: DEBUG :: ========== Starting GoPro H3 Controller ==========
2017-11-18 13:00:20,322 :: GoPro :: DEBUG :: Sleeping for 1 minutes
2017-11-18 13:02:09,307 :: GoPro :: INFO :: Wake up GoPro...
2017-11-18 13:02:19,356 :: GoPro :: INFO :: - Taking a photo
2017-11-18 13:02:35,530 :: GoPro :: INFO :: - Download media
2017-11-18 13:02:35,762 :: GoPro :: INFO :: Downloading 2017-11-18T13:02:35.000Z_GOPR0229.JPG (910698 bytes)...
2017-11-18 13:02:38,521 :: GoPro :: INFO :: Downloaded 1 file(s)
2017-11-18 13:02:48,535 :: GoPro :: INFO :: - Deleting all
2017-11-18 13:02:58,851 :: GoPro :: INFO :: Upload to AWS:  2017-11-18T13:02:35.000Z_GOPR0229.JPG  Path: /home/pi/cloudberry/images/2017-11-18T13:02:35.000Z_GOPR0229.JPG
2017-11-18 13:02:59,222 :: GoPro :: INFO :: Uploaded to AWS S3.
2017-11-18 13:02:59,226 :: GoPro :: INFO :: - Sleep
2017-11-18 14:00:20,717 :: GoPro :: DEBUG :: ========== Starting GoPro H3 Controller ==========
2017-11-18 14:00:20,742 :: GoPro :: DEBUG :: Sleeping for 1 minutes
2017-11-18 14:02:10,251 :: GoPro :: INFO :: Wake up GoPro...
2017-11-18 14:02:20,289 :: GoPro :: INFO :: - Taking a photo
2017-11-18 14:02:36,519 :: GoPro :: INFO :: - Download media
2017-11-18 14:02:36,720 :: GoPro :: INFO :: Downloading 2017-11-18T14:02:36.000Z_GOPR0230.JPG (804076 bytes)...
2017-11-18 14:02:39,167 :: GoPro :: INFO :: Downloaded 1 file(s)
2017-11-18 14:02:49,180 :: GoPro :: INFO :: - Deleting all
2017-11-18 14:02:59,447 :: GoPro :: INFO :: Upload to AWS:  2017-11-18T14:02:36.000Z_GOPR0230.JPG  Path: /home/pi/cloudberry/images/2017-11-18T14:02:36.000Z_GOPR0230.JPG
2017-11-18 14:02:59,788 :: GoPro :: INFO :: Uploaded to AWS S3.
2017-11-18 14:02:59,791 :: GoPro :: INFO :: - Sleep
2017-11-18 15:00:20,173 :: GoPro :: DEBUG :: ========== Starting GoPro H3 Controller ==========
2017-11-18 15:00:20,189 :: GoPro :: DEBUG :: Sleeping for 1 minutes
2017-11-18 15:02:10,186 :: GoPro :: INFO :: Wake up GoPro...
2017-11-18 15:02:20,234 :: GoPro :: INFO :: - Taking a photo
2017-11-18 15:02:36,556 :: GoPro :: INFO :: - Download media
2017-11-18 15:02:36,736 :: GoPro :: INFO :: Downloading 2017-11-18T15:02:36.000Z_GOPR0231.JPG (119562 bytes)...
2017-11-18 15:02:37,098 :: GoPro :: INFO :: Downloaded 1 file(s)
2017-11-18 15:02:47,111 :: GoPro :: INFO :: - Deleting all
2017-11-18 15:02:57,409 :: GoPro :: INFO :: Upload to AWS:  2017-11-18T15:02:36.000Z_GOPR0231.JPG  Path: /home/pi/cloudberry/images/2017-11-18T15:02:36.000Z_GOPR0231.JPG
2017-11-18 15:02:57,635 :: GoPro :: INFO :: Uploaded to AWS S3.
2017-11-18 15:02:57,638 :: GoPro :: INFO :: - Sleep
2017-11-18 16:00:20,285 :: GoPro :: DEBUG :: ========== Starting GoPro H3 Controller ==========
2017-11-18 16:00:20,297 :: GoPro :: DEBUG :: Sleeping for 1 minutes
2017-11-18 16:02:10,800 :: GoPro :: INFO :: Wake up GoPro...
2017-11-18 16:02:20,856 :: GoPro :: INFO :: - Taking a photo
2017-11-18 16:02:37,109 :: GoPro :: INFO :: - Download media
2017-11-18 16:02:37,313 :: GoPro :: INFO :: Downloading 2017-11-18T16:02:37.000Z_GOPR0232.JPG (1131951 bytes)...
2017-11-18 16:02:40,638 :: GoPro :: INFO :: Downloaded 1 file(s)
2017-11-18 16:02:50,651 :: GoPro :: INFO :: - Deleting all
2017-11-18 16:03:00,944 :: GoPro :: INFO :: Upload to AWS:  2017-11-18T16:02:37.000Z_GOPR0232.JPG  Path: /home/pi/cloudberry/images/2017-11-18T16:02:37.000Z_GOPR0232.JPG
2017-11-18 16:03:01,418 :: GoPro :: INFO :: Uploaded to AWS S3.
2017-11-18 16:03:01,422 :: GoPro :: INFO :: - Sleep
2017-11-18 17:00:20,730 :: GoPro :: DEBUG :: ========== Starting GoPro H3 Controller ==========
2017-11-18 17:00:20,736 :: GoPro :: DEBUG :: Sleeping for 1 minutes
2017-11-18 17:02:11,757 :: GoPro :: INFO :: Wake up GoPro...
2017-11-18 17:02:21,794 :: GoPro :: INFO :: - Taking a photo
2017-11-18 17:02:38,029 :: GoPro :: INFO :: - Download media
2017-11-18 17:02:38,259 :: GoPro :: INFO :: Downloading 2017-11-18T17:02:38.000Z_GOPR0233.JPG (722758 bytes)...
2017-11-18 17:02:40,407 :: GoPro :: INFO :: Downloaded 1 file(s)
2017-11-18 17:02:50,420 :: GoPro :: INFO :: - Deleting all
2017-11-18 17:03:00,695 :: GoPro :: INFO :: Upload to AWS:  2017-11-18T17:02:38.000Z_GOPR0233.JPG  Path: /home/pi/cloudberry/images/2017-11-18T17:02:38.000Z_GOPR0233.JPG
2017-11-18 17:03:01,016 :: GoPro :: INFO :: Uploaded to AWS S3.
2017-11-18 17:03:01,024 :: GoPro :: INFO :: - Sleep
2017-11-18 18:00:20,274 :: GoPro :: DEBUG :: ========== Starting GoPro H3 Controller ==========
2017-11-18 18:00:20,291 :: GoPro :: DEBUG :: Sleeping for 1 minutes
2017-11-18 18:02:11,839 :: GoPro :: INFO :: Wake up GoPro...
2017-11-18 18:02:21,897 :: GoPro :: INFO :: - Taking a photo
2017-11-18 18:02:38,227 :: GoPro :: INFO :: - Download media
2017-11-18 18:02:38,457 :: GoPro :: INFO :: Downloading 2017-11-18T18:02:38.000Z_GOPR0234.JPG (721445 bytes)...
2017-11-18 18:02:40,597 :: GoPro :: INFO :: Downloaded 1 file(s)
2017-11-18 18:02:50,610 :: GoPro :: INFO :: - Deleting all
2017-11-18 18:03:00,892 :: GoPro :: INFO :: Upload to AWS:  2017-11-18T18:02:38.000Z_GOPR0234.JPG  Path: /home/pi/cloudberry/images/2017-11-18T18:02:38.000Z_GOPR0234.JPG
2017-11-18 18:03:01,254 :: GoPro :: INFO :: Uploaded to AWS S3.
2017-11-18 18:03:01,258 :: GoPro :: INFO :: - Sleep
2017-11-18 19:00:21,658 :: GoPro :: DEBUG :: ========== Starting GoPro H3 Controller ==========
2017-11-18 19:00:21,716 :: GoPro :: DEBUG :: Sleeping for 1 minutes
2017-11-18 19:02:13,726 :: GoPro :: INFO :: Wake up GoPro...
2017-11-18 19:02:23,775 :: GoPro :: INFO :: - Taking a photo
2017-11-18 19:02:23,813 :: GoPro :: ERROR :: Failed to send command to GoPro: HTTP Error 410: Gone
2017-11-18 19:02:33,826 :: GoPro :: INFO :: - Download media
2017-11-18 19:02:43,840 :: GoPro :: ERROR :: <urlopen error timed out>
2017-11-18 19:02:43,841 :: GoPro :: INFO :: - Sleep
2017-11-19 07:00:21,610 :: GoPro :: DEBUG :: ========== Starting GoPro H3 Controller ==========
2017-11-19 07:00:21,629 :: GoPro :: DEBUG :: Sleeping for 1 minutes
2017-11-19 07:02:14,111 :: GoPro :: INFO :: Wake up GoPro...
2017-11-19 07:02:24,157 :: GoPro :: INFO :: - Taking a photo
2017-11-19 07:02:40,522 :: GoPro :: INFO :: - Download media
2017-11-19 07:02:40,758 :: GoPro :: INFO :: Downloading 2017-11-19T07:02:40.000Z_GOPR0235.JPG (119001 bytes)...
2017-11-19 07:02:41,128 :: GoPro :: INFO :: Downloaded 1 file(s)
2017-11-19 07:02:51,141 :: GoPro :: INFO :: - Deleting all
2017-11-19 07:03:01,432 :: GoPro :: INFO :: Upload to AWS:  2017-11-19T07:02:40.000Z_GOPR0235.JPG  Path: /home/pi/cloudberry/images/2017-11-19T07:02:40.000Z_GOPR0235.JPG
2017-11-19 07:03:01,641 :: GoPro :: INFO :: Uploaded to AWS S3.
2017-11-19 07:03:01,644 :: GoPro :: INFO :: - Sleep
2017-11-19 08:00:20,446 :: GoPro :: DEBUG :: ========== Starting GoPro H3 Controller ==========
2017-11-19 08:00:20,479 :: GoPro :: DEBUG :: Sleeping for 1 minutes
2017-11-19 08:02:13,457 :: GoPro :: INFO :: Wake up GoPro...
2017-11-19 08:02:23,504 :: GoPro :: INFO :: - Taking a photo
2017-11-19 08:02:23,528 :: GoPro :: ERROR :: Failed to send command to GoPro: HTTP Error 410: Gone
2017-11-19 08:02:33,542 :: GoPro :: INFO :: - Download media
2017-11-19 08:02:43,555 :: GoPro :: ERROR :: <urlopen error timed out>
2017-11-19 08:02:43,557 :: GoPro :: INFO :: - Sleep
2017-11-19 09:00:20,645 :: GoPro :: DEBUG :: ========== Starting GoPro H3 Controller ==========
2017-11-19 09:00:20,663 :: GoPro :: DEBUG :: Sleeping for 1 minutes
2017-11-19 09:02:14,143 :: GoPro :: INFO :: Wake up GoPro...
2017-11-19 09:02:24,195 :: GoPro :: INFO :: - Taking a photo
2017-11-19 09:02:40,504 :: GoPro :: INFO :: - Download media
2017-11-19 09:02:40,745 :: GoPro :: INFO :: Downloading 2017-11-19T09:02:40.000Z_GOPR0236.JPG (119045 bytes)...
2017-11-19 09:02:41,119 :: GoPro :: INFO :: Downloaded 1 file(s)
2017-11-19 09:02:51,132 :: GoPro :: INFO :: - Deleting all
2017-11-19 09:03:01,437 :: GoPro :: INFO :: Upload to AWS:  2017-11-19T09:02:40.000Z_GOPR0236.JPG  Path: /home/pi/cloudberry/images/2017-11-19T09:02:40.000Z_GOPR0236.JPG
2017-11-19 09:03:01,640 :: GoPro :: INFO :: Uploaded to AWS S3.
2017-11-19 09:03:01,643 :: GoPro :: INFO :: - Sleep
2017-11-19 10:00:20,298 :: GoPro :: DEBUG :: ========== Starting GoPro H3 Controller ==========
2017-11-19 10:00:20,305 :: GoPro :: DEBUG :: Sleeping for 1 minutes
2017-11-19 10:02:14,287 :: GoPro :: INFO :: Wake up GoPro...
2017-11-19 10:02:24,335 :: GoPro :: INFO :: - Taking a photo
2017-11-19 10:02:40,879 :: GoPro :: INFO :: - Download media
2017-11-19 10:02:41,064 :: GoPro :: INFO :: Downloading 2017-11-19T10:02:41.000Z_GOPR0237.JPG (1047346 bytes)...
2017-11-19 10:02:44,140 :: GoPro :: INFO :: Downloaded 1 file(s)
2017-11-19 10:02:54,153 :: GoPro :: INFO :: - Deleting all
2017-11-19 10:03:04,424 :: GoPro :: INFO :: Upload to AWS:  2017-11-19T10:02:41.000Z_GOPR0237.JPG  Path: /home/pi/cloudberry/images/2017-11-19T10:02:41.000Z_GOPR0237.JPG
2017-11-19 10:03:04,790 :: GoPro :: INFO :: Uploaded to AWS S3.
2017-11-19 10:03:04,794 :: GoPro :: INFO :: - Sleep
2017-11-19 11:00:20,403 :: GoPro :: DEBUG :: ========== Starting GoPro H3 Controller ==========
2017-11-19 11:00:20,423 :: GoPro :: DEBUG :: Sleeping for 1 minutes
2017-11-19 11:02:14,918 :: GoPro :: INFO :: Wake up GoPro...
2017-11-19 11:02:24,987 :: GoPro :: INFO :: - Taking a photo
2017-11-19 11:02:41,522 :: GoPro :: INFO :: - Download media
2017-11-19 11:02:41,712 :: GoPro :: INFO :: Downloading 2017-11-19T11:02:41.000Z_GOPR0238.JPG (1049510 bytes)...
2017-11-19 11:02:44,794 :: GoPro :: INFO :: Downloaded 1 file(s)
2017-11-19 11:02:54,812 :: GoPro :: INFO :: - Deleting all
2017-11-19 11:03:05,106 :: GoPro :: INFO :: Upload to AWS:  2017-11-19T11:02:41.000Z_GOPR0238.JPG  Path: /home/pi/cloudberry/images/2017-11-19T11:02:41.000Z_GOPR0238.JPG
2017-11-19 11:03:05,509 :: GoPro :: INFO :: Uploaded to AWS S3.
2017-11-19 11:03:05,514 :: GoPro :: INFO :: - Sleep
2017-11-19 12:00:20,223 :: GoPro :: DEBUG :: ========== Starting GoPro H3 Controller ==========
2017-11-19 12:00:20,243 :: GoPro :: DEBUG :: Sleeping for 1 minutes
2017-11-19 12:02:15,224 :: GoPro :: INFO :: Wake up GoPro...
2017-11-19 12:02:25,272 :: GoPro :: INFO :: - Taking a photo
2017-11-19 12:02:41,586 :: GoPro :: INFO :: - Download media
2017-11-19 12:02:41,789 :: GoPro :: INFO :: Downloading 2017-11-19T12:02:41.000Z_GOPR0239.JPG (1047976 bytes)...
2017-11-19 12:02:44,865 :: GoPro :: INFO :: Downloaded 1 file(s)
2017-11-19 12:02:54,878 :: GoPro :: INFO :: - Deleting all
2017-11-19 12:03:05,141 :: GoPro :: INFO :: Upload to AWS:  2017-11-19T12:02:41.000Z_GOPR0239.JPG  Path: /home/pi/cloudberry/images/2017-11-19T12:02:41.000Z_GOPR0239.JPG
2017-11-19 12:03:05,477 :: GoPro :: INFO :: Uploaded to AWS S3.
2017-11-19 12:03:05,481 :: GoPro :: INFO :: - Sleep
2017-11-19 13:00:20,445 :: GoPro :: DEBUG :: ========== Starting GoPro H3 Controller ==========
2017-11-19 13:00:20,466 :: GoPro :: DEBUG :: Sleeping for 1 minutes
2017-11-19 13:02:15,935 :: GoPro :: INFO :: Wake up GoPro...
2017-11-19 13:02:25,982 :: GoPro :: INFO :: - Taking a photo
2017-11-19 13:02:42,274 :: GoPro :: INFO :: - Download media
2017-11-19 13:02:42,498 :: GoPro :: INFO :: Downloading 2017-11-19T13:02:42.000Z_GOPR0240.JPG (1572505 bytes)...
2017-11-19 13:02:47,157 :: GoPro :: INFO :: Downloaded 1 file(s)
2017-11-19 13:02:57,169 :: GoPro :: INFO :: - Deleting all
2017-11-19 13:03:07,447 :: GoPro :: INFO :: Upload to AWS:  2017-11-19T13:02:42.000Z_GOPR0240.JPG  Path: /home/pi/cloudberry/images/2017-11-19T13:02:42.000Z_GOPR0240.JPG
2017-11-19 13:03:07,909 :: GoPro :: INFO :: Uploaded to AWS S3.
2017-11-19 13:03:07,913 :: GoPro :: INFO :: - Sleep
2017-11-19 14:00:20,400 :: GoPro :: DEBUG :: ========== Starting GoPro H3 Controller ==========
2017-11-19 14:00:20,416 :: GoPro :: DEBUG :: Sleeping for 1 minutes
2017-11-19 14:02:16,387 :: GoPro :: INFO :: Wake up GoPro...
2017-11-19 14:02:26,430 :: GoPro :: INFO :: - Taking a photo
2017-11-19 14:02:42,775 :: GoPro :: INFO :: - Download media
2017-11-19 14:02:42,993 :: GoPro :: INFO :: Downloading 2017-11-19T14:02:42.000Z_GOPR0241.JPG (1047230 bytes)...
2017-11-19 14:02:46,068 :: GoPro :: INFO :: Downloaded 1 file(s)
2017-11-19 14:02:56,081 :: GoPro :: INFO :: - Deleting all
2017-11-19 14:03:06,347 :: GoPro :: INFO :: Upload to AWS:  2017-11-19T14:02:42.000Z_GOPR0241.JPG  Path: /home/pi/cloudberry/images/2017-11-19T14:02:42.000Z_GOPR0241.JPG
2017-11-19 14:03:06,737 :: GoPro :: INFO :: Uploaded to AWS S3.
2017-11-19 14:03:06,741 :: GoPro :: INFO :: - Sleep
2017-11-19 15:00:20,568 :: GoPro :: DEBUG :: ========== Starting GoPro H3 Controller ==========
2017-11-19 15:00:20,583 :: GoPro :: DEBUG :: Sleeping for 1 minutes
2017-11-19 15:02:17,061 :: GoPro :: INFO :: Wake up GoPro...
2017-11-19 15:02:27,109 :: GoPro :: INFO :: - Taking a photo
2017-11-19 15:02:43,635 :: GoPro :: INFO :: - Download media
2017-11-19 15:02:43,807 :: GoPro :: INFO :: Downloading 2017-11-19T15:02:43.000Z_GOPR0242.JPG (1043668 bytes)...
2017-11-19 15:02:46,879 :: GoPro :: INFO :: Downloaded 1 file(s)
2017-11-19 15:02:56,892 :: GoPro :: INFO :: - Deleting all
2017-11-19 15:03:07,179 :: GoPro :: INFO :: Upload to AWS:  2017-11-19T15:02:43.000Z_GOPR0242.JPG  Path: /home/pi/cloudberry/images/2017-11-19T15:02:43.000Z_GOPR0242.JPG
2017-11-19 15:03:07,831 :: GoPro :: INFO :: Uploaded to AWS S3.
2017-11-19 15:03:07,835 :: GoPro :: INFO :: - Sleep
2017-11-19 16:00:20,323 :: GoPro :: DEBUG :: ========== Starting GoPro H3 Controller ==========
2017-11-19 16:00:20,345 :: GoPro :: DEBUG :: Sleeping for 1 minutes
2017-11-19 16:02:17,313 :: GoPro :: INFO :: Wake up GoPro...
2017-11-19 16:02:27,361 :: GoPro :: INFO :: - Taking a photo
2017-11-19 16:02:43,696 :: GoPro :: INFO :: - Download media
2017-11-19 16:02:43,901 :: GoPro :: INFO :: Downloading 2017-11-19T16:02:43.000Z_GOPR0243.JPG (1581136 bytes)...
2017-11-19 16:02:48,508 :: GoPro :: INFO :: Downloaded 1 file(s)
2017-11-19 16:02:58,521 :: GoPro :: INFO :: - Deleting all
2017-11-19 16:03:08,815 :: GoPro :: INFO :: Upload to AWS:  2017-11-19T16:02:43.000Z_GOPR0243.JPG  Path: /home/pi/cloudberry/images/2017-11-19T16:02:43.000Z_GOPR0243.JPG
2017-11-19 16:03:09,396 :: GoPro :: INFO :: Uploaded to AWS S3.
2017-11-19 16:03:09,400 :: GoPro :: INFO :: - Sleep
2017-11-19 17:00:20,499 :: GoPro :: DEBUG :: ========== Starting GoPro H3 Controller ==========
2017-11-19 17:00:20,521 :: GoPro :: DEBUG :: Sleeping for 1 minutes
2017-11-19 17:02:18,001 :: GoPro :: INFO :: Wake up GoPro...
2017-11-19 17:02:28,059 :: GoPro :: INFO :: - Taking a photo
2017-11-19 17:02:44,586 :: GoPro :: INFO :: - Download media
2017-11-19 17:02:44,762 :: GoPro :: INFO :: Downloading 2017-11-19T17:02:44.000Z_GOPR0244.JPG (1006930 bytes)...
2017-11-19 17:02:47,686 :: GoPro :: INFO :: Downloaded 1 file(s)
2017-11-19 17:02:57,699 :: GoPro :: INFO :: - Deleting all
2017-11-19 17:03:08,017 :: GoPro :: INFO :: Upload to AWS:  2017-11-19T17:02:44.000Z_GOPR0244.JPG  Path: /home/pi/cloudberry/images/2017-11-19T17:02:44.000Z_GOPR0244.JPG
2017-11-19 17:03:08,401 :: GoPro :: INFO :: Uploaded to AWS S3.
2017-11-19 17:03:08,404 :: GoPro :: INFO :: - Sleep
2017-11-19 18:00:20,860 :: GoPro :: DEBUG :: ========== Starting GoPro H3 Controller ==========
2017-11-19 18:00:20,876 :: GoPro :: DEBUG :: Sleeping for 1 minutes
2017-11-19 18:02:18,846 :: GoPro :: INFO :: Wake up GoPro...
2017-11-19 18:02:28,893 :: GoPro :: INFO :: - Taking a photo
2017-11-19 18:02:45,250 :: GoPro :: INFO :: - Download media
2017-11-19 18:02:45,478 :: GoPro :: INFO :: Downloading 2017-11-19T18:02:45.000Z_GOPR0245.JPG (1009571 bytes)...
2017-11-19 18:02:48,463 :: GoPro :: INFO :: Downloaded 1 file(s)
2017-11-19 18:02:58,476 :: GoPro :: INFO :: - Deleting all
2017-11-19 18:03:08,761 :: GoPro :: INFO :: Upload to AWS:  2017-11-19T18:02:45.000Z_GOPR0245.JPG  Path: /home/pi/cloudberry/images/2017-11-19T18:02:45.000Z_GOPR0245.JPG
2017-11-19 18:03:09,104 :: GoPro :: INFO :: Uploaded to AWS S3.
2017-11-19 18:03:09,108 :: GoPro :: INFO :: - Sleep
2017-11-19 19:00:20,271 :: GoPro :: DEBUG :: ========== Starting GoPro H3 Controller ==========
2017-11-19 19:00:20,305 :: GoPro :: DEBUG :: Sleeping for 1 minutes
2017-11-19 19:02:18,782 :: GoPro :: INFO :: Wake up GoPro...
2017-11-19 19:02:28,830 :: GoPro :: INFO :: - Taking a photo
2017-11-19 19:02:45,198 :: GoPro :: INFO :: - Download media
2017-11-19 19:02:45,406 :: GoPro :: INFO :: Downloading 2017-11-19T19:02:45.000Z_GOPR0246.JPG (1049030 bytes)...
2017-11-19 19:02:48,533 :: GoPro :: INFO :: Downloaded 1 file(s)
2017-11-19 19:02:58,546 :: GoPro :: INFO :: - Deleting all
2017-11-19 19:03:08,821 :: GoPro :: INFO :: Upload to AWS:  2017-11-19T19:02:45.000Z_GOPR0246.JPG  Path: /home/pi/cloudberry/images/2017-11-19T19:02:45.000Z_GOPR0246.JPG
2017-11-19 19:03:10,571 :: GoPro :: INFO :: Uploaded to AWS S3.
2017-11-19 19:03:10,575 :: GoPro :: INFO :: - Sleep
2017-11-20 07:00:22,201 :: GoPro :: DEBUG :: ========== Starting GoPro H3 Controller ==========
2017-11-20 07:00:22,220 :: GoPro :: DEBUG :: Sleeping for 1 minutes
2017-11-20 07:02:21,173 :: GoPro :: INFO :: Wake up GoPro...
2017-11-20 07:02:31,211 :: GoPro :: INFO :: - Taking a photo
2017-11-20 07:02:47,381 :: GoPro :: INFO :: - Download media
2017-11-20 07:02:47,652 :: GoPro :: INFO :: Downloading 2017-11-20T07:02:47.000Z_GOPR0247.JPG (116161 bytes)...
2017-11-20 07:02:48,024 :: GoPro :: INFO :: Downloaded 1 file(s)
2017-11-20 07:02:58,037 :: GoPro :: INFO :: - Deleting all
2017-11-20 07:03:08,324 :: GoPro :: INFO :: Upload to AWS:  2017-11-20T07:02:47.000Z_GOPR0247.JPG  Path: /home/pi/cloudberry/images/2017-11-20T07:02:47.000Z_GOPR0247.JPG
2017-11-20 07:03:08,559 :: GoPro :: INFO :: Uploaded to AWS S3.
2017-11-20 07:03:08,562 :: GoPro :: INFO :: - Sleep
2017-11-20 08:00:20,639 :: GoPro :: DEBUG :: ========== Starting GoPro H3 Controller ==========
2017-11-20 08:00:20,661 :: GoPro :: DEBUG :: Sleeping for 1 minutes
2017-11-20 08:02:20,112 :: GoPro :: INFO :: Wake up GoPro...
2017-11-20 08:02:30,158 :: GoPro :: INFO :: - Taking a photo
2017-11-20 08:02:46,674 :: GoPro :: INFO :: - Download media
2017-11-20 08:02:46,871 :: GoPro :: INFO :: Downloading 2017-11-20T08:02:46.000Z_GOPR0248.JPG (727132 bytes)...
2017-11-20 08:02:49,013 :: GoPro :: INFO :: Downloaded 1 file(s)
2017-11-20 08:02:59,027 :: GoPro :: INFO :: - Deleting all
2017-11-20 08:03:09,339 :: GoPro :: INFO :: Upload to AWS:  2017-11-20T08:02:46.000Z_GOPR0248.JPG  Path: /home/pi/cloudberry/images/2017-11-20T08:02:46.000Z_GOPR0248.JPG
2017-11-20 08:03:09,659 :: GoPro :: INFO :: Uploaded to AWS S3.
2017-11-20 08:03:09,663 :: GoPro :: INFO :: - Sleep
2017-11-20 09:00:20,723 :: GoPro :: DEBUG :: ========== Starting GoPro H3 Controller ==========
2017-11-20 09:00:20,744 :: GoPro :: DEBUG :: Sleeping for 1 minutes
2017-11-20 09:02:20,685 :: GoPro :: INFO :: Wake up GoPro...
2017-11-20 09:02:30,734 :: GoPro :: INFO :: - Taking a photo
2017-11-20 09:02:46,991 :: GoPro :: INFO :: - Download media
2017-11-20 09:02:47,200 :: GoPro :: INFO :: Downloading 2017-11-20T09:02:47.000Z_GOPR0249.JPG (1583326 bytes)...
2017-11-20 09:02:51,826 :: GoPro :: INFO :: Downloaded 1 file(s)
2017-11-20 09:03:01,839 :: GoPro :: INFO :: - Deleting all
2017-11-20 09:03:12,162 :: GoPro :: INFO :: Upload to AWS:  2017-11-20T09:02:47.000Z_GOPR0249.JPG  Path: /home/pi/cloudberry/images/2017-11-20T09:02:47.000Z_GOPR0249.JPG
2017-11-20 09:03:12,587 :: GoPro :: INFO :: Uploaded to AWS S3.
2017-11-20 09:03:12,592 :: GoPro :: INFO :: - Sleep
2017-11-20 10:00:20,089 :: GoPro :: DEBUG :: ========== Starting GoPro H3 Controller ==========
2017-11-20 10:00:20,114 :: GoPro :: DEBUG :: Sleeping for 1 minutes
2017-11-20 10:02:20,554 :: GoPro :: INFO :: Wake up GoPro...
2017-11-20 10:02:30,592 :: GoPro :: INFO :: - Taking a photo
2017-11-20 10:02:46,868 :: GoPro :: INFO :: - Download media
2017-11-20 10:02:47,163 :: GoPro :: INFO :: Downloading 2017-11-20T10:02:47.000Z_GOPR0250.JPG (1584906 bytes)...
2017-11-20 10:02:51,940 :: GoPro :: INFO :: Downloaded 1 file(s)
2017-11-20 10:03:01,953 :: GoPro :: INFO :: - Deleting all
2017-11-20 10:03:12,280 :: GoPro :: INFO :: Upload to AWS:  2017-11-20T10:02:47.000Z_GOPR0250.JPG  Path: /home/pi/cloudberry/images/2017-11-20T10:02:47.000Z_GOPR0250.JPG
2017-11-20 10:03:12,764 :: GoPro :: INFO :: Uploaded to AWS S3.
2017-11-20 10:03:12,769 :: GoPro :: INFO :: - Sleep
2017-11-20 11:00:20,154 :: GoPro :: DEBUG :: ========== Starting GoPro H3 Controller ==========
2017-11-20 11:00:20,173 :: GoPro :: DEBUG :: Sleeping for 1 minutes
2017-11-20 11:02:21,167 :: GoPro :: INFO :: Wake up GoPro...
2017-11-20 11:02:31,218 :: GoPro :: INFO :: - Taking a photo
2017-11-20 11:02:47,528 :: GoPro :: INFO :: - Download media
2017-11-20 11:02:47,765 :: GoPro :: INFO :: Downloading 2017-11-20T11:02:47.000Z_GOPR0251.JPG (1080303 bytes)...
2017-11-20 11:02:50,948 :: GoPro :: INFO :: Downloaded 1 file(s)
2017-11-20 11:03:00,961 :: GoPro :: INFO :: - Deleting all
2017-11-20 11:03:11,279 :: GoPro :: INFO :: Upload to AWS:  2017-11-20T11:02:47.000Z_GOPR0251.JPG  Path: /home/pi/cloudberry/images/2017-11-20T11:02:47.000Z_GOPR0251.JPG
2017-11-20 11:03:11,725 :: GoPro :: INFO :: Uploaded to AWS S3.
2017-11-20 11:03:11,729 :: GoPro :: INFO :: - Sleep
2017-11-20 12:00:20,674 :: GoPro :: DEBUG :: ========== Starting GoPro H3 Controller ==========
2017-11-20 12:00:20,682 :: GoPro :: DEBUG :: Sleeping for 1 minutes
2017-11-20 12:02:22,128 :: GoPro :: INFO :: Wake up GoPro...
2017-11-20 12:02:32,166 :: GoPro :: INFO :: - Taking a photo
2017-11-20 12:02:48,437 :: GoPro :: INFO :: - Download media
2017-11-20 12:02:48,656 :: GoPro :: INFO :: Downloading 2017-11-20T12:02:48.000Z_GOPR0252.JPG (1072753 bytes)...
2017-11-20 12:02:51,806 :: GoPro :: INFO :: Downloaded 1 file(s)
2017-11-20 12:03:01,819 :: GoPro :: INFO :: - Deleting all
2017-11-20 12:03:12,125 :: GoPro :: INFO :: Upload to AWS:  2017-11-20T12:02:48.000Z_GOPR0252.JPG  Path: /home/pi/cloudberry/images/2017-11-20T12:02:48.000Z_GOPR0252.JPG
2017-11-20 12:03:12,520 :: GoPro :: INFO :: Uploaded to AWS S3.
2017-11-20 12:03:12,524 :: GoPro :: INFO :: - Sleep
2017-11-20 13:00:20,601 :: GoPro :: DEBUG :: ========== Starting GoPro H3 Controller ==========
2017-11-20 13:00:20,618 :: GoPro :: DEBUG :: Sleeping for 1 minutes
2017-11-20 13:02:22,569 :: GoPro :: INFO :: Wake up GoPro...
2017-11-20 13:02:32,604 :: GoPro :: INFO :: - Taking a photo
2017-11-20 13:02:49,159 :: GoPro :: INFO :: - Download media
2017-11-20 13:02:49,338 :: GoPro :: INFO :: Downloading 2017-11-20T13:02:49.000Z_GOPR0253.JPG (1118206 bytes)...
2017-11-20 13:02:52,757 :: GoPro :: INFO :: Downloaded 1 file(s)
2017-11-20 13:03:02,770 :: GoPro :: INFO :: - Deleting all
2017-11-20 13:03:13,066 :: GoPro :: INFO :: Upload to AWS:  2017-11-20T13:02:49.000Z_GOPR0253.JPG  Path: /home/pi/cloudberry/images/2017-11-20T13:02:49.000Z_GOPR0253.JPG
2017-11-20 13:03:13,447 :: GoPro :: INFO :: Uploaded to AWS S3.
2017-11-20 13:03:13,451 :: GoPro :: INFO :: - Sleep
2017-11-20 14:00:20,325 :: GoPro :: DEBUG :: ========== Starting GoPro H3 Controller ==========
2017-11-20 14:00:20,347 :: GoPro :: DEBUG :: Sleeping for 1 minutes
2017-11-20 14:02:22,787 :: GoPro :: INFO :: Wake up GoPro...
2017-11-20 14:02:32,826 :: GoPro :: INFO :: - Taking a photo
2017-11-20 14:02:49,084 :: GoPro :: INFO :: - Download media
2017-11-20 14:02:49,309 :: GoPro :: INFO :: Downloading 2017-11-20T14:02:49.000Z_GOPR0254.JPG (1110159 bytes)...
2017-11-20 14:02:52,567 :: GoPro :: INFO :: Downloaded 1 file(s)
2017-11-20 14:03:02,580 :: GoPro :: INFO :: - Deleting all
2017-11-20 14:03:12,901 :: GoPro :: INFO :: Upload to AWS:  2017-11-20T14:02:49.000Z_GOPR0254.JPG  Path: /home/pi/cloudberry/images/2017-11-20T14:02:49.000Z_GOPR0254.JPG
2017-11-20 14:03:13,272 :: GoPro :: INFO :: Uploaded to AWS S3.
2017-11-20 14:03:13,276 :: GoPro :: INFO :: - Sleep
2017-11-20 15:00:20,701 :: GoPro :: DEBUG :: ========== Starting GoPro H3 Controller ==========
2017-11-20 15:00:20,722 :: GoPro :: DEBUG :: Sleeping for 1 minutes
2017-11-20 15:02:23,684 :: GoPro :: INFO :: Wake up GoPro...
2017-11-20 15:02:33,728 :: GoPro :: INFO :: - Taking a photo
2017-11-20 15:02:50,304 :: GoPro :: INFO :: - Download media
2017-11-20 15:02:50,492 :: GoPro :: INFO :: Downloading 2017-11-20T15:02:50.000Z_GOPR0255.JPG (1102297 bytes)...
2017-11-20 15:02:53,704 :: GoPro :: INFO :: Downloaded 1 file(s)
2017-11-20 15:03:03,717 :: GoPro :: INFO :: - Deleting all
2017-11-20 15:03:14,039 :: GoPro :: INFO :: Upload to AWS:  2017-11-20T15:02:50.000Z_GOPR0255.JPG  Path: /home/pi/cloudberry/images/2017-11-20T15:02:50.000Z_GOPR0255.JPG
2017-11-20 15:03:14,508 :: GoPro :: INFO :: Uploaded to AWS S3.
2017-11-20 15:03:14,512 :: GoPro :: INFO :: - Sleep
2017-11-20 16:00:20,346 :: GoPro :: DEBUG :: ========== Starting GoPro H3 Controller ==========
2017-11-20 16:00:20,366 :: GoPro :: DEBUG :: Sleeping for 1 minutes
2017-11-20 16:02:23,805 :: GoPro :: INFO :: Wake up GoPro...
2017-11-20 16:02:33,869 :: GoPro :: INFO :: - Taking a photo
2017-11-20 16:02:50,032 :: GoPro :: INFO :: - Download media
2017-11-20 16:02:50,294 :: GoPro :: INFO :: Downloading 2017-11-20T16:02:50.000Z_GOPR0256.JPG (1093905 bytes)...
2017-11-20 16:02:53,511 :: GoPro :: INFO :: Downloaded 1 file(s)
2017-11-20 16:03:03,524 :: GoPro :: INFO :: - Deleting all
2017-11-20 16:03:13,809 :: GoPro :: INFO :: Upload to AWS:  2017-11-20T16:02:50.000Z_GOPR0256.JPG  Path: /home/pi/cloudberry/images/2017-11-20T16:02:50.000Z_GOPR0256.JPG
2017-11-20 16:03:14,135 :: GoPro :: INFO :: Uploaded to AWS S3.
2017-11-20 16:03:14,139 :: GoPro :: INFO :: - Sleep
2017-11-20 17:00:20,770 :: GoPro :: DEBUG :: ========== Starting GoPro H3 Controller ==========
2017-11-20 17:00:20,798 :: GoPro :: DEBUG :: Sleeping for 1 minutes
2017-11-20 17:02:24,748 :: GoPro :: INFO :: Wake up GoPro...
2017-11-20 17:02:34,801 :: GoPro :: INFO :: - Taking a photo
2017-11-20 17:02:51,015 :: GoPro :: INFO :: - Download media
2017-11-20 17:02:51,226 :: GoPro :: INFO :: Downloading 2017-11-20T17:02:51.000Z_GOPR0257.JPG (697415 bytes)...
2017-11-20 17:02:53,304 :: GoPro :: INFO :: Downloaded 1 file(s)
2017-11-20 17:03:03,317 :: GoPro :: INFO :: - Deleting all
2017-11-20 17:03:13,613 :: GoPro :: INFO :: Upload to AWS:  2017-11-20T17:02:51.000Z_GOPR0257.JPG  Path: /home/pi/cloudberry/images/2017-11-20T17:02:51.000Z_GOPR0257.JPG
2017-11-20 17:03:13,912 :: GoPro :: INFO :: Uploaded to AWS S3.
2017-11-20 17:03:13,916 :: GoPro :: INFO :: - Sleep
2017-11-20 18:00:20,610 :: GoPro :: DEBUG :: ========== Starting GoPro H3 Controller ==========
2017-11-20 18:00:20,631 :: GoPro :: DEBUG :: Sleeping for 1 minutes
2017-11-20 18:02:25,093 :: GoPro :: INFO :: Wake up GoPro...
2017-11-20 18:02:35,200 :: GoPro :: INFO :: - Taking a photo
2017-11-20 18:02:51,433 :: GoPro :: INFO :: - Download media
2017-11-20 18:02:51,659 :: GoPro :: INFO :: Downloading 2017-11-20T18:02:51.000Z_GOPR0258.JPG (698298 bytes)...
2017-11-20 18:02:53,696 :: GoPro :: INFO :: Downloaded 1 file(s)
2017-11-20 18:03:03,709 :: GoPro :: INFO :: - Deleting all
2017-11-20 18:03:14,008 :: GoPro :: INFO :: Upload to AWS:  2017-11-20T18:02:51.000Z_GOPR0258.JPG  Path: /home/pi/cloudberry/images/2017-11-20T18:02:51.000Z_GOPR0258.JPG
2017-11-20 18:03:14,394 :: GoPro :: INFO :: Uploaded to AWS S3.
2017-11-20 18:03:14,397 :: GoPro :: INFO :: - Sleep
2017-11-20 19:00:20,361 :: GoPro :: DEBUG :: ========== Starting GoPro H3 Controller ==========
2017-11-20 19:00:20,382 :: GoPro :: DEBUG :: Sleeping for 1 minutes
2017-11-20 19:02:25,321 :: GoPro :: INFO :: Wake up GoPro...
2017-11-20 19:02:35,373 :: GoPro :: INFO :: - Taking a photo
2017-11-20 19:02:51,728 :: GoPro :: INFO :: - Download media
2017-11-20 19:02:51,951 :: GoPro :: INFO :: Downloading 2017-11-20T19:02:51.000Z_GOPR0259.JPG (135065 bytes)...
2017-11-20 19:02:52,364 :: GoPro :: INFO :: Downloaded 1 file(s)
2017-11-20 19:03:02,376 :: GoPro :: INFO :: - Deleting all
2017-11-20 19:03:12,649 :: GoPro :: INFO :: Upload to AWS:  2017-11-20T19:02:51.000Z_GOPR0259.JPG  Path: /home/pi/cloudberry/images/2017-11-20T19:02:51.000Z_GOPR0259.JPG
2017-11-20 19:03:12,853 :: GoPro :: INFO :: Uploaded to AWS S3.
2017-11-20 19:03:12,855 :: GoPro :: INFO :: - Sleep
2017-11-21 07:00:22,388 :: GoPro :: DEBUG :: ========== Starting GoPro H3 Controller ==========
2017-11-21 07:00:22,401 :: GoPro :: DEBUG :: Sleeping for 1 minutes
2017-11-21 07:02:27,815 :: GoPro :: INFO :: Wake up GoPro...
2017-11-21 07:02:37,862 :: GoPro :: INFO :: - Taking a photo
2017-11-21 07:02:54,180 :: GoPro :: INFO :: - Download media
2017-11-21 07:02:54,420 :: GoPro :: INFO :: Downloading 2017-11-21T07:02:54.000Z_GOPR0260.JPG (116161 bytes)...
2017-11-21 07:02:54,790 :: GoPro :: INFO :: Downloaded 1 file(s)
2017-11-21 07:03:04,803 :: GoPro :: INFO :: - Deleting all
2017-11-21 07:03:15,209 :: GoPro :: INFO :: Upload to AWS:  2017-11-21T07:02:54.000Z_GOPR0260.JPG  Path: /home/pi/cloudberry/images/2017-11-21T07:02:54.000Z_GOPR0260.JPG
2017-11-21 07:03:15,414 :: GoPro :: INFO :: Uploaded to AWS S3.
2017-11-21 07:03:15,417 :: GoPro :: INFO :: - Sleep
2017-11-21 08:00:20,342 :: GoPro :: DEBUG :: ========== Starting GoPro H3 Controller ==========
2017-11-21 08:00:20,365 :: GoPro :: DEBUG :: Sleeping for 1 minutes
2017-11-21 08:02:26,274 :: GoPro :: INFO :: Wake up GoPro...
2017-11-21 08:02:36,322 :: GoPro :: INFO :: - Taking a photo
2017-11-21 08:02:52,652 :: GoPro :: INFO :: - Download media
2017-11-21 08:02:52,878 :: GoPro :: INFO :: Downloading 2017-11-21T08:02:52.000Z_GOPR0261.JPG (350801 bytes)...
2017-11-21 08:02:53,922 :: GoPro :: INFO :: Downloaded 1 file(s)
2017-11-21 08:03:03,935 :: GoPro :: INFO :: - Deleting all
2017-11-21 08:03:14,244 :: GoPro :: INFO :: Upload to AWS:  2017-11-21T08:02:52.000Z_GOPR0261.JPG  Path: /home/pi/cloudberry/images/2017-11-21T08:02:52.000Z_GOPR0261.JPG
2017-11-21 08:03:14,684 :: GoPro :: INFO :: Uploaded to AWS S3.
2017-11-21 08:03:14,687 :: GoPro :: INFO :: - Sleep
2017-11-21 09:00:20,289 :: GoPro :: DEBUG :: ========== Starting GoPro H3 Controller ==========
2017-11-21 09:00:20,307 :: GoPro :: DEBUG :: Sleeping for 1 minutes
2017-11-21 09:02:26,747 :: GoPro :: INFO :: Wake up GoPro...
2017-11-21 09:02:36,795 :: GoPro :: INFO :: - Taking a photo
2017-11-21 09:02:53,136 :: GoPro :: INFO :: - Download media
2017-11-21 09:02:53,374 :: GoPro :: INFO :: Downloading 2017-11-21T09:02:53.000Z_GOPR0262.JPG (847549 bytes)...
2017-11-21 09:02:55,849 :: GoPro :: INFO :: Downloaded 1 file(s)
2017-11-21 09:03:05,862 :: GoPro :: INFO :: - Deleting all
2017-11-21 09:03:16,170 :: GoPro :: INFO :: Upload to AWS:  2017-11-21T09:02:53.000Z_GOPR0262.JPG  Path: /home/pi/cloudberry/images/2017-11-21T09:02:53.000Z_GOPR0262.JPG
2017-11-21 09:03:16,617 :: GoPro :: INFO :: Uploaded to AWS S3.
2017-11-21 09:03:16,621 :: GoPro :: INFO :: - Sleep
2017-11-21 10:00:20,518 :: GoPro :: DEBUG :: ========== Starting GoPro H3 Controller ==========
2017-11-21 10:00:20,526 :: GoPro :: DEBUG :: Sleeping for 1 minutes
2017-11-21 10:02:27,437 :: GoPro :: INFO :: Wake up GoPro...
2017-11-21 10:02:37,490 :: GoPro :: INFO :: - Taking a photo
2017-11-21 10:02:53,731 :: GoPro :: INFO :: - Download media
2017-11-21 10:02:53,957 :: GoPro :: INFO :: Downloading 2017-11-21T10:02:53.000Z_GOPR0263.JPG (1080122 bytes)...
2017-11-21 10:02:57,137 :: GoPro :: INFO :: Downloaded 1 file(s)
2017-11-21 10:03:07,151 :: GoPro :: INFO :: - Deleting all
2017-11-21 10:03:17,441 :: GoPro :: INFO :: Upload to AWS:  2017-11-21T10:02:53.000Z_GOPR0263.JPG  Path: /home/pi/cloudberry/images/2017-11-21T10:02:53.000Z_GOPR0263.JPG
2017-11-21 10:03:17,902 :: GoPro :: INFO :: Uploaded to AWS S3.
2017-11-21 10:03:17,906 :: GoPro :: INFO :: - Sleep
2017-11-21 11:00:20,044 :: GoPro :: DEBUG :: ========== Starting GoPro H3 Controller ==========
2017-11-21 11:00:20,065 :: GoPro :: DEBUG :: Sleeping for 1 minutes
2017-11-21 11:02:27,518 :: GoPro :: INFO :: Wake up GoPro...
2017-11-21 11:02:37,568 :: GoPro :: INFO :: - Taking a photo
2017-11-21 11:02:53,738 :: GoPro :: INFO :: - Download media
2017-11-21 11:02:53,971 :: GoPro :: INFO :: Downloading 2017-11-21T11:02:53.000Z_GOPR0264.JPG (1087387 bytes)...
2017-11-21 11:02:57,199 :: GoPro :: INFO :: Downloaded 1 file(s)
2017-11-21 11:03:07,212 :: GoPro :: INFO :: - Deleting all
2017-11-21 11:03:17,545 :: GoPro :: INFO :: Upload to AWS:  2017-11-21T11:02:53.000Z_GOPR0264.JPG  Path: /home/pi/cloudberry/images/2017-11-21T11:02:53.000Z_GOPR0264.JPG
2017-11-21 11:03:17,949 :: GoPro :: INFO :: Uploaded to AWS S3.
2017-11-21 11:03:17,953 :: GoPro :: INFO :: - Sleep
2017-11-21 12:00:20,972 :: GoPro :: DEBUG :: ========== Starting GoPro H3 Controller ==========
2017-11-21 12:00:20,990 :: GoPro :: DEBUG :: Sleeping for 1 minutes
2017-11-21 12:02:28,959 :: GoPro :: INFO :: Wake up GoPro...
2017-11-21 12:02:39,014 :: GoPro :: INFO :: - Taking a photo
2017-11-21 12:02:55,338 :: GoPro :: INFO :: - Download media
2017-11-21 12:02:55,566 :: GoPro :: INFO :: Downloading 2017-11-21T12:02:55.000Z_GOPR0265.JPG (1087832 bytes)...
2017-11-21 12:02:58,751 :: GoPro :: INFO :: Downloaded 1 file(s)
2017-11-21 12:03:08,778 :: GoPro :: INFO :: - Deleting all
2017-11-21 12:03:19,127 :: GoPro :: INFO :: Upload to AWS:  2017-11-21T12:02:55.000Z_GOPR0265.JPG  Path: /home/pi/cloudberry/images/2017-11-21T12:02:55.000Z_GOPR0265.JPG
2017-11-21 12:03:19,506 :: GoPro :: INFO :: Uploaded to AWS S3.
2017-11-21 12:03:19,510 :: GoPro :: INFO :: - Sleep
2017-11-21 13:00:20,528 :: GoPro :: DEBUG :: ========== Starting GoPro H3 Controller ==========
2017-11-21 13:00:20,541 :: GoPro :: DEBUG :: Sleeping for 1 minutes
2017-11-21 13:02:28,960 :: GoPro :: INFO :: Wake up GoPro...
2017-11-21 13:02:39,083 :: GoPro :: INFO :: - Taking a photo
2017-11-21 13:02:55,414 :: GoPro :: INFO :: - Download media
2017-11-21 13:02:55,629 :: GoPro :: INFO :: Downloading 2017-11-21T13:02:55.000Z_GOPR0266.JPG (1086159 bytes)...
2017-11-21 13:02:58,816 :: GoPro :: INFO :: Downloaded 1 file(s)
2017-11-21 13:03:08,834 :: GoPro :: INFO :: - Deleting all
2017-11-21 13:03:19,169 :: GoPro :: INFO :: Upload to AWS:  2017-11-21T13:02:55.000Z_GOPR0266.JPG  Path: /home/pi/cloudberry/images/2017-11-21T13:02:55.000Z_GOPR0266.JPG
2017-11-21 13:03:19,570 :: GoPro :: INFO :: Uploaded to AWS S3.
2017-11-21 13:03:19,574 :: GoPro :: INFO :: - Sleep
2017-11-21 14:00:20,601 :: GoPro :: DEBUG :: ========== Starting GoPro H3 Controller ==========
2017-11-21 14:00:20,610 :: GoPro :: DEBUG :: Sleeping for 1 minutes
2017-11-21 14:02:29,527 :: GoPro :: INFO :: Wake up GoPro...
2017-11-21 14:02:39,568 :: GoPro :: INFO :: - Taking a photo
2017-11-21 14:02:55,759 :: GoPro :: INFO :: - Download media
2017-11-21 14:02:55,985 :: GoPro :: INFO :: Downloading 2017-11-21T14:02:55.000Z_GOPR0267.JPG (1076879 bytes)...
2017-11-21 14:02:59,118 :: GoPro :: INFO :: Downloaded 1 file(s)
2017-11-21 14:03:09,131 :: GoPro :: INFO :: - Deleting all
2017-11-21 14:03:19,448 :: GoPro :: INFO :: Upload to AWS:  2017-11-21T14:02:55.000Z_GOPR0267.JPG  Path: /home/pi/cloudberry/images/2017-11-21T14:02:55.000Z_GOPR0267.JPG
2017-11-21 14:03:19,874 :: GoPro :: INFO :: Uploaded to AWS S3.
2017-11-21 14:03:19,877 :: GoPro :: INFO :: - Sleep
2017-11-21 15:00:20,357 :: GoPro :: DEBUG :: ========== Starting GoPro H3 Controller ==========
2017-11-21 15:00:20,375 :: GoPro :: DEBUG :: Sleeping for 1 minutes
2017-11-21 15:02:29,784 :: GoPro :: INFO :: Wake up GoPro...
2017-11-21 15:02:39,831 :: GoPro :: INFO :: - Taking a photo
2017-11-21 15:02:56,093 :: GoPro :: INFO :: - Download media
2017-11-21 15:02:56,289 :: GoPro :: INFO :: Downloading 2017-11-21T15:02:56.000Z_GOPR0268.JPG (1623041 bytes)...
2017-11-21 15:03:01,024 :: GoPro :: INFO :: Downloaded 1 file(s)
2017-11-21 15:03:11,037 :: GoPro :: INFO :: - Deleting all
2017-11-21 15:03:21,356 :: GoPro :: INFO :: Upload to AWS:  2017-11-21T15:02:56.000Z_GOPR0268.JPG  Path: /home/pi/cloudberry/images/2017-11-21T15:02:56.000Z_GOPR0268.JPG
2017-11-21 15:03:21,804 :: GoPro :: INFO :: Uploaded to AWS S3.
2017-11-21 15:03:21,809 :: GoPro :: INFO :: - Sleep
2017-11-21 16:00:20,527 :: GoPro :: DEBUG :: ========== Starting GoPro H3 Controller ==========
2017-11-21 16:00:20,536 :: GoPro :: DEBUG :: Sleeping for 1 minutes
2017-11-21 16:02:30,452 :: GoPro :: INFO :: Wake up GoPro...
2017-11-21 16:02:40,498 :: GoPro :: INFO :: - Taking a photo
2017-11-21 16:02:56,698 :: GoPro :: INFO :: - Download media
2017-11-21 16:02:56,924 :: GoPro :: INFO :: Downloading 2017-11-21T16:02:56.000Z_GOPR0269.JPG (1077793 bytes)...
2017-11-21 16:03:00,127 :: GoPro :: INFO :: Downloaded 1 file(s)
2017-11-21 16:03:10,140 :: GoPro :: INFO :: - Deleting all
2017-11-21 16:03:20,418 :: GoPro :: INFO :: Upload to AWS:  2017-11-21T16:02:56.000Z_GOPR0269.JPG  Path: /home/pi/cloudberry/images/2017-11-21T16:02:56.000Z_GOPR0269.JPG
2017-11-21 16:03:20,832 :: GoPro :: INFO :: Uploaded to AWS S3.
2017-11-21 16:03:20,836 :: GoPro :: INFO :: - Sleep
2017-11-21 17:00:20,432 :: GoPro :: DEBUG :: ========== Starting GoPro H3 Controller ==========
2017-11-21 17:00:20,441 :: GoPro :: DEBUG :: Sleeping for 1 minutes
2017-11-21 17:02:30,862 :: GoPro :: INFO :: Wake up GoPro...
2017-11-21 17:02:40,985 :: GoPro :: INFO :: - Taking a photo
2017-11-21 17:02:57,183 :: GoPro :: INFO :: - Download media
2017-11-21 17:02:57,411 :: GoPro :: INFO :: Downloading 2017-11-21T17:02:57.000Z_GOPR0270.JPG (1214582 bytes)...
2017-11-21 17:03:00,953 :: GoPro :: INFO :: Downloaded 1 file(s)
2017-11-21 17:03:10,966 :: GoPro :: INFO :: - Deleting all
2017-11-21 17:03:21,242 :: GoPro :: INFO :: Upload to AWS:  2017-11-21T17:02:57.000Z_GOPR0270.JPG  Path: /home/pi/cloudberry/images/2017-11-21T17:02:57.000Z_GOPR0270.JPG
2017-11-21 17:03:21,771 :: GoPro :: INFO :: Uploaded to AWS S3.
2017-11-21 17:03:21,775 :: GoPro :: INFO :: - Sleep
2017-11-21 18:00:20,471 :: GoPro :: DEBUG :: ========== Starting GoPro H3 Controller ==========
2017-11-21 18:00:20,495 :: GoPro :: DEBUG :: Sleeping for 1 minutes
2017-11-21 18:02:31,417 :: GoPro :: INFO :: Wake up GoPro...
2017-11-21 18:02:41,464 :: GoPro :: INFO :: - Taking a photo
2017-11-21 18:02:57,712 :: GoPro :: INFO :: - Download media
2017-11-21 18:02:57,916 :: GoPro :: INFO :: Downloading 2017-11-21T18:02:57.000Z_GOPR0271.JPG (1216089 bytes)...
2017-11-21 18:03:01,436 :: GoPro :: INFO :: Downloaded 1 file(s)
2017-11-21 18:03:11,449 :: GoPro :: INFO :: - Deleting all
2017-11-21 18:03:21,727 :: GoPro :: INFO :: Upload to AWS:  2017-11-21T18:02:57.000Z_GOPR0271.JPG  Path: /home/pi/cloudberry/images/2017-11-21T18:02:57.000Z_GOPR0271.JPG
2017-11-21 18:03:22,118 :: GoPro :: INFO :: Uploaded to AWS S3.
2017-11-21 18:03:22,123 :: GoPro :: INFO :: - Sleep
2017-11-21 19:00:20,638 :: GoPro :: DEBUG :: ========== Starting GoPro H3 Controller ==========
2017-11-21 19:00:20,651 :: GoPro :: DEBUG :: Sleeping for 1 minutes
2017-11-21 19:02:32,069 :: GoPro :: INFO :: Wake up GoPro...
2017-11-21 19:02:42,106 :: GoPro :: INFO :: - Taking a photo
2017-11-21 19:02:58,584 :: GoPro :: INFO :: - Download media
2017-11-21 19:02:58,762 :: GoPro :: INFO :: Downloading 2017-11-21T19:02:58.000Z_GOPR0272.JPG (1216918 bytes)...
2017-11-21 19:03:02,352 :: GoPro :: INFO :: Downloaded 1 file(s)
2017-11-21 19:03:12,366 :: GoPro :: INFO :: - Deleting all
2017-11-21 19:03:22,706 :: GoPro :: INFO :: Upload to AWS:  2017-11-21T19:02:58.000Z_GOPR0272.JPG  Path: /home/pi/cloudberry/images/2017-11-21T19:02:58.000Z_GOPR0272.JPG
2017-11-21 19:03:23,172 :: GoPro :: INFO :: Uploaded to AWS S3.
2017-11-21 19:03:23,176 :: GoPro :: INFO :: - Sleep
2017-11-22 07:00:22,004 :: GoPro :: DEBUG :: ========== Starting GoPro H3 Controller ==========
2017-11-22 07:00:22,026 :: GoPro :: DEBUG :: Sleeping for 1 minutes
2017-11-22 07:02:33,967 :: GoPro :: INFO :: Wake up GoPro...
2017-11-22 07:02:44,010 :: GoPro :: INFO :: - Taking a photo
2017-11-22 07:03:00,298 :: GoPro :: INFO :: - Download media
2017-11-22 07:03:00,483 :: GoPro :: INFO :: Downloading 2017-11-22T07:03:00.000Z_GOPR0273.JPG (116159 bytes)...
2017-11-22 07:03:00,848 :: GoPro :: INFO :: Downloaded 1 file(s)
2017-11-22 07:03:10,861 :: GoPro :: INFO :: - Deleting all
2017-11-22 07:03:21,136 :: GoPro :: INFO :: Upload to AWS:  2017-11-22T07:03:00.000Z_GOPR0273.JPG  Path: /home/pi/cloudberry/images/2017-11-22T07:03:00.000Z_GOPR0273.JPG
2017-11-22 07:03:21,333 :: GoPro :: INFO :: Uploaded to AWS S3.
2017-11-22 07:03:21,336 :: GoPro :: INFO :: - Sleep
2017-11-22 08:00:20,710 :: GoPro :: DEBUG :: ========== Starting GoPro H3 Controller ==========
2017-11-22 08:00:20,728 :: GoPro :: DEBUG :: Sleeping for 1 minutes
2017-11-22 08:02:33,134 :: GoPro :: INFO :: Wake up GoPro...
2017-11-22 08:02:43,183 :: GoPro :: INFO :: - Taking a photo
2017-11-22 08:02:59,341 :: GoPro :: INFO :: - Download media
2017-11-22 08:02:59,556 :: GoPro :: INFO :: Downloading 2017-11-22T08:02:59.000Z_GOPR0274.JPG (116162 bytes)...
2017-11-22 08:02:59,917 :: GoPro :: INFO :: Downloaded 1 file(s)
2017-11-22 08:03:09,930 :: GoPro :: INFO :: - Deleting all
2017-11-22 08:03:20,226 :: GoPro :: INFO :: Upload to AWS:  2017-11-22T08:02:59.000Z_GOPR0274.JPG  Path: /home/pi/cloudberry/images/2017-11-22T08:02:59.000Z_GOPR0274.JPG
2017-11-22 08:03:20,444 :: GoPro :: INFO :: Uploaded to AWS S3.
2017-11-22 08:03:20,447 :: GoPro :: INFO :: - Sleep
2017-11-22 09:00:20,306 :: GoPro :: DEBUG :: ========== Starting GoPro H3 Controller ==========
2017-11-22 09:00:20,313 :: GoPro :: DEBUG :: Sleeping for 1 minutes
2017-11-22 09:02:33,224 :: GoPro :: INFO :: Wake up GoPro...
2017-11-22 09:02:43,273 :: GoPro :: INFO :: - Taking a photo
2017-11-22 09:02:59,660 :: GoPro :: INFO :: - Download media
2017-11-22 09:02:59,891 :: GoPro :: INFO :: Downloading 2017-11-22T09:02:59.000Z_GOPR0275.JPG (116603 bytes)...
2017-11-22 09:03:00,250 :: GoPro :: INFO :: Downloaded 1 file(s)
2017-11-22 09:03:10,263 :: GoPro :: INFO :: - Deleting all
2017-11-22 09:03:20,543 :: GoPro :: INFO :: Upload to AWS:  2017-11-22T09:02:59.000Z_GOPR0275.JPG  Path: /home/pi/cloudberry/images/2017-11-22T09:02:59.000Z_GOPR0275.JPG
2017-11-22 09:03:20,744 :: GoPro :: INFO :: Uploaded to AWS S3.
2017-11-22 09:03:20,747 :: GoPro :: INFO :: - Sleep
2017-11-22 10:00:20,428 :: GoPro :: DEBUG :: ========== Starting GoPro H3 Controller ==========
2017-11-22 10:00:20,436 :: GoPro :: DEBUG :: Sleeping for 1 minutes
2017-11-22 10:02:33,839 :: GoPro :: INFO :: Wake up GoPro...
2017-11-22 10:02:43,886 :: GoPro :: INFO :: - Taking a photo
2017-11-22 10:03:00,183 :: GoPro :: INFO :: - Download media
2017-11-22 10:03:00,370 :: GoPro :: INFO :: Downloading 2017-11-22T10:03:00.000Z_GOPR0276.JPG (1094891 bytes)...
2017-11-22 10:03:03,586 :: GoPro :: INFO :: Downloaded 1 file(s)
2017-11-22 10:03:13,604 :: GoPro :: INFO :: - Deleting all
2017-11-22 10:03:23,896 :: GoPro :: INFO :: Upload to AWS:  2017-11-22T10:03:00.000Z_GOPR0276.JPG  Path: /home/pi/cloudberry/images/2017-11-22T10:03:00.000Z_GOPR0276.JPG
2017-11-22 10:03:24,463 :: GoPro :: INFO :: Uploaded to AWS S3.
2017-11-22 10:03:24,467 :: GoPro :: INFO :: - Sleep
2017-11-22 11:00:20,407 :: GoPro :: DEBUG :: ========== Starting GoPro H3 Controller ==========
2017-11-22 11:00:20,434 :: GoPro :: DEBUG :: Sleeping for 1 minutes
2017-11-22 11:02:34,332 :: GoPro :: INFO :: Wake up GoPro...
2017-11-22 11:02:44,379 :: GoPro :: INFO :: - Taking a photo
2017-11-22 11:03:00,655 :: GoPro :: INFO :: - Download media
2017-11-22 11:03:00,895 :: GoPro :: INFO :: Downloading 2017-11-22T11:03:00.000Z_GOPR0277.JPG (1096670 bytes)...
2017-11-22 11:03:04,122 :: GoPro :: INFO :: Downloaded 1 file(s)
2017-11-22 11:03:14,135 :: GoPro :: INFO :: - Deleting all
2017-11-22 11:03:24,403 :: GoPro :: INFO :: Upload to AWS:  2017-11-22T11:03:00.000Z_GOPR0277.JPG  Path: /home/pi/cloudberry/images/2017-11-22T11:03:00.000Z_GOPR0277.JPG
2017-11-22 11:03:24,799 :: GoPro :: INFO :: Uploaded to AWS S3.
2017-11-22 11:03:24,803 :: GoPro :: INFO :: - Sleep
2017-11-22 12:00:20,204 :: GoPro :: DEBUG :: ========== Starting GoPro H3 Controller ==========
2017-11-22 12:00:20,217 :: GoPro :: DEBUG :: Sleeping for 1 minutes
2017-11-22 12:02:34,623 :: GoPro :: INFO :: Wake up GoPro...
2017-11-22 12:02:44,673 :: GoPro :: INFO :: - Taking a photo
2017-11-22 12:03:01,184 :: GoPro :: INFO :: - Download media
2017-11-22 12:03:01,373 :: GoPro :: INFO :: Downloading 2017-11-22T12:03:01.000Z_GOPR0278.JPG (825390 bytes)...
2017-11-22 12:03:03,866 :: GoPro :: INFO :: Downloaded 1 file(s)
2017-11-22 12:03:13,879 :: GoPro :: INFO :: - Deleting all
2017-11-22 12:03:24,157 :: GoPro :: INFO :: Upload to AWS:  2017-11-22T12:03:01.000Z_GOPR0278.JPG  Path: /home/pi/cloudberry/images/2017-11-22T12:03:01.000Z_GOPR0278.JPG
2017-11-22 12:03:24,564 :: GoPro :: INFO :: Uploaded to AWS S3.
2017-11-22 12:03:24,567 :: GoPro :: INFO :: - Sleep
2017-11-22 13:00:20,620 :: GoPro :: DEBUG :: ========== Starting GoPro H3 Controller ==========
2017-11-22 13:00:20,655 :: GoPro :: DEBUG :: Sleeping for 1 minutes
2017-11-22 13:02:35,568 :: GoPro :: INFO :: Wake up GoPro...
2017-11-22 13:02:45,626 :: GoPro :: INFO :: - Taking a photo
2017-11-22 13:03:01,878 :: GoPro :: INFO :: - Download media
2017-11-22 13:03:02,106 :: GoPro :: INFO :: Downloading 2017-11-22T13:03:02.000Z_GOPR0279.JPG (828893 bytes)...
2017-11-22 13:03:04,539 :: GoPro :: INFO :: Downloaded 1 file(s)
2017-11-22 13:03:14,552 :: GoPro :: INFO :: - Deleting all
2017-11-22 13:03:24,860 :: GoPro :: INFO :: Upload to AWS:  2017-11-22T13:03:02.000Z_GOPR0279.JPG  Path: /home/pi/cloudberry/images/2017-11-22T13:03:02.000Z_GOPR0279.JPG
2017-11-22 13:03:25,349 :: GoPro :: INFO :: Uploaded to AWS S3.
2017-11-22 13:03:25,353 :: GoPro :: INFO :: - Sleep
2017-11-22 14:00:20,578 :: GoPro :: DEBUG :: ========== Starting GoPro H3 Controller ==========
2017-11-22 14:00:20,585 :: GoPro :: DEBUG :: Sleeping for 1 minutes
2017-11-22 14:02:35,980 :: GoPro :: INFO :: Wake up GoPro...
2017-11-22 14:02:47,065 :: GoPro :: INFO :: - Taking a photo
2017-11-22 14:03:03,397 :: GoPro :: INFO :: - Download media
2017-11-22 14:03:03,624 :: GoPro :: INFO :: Downloading 2017-11-22T14:03:03.000Z_GOPR0280.JPG (123375 bytes)...
2017-11-22 14:03:04,007 :: GoPro :: INFO :: Downloaded 1 file(s)
2017-11-22 14:03:14,020 :: GoPro :: INFO :: - Deleting all
2017-11-22 14:03:24,342 :: GoPro :: INFO :: Upload to AWS:  2017-11-22T14:03:03.000Z_GOPR0280.JPG  Path: /home/pi/cloudberry/images/2017-11-22T14:03:03.000Z_GOPR0280.JPG
2017-11-22 14:03:24,553 :: GoPro :: INFO :: Uploaded to AWS S3.
2017-11-22 14:03:24,556 :: GoPro :: INFO :: - Sleep
2017-11-22 15:00:20,532 :: GoPro :: DEBUG :: ========== Starting GoPro H3 Controller ==========
2017-11-22 15:00:20,564 :: GoPro :: DEBUG :: Sleeping for 1 minutes
2017-11-22 15:02:36,483 :: GoPro :: INFO :: Wake up GoPro...
2017-11-22 15:02:46,551 :: GoPro :: INFO :: - Taking a photo
2017-11-22 15:03:02,926 :: GoPro :: INFO :: - Download media
2017-11-22 15:03:03,160 :: GoPro :: INFO :: Downloading 2017-11-22T15:03:03.000Z_GOPR0281.JPG (122591 bytes)...
2017-11-22 15:03:03,529 :: GoPro :: INFO :: Downloaded 1 file(s)
2017-11-22 15:03:13,542 :: GoPro :: INFO :: - Deleting all
2017-11-22 15:03:23,830 :: GoPro :: INFO :: Upload to AWS:  2017-11-22T15:03:03.000Z_GOPR0281.JPG  Path: /home/pi/cloudberry/images/2017-11-22T15:03:03.000Z_GOPR0281.JPG
2017-11-22 15:03:24,086 :: GoPro :: INFO :: Uploaded to AWS S3.
2017-11-22 15:03:24,088 :: GoPro :: INFO :: - Sleep
2017-11-22 16:00:20,313 :: GoPro :: DEBUG :: ========== Starting GoPro H3 Controller ==========
2017-11-22 16:00:20,327 :: GoPro :: DEBUG :: Sleeping for 1 minutes
2017-11-22 16:02:36,756 :: GoPro :: INFO :: Wake up GoPro...
2017-11-22 16:02:46,806 :: GoPro :: INFO :: - Taking a photo
2017-11-22 16:03:03,113 :: GoPro :: INFO :: - Download media
2017-11-22 16:03:03,357 :: GoPro :: INFO :: Downloading 2017-11-22T16:03:03.000Z_GOPR0282.JPG (116241 bytes)...
2017-11-22 16:03:03,723 :: GoPro :: INFO :: Downloaded 1 file(s)
2017-11-22 16:03:13,737 :: GoPro :: INFO :: - Deleting all
2017-11-22 16:03:24,031 :: GoPro :: INFO :: Upload to AWS:  2017-11-22T16:03:03.000Z_GOPR0282.JPG  Path: /home/pi/cloudberry/images/2017-11-22T16:03:03.000Z_GOPR0282.JPG
2017-11-22 16:03:24,249 :: GoPro :: INFO :: Uploaded to AWS S3.
2017-11-22 16:03:24,251 :: GoPro :: INFO :: - Sleep
2017-11-22 17:00:20,632 :: GoPro :: DEBUG :: ========== Starting GoPro H3 Controller ==========
2017-11-22 17:00:20,648 :: GoPro :: DEBUG :: Sleeping for 1 minutes
2017-11-22 17:02:37,542 :: GoPro :: INFO :: Wake up GoPro...
2017-11-22 17:02:47,588 :: GoPro :: INFO :: - Taking a photo
2017-11-22 17:03:03,863 :: GoPro :: INFO :: - Download media
2017-11-22 17:03:04,058 :: GoPro :: INFO :: Downloading 2017-11-22T17:03:04.000Z_GOPR0283.JPG (116199 bytes)...
2017-11-22 17:03:04,414 :: GoPro :: INFO :: Downloaded 1 file(s)
2017-11-22 17:03:14,428 :: GoPro :: INFO :: - Deleting all
2017-11-22 17:03:24,787 :: GoPro :: INFO :: Upload to AWS:  2017-11-22T17:03:04.000Z_GOPR0283.JPG  Path: /home/pi/cloudberry/images/2017-11-22T17:03:04.000Z_GOPR0283.JPG
2017-11-22 17:03:25,008 :: GoPro :: INFO :: Uploaded to AWS S3.
2017-11-22 17:03:25,010 :: GoPro :: INFO :: - Sleep
2017-11-22 18:00:20,798 :: GoPro :: DEBUG :: ========== Starting GoPro H3 Controller ==========
2017-11-22 18:00:20,807 :: GoPro :: DEBUG :: Sleeping for 1 minutes
2017-11-22 18:02:38,201 :: GoPro :: INFO :: Wake up GoPro...
2017-11-22 18:02:48,248 :: GoPro :: INFO :: - Taking a photo
2017-11-22 18:03:04,499 :: GoPro :: INFO :: - Download media
2017-11-22 18:03:04,698 :: GoPro :: INFO :: Downloading 2017-11-22T18:03:04.000Z_GOPR0284.JPG (116164 bytes)...
2017-11-22 18:03:05,062 :: GoPro :: INFO :: Downloaded 1 file(s)
2017-11-22 18:03:15,075 :: GoPro :: INFO :: - Deleting all
2017-11-22 18:03:25,364 :: GoPro :: INFO :: Upload to AWS:  2017-11-22T18:03:04.000Z_GOPR0284.JPG  Path: /home/pi/cloudberry/images/2017-11-22T18:03:04.000Z_GOPR0284.JPG
2017-11-22 18:03:25,607 :: GoPro :: INFO :: Uploaded to AWS S3.
2017-11-22 18:03:25,610 :: GoPro :: INFO :: - Sleep
2017-11-22 19:00:20,150 :: GoPro :: DEBUG :: ========== Starting GoPro H3 Controller ==========
2017-11-22 19:00:20,165 :: GoPro :: DEBUG :: Sleeping for 1 minutes
2017-11-22 19:02:38,070 :: GoPro :: INFO :: Wake up GoPro...
2017-11-22 19:02:48,122 :: GoPro :: INFO :: - Taking a photo
2017-11-22 19:03:04,470 :: GoPro :: INFO :: - Download media
2017-11-22 19:03:04,695 :: GoPro :: INFO :: Downloading 2017-11-22T19:03:04.000Z_GOPR0285.JPG (116174 bytes)...
2017-11-22 19:03:05,056 :: GoPro :: INFO :: Downloaded 1 file(s)
2017-11-22 19:03:15,069 :: GoPro :: INFO :: - Deleting all
2017-11-22 19:03:25,333 :: GoPro :: INFO :: Upload to AWS:  2017-11-22T19:03:04.000Z_GOPR0285.JPG  Path: /home/pi/cloudberry/images/2017-11-22T19:03:04.000Z_GOPR0285.JPG
2017-11-22 19:03:25,531 :: GoPro :: INFO :: Uploaded to AWS S3.
2017-11-22 19:03:25,534 :: GoPro :: INFO :: - Sleep
2017-11-23 07:00:21,445 :: GoPro :: DEBUG :: ========== Starting GoPro H3 Controller ==========
2017-11-23 07:00:21,472 :: GoPro :: DEBUG :: Sleeping for 1 minutes
2017-11-23 07:02:39,849 :: GoPro :: INFO :: Wake up GoPro...
2017-11-23 07:02:49,885 :: GoPro :: INFO :: - Taking a photo
2017-11-23 07:03:06,073 :: GoPro :: INFO :: - Download media
2017-11-23 07:03:06,279 :: GoPro :: INFO :: Downloading 2017-11-23T07:03:06.000Z_GOPR0286.JPG (116159 bytes)...
2017-11-23 07:03:06,642 :: GoPro :: INFO :: Downloaded 1 file(s)
2017-11-23 07:03:16,655 :: GoPro :: INFO :: - Deleting all
2017-11-23 07:03:26,967 :: GoPro :: INFO :: Upload to AWS:  2017-11-23T07:03:06.000Z_GOPR0286.JPG  Path: /home/pi/cloudberry/images/2017-11-23T07:03:06.000Z_GOPR0286.JPG
2017-11-23 07:03:27,210 :: GoPro :: INFO :: Uploaded to AWS S3.
2017-11-23 07:03:27,212 :: GoPro :: INFO :: - Sleep
2017-11-23 08:00:20,709 :: GoPro :: DEBUG :: ========== Starting GoPro H3 Controller ==========
2017-11-23 08:00:20,737 :: GoPro :: DEBUG :: Sleeping for 1 minutes
2017-11-23 08:02:39,605 :: GoPro :: INFO :: Wake up GoPro...
2017-11-23 08:02:49,653 :: GoPro :: INFO :: - Taking a photo
2017-11-23 08:03:05,984 :: GoPro :: INFO :: - Download media
2017-11-23 08:03:06,211 :: GoPro :: INFO :: Downloading 2017-11-23T08:03:06.000Z_GOPR0287.JPG (117073 bytes)...
2017-11-23 08:03:06,575 :: GoPro :: INFO :: Downloaded 1 file(s)
2017-11-23 08:03:16,588 :: GoPro :: INFO :: - Deleting all
2017-11-23 08:03:26,860 :: GoPro :: INFO :: Upload to AWS:  2017-11-23T08:03:06.000Z_GOPR0287.JPG  Path: /home/pi/cloudberry/images/2017-11-23T08:03:06.000Z_GOPR0287.JPG
2017-11-23 08:03:27,084 :: GoPro :: INFO :: Uploaded to AWS S3.
2017-11-23 08:03:27,086 :: GoPro :: INFO :: - Sleep
2017-11-23 09:00:20,646 :: GoPro :: DEBUG :: ========== Starting GoPro H3 Controller ==========
2017-11-23 09:00:20,672 :: GoPro :: DEBUG :: Sleeping for 1 minutes
2017-11-23 09:02:40,044 :: GoPro :: INFO :: Wake up GoPro...
2017-11-23 09:02:50,080 :: GoPro :: INFO :: - Taking a photo
2017-11-23 09:03:06,282 :: GoPro :: INFO :: - Download media
2017-11-23 09:03:06,514 :: GoPro :: INFO :: Downloading 2017-11-23T09:03:06.000Z_GOPR0288.JPG (118162 bytes)...
2017-11-23 09:03:06,886 :: GoPro :: INFO :: Downloaded 1 file(s)
2017-11-23 09:03:16,899 :: GoPro :: INFO :: - Deleting all
2017-11-23 09:03:27,200 :: GoPro :: INFO :: Upload to AWS:  2017-11-23T09:03:06.000Z_GOPR0288.JPG  Path: /home/pi/cloudberry/images/2017-11-23T09:03:06.000Z_GOPR0288.JPG
2017-11-23 09:03:27,402 :: GoPro :: INFO :: Uploaded to AWS S3.
2017-11-23 09:03:27,405 :: GoPro :: INFO :: - Sleep
2017-11-23 10:00:20,299 :: GoPro :: DEBUG :: ========== Starting GoPro H3 Controller ==========
2017-11-23 10:00:20,308 :: GoPro :: DEBUG :: Sleeping for 1 minutes
2017-11-23 10:02:40,183 :: GoPro :: INFO :: Wake up GoPro...
2017-11-23 10:02:50,226 :: GoPro :: INFO :: - Taking a photo
2017-11-23 10:03:06,501 :: GoPro :: INFO :: - Download media
2017-11-23 10:03:06,729 :: GoPro :: INFO :: Downloading 2017-11-23T10:03:06.000Z_GOPR0289.JPG (116946 bytes)...
2017-11-23 10:03:07,077 :: GoPro :: INFO :: Downloaded 1 file(s)
2017-11-23 10:03:17,090 :: GoPro :: INFO :: - Deleting all
2017-11-23 10:03:27,390 :: GoPro :: INFO :: Upload to AWS:  2017-11-23T10:03:06.000Z_GOPR0289.JPG  Path: /home/pi/cloudberry/images/2017-11-23T10:03:06.000Z_GOPR0289.JPG
2017-11-23 10:03:27,610 :: GoPro :: INFO :: Uploaded to AWS S3.
2017-11-23 10:03:27,612 :: GoPro :: INFO :: - Sleep
2017-11-23 11:00:20,449 :: GoPro :: DEBUG :: ========== Starting GoPro H3 Controller ==========
2017-11-23 11:00:20,464 :: GoPro :: DEBUG :: Sleeping for 1 minutes
2017-11-23 11:02:40,825 :: GoPro :: INFO :: Wake up GoPro...
2017-11-23 11:02:50,866 :: GoPro :: INFO :: - Taking a photo
2017-11-23 11:03:07,032 :: GoPro :: INFO :: - Download media
2017-11-23 11:03:07,268 :: GoPro :: INFO :: Downloading 2017-11-23T11:03:07.000Z_GOPR0290.JPG (118249 bytes)...
2017-11-23 11:03:07,653 :: GoPro :: INFO :: Downloaded 1 file(s)
2017-11-23 11:03:17,666 :: GoPro :: INFO :: - Deleting all
2017-11-23 11:03:27,937 :: GoPro :: INFO :: Upload to AWS:  2017-11-23T11:03:07.000Z_GOPR0290.JPG  Path: /home/pi/cloudberry/images/2017-11-23T11:03:07.000Z_GOPR0290.JPG
2017-11-23 11:03:28,190 :: GoPro :: INFO :: Uploaded to AWS S3.
2017-11-23 11:03:28,192 :: GoPro :: INFO :: - Sleep
2017-11-23 12:00:20,633 :: GoPro :: DEBUG :: ========== Starting GoPro H3 Controller ==========
2017-11-23 12:00:20,642 :: GoPro :: DEBUG :: Sleeping for 1 minutes
2017-11-23 12:02:41,508 :: GoPro :: INFO :: Wake up GoPro...
2017-11-23 12:02:51,544 :: GoPro :: INFO :: - Taking a photo
2017-11-23 12:03:07,705 :: GoPro :: INFO :: - Download media
2017-11-23 12:03:07,918 :: GoPro :: INFO :: Downloading 2017-11-23T12:03:07.000Z_GOPR0291.JPG (116253 bytes)...
2017-11-23 12:03:08,295 :: GoPro :: INFO :: Downloaded 1 file(s)
2017-11-23 12:03:18,308 :: GoPro :: INFO :: - Deleting all
2017-11-23 12:03:28,612 :: GoPro :: INFO :: Upload to AWS:  2017-11-23T12:03:07.000Z_GOPR0291.JPG  Path: /home/pi/cloudberry/images/2017-11-23T12:03:07.000Z_GOPR0291.JPG
2017-11-23 12:03:28,829 :: GoPro :: INFO :: Uploaded to AWS S3.
2017-11-23 12:03:28,832 :: GoPro :: INFO :: - Sleep
2017-11-23 13:00:20,525 :: GoPro :: DEBUG :: ========== Starting GoPro H3 Controller ==========
2017-11-23 13:00:20,536 :: GoPro :: DEBUG :: Sleeping for 1 minutes
2017-11-23 13:02:41,906 :: GoPro :: INFO :: Wake up GoPro...
2017-11-23 13:02:51,952 :: GoPro :: INFO :: - Taking a photo
2017-11-23 13:03:08,296 :: GoPro :: INFO :: - Download media
2017-11-23 13:03:08,514 :: GoPro :: INFO :: Downloading 2017-11-23T13:03:08.000Z_GOPR0292.JPG (119085 bytes)...
2017-11-23 13:03:08,881 :: GoPro :: INFO :: Downloaded 1 file(s)
2017-11-23 13:03:18,894 :: GoPro :: INFO :: - Deleting all
2017-11-23 13:03:29,163 :: GoPro :: INFO :: Upload to AWS:  2017-11-23T13:03:08.000Z_GOPR0292.JPG  Path: /home/pi/cloudberry/images/2017-11-23T13:03:08.000Z_GOPR0292.JPG
2017-11-23 13:03:29,366 :: GoPro :: INFO :: Uploaded to AWS S3.
2017-11-23 13:03:29,369 :: GoPro :: INFO :: - Sleep
2017-11-23 14:00:20,779 :: GoPro :: DEBUG :: ========== Starting GoPro H3 Controller ==========
2017-11-23 14:00:20,793 :: GoPro :: DEBUG :: Sleeping for 1 minutes
2017-11-23 14:02:42,658 :: GoPro :: INFO :: Wake up GoPro...
2017-11-23 14:02:52,698 :: GoPro :: INFO :: - Taking a photo
2017-11-23 14:03:09,226 :: GoPro :: INFO :: - Download media
2017-11-23 14:03:09,417 :: GoPro :: INFO :: Downloading 2017-11-23T14:03:09.000Z_GOPR0293.JPG (117740 bytes)...
2017-11-23 14:03:09,787 :: GoPro :: INFO :: Downloaded 1 file(s)
2017-11-23 14:03:19,800 :: GoPro :: INFO :: - Deleting all
2017-11-23 14:03:30,081 :: GoPro :: INFO :: Upload to AWS:  2017-11-23T14:03:09.000Z_GOPR0293.JPG  Path: /home/pi/cloudberry/images/2017-11-23T14:03:09.000Z_GOPR0293.JPG
2017-11-23 14:03:30,371 :: GoPro :: INFO :: Uploaded to AWS S3.
2017-11-23 14:03:30,374 :: GoPro :: INFO :: - Sleep
2017-11-23 15:00:20,445 :: GoPro :: DEBUG :: ========== Starting GoPro H3 Controller ==========
2017-11-23 15:00:20,464 :: GoPro :: DEBUG :: Sleeping for 1 minutes
2017-11-23 15:02:42,830 :: GoPro :: INFO :: Wake up GoPro...
2017-11-23 15:02:52,865 :: GoPro :: INFO :: - Taking a photo
2017-11-23 15:03:09,067 :: GoPro :: INFO :: - Download media
2017-11-23 15:03:09,285 :: GoPro :: INFO :: Downloading 2017-11-23T15:03:09.000Z_GOPR0294.JPG (116174 bytes)...
2017-11-23 15:03:09,640 :: GoPro :: INFO :: Downloaded 1 file(s)
2017-11-23 15:03:19,653 :: GoPro :: INFO :: - Deleting all
2017-11-23 15:03:29,953 :: GoPro :: INFO :: Upload to AWS:  2017-11-23T15:03:09.000Z_GOPR0294.JPG  Path: /home/pi/cloudberry/images/2017-11-23T15:03:09.000Z_GOPR0294.JPG
2017-11-23 15:03:30,173 :: GoPro :: INFO :: Uploaded to AWS S3.
2017-11-23 15:03:30,175 :: GoPro :: INFO :: - Sleep
2017-11-23 16:00:20,743 :: GoPro :: DEBUG :: ========== Starting GoPro H3 Controller ==========
2017-11-23 16:00:20,766 :: GoPro :: DEBUG :: Sleeping for 1 minutes
2017-11-23 16:02:43,635 :: GoPro :: INFO :: Wake up GoPro...
2017-11-23 16:02:53,737 :: GoPro :: INFO :: - Taking a photo
2017-11-23 16:03:10,114 :: GoPro :: INFO :: - Download media
2017-11-23 16:03:10,303 :: GoPro :: INFO :: Downloading 2017-11-23T16:03:10.000Z_GOPR0295.JPG (116167 bytes)...
2017-11-23 16:03:10,665 :: GoPro :: INFO :: Downloaded 1 file(s)
2017-11-23 16:03:20,678 :: GoPro :: INFO :: - Deleting all
2017-11-23 16:03:30,959 :: GoPro :: INFO :: Upload to AWS:  2017-11-23T16:03:10.000Z_GOPR0295.JPG  Path: /home/pi/cloudberry/images/2017-11-23T16:03:10.000Z_GOPR0295.JPG
2017-11-23 16:03:31,213 :: GoPro :: INFO :: Uploaded to AWS S3.
2017-11-23 16:03:31,216 :: GoPro :: INFO :: - Sleep
2017-11-23 17:00:20,549 :: GoPro :: DEBUG :: ========== Starting GoPro H3 Controller ==========
2017-11-23 17:00:20,555 :: GoPro :: DEBUG :: Sleeping for 1 minutes
2017-11-23 17:02:43,916 :: GoPro :: INFO :: Wake up GoPro...
2017-11-23 17:02:53,966 :: GoPro :: INFO :: - Taking a photo
2017-11-23 17:03:10,125 :: GoPro :: INFO :: - Download media
2017-11-23 17:03:10,352 :: GoPro :: INFO :: Downloading 2017-11-23T17:03:10.000Z_GOPR0296.JPG (116159 bytes)...
2017-11-23 17:03:10,714 :: GoPro :: INFO :: Downloaded 1 file(s)
2017-11-23 17:03:20,728 :: GoPro :: INFO :: - Deleting all
2017-11-23 17:03:31,012 :: GoPro :: INFO :: Upload to AWS:  2017-11-23T17:03:10.000Z_GOPR0296.JPG  Path: /home/pi/cloudberry/images/2017-11-23T17:03:10.000Z_GOPR0296.JPG
2017-11-23 17:03:31,242 :: GoPro :: INFO :: Uploaded to AWS S3.
2017-11-23 17:03:31,245 :: GoPro :: INFO :: - Sleep
2017-11-23 18:00:20,418 :: GoPro :: DEBUG :: ========== Starting GoPro H3 Controller ==========
2017-11-23 18:00:20,440 :: GoPro :: DEBUG :: Sleeping for 1 minutes
2017-11-23 18:02:44,308 :: GoPro :: INFO :: Wake up GoPro...
2017-11-23 18:02:54,357 :: GoPro :: INFO :: - Taking a photo
2017-11-23 18:03:10,660 :: GoPro :: INFO :: - Download media
2017-11-23 18:03:10,883 :: GoPro :: INFO :: Downloading 2017-11-23T18:03:10.000Z_GOPR0297.JPG (116162 bytes)...
2017-11-23 18:03:11,236 :: GoPro :: INFO :: Downloaded 1 file(s)
2017-11-23 18:03:21,249 :: GoPro :: INFO :: - Deleting all
2017-11-23 18:03:31,507 :: GoPro :: INFO :: Upload to AWS:  2017-11-23T18:03:10.000Z_GOPR0297.JPG  Path: /home/pi/cloudberry/images/2017-11-23T18:03:10.000Z_GOPR0297.JPG
2017-11-23 18:03:31,692 :: GoPro :: INFO :: Uploaded to AWS S3.
2017-11-23 18:03:31,695 :: GoPro :: INFO :: - Sleep
2017-11-23 19:00:20,372 :: GoPro :: DEBUG :: ========== Starting GoPro H3 Controller ==========
2017-11-23 19:00:20,411 :: GoPro :: DEBUG :: Sleeping for 1 minutes
2017-11-23 19:02:44,779 :: GoPro :: INFO :: Wake up GoPro...
2017-11-23 19:02:54,826 :: GoPro :: INFO :: - Taking a photo
2017-11-23 19:03:11,214 :: GoPro :: INFO :: - Download media
2017-11-23 19:03:11,441 :: GoPro :: INFO :: Downloading 2017-11-23T19:03:11.000Z_GOPR0298.JPG (118949 bytes)...
2017-11-23 19:03:11,803 :: GoPro :: INFO :: Downloaded 1 file(s)
2017-11-23 19:03:21,816 :: GoPro :: INFO :: - Deleting all
2017-11-23 19:03:32,103 :: GoPro :: INFO :: Upload to AWS:  2017-11-23T19:03:11.000Z_GOPR0298.JPG  Path: /home/pi/cloudberry/images/2017-11-23T19:03:11.000Z_GOPR0298.JPG
2017-11-23 19:03:32,340 :: GoPro :: INFO :: Uploaded to AWS S3.
2017-11-23 19:03:32,342 :: GoPro :: INFO :: - Sleep
2017-11-24 07:00:23,164 :: GoPro :: DEBUG :: ========== Starting GoPro H3 Controller ==========
2017-11-24 07:00:23,218 :: GoPro :: DEBUG :: Sleeping for 1 minutes
2017-11-24 07:02:48,077 :: GoPro :: INFO :: Wake up GoPro...
2017-11-24 07:02:58,124 :: GoPro :: INFO :: - Taking a photo
2017-11-24 07:03:14,453 :: GoPro :: INFO :: - Download media
2017-11-24 07:03:14,679 :: GoPro :: INFO :: Downloading 2017-11-24T07:03:14.000Z_GOPR0299.JPG (116162 bytes)...
2017-11-24 07:03:15,034 :: GoPro :: INFO :: Downloaded 1 file(s)
2017-11-24 07:03:25,047 :: GoPro :: INFO :: - Deleting all
2017-11-24 07:03:35,347 :: GoPro :: INFO :: Upload to AWS:  2017-11-24T07:03:14.000Z_GOPR0299.JPG  Path: /home/pi/cloudberry/images/2017-11-24T07:03:14.000Z_GOPR0299.JPG
2017-11-24 07:03:35,570 :: GoPro :: INFO :: Uploaded to AWS S3.
2017-11-24 07:03:35,572 :: GoPro :: INFO :: - Sleep
2017-11-24 08:00:20,385 :: GoPro :: DEBUG :: ========== Starting GoPro H3 Controller ==========
2017-11-24 08:00:20,405 :: GoPro :: DEBUG :: Sleeping for 1 minutes
2017-11-24 08:02:45,747 :: GoPro :: INFO :: Wake up GoPro...
2017-11-24 08:02:55,798 :: GoPro :: INFO :: - Taking a photo
2017-11-24 08:03:12,086 :: GoPro :: INFO :: - Download media
2017-11-24 08:03:12,295 :: GoPro :: INFO :: Downloading 2017-11-24T08:03:12.000Z_GOPR0300.JPG (1284457 bytes)...
2017-11-24 08:03:16,016 :: GoPro :: INFO :: Downloaded 1 file(s)
2017-11-24 08:03:26,029 :: GoPro :: INFO :: - Deleting all
2017-11-24 08:03:36,308 :: GoPro :: INFO :: Upload to AWS:  2017-11-24T08:03:12.000Z_GOPR0300.JPG  Path: /home/pi/cloudberry/images/2017-11-24T08:03:12.000Z_GOPR0300.JPG
2017-11-24 08:03:36,999 :: GoPro :: INFO :: Uploaded to AWS S3.
2017-11-24 08:03:37,003 :: GoPro :: INFO :: - Sleep
2017-11-24 09:00:20,823 :: GoPro :: DEBUG :: ========== Starting GoPro H3 Controller ==========
2017-11-24 09:00:20,835 :: GoPro :: DEBUG :: Sleeping for 1 minutes
2017-11-24 09:02:46,679 :: GoPro :: INFO :: Wake up GoPro...
2017-11-24 09:02:56,716 :: GoPro :: INFO :: - Taking a photo
2017-11-24 09:03:12,977 :: GoPro :: INFO :: - Download media
2017-11-24 09:03:13,148 :: GoPro :: INFO :: Downloading 2017-11-24T09:03:13.000Z_GOPR0301.JPG (796793 bytes)...
2017-11-24 09:03:15,483 :: GoPro :: INFO :: Downloaded 1 file(s)
2017-11-24 09:03:25,496 :: GoPro :: INFO :: - Deleting all
2017-11-24 09:03:35,767 :: GoPro :: INFO :: Upload to AWS:  2017-11-24T09:03:13.000Z_GOPR0301.JPG  Path: /home/pi/cloudberry/images/2017-11-24T09:03:13.000Z_GOPR0301.JPG
2017-11-24 09:03:36,087 :: GoPro :: INFO :: Uploaded to AWS S3.
2017-11-24 09:03:36,091 :: GoPro :: INFO :: - Sleep
2017-11-24 10:00:20,480 :: GoPro :: DEBUG :: ========== Starting GoPro H3 Controller ==========
2017-11-24 10:00:20,486 :: GoPro :: DEBUG :: Sleeping for 1 minutes
2017-11-24 10:02:46,851 :: GoPro :: INFO :: Wake up GoPro...
2017-11-24 10:02:56,903 :: GoPro :: INFO :: - Taking a photo
2017-11-24 10:03:13,194 :: GoPro :: INFO :: - Download media
2017-11-24 10:03:13,406 :: GoPro :: INFO :: Downloading 2017-11-24T10:03:13.000Z_GOPR0302.JPG (117899 bytes)...
2017-11-24 10:03:13,777 :: GoPro :: INFO :: Downloaded 1 file(s)
2017-11-24 10:03:23,790 :: GoPro :: INFO :: - Deleting all
2017-11-24 10:03:34,106 :: GoPro :: INFO :: Upload to AWS:  2017-11-24T10:03:13.000Z_GOPR0302.JPG  Path: /home/pi/cloudberry/images/2017-11-24T10:03:13.000Z_GOPR0302.JPG
2017-11-24 10:03:34,295 :: GoPro :: INFO :: Uploaded to AWS S3.
2017-11-24 10:03:34,297 :: GoPro :: INFO :: - Sleep
2017-11-24 11:00:20,527 :: GoPro :: DEBUG :: ========== Starting GoPro H3 Controller ==========
2017-11-24 11:00:20,547 :: GoPro :: DEBUG :: Sleeping for 1 minutes
2017-11-24 11:02:47,399 :: GoPro :: INFO :: Wake up GoPro...
2017-11-24 11:02:57,448 :: GoPro :: INFO :: - Taking a photo
2017-11-24 11:03:13,608 :: GoPro :: INFO :: - Download media
2017-11-24 11:03:13,841 :: GoPro :: INFO :: Downloading 2017-11-24T11:03:13.000Z_GOPR0303.JPG (117901 bytes)...
2017-11-24 11:03:14,210 :: GoPro :: INFO :: Downloaded 1 file(s)
2017-11-24 11:03:24,223 :: GoPro :: INFO :: - Deleting all
2017-11-24 11:03:34,516 :: GoPro :: INFO :: Upload to AWS:  2017-11-24T11:03:13.000Z_GOPR0303.JPG  Path: /home/pi/cloudberry/images/2017-11-24T11:03:13.000Z_GOPR0303.JPG
2017-11-24 11:03:34,759 :: GoPro :: INFO :: Uploaded to AWS S3.
2017-11-24 11:03:34,762 :: GoPro :: INFO :: - Sleep
2017-11-24 12:00:20,341 :: GoPro :: DEBUG :: ========== Starting GoPro H3 Controller ==========
2017-11-24 12:00:20,362 :: GoPro :: DEBUG :: Sleeping for 1 minutes
2017-11-24 12:02:47,701 :: GoPro :: INFO :: Wake up GoPro...
2017-11-24 12:02:57,828 :: GoPro :: INFO :: - Taking a photo
2017-11-24 12:03:14,080 :: GoPro :: INFO :: - Download media
2017-11-24 12:03:14,308 :: GoPro :: INFO :: Downloading 2017-11-24T12:03:14.000Z_GOPR0304.JPG (1270590 bytes)...
2017-11-24 12:03:17,980 :: GoPro :: INFO :: Downloaded 1 file(s)
2017-11-24 12:03:27,994 :: GoPro :: INFO :: - Deleting all
2017-11-24 12:03:38,283 :: GoPro :: INFO :: Upload to AWS:  2017-11-24T12:03:14.000Z_GOPR0304.JPG  Path: /home/pi/cloudberry/images/2017-11-24T12:03:14.000Z_GOPR0304.JPG
2017-11-24 12:03:39,218 :: GoPro :: INFO :: Uploaded to AWS S3.
2017-11-24 12:03:39,226 :: GoPro :: INFO :: - Sleep
2017-11-24 13:00:20,143 :: GoPro :: DEBUG :: ========== Starting GoPro H3 Controller ==========
2017-11-24 13:00:20,164 :: GoPro :: DEBUG :: Sleeping for 1 minutes
2017-11-24 13:02:48,014 :: GoPro :: INFO :: Wake up GoPro...
2017-11-24 13:02:58,070 :: GoPro :: INFO :: - Taking a photo
2017-11-24 13:03:14,426 :: GoPro :: INFO :: - Download media
2017-11-24 13:03:14,646 :: GoPro :: INFO :: Downloading 2017-11-24T13:03:14.000Z_GOPR0305.JPG (1201928 bytes)...
2017-11-24 13:03:18,173 :: GoPro :: INFO :: Downloaded 1 file(s)
2017-11-24 13:03:28,186 :: GoPro :: INFO :: - Deleting all
2017-11-24 13:03:38,549 :: GoPro :: INFO :: Upload to AWS:  2017-11-24T13:03:14.000Z_GOPR0305.JPG  Path: /home/pi/cloudberry/images/2017-11-24T13:03:14.000Z_GOPR0305.JPG
2017-11-24 13:03:38,959 :: GoPro :: INFO :: Uploaded to AWS S3.
2017-11-24 13:03:38,964 :: GoPro :: INFO :: - Sleep
2017-11-24 14:00:21,022 :: GoPro :: DEBUG :: ========== Starting GoPro H3 Controller ==========
2017-11-24 14:00:21,042 :: GoPro :: DEBUG :: Sleeping for 1 minutes
2017-11-24 14:02:49,376 :: GoPro :: INFO :: Wake up GoPro...
2017-11-24 14:02:59,519 :: GoPro :: INFO :: - Taking a photo
2017-11-24 14:03:15,873 :: GoPro :: INFO :: - Download media
2017-11-24 14:03:16,060 :: GoPro :: INFO :: Downloading 2017-11-24T14:03:16.000Z_GOPR0306.JPG (1218160 bytes)...
2017-11-24 14:03:19,640 :: GoPro :: INFO :: Downloaded 1 file(s)
2017-11-24 14:03:29,653 :: GoPro :: INFO :: - Deleting all
2017-11-24 14:03:39,960 :: GoPro :: INFO :: Upload to AWS:  2017-11-24T14:03:16.000Z_GOPR0306.JPG  Path: /home/pi/cloudberry/images/2017-11-24T14:03:16.000Z_GOPR0306.JPG
2017-11-24 14:03:40,379 :: GoPro :: INFO :: Uploaded to AWS S3.
2017-11-24 14:03:40,383 :: GoPro :: INFO :: - Sleep
2017-11-24 15:00:20,537 :: GoPro :: DEBUG :: ========== Starting GoPro H3 Controller ==========
2017-11-24 15:00:20,577 :: GoPro :: DEBUG :: Sleeping for 1 minutes
2017-11-24 15:02:49,416 :: GoPro :: INFO :: Wake up GoPro...
2017-11-24 15:02:59,463 :: GoPro :: INFO :: - Taking a photo
2017-11-24 15:03:15,803 :: GoPro :: INFO :: - Download media
2017-11-24 15:03:16,020 :: GoPro :: INFO :: Downloading 2017-11-24T15:03:16.000Z_GOPR0307.JPG (1167279 bytes)...
2017-11-24 15:03:19,449 :: GoPro :: INFO :: Downloaded 1 file(s)
2017-11-24 15:03:29,462 :: GoPro :: INFO :: - Deleting all
2017-11-24 15:03:39,734 :: GoPro :: INFO :: Upload to AWS:  2017-11-24T15:03:16.000Z_GOPR0307.JPG  Path: /home/pi/cloudberry/images/2017-11-24T15:03:16.000Z_GOPR0307.JPG
2017-11-24 15:03:40,091 :: GoPro :: INFO :: Uploaded to AWS S3.
2017-11-24 15:03:40,095 :: GoPro :: INFO :: - Sleep
2017-11-24 16:00:20,567 :: GoPro :: DEBUG :: ========== Starting GoPro H3 Controller ==========
2017-11-24 16:00:20,586 :: GoPro :: DEBUG :: Sleeping for 1 minutes
2017-11-24 16:02:49,942 :: GoPro :: INFO :: Wake up GoPro...
2017-11-24 16:02:59,982 :: GoPro :: INFO :: - Taking a photo
2017-11-24 16:03:16,142 :: GoPro :: INFO :: - Download media
2017-11-24 16:03:16,333 :: GoPro :: INFO :: Downloading 2017-11-24T16:03:16.000Z_GOPR0308.JPG (118948 bytes)...
2017-11-24 16:03:16,714 :: GoPro :: INFO :: Downloaded 1 file(s)
2017-11-24 16:03:26,727 :: GoPro :: INFO :: - Deleting all
2017-11-24 16:03:37,047 :: GoPro :: INFO :: Upload to AWS:  2017-11-24T16:03:16.000Z_GOPR0308.JPG  Path: /home/pi/cloudberry/images/2017-11-24T16:03:16.000Z_GOPR0308.JPG
2017-11-24 16:03:37,256 :: GoPro :: INFO :: Uploaded to AWS S3.
2017-11-24 16:03:37,258 :: GoPro :: INFO :: - Sleep
2017-11-24 17:00:20,166 :: GoPro :: DEBUG :: ========== Starting GoPro H3 Controller ==========
2017-11-24 17:00:20,211 :: GoPro :: DEBUG :: Sleeping for 1 minutes
2017-11-24 17:02:50,048 :: GoPro :: INFO :: Wake up GoPro...
2017-11-24 17:03:00,091 :: GoPro :: INFO :: - Taking a photo
2017-11-24 17:03:16,366 :: GoPro :: INFO :: - Download media
2017-11-24 17:03:16,599 :: GoPro :: INFO :: Downloading 2017-11-24T17:03:16.000Z_GOPR0309.JPG (118933 bytes)...
2017-11-24 17:03:16,959 :: GoPro :: INFO :: Downloaded 1 file(s)
2017-11-24 17:03:26,977 :: GoPro :: INFO :: - Deleting all
2017-11-24 17:03:37,256 :: GoPro :: INFO :: Upload to AWS:  2017-11-24T17:03:16.000Z_GOPR0309.JPG  Path: /home/pi/cloudberry/images/2017-11-24T17:03:16.000Z_GOPR0309.JPG
2017-11-24 17:03:37,461 :: GoPro :: INFO :: Uploaded to AWS S3.
2017-11-24 17:03:37,464 :: GoPro :: INFO :: - Sleep
2017-11-24 18:00:20,701 :: GoPro :: DEBUG :: ========== Starting GoPro H3 Controller ==========
2017-11-24 18:00:20,712 :: GoPro :: DEBUG :: Sleeping for 1 minutes
2017-11-24 18:02:51,055 :: GoPro :: INFO :: Wake up GoPro...
2017-11-24 18:03:01,105 :: GoPro :: INFO :: - Taking a photo
2017-11-24 18:03:17,368 :: GoPro :: INFO :: - Download media
2017-11-24 18:03:17,590 :: GoPro :: INFO :: Downloading 2017-11-24T18:03:17.000Z_GOPR0310.JPG (1042821 bytes)...
2017-11-24 18:03:20,648 :: GoPro :: INFO :: Downloaded 1 file(s)
2017-11-24 18:03:30,661 :: GoPro :: INFO :: - Deleting all
2017-11-24 18:03:40,984 :: GoPro :: INFO :: Upload to AWS:  2017-11-24T18:03:17.000Z_GOPR0310.JPG  Path: /home/pi/cloudberry/images/2017-11-24T18:03:17.000Z_GOPR0310.JPG
2017-11-24 18:03:41,391 :: GoPro :: INFO :: Uploaded to AWS S3.
2017-11-24 18:03:41,395 :: GoPro :: INFO :: - Sleep
2017-11-24 19:00:20,591 :: GoPro :: DEBUG :: ========== Starting GoPro H3 Controller ==========
2017-11-24 19:00:20,610 :: GoPro :: DEBUG :: Sleeping for 1 minutes
2017-11-24 19:02:51,456 :: GoPro :: INFO :: Wake up GoPro...
2017-11-24 19:03:01,499 :: GoPro :: INFO :: - Taking a photo
2017-11-24 19:03:17,661 :: GoPro :: INFO :: - Download media
2017-11-24 19:03:17,888 :: GoPro :: INFO :: Downloading 2017-11-24T19:03:17.000Z_GOPR0311.JPG (1041438 bytes)...
2017-11-24 19:03:20,949 :: GoPro :: INFO :: Downloaded 1 file(s)
2017-11-24 19:03:30,962 :: GoPro :: INFO :: - Deleting all
2017-11-24 19:03:41,255 :: GoPro :: INFO :: Upload to AWS:  2017-11-24T19:03:17.000Z_GOPR0311.JPG  Path: /home/pi/cloudberry/images/2017-11-24T19:03:17.000Z_GOPR0311.JPG
2017-11-24 19:03:41,719 :: GoPro :: INFO :: Uploaded to AWS S3.
2017-11-24 19:03:41,723 :: GoPro :: INFO :: - Sleep
2017-11-25 07:00:21,778 :: GoPro :: DEBUG :: ========== Starting GoPro H3 Controller ==========
2017-11-25 07:00:21,801 :: GoPro :: DEBUG :: Sleeping for 1 minutes
2017-11-25 07:02:53,120 :: GoPro :: INFO :: Wake up GoPro...
2017-11-25 07:03:03,170 :: GoPro :: INFO :: - Taking a photo
2017-11-25 07:03:19,545 :: GoPro :: INFO :: - Download media
2017-11-25 07:03:19,782 :: GoPro :: INFO :: Downloading 2017-11-25T07:03:19.000Z_GOPR0312.JPG (116159 bytes)...
2017-11-25 07:03:20,160 :: GoPro :: INFO :: Downloaded 1 file(s)
2017-11-25 07:03:30,173 :: GoPro :: INFO :: - Deleting all
2017-11-25 07:03:40,469 :: GoPro :: INFO :: Upload to AWS:  2017-11-25T07:03:19.000Z_GOPR0312.JPG  Path: /home/pi/cloudberry/images/2017-11-25T07:03:19.000Z_GOPR0312.JPG
2017-11-25 07:03:40,684 :: GoPro :: INFO :: Uploaded to AWS S3.
2017-11-25 07:03:40,686 :: GoPro :: INFO :: - Sleep
2017-11-25 08:00:20,397 :: GoPro :: DEBUG :: ========== Starting GoPro H3 Controller ==========
2017-11-25 08:00:20,419 :: GoPro :: DEBUG :: Sleeping for 1 minutes
2017-11-25 08:02:52,236 :: GoPro :: INFO :: Wake up GoPro...
2017-11-25 08:03:02,284 :: GoPro :: INFO :: - Taking a photo
2017-11-25 08:03:18,629 :: GoPro :: INFO :: - Download media
2017-11-25 08:03:18,851 :: GoPro :: INFO :: Downloading 2017-11-25T08:03:18.000Z_GOPR0313.JPG (116165 bytes)...
2017-11-25 08:03:19,207 :: GoPro :: INFO :: Downloaded 1 file(s)
2017-11-25 08:03:29,220 :: GoPro :: INFO :: - Deleting all
2017-11-25 08:03:39,490 :: GoPro :: INFO :: Upload to AWS:  2017-11-25T08:03:18.000Z_GOPR0313.JPG  Path: /home/pi/cloudberry/images/2017-11-25T08:03:18.000Z_GOPR0313.JPG
2017-11-25 08:03:39,766 :: GoPro :: INFO :: Uploaded to AWS S3.
2017-11-25 08:03:39,769 :: GoPro :: INFO :: - Sleep
2017-11-25 09:00:20,640 :: GoPro :: DEBUG :: ========== Starting GoPro H3 Controller ==========
2017-11-25 09:00:20,696 :: GoPro :: DEBUG :: Sleeping for 1 minutes
2017-11-25 09:02:53,034 :: GoPro :: INFO :: Wake up GoPro...
2017-11-25 09:03:03,163 :: GoPro :: INFO :: - Taking a photo
2017-11-25 09:03:19,479 :: GoPro :: INFO :: - Download media
2017-11-25 09:03:19,687 :: GoPro :: INFO :: Downloading 2017-11-25T09:03:19.000Z_GOPR0314.JPG (116168 bytes)...
2017-11-25 09:03:20,038 :: GoPro :: INFO :: Downloaded 1 file(s)
2017-11-25 09:03:30,051 :: GoPro :: INFO :: - Deleting all
2017-11-25 09:03:40,342 :: GoPro :: INFO :: Upload to AWS:  2017-11-25T09:03:19.000Z_GOPR0314.JPG  Path: /home/pi/cloudberry/images/2017-11-25T09:03:19.000Z_GOPR0314.JPG
2017-11-25 09:03:40,563 :: GoPro :: INFO :: Uploaded to AWS S3.
2017-11-25 09:03:40,565 :: GoPro :: INFO :: - Sleep
2017-11-25 10:00:20,316 :: GoPro :: DEBUG :: ========== Starting GoPro H3 Controller ==========
2017-11-25 10:00:20,338 :: GoPro :: DEBUG :: Sleeping for 1 minutes
2017-11-25 10:02:53,390 :: GoPro :: INFO :: Wake up GoPro...
2017-11-25 10:03:03,428 :: GoPro :: INFO :: - Taking a photo
2017-11-25 10:03:19,616 :: GoPro :: INFO :: - Download media
2017-11-25 10:03:19,840 :: GoPro :: INFO :: Downloading 2017-11-25T10:03:19.000Z_GOPR0315.JPG (116163 bytes)...
2017-11-25 10:03:20,204 :: GoPro :: INFO :: Downloaded 1 file(s)
2017-11-25 10:03:30,217 :: GoPro :: INFO :: - Deleting all
2017-11-25 10:03:40,505 :: GoPro :: INFO :: Upload to AWS:  2017-11-25T10:03:19.000Z_GOPR0315.JPG  Path: /home/pi/cloudberry/images/2017-11-25T10:03:19.000Z_GOPR0315.JPG
2017-11-25 10:03:40,782 :: GoPro :: INFO :: Uploaded to AWS S3.
2017-11-25 10:03:40,784 :: GoPro :: INFO :: - Sleep
2017-11-25 11:00:20,297 :: GoPro :: DEBUG :: ========== Starting GoPro H3 Controller ==========
2017-11-25 11:00:20,311 :: GoPro :: DEBUG :: Sleeping for 1 minutes
2017-11-25 11:02:53,625 :: GoPro :: INFO :: Wake up GoPro...
2017-11-25 11:03:03,672 :: GoPro :: INFO :: - Taking a photo
2017-11-25 11:03:19,824 :: GoPro :: INFO :: - Download media
2017-11-25 11:03:20,043 :: GoPro :: INFO :: Downloading 2017-11-25T11:03:20.000Z_GOPR0316.JPG (119024 bytes)...
2017-11-25 11:03:20,401 :: GoPro :: INFO :: Downloaded 1 file(s)
2017-11-25 11:03:30,414 :: GoPro :: INFO :: - Deleting all
2017-11-25 11:03:40,685 :: GoPro :: INFO :: Upload to AWS:  2017-11-25T11:03:20.000Z_GOPR0316.JPG  Path: /home/pi/cloudberry/images/2017-11-25T11:03:20.000Z_GOPR0316.JPG
2017-11-25 11:03:40,935 :: GoPro :: INFO :: Uploaded to AWS S3.
2017-11-25 11:03:40,938 :: GoPro :: INFO :: - Sleep
2017-11-25 12:00:20,289 :: GoPro :: DEBUG :: ========== Starting GoPro H3 Controller ==========
2017-11-25 12:00:20,297 :: GoPro :: DEBUG :: Sleeping for 1 minutes
2017-11-25 12:02:54,168 :: GoPro :: INFO :: Wake up GoPro...
2017-11-25 12:03:04,207 :: GoPro :: INFO :: - Taking a photo
2017-11-25 12:03:20,700 :: GoPro :: INFO :: - Download media
2017-11-25 12:03:20,879 :: GoPro :: INFO :: Downloading 2017-11-25T12:03:20.000Z_GOPR0317.JPG (119007 bytes)...
2017-11-25 12:03:21,239 :: GoPro :: INFO :: Downloaded 1 file(s)
2017-11-25 12:03:31,252 :: GoPro :: INFO :: - Deleting all
2017-11-25 12:03:41,583 :: GoPro :: INFO :: Upload to AWS:  2017-11-25T12:03:20.000Z_GOPR0317.JPG  Path: /home/pi/cloudberry/images/2017-11-25T12:03:20.000Z_GOPR0317.JPG
2017-11-25 12:03:41,857 :: GoPro :: INFO :: Uploaded to AWS S3.
2017-11-25 12:03:41,860 :: GoPro :: INFO :: - Sleep
2017-11-25 13:00:20,516 :: GoPro :: DEBUG :: ========== Starting GoPro H3 Controller ==========
2017-11-25 13:00:20,531 :: GoPro :: DEBUG :: Sleeping for 1 minutes
2017-11-25 13:02:54,842 :: GoPro :: INFO :: Wake up GoPro...
2017-11-25 13:03:04,893 :: GoPro :: INFO :: - Taking a photo
2017-11-25 13:03:21,053 :: GoPro :: INFO :: - Download media
2017-11-25 13:03:21,281 :: GoPro :: INFO :: Downloading 2017-11-25T13:03:21.000Z_GOPR0318.JPG (118963 bytes)...
2017-11-25 13:03:21,647 :: GoPro :: INFO :: Downloaded 1 file(s)
2017-11-25 13:03:31,660 :: GoPro :: INFO :: - Deleting all
2017-11-25 13:03:41,946 :: GoPro :: INFO :: Upload to AWS:  2017-11-25T13:03:21.000Z_GOPR0318.JPG  Path: /home/pi/cloudberry/images/2017-11-25T13:03:21.000Z_GOPR0318.JPG
2017-11-25 13:03:42,159 :: GoPro :: INFO :: Uploaded to AWS S3.
2017-11-25 13:03:42,161 :: GoPro :: INFO :: - Sleep
2017-11-25 14:00:20,413 :: GoPro :: DEBUG :: ========== Starting GoPro H3 Controller ==========
2017-11-25 14:00:20,436 :: GoPro :: DEBUG :: Sleeping for 1 minutes
2017-11-25 14:02:55,248 :: GoPro :: INFO :: Wake up GoPro...
2017-11-25 14:03:05,295 :: GoPro :: INFO :: - Taking a photo
2017-11-25 14:03:21,602 :: GoPro :: INFO :: - Download media
2017-11-25 14:03:21,823 :: GoPro :: INFO :: Downloading 2017-11-25T14:03:21.000Z_GOPR0319.JPG (116164 bytes)...
2017-11-25 14:03:22,194 :: GoPro :: INFO :: Downloaded 1 file(s)
2017-11-25 14:03:32,207 :: GoPro :: INFO :: - Deleting all
2017-11-25 14:03:42,503 :: GoPro :: INFO :: Upload to AWS:  2017-11-25T14:03:21.000Z_GOPR0319.JPG  Path: /home/pi/cloudberry/images/2017-11-25T14:03:21.000Z_GOPR0319.JPG
2017-11-25 14:03:42,710 :: GoPro :: INFO :: Uploaded to AWS S3.
2017-11-25 14:03:42,713 :: GoPro :: INFO :: - Sleep
2017-11-25 15:00:20,386 :: GoPro :: DEBUG :: ========== Starting GoPro H3 Controller ==========
2017-11-25 15:00:20,404 :: GoPro :: DEBUG :: Sleeping for 1 minutes
2017-11-25 15:02:55,717 :: GoPro :: INFO :: Wake up GoPro...
2017-11-25 15:03:05,765 :: GoPro :: INFO :: - Taking a photo
2017-11-25 15:03:21,961 :: GoPro :: INFO :: - Download media
2017-11-25 15:03:22,175 :: GoPro :: INFO :: Downloading 2017-11-25T15:03:22.000Z_GOPR0320.JPG (118996 bytes)...
2017-11-25 15:03:22,541 :: GoPro :: INFO :: Downloaded 1 file(s)
2017-11-25 15:03:32,553 :: GoPro :: INFO :: - Deleting all
2017-11-25 15:03:42,826 :: GoPro :: INFO :: Upload to AWS:  2017-11-25T15:03:22.000Z_GOPR0320.JPG  Path: /home/pi/cloudberry/images/2017-11-25T15:03:22.000Z_GOPR0320.JPG
2017-11-25 15:03:43,032 :: GoPro :: INFO :: Uploaded to AWS S3.
2017-11-25 15:03:43,034 :: GoPro :: INFO :: - Sleep
2017-11-25 16:00:20,317 :: GoPro :: DEBUG :: ========== Starting GoPro H3 Controller ==========
2017-11-25 16:00:20,331 :: GoPro :: DEBUG :: Sleeping for 1 minutes
2017-11-25 16:02:56,151 :: GoPro :: INFO :: Wake up GoPro...
2017-11-25 16:03:06,199 :: GoPro :: INFO :: - Taking a photo
2017-11-25 16:03:22,686 :: GoPro :: INFO :: - Download media
2017-11-25 16:03:22,864 :: GoPro :: INFO :: Downloading 2017-11-25T16:03:22.000Z_GOPR0321.JPG (118949 bytes)...
2017-11-25 16:03:23,237 :: GoPro :: INFO :: Downloaded 1 file(s)
2017-11-25 16:03:33,250 :: GoPro :: INFO :: - Deleting all
2017-11-25 16:03:43,640 :: GoPro :: INFO :: Upload to AWS:  2017-11-25T16:03:22.000Z_GOPR0321.JPG  Path: /home/pi/cloudberry/images/2017-11-25T16:03:22.000Z_GOPR0321.JPG
2017-11-25 16:03:43,883 :: GoPro :: INFO :: Uploaded to AWS S3.
2017-11-25 16:03:43,885 :: GoPro :: INFO :: - Sleep
2017-11-25 17:00:20,463 :: GoPro :: DEBUG :: ========== Starting GoPro H3 Controller ==========
2017-11-25 17:00:20,483 :: GoPro :: DEBUG :: Sleeping for 1 minutes
2017-11-25 17:02:56,793 :: GoPro :: INFO :: Wake up GoPro...
2017-11-25 17:03:06,849 :: GoPro :: INFO :: - Taking a photo
2017-11-25 17:03:23,121 :: GoPro :: INFO :: - Download media
2017-11-25 17:03:23,353 :: GoPro :: INFO :: Downloading 2017-11-25T17:03:23.000Z_GOPR0322.JPG (118983 bytes)...
2017-11-25 17:03:23,729 :: GoPro :: INFO :: Downloaded 1 file(s)
2017-11-25 17:03:33,753 :: GoPro :: INFO :: - Deleting all
2017-11-25 17:03:44,048 :: GoPro :: INFO :: Upload to AWS:  2017-11-25T17:03:23.000Z_GOPR0322.JPG  Path: /home/pi/cloudberry/images/2017-11-25T17:03:23.000Z_GOPR0322.JPG
2017-11-25 17:03:44,263 :: GoPro :: INFO :: Uploaded to AWS S3.
2017-11-25 17:03:44,266 :: GoPro :: INFO :: - Sleep
2017-11-25 18:00:20,724 :: GoPro :: DEBUG :: ========== Starting GoPro H3 Controller ==========
2017-11-25 18:00:20,732 :: GoPro :: DEBUG :: Sleeping for 1 minutes
2017-11-25 18:02:57,544 :: GoPro :: INFO :: Wake up GoPro...
2017-11-25 18:03:07,600 :: GoPro :: INFO :: - Taking a photo
2017-11-25 18:03:23,832 :: GoPro :: INFO :: - Download media
2017-11-25 18:03:24,084 :: GoPro :: INFO :: Downloading 2017-11-25T18:03:24.000Z_GOPR0323.JPG (118933 bytes)...
2017-11-25 18:03:24,446 :: GoPro :: INFO :: Downloaded 1 file(s)
2017-11-25 18:03:34,460 :: GoPro :: INFO :: - Deleting all
2017-11-25 18:03:44,749 :: GoPro :: INFO :: Upload to AWS:  2017-11-25T18:03:24.000Z_GOPR0323.JPG  Path: /home/pi/cloudberry/images/2017-11-25T18:03:24.000Z_GOPR0323.JPG
2017-11-25 18:03:44,992 :: GoPro :: INFO :: Uploaded to AWS S3.
2017-11-25 18:03:44,995 :: GoPro :: INFO :: - Sleep
2017-11-25 19:00:20,719 :: GoPro :: DEBUG :: ========== Starting GoPro H3 Controller ==========
2017-11-25 19:00:20,741 :: GoPro :: DEBUG :: Sleeping for 1 minutes
2017-11-25 19:02:58,051 :: GoPro :: INFO :: Wake up GoPro...
2017-11-25 19:03:08,100 :: GoPro :: INFO :: - Taking a photo
2017-11-25 19:03:24,316 :: GoPro :: INFO :: - Download media
2017-11-25 19:03:24,527 :: GoPro :: INFO :: Downloading 2017-11-25T19:03:24.000Z_GOPR0324.JPG (121547 bytes)...
2017-11-25 19:03:24,912 :: GoPro :: INFO :: Downloaded 1 file(s)
2017-11-25 19:03:34,925 :: GoPro :: INFO :: - Deleting all
2017-11-25 19:03:45,236 :: GoPro :: INFO :: Upload to AWS:  2017-11-25T19:03:24.000Z_GOPR0324.JPG  Path: /home/pi/cloudberry/images/2017-11-25T19:03:24.000Z_GOPR0324.JPG
2017-11-25 19:03:45,455 :: GoPro :: INFO :: Uploaded to AWS S3.
2017-11-25 19:03:45,457 :: GoPro :: INFO :: - Sleep
2017-11-26 07:00:22,341 :: GoPro :: DEBUG :: ========== Starting GoPro H3 Controller ==========
2017-11-26 07:00:22,371 :: GoPro :: DEBUG :: Sleeping for 1 minutes
2017-11-26 07:03:00,152 :: GoPro :: INFO :: Wake up GoPro...
2017-11-26 07:03:10,204 :: GoPro :: INFO :: - Taking a photo
2017-11-26 07:03:26,438 :: GoPro :: INFO :: - Download media
2017-11-26 07:03:26,620 :: GoPro :: INFO :: Downloading 2017-11-26T07:03:26.000Z_GOPR0325.JPG (116162 bytes)...
2017-11-26 07:03:26,982 :: GoPro :: INFO :: Downloaded 1 file(s)
2017-11-26 07:03:36,999 :: GoPro :: INFO :: - Deleting all
2017-11-26 07:03:47,288 :: GoPro :: INFO :: Upload to AWS:  2017-11-26T07:03:26.000Z_GOPR0325.JPG  Path: /home/pi/cloudberry/images/2017-11-26T07:03:26.000Z_GOPR0325.JPG
2017-11-26 07:03:47,494 :: GoPro :: INFO :: Uploaded to AWS S3.
2017-11-26 07:03:47,497 :: GoPro :: INFO :: - Sleep
2017-11-26 08:00:20,060 :: GoPro :: DEBUG :: ========== Starting GoPro H3 Controller ==========
2017-11-26 08:00:20,081 :: GoPro :: DEBUG :: Sleeping for 1 minutes
2017-11-26 08:02:58,367 :: GoPro :: INFO :: Wake up GoPro...
2017-11-26 08:03:08,415 :: GoPro :: INFO :: - Taking a photo
2017-11-26 08:03:24,741 :: GoPro :: INFO :: - Download media
2017-11-26 08:03:24,974 :: GoPro :: INFO :: Downloading 2017-11-26T08:03:24.000Z_GOPR0326.JPG (124367 bytes)...
2017-11-26 08:03:25,360 :: GoPro :: INFO :: Downloaded 1 file(s)
2017-11-26 08:03:35,374 :: GoPro :: INFO :: - Deleting all
2017-11-26 08:03:45,650 :: GoPro :: INFO :: Upload to AWS:  2017-11-26T08:03:24.000Z_GOPR0326.JPG  Path: /home/pi/cloudberry/images/2017-11-26T08:03:24.000Z_GOPR0326.JPG
2017-11-26 08:03:45,898 :: GoPro :: INFO :: Uploaded to AWS S3.
2017-11-26 08:03:45,900 :: GoPro :: INFO :: - Sleep
2017-11-26 09:00:20,084 :: GoPro :: DEBUG :: ========== Starting GoPro H3 Controller ==========
2017-11-26 09:00:20,100 :: GoPro :: DEBUG :: Sleeping for 1 minutes
2017-11-26 09:02:58,878 :: GoPro :: INFO :: Wake up GoPro...
2017-11-26 09:03:08,926 :: GoPro :: INFO :: - Taking a photo
2017-11-26 09:03:25,232 :: GoPro :: INFO :: - Download media
2017-11-26 09:03:25,416 :: GoPro :: INFO :: Downloading 2017-11-26T09:03:25.000Z_GOPR0327.JPG (824097 bytes)...
2017-11-26 09:03:27,845 :: GoPro :: INFO :: Downloaded 1 file(s)
2017-11-26 09:03:37,858 :: GoPro :: INFO :: - Deleting all
2017-11-26 09:03:48,166 :: GoPro :: INFO :: Upload to AWS:  2017-11-26T09:03:25.000Z_GOPR0327.JPG  Path: /home/pi/cloudberry/images/2017-11-26T09:03:25.000Z_GOPR0327.JPG
2017-11-26 09:03:48,526 :: GoPro :: INFO :: Uploaded to AWS S3.
2017-11-26 09:03:48,530 :: GoPro :: INFO :: - Sleep
2017-11-26 10:00:20,328 :: GoPro :: DEBUG :: ========== Starting GoPro H3 Controller ==========
2017-11-26 10:00:20,349 :: GoPro :: DEBUG :: Sleeping for 1 minutes
2017-11-26 10:02:59,637 :: GoPro :: INFO :: Wake up GoPro...
2017-11-26 10:03:09,684 :: GoPro :: INFO :: - Taking a photo
2017-11-26 10:03:26,057 :: GoPro :: INFO :: - Download media
2017-11-26 10:03:26,294 :: GoPro :: INFO :: Downloading 2017-11-26T10:03:26.000Z_GOPR0328.JPG (902941 bytes)...
2017-11-26 10:03:28,918 :: GoPro :: INFO :: Downloaded 1 file(s)
2017-11-26 10:03:38,931 :: GoPro :: INFO :: - Deleting all
2017-11-26 10:03:49,265 :: GoPro :: INFO :: Upload to AWS:  2017-11-26T10:03:26.000Z_GOPR0328.JPG  Path: /home/pi/cloudberry/images/2017-11-26T10:03:26.000Z_GOPR0328.JPG
2017-11-26 10:03:49,964 :: GoPro :: INFO :: Uploaded to AWS S3.
2017-11-26 10:03:49,972 :: GoPro :: INFO :: - Sleep
2017-11-26 11:00:20,557 :: GoPro :: DEBUG :: ========== Starting GoPro H3 Controller ==========
2017-11-26 11:00:20,572 :: GoPro :: DEBUG :: Sleeping for 1 minutes
2017-11-26 11:03:00,365 :: GoPro :: INFO :: Wake up GoPro...
2017-11-26 11:03:10,412 :: GoPro :: INFO :: - Taking a photo
2017-11-26 11:03:26,638 :: GoPro :: INFO :: - Download media
2017-11-26 11:03:26,849 :: GoPro :: INFO :: Downloading 2017-11-26T11:03:26.000Z_GOPR0329.JPG (119088 bytes)...
2017-11-26 11:03:27,226 :: GoPro :: INFO :: Downloaded 1 file(s)
2017-11-26 11:03:37,239 :: GoPro :: INFO :: - Deleting all
2017-11-26 11:03:47,510 :: GoPro :: INFO :: Upload to AWS:  2017-11-26T11:03:26.000Z_GOPR0329.JPG  Path: /home/pi/cloudberry/images/2017-11-26T11:03:26.000Z_GOPR0329.JPG
2017-11-26 11:03:47,725 :: GoPro :: INFO :: Uploaded to AWS S3.
2017-11-26 11:03:47,727 :: GoPro :: INFO :: - Sleep
2017-11-26 12:00:20,379 :: GoPro :: DEBUG :: ========== Starting GoPro H3 Controller ==========
2017-11-26 12:00:20,387 :: GoPro :: DEBUG :: Sleeping for 1 minutes
2017-11-26 12:03:00,676 :: GoPro :: INFO :: Wake up GoPro...
2017-11-26 12:03:10,723 :: GoPro :: INFO :: - Taking a photo
2017-11-26 12:03:27,041 :: GoPro :: INFO :: - Download media
2017-11-26 12:03:27,227 :: GoPro :: INFO :: Downloading 2017-11-26T12:03:27.000Z_GOPR0330.JPG (119773 bytes)...
2017-11-26 12:03:27,583 :: GoPro :: INFO :: Downloaded 1 file(s)
2017-11-26 12:03:37,596 :: GoPro :: INFO :: - Deleting all
2017-11-26 12:03:47,880 :: GoPro :: INFO :: Upload to AWS:  2017-11-26T12:03:27.000Z_GOPR0330.JPG  Path: /home/pi/cloudberry/images/2017-11-26T12:03:27.000Z_GOPR0330.JPG
2017-11-26 12:03:48,095 :: GoPro :: INFO :: Uploaded to AWS S3.
2017-11-26 12:03:48,097 :: GoPro :: INFO :: - Sleep
2017-11-26 13:00:20,429 :: GoPro :: DEBUG :: ========== Starting GoPro H3 Controller ==========
2017-11-26 13:00:20,445 :: GoPro :: DEBUG :: Sleeping for 1 minutes
2017-11-26 13:03:01,229 :: GoPro :: INFO :: Wake up GoPro...
2017-11-26 13:03:11,275 :: GoPro :: INFO :: - Taking a photo
2017-11-26 13:03:27,662 :: GoPro :: INFO :: - Download media
2017-11-26 13:03:27,896 :: GoPro :: INFO :: Downloading 2017-11-26T13:03:27.000Z_GOPR0331.JPG (1631684 bytes)...
2017-11-26 13:03:32,630 :: GoPro :: INFO :: Downloaded 1 file(s)
2017-11-26 13:03:42,643 :: GoPro :: INFO :: - Deleting all
2017-11-26 13:03:52,919 :: GoPro :: INFO :: Upload to AWS:  2017-11-26T13:03:27.000Z_GOPR0331.JPG  Path: /home/pi/cloudberry/images/2017-11-26T13:03:27.000Z_GOPR0331.JPG
2017-11-26 13:03:53,467 :: GoPro :: INFO :: Uploaded to AWS S3.
2017-11-26 13:03:53,473 :: GoPro :: INFO :: - Sleep
2017-11-26 14:00:20,121 :: GoPro :: DEBUG :: ========== Starting GoPro H3 Controller ==========
2017-11-26 14:00:20,133 :: GoPro :: DEBUG :: Sleeping for 1 minutes
2017-11-26 14:03:01,425 :: GoPro :: INFO :: Wake up GoPro...
2017-11-26 14:03:11,474 :: GoPro :: INFO :: - Taking a photo
2017-11-26 14:03:27,808 :: GoPro :: INFO :: - Download media
2017-11-26 14:03:27,986 :: GoPro :: INFO :: Downloading 2017-11-26T14:03:27.000Z_GOPR0332.JPG (1203644 bytes)...
2017-11-26 14:03:31,474 :: GoPro :: INFO :: Downloaded 1 file(s)
2017-11-26 14:03:41,487 :: GoPro :: INFO :: - Deleting all
2017-11-26 14:03:51,816 :: GoPro :: INFO :: Upload to AWS:  2017-11-26T14:03:27.000Z_GOPR0332.JPG  Path: /home/pi/cloudberry/images/2017-11-26T14:03:27.000Z_GOPR0332.JPG
2017-11-26 14:03:52,217 :: GoPro :: INFO :: Uploaded to AWS S3.
2017-11-26 14:03:52,221 :: GoPro :: INFO :: - Sleep
2017-11-26 15:00:20,170 :: GoPro :: DEBUG :: ========== Starting GoPro H3 Controller ==========
2017-11-26 15:00:20,177 :: GoPro :: DEBUG :: Sleeping for 1 minutes
2017-11-26 15:03:01,955 :: GoPro :: INFO :: Wake up GoPro...
2017-11-26 15:03:12,001 :: GoPro :: INFO :: - Taking a photo
2017-11-26 15:03:28,340 :: GoPro :: INFO :: - Download media
2017-11-26 15:03:28,529 :: GoPro :: INFO :: Downloading 2017-11-26T15:03:28.000Z_GOPR0333.JPG (1191794 bytes)...
2017-11-26 15:03:32,011 :: GoPro :: INFO :: Downloaded 1 file(s)
2017-11-26 15:03:42,024 :: GoPro :: INFO :: - Deleting all
2017-11-26 15:03:52,308 :: GoPro :: INFO :: Upload to AWS:  2017-11-26T15:03:28.000Z_GOPR0333.JPG  Path: /home/pi/cloudberry/images/2017-11-26T15:03:28.000Z_GOPR0333.JPG
2017-11-26 15:03:52,738 :: GoPro :: INFO :: Uploaded to AWS S3.
2017-11-26 15:03:52,742 :: GoPro :: INFO :: - Sleep
2017-11-26 16:00:20,448 :: GoPro :: DEBUG :: ========== Starting GoPro H3 Controller ==========
2017-11-26 16:00:20,462 :: GoPro :: DEBUG :: Sleeping for 1 minutes
2017-11-26 16:03:02,740 :: GoPro :: INFO :: Wake up GoPro...
2017-11-26 16:03:12,787 :: GoPro :: INFO :: - Taking a photo
2017-11-26 16:03:29,154 :: GoPro :: INFO :: - Download media
2017-11-26 16:03:29,339 :: GoPro :: INFO :: Downloading 2017-11-26T16:03:29.000Z_GOPR0334.JPG (1157450 bytes)...
2017-11-26 16:03:32,732 :: GoPro :: INFO :: Downloaded 1 file(s)
2017-11-26 16:03:42,745 :: GoPro :: INFO :: - Deleting all
2017-11-26 16:03:53,029 :: GoPro :: INFO :: Upload to AWS:  2017-11-26T16:03:29.000Z_GOPR0334.JPG  Path: /home/pi/cloudberry/images/2017-11-26T16:03:29.000Z_GOPR0334.JPG
2017-11-26 16:03:53,459 :: GoPro :: INFO :: Uploaded to AWS S3.
2017-11-26 16:03:53,464 :: GoPro :: INFO :: - Sleep
2017-11-26 17:00:20,388 :: GoPro :: DEBUG :: ========== Starting GoPro H3 Controller ==========
2017-11-26 17:00:20,412 :: GoPro :: DEBUG :: Sleeping for 1 minutes
2017-11-26 17:03:03,192 :: GoPro :: INFO :: Wake up GoPro...
2017-11-26 17:03:13,241 :: GoPro :: INFO :: - Taking a photo
2017-11-26 17:03:29,507 :: GoPro :: INFO :: - Download media
2017-11-26 17:03:29,708 :: GoPro :: INFO :: Downloading 2017-11-26T17:03:29.000Z_GOPR0335.JPG (1154802 bytes)...
2017-11-26 17:03:33,084 :: GoPro :: INFO :: Downloaded 1 file(s)
2017-11-26 17:03:43,097 :: GoPro :: INFO :: - Deleting all
2017-11-26 17:03:53,486 :: GoPro :: INFO :: Upload to AWS:  2017-11-26T17:03:29.000Z_GOPR0335.JPG  Path: /home/pi/cloudberry/images/2017-11-26T17:03:29.000Z_GOPR0335.JPG
2017-11-26 17:03:53,912 :: GoPro :: INFO :: Uploaded to AWS S3.
2017-11-26 17:03:53,915 :: GoPro :: INFO :: - Sleep
2017-11-26 18:00:20,315 :: GoPro :: DEBUG :: ========== Starting GoPro H3 Controller ==========
2017-11-26 18:00:20,333 :: GoPro :: DEBUG :: Sleeping for 1 minutes
2017-11-26 18:03:03,621 :: GoPro :: INFO :: Wake up GoPro...
2017-11-26 18:03:13,643 :: GoPro :: ERROR :: Failed to send command to GoPro: <urlopen error timed out>
2017-11-26 18:03:23,658 :: GoPro :: INFO :: - Taking a photo
2017-11-26 18:03:33,672 :: GoPro :: ERROR :: Failed to send command to GoPro: <urlopen error timed out>
2017-11-26 18:03:43,686 :: GoPro :: INFO :: - Download media
2017-11-26 18:03:53,699 :: GoPro :: ERROR :: <urlopen error timed out>
2017-11-26 18:03:53,701 :: GoPro :: INFO :: - Sleep
2017-11-26 18:04:03,713 :: GoPro :: ERROR :: Failed to send command to GoPro: <urlopen error timed out>
2017-11-26 19:00:20,794 :: GoPro :: DEBUG :: ========== Starting GoPro H3 Controller ==========
2017-11-26 19:00:20,804 :: GoPro :: DEBUG :: Sleeping for 1 minutes
2017-11-26 19:03:04,585 :: GoPro :: INFO :: Wake up GoPro...
2017-11-26 19:03:14,636 :: GoPro :: INFO :: - Taking a photo
2017-11-26 19:03:30,967 :: GoPro :: INFO :: - Download media
2017-11-26 19:03:31,165 :: GoPro :: INFO :: Downloading 2017-11-26T19:03:31.000Z_GOPR0336.JPG (708994 bytes)...
2017-11-26 19:03:33,284 :: GoPro :: INFO :: Downloaded 1 file(s)
2017-11-26 19:03:43,308 :: GoPro :: INFO :: - Deleting all
2017-11-26 19:03:53,622 :: GoPro :: INFO :: Upload to AWS:  2017-11-26T19:03:31.000Z_GOPR0336.JPG  Path: /home/pi/cloudberry/images/2017-11-26T19:03:31.000Z_GOPR0336.JPG
2017-11-26 19:03:54,051 :: GoPro :: INFO :: Uploaded to AWS S3.
2017-11-26 19:03:54,054 :: GoPro :: INFO :: - Sleep
2017-11-27 07:00:21,944 :: GoPro :: DEBUG :: ========== Starting GoPro H3 Controller ==========
2017-11-27 07:00:21,960 :: GoPro :: DEBUG :: Sleeping for 1 minutes
2017-11-27 07:03:06,220 :: GoPro :: INFO :: Wake up GoPro...
2017-11-27 07:03:16,256 :: GoPro :: INFO :: - Taking a photo
2017-11-27 07:03:32,474 :: GoPro :: INFO :: - Download media
2017-11-27 07:03:32,716 :: GoPro :: INFO :: Downloading 2017-11-27T07:03:32.000Z_GOPR0337.JPG (116169 bytes)...
2017-11-27 07:03:33,077 :: GoPro :: INFO :: Downloaded 1 file(s)
2017-11-27 07:03:43,090 :: GoPro :: INFO :: - Deleting all
2017-11-27 07:03:53,373 :: GoPro :: INFO :: Upload to AWS:  2017-11-27T07:03:32.000Z_GOPR0337.JPG  Path: /home/pi/cloudberry/images/2017-11-27T07:03:32.000Z_GOPR0337.JPG
2017-11-27 07:03:53,594 :: GoPro :: INFO :: Uploaded to AWS S3.
2017-11-27 07:03:53,597 :: GoPro :: INFO :: - Sleep
2017-11-27 08:00:20,156 :: GoPro :: DEBUG :: ========== Starting GoPro H3 Controller ==========
2017-11-27 08:00:20,164 :: GoPro :: DEBUG :: Sleeping for 1 minutes
2017-11-27 08:03:04,915 :: GoPro :: INFO :: Wake up GoPro...
2017-11-27 08:03:14,962 :: GoPro :: INFO :: - Taking a photo
2017-11-27 08:03:31,239 :: GoPro :: INFO :: - Download media
2017-11-27 08:03:31,424 :: GoPro :: INFO :: Downloading 2017-11-27T08:03:31.000Z_GOPR0338.JPG (116210 bytes)...
2017-11-27 08:03:31,789 :: GoPro :: INFO :: Downloaded 1 file(s)
2017-11-27 08:03:41,802 :: GoPro :: INFO :: - Deleting all
2017-11-27 08:03:52,080 :: GoPro :: INFO :: Upload to AWS:  2017-11-27T08:03:31.000Z_GOPR0338.JPG  Path: /home/pi/cloudberry/images/2017-11-27T08:03:31.000Z_GOPR0338.JPG
2017-11-27 08:03:52,335 :: GoPro :: INFO :: Uploaded to AWS S3.
2017-11-27 08:03:52,337 :: GoPro :: INFO :: - Sleep
2017-11-27 09:00:20,426 :: GoPro :: DEBUG :: ========== Starting GoPro H3 Controller ==========
2017-11-27 09:00:20,445 :: GoPro :: DEBUG :: Sleeping for 1 minutes
2017-11-27 09:03:05,706 :: GoPro :: INFO :: Wake up GoPro...
2017-11-27 09:03:15,753 :: GoPro :: INFO :: - Taking a photo
2017-11-27 09:03:32,089 :: GoPro :: INFO :: - Download media
2017-11-27 09:03:32,324 :: GoPro :: INFO :: Downloading 2017-11-27T09:03:32.000Z_GOPR0339.JPG (119032 bytes)...
2017-11-27 09:03:32,697 :: GoPro :: INFO :: Downloaded 1 file(s)
2017-11-27 09:03:42,710 :: GoPro :: INFO :: - Deleting all
2017-11-27 09:03:52,991 :: GoPro :: INFO :: Upload to AWS:  2017-11-27T09:03:32.000Z_GOPR0339.JPG  Path: /home/pi/cloudberry/images/2017-11-27T09:03:32.000Z_GOPR0339.JPG
2017-11-27 09:03:53,295 :: GoPro :: INFO :: Uploaded to AWS S3.
2017-11-27 09:03:53,298 :: GoPro :: INFO :: - Sleep
2017-11-27 10:00:20,929 :: GoPro :: DEBUG :: ========== Starting GoPro H3 Controller ==========
2017-11-27 10:00:20,941 :: GoPro :: DEBUG :: Sleeping for 1 minutes
2017-11-27 10:03:06,695 :: GoPro :: INFO :: Wake up GoPro...
2017-11-27 10:03:16,734 :: GoPro :: INFO :: - Taking a photo
2017-11-27 10:03:33,022 :: GoPro :: INFO :: - Download media
2017-11-27 10:03:33,237 :: GoPro :: INFO :: Downloading 2017-11-27T10:03:33.000Z_GOPR0340.JPG (1167520 bytes)...
2017-11-27 10:03:36,711 :: GoPro :: INFO :: Downloaded 1 file(s)
2017-11-27 10:03:46,724 :: GoPro :: INFO :: - Deleting all
2017-11-27 10:03:56,990 :: GoPro :: INFO :: Upload to AWS:  2017-11-27T10:03:33.000Z_GOPR0340.JPG  Path: /home/pi/cloudberry/images/2017-11-27T10:03:33.000Z_GOPR0340.JPG
2017-11-27 10:03:57,456 :: GoPro :: INFO :: Uploaded to AWS S3.
2017-11-27 10:03:57,460 :: GoPro :: INFO :: - Sleep
2017-11-27 11:00:20,366 :: GoPro :: DEBUG :: ========== Starting GoPro H3 Controller ==========
2017-11-27 11:00:20,376 :: GoPro :: DEBUG :: Sleeping for 1 minutes
2017-11-27 11:03:06,639 :: GoPro :: INFO :: Wake up GoPro...
2017-11-27 11:03:16,686 :: GoPro :: INFO :: - Taking a photo
2017-11-27 11:03:33,057 :: GoPro :: INFO :: - Download media
2017-11-27 11:03:33,279 :: GoPro :: INFO :: Downloading 2017-11-27T11:03:33.000Z_GOPR0341.JPG (1163478 bytes)...
2017-11-27 11:03:36,700 :: GoPro :: INFO :: Downloaded 1 file(s)
2017-11-27 11:03:46,713 :: GoPro :: INFO :: - Deleting all
2017-11-27 11:03:57,038 :: GoPro :: INFO :: Upload to AWS:  2017-11-27T11:03:33.000Z_GOPR0341.JPG  Path: /home/pi/cloudberry/images/2017-11-27T11:03:33.000Z_GOPR0341.JPG
2017-11-27 11:03:57,638 :: GoPro :: INFO :: Uploaded to AWS S3.
2017-11-27 11:03:57,642 :: GoPro :: INFO :: - Sleep
2017-11-27 12:00:20,504 :: GoPro :: DEBUG :: ========== Starting GoPro H3 Controller ==========
2017-11-27 12:00:20,528 :: GoPro :: DEBUG :: Sleeping for 1 minutes
2017-11-27 12:03:07,289 :: GoPro :: INFO :: Wake up GoPro...
2017-11-27 12:03:17,336 :: GoPro :: INFO :: - Taking a photo
2017-11-27 12:03:33,710 :: GoPro :: INFO :: - Download media
2017-11-27 12:03:33,947 :: GoPro :: INFO :: Downloading 2017-11-27T12:03:33.000Z_GOPR0342.JPG (1303295 bytes)...
2017-11-27 12:03:37,750 :: GoPro :: INFO :: Downloaded 1 file(s)
2017-11-27 12:03:47,763 :: GoPro :: INFO :: - Deleting all
2017-11-27 12:03:58,056 :: GoPro :: INFO :: Upload to AWS:  2017-11-27T12:03:33.000Z_GOPR0342.JPG  Path: /home/pi/cloudberry/images/2017-11-27T12:03:33.000Z_GOPR0342.JPG
2017-11-27 12:03:58,468 :: GoPro :: INFO :: Uploaded to AWS S3.
2017-11-27 12:03:58,472 :: GoPro :: INFO :: - Sleep
2017-11-27 13:00:20,089 :: GoPro :: DEBUG :: ========== Starting GoPro H3 Controller ==========
2017-11-27 13:00:20,103 :: GoPro :: DEBUG :: Sleeping for 1 minutes
2017-11-27 13:03:07,357 :: GoPro :: INFO :: Wake up GoPro...
2017-11-27 13:03:17,406 :: GoPro :: INFO :: - Taking a photo
2017-11-27 13:03:33,848 :: GoPro :: INFO :: - Download media
2017-11-27 13:03:34,024 :: GoPro :: INFO :: Downloading 2017-11-27T13:03:34.000Z_GOPR0343.JPG (1300164 bytes)...
2017-11-27 13:03:37,840 :: GoPro :: INFO :: Downloaded 1 file(s)
2017-11-27 13:03:47,853 :: GoPro :: INFO :: - Deleting all
2017-11-27 13:03:58,155 :: GoPro :: INFO :: Upload to AWS:  2017-11-27T13:03:34.000Z_GOPR0343.JPG  Path: /home/pi/cloudberry/images/2017-11-27T13:03:34.000Z_GOPR0343.JPG
2017-11-27 13:03:58,982 :: GoPro :: INFO :: Uploaded to AWS S3.
2017-11-27 13:03:58,987 :: GoPro :: INFO :: - Sleep
2017-11-27 14:00:20,748 :: GoPro :: DEBUG :: ========== Starting GoPro H3 Controller ==========
2017-11-27 14:00:20,770 :: GoPro :: DEBUG :: Sleeping for 1 minutes
2017-11-27 14:03:08,525 :: GoPro :: INFO :: Wake up GoPro...
2017-11-27 14:03:18,563 :: GoPro :: INFO :: - Taking a photo
2017-11-27 14:03:34,850 :: GoPro :: INFO :: - Download media
2017-11-27 14:03:35,068 :: GoPro :: INFO :: Downloading 2017-11-27T14:03:35.000Z_GOPR0344.JPG (1066659 bytes)...
2017-11-27 14:03:38,171 :: GoPro :: INFO :: Downloaded 1 file(s)
2017-11-27 14:03:48,201 :: GoPro :: INFO :: - Deleting all
2017-11-27 14:03:58,470 :: GoPro :: INFO :: Upload to AWS:  2017-11-27T14:03:35.000Z_GOPR0344.JPG  Path: /home/pi/cloudberry/images/2017-11-27T14:03:35.000Z_GOPR0344.JPG
2017-11-27 14:03:58,916 :: GoPro :: INFO :: Uploaded to AWS S3.
2017-11-27 14:03:58,920 :: GoPro :: INFO :: - Sleep
2017-11-27 15:00:20,107 :: GoPro :: DEBUG :: ========== Starting GoPro H3 Controller ==========
2017-11-27 15:00:20,123 :: GoPro :: DEBUG :: Sleeping for 1 minutes
2017-11-27 15:03:08,373 :: GoPro :: INFO :: Wake up GoPro...
2017-11-27 15:03:18,422 :: GoPro :: INFO :: - Taking a photo
2017-11-27 15:03:34,767 :: GoPro :: INFO :: - Download media
2017-11-27 15:03:35,000 :: GoPro :: INFO :: Downloading 2017-11-27T15:03:35.000Z_GOPR0345.JPG (1041851 bytes)...
2017-11-27 15:03:38,027 :: GoPro :: INFO :: Downloaded 1 file(s)
2017-11-27 15:03:48,040 :: GoPro :: INFO :: - Deleting all
2017-11-27 15:03:58,364 :: GoPro :: INFO :: Upload to AWS:  2017-11-27T15:03:35.000Z_GOPR0345.JPG  Path: /home/pi/cloudberry/images/2017-11-27T15:03:35.000Z_GOPR0345.JPG
2017-11-27 15:03:59,333 :: GoPro :: INFO :: Uploaded to AWS S3.
2017-11-27 15:03:59,337 :: GoPro :: INFO :: - Sleep
2017-11-27 16:00:20,606 :: GoPro :: DEBUG :: ========== Starting GoPro H3 Controller ==========
2017-11-27 16:00:20,617 :: GoPro :: DEBUG :: Sleeping for 1 minutes
2017-11-27 16:03:09,383 :: GoPro :: INFO :: Wake up GoPro...
2017-11-27 16:03:19,431 :: GoPro :: INFO :: - Taking a photo
2017-11-27 16:03:35,794 :: GoPro :: INFO :: - Download media
2017-11-27 16:03:36,022 :: GoPro :: INFO :: Downloading 2017-11-27T16:03:36.000Z_GOPR0346.JPG (1028877 bytes)...
2017-11-27 16:03:39,083 :: GoPro :: INFO :: Downloaded 1 file(s)
2017-11-27 16:03:49,097 :: GoPro :: INFO :: - Deleting all
2017-11-27 16:03:59,392 :: GoPro :: INFO :: Upload to AWS:  2017-11-27T16:03:36.000Z_GOPR0346.JPG  Path: /home/pi/cloudberry/images/2017-11-27T16:03:36.000Z_GOPR0346.JPG
2017-11-27 16:03:59,854 :: GoPro :: INFO :: Uploaded to AWS S3.
2017-11-27 16:03:59,858 :: GoPro :: INFO :: - Sleep
2017-11-27 17:00:20,223 :: GoPro :: DEBUG :: ========== Starting GoPro H3 Controller ==========
2017-11-27 17:00:20,233 :: GoPro :: DEBUG :: Sleeping for 1 minutes
2017-11-27 17:03:09,504 :: GoPro :: INFO :: Wake up GoPro...
2017-11-27 17:03:19,547 :: GoPro :: INFO :: - Taking a photo
2017-11-27 17:03:35,738 :: GoPro :: INFO :: - Download media
2017-11-27 17:03:35,972 :: GoPro :: INFO :: Downloading 2017-11-27T17:03:35.000Z_GOPR0347.JPG (1025237 bytes)...
2017-11-27 17:03:38,994 :: GoPro :: INFO :: Downloaded 1 file(s)
2017-11-27 17:03:49,007 :: GoPro :: INFO :: - Deleting all
2017-11-27 17:03:59,317 :: GoPro :: INFO :: Upload to AWS:  2017-11-27T17:03:35.000Z_GOPR0347.JPG  Path: /home/pi/cloudberry/images/2017-11-27T17:03:35.000Z_GOPR0347.JPG
2017-11-27 17:03:59,704 :: GoPro :: INFO :: Uploaded to AWS S3.
2017-11-27 17:03:59,707 :: GoPro :: INFO :: - Sleep
2017-11-27 18:00:20,553 :: GoPro :: DEBUG :: ========== Starting GoPro H3 Controller ==========
2017-11-27 18:00:20,576 :: GoPro :: DEBUG :: Sleeping for 1 minutes
2017-11-27 18:03:10,338 :: GoPro :: INFO :: Wake up GoPro...
2017-11-27 18:03:20,380 :: GoPro :: INFO :: - Taking a photo
2017-11-27 18:03:36,736 :: GoPro :: INFO :: - Download media
2017-11-27 18:03:36,954 :: GoPro :: INFO :: Downloading 2017-11-27T18:03:36.000Z_GOPR0348.JPG (1650444 bytes)...
2017-11-27 18:03:42,180 :: GoPro :: INFO :: Downloaded 1 file(s)
2017-11-27 18:03:52,193 :: GoPro :: INFO :: - Deleting all
2017-11-27 18:04:02,499 :: GoPro :: INFO :: Upload to AWS:  2017-11-27T18:03:36.000Z_GOPR0348.JPG  Path: /home/pi/cloudberry/images/2017-11-27T18:03:36.000Z_GOPR0348.JPG
2017-11-27 18:04:03,011 :: GoPro :: INFO :: Uploaded to AWS S3.
2017-11-27 18:04:03,015 :: GoPro :: INFO :: - Sleep
2017-11-27 19:00:20,748 :: GoPro :: DEBUG :: ========== Starting GoPro H3 Controller ==========
2017-11-27 19:00:20,767 :: GoPro :: DEBUG :: Sleeping for 1 minutes
2017-11-27 19:03:11,038 :: GoPro :: INFO :: Wake up GoPro...
2017-11-27 19:03:21,074 :: GoPro :: INFO :: - Taking a photo
2017-11-27 19:03:37,304 :: GoPro :: INFO :: - Download media
2017-11-27 19:03:37,523 :: GoPro :: INFO :: Downloading 2017-11-27T19:03:37.000Z_GOPR0349.JPG (1019870 bytes)...
2017-11-27 19:03:40,499 :: GoPro :: INFO :: Downloaded 1 file(s)
2017-11-27 19:03:50,512 :: GoPro :: INFO :: - Deleting all
2017-11-27 19:04:00,796 :: GoPro :: INFO :: Upload to AWS:  2017-11-27T19:03:37.000Z_GOPR0349.JPG  Path: /home/pi/cloudberry/images/2017-11-27T19:03:37.000Z_GOPR0349.JPG
2017-11-27 19:04:01,310 :: GoPro :: INFO :: Uploaded to AWS S3.
2017-11-27 19:04:01,313 :: GoPro :: INFO :: - Sleep
2017-11-28 07:00:22,460 :: GoPro :: DEBUG :: ========== Starting GoPro H3 Controller ==========
2017-11-28 07:00:22,480 :: GoPro :: DEBUG :: Sleeping for 1 minutes
2017-11-28 07:03:13,224 :: GoPro :: INFO :: Wake up GoPro...
2017-11-28 07:03:24,498 :: GoPro :: INFO :: - Taking a photo
2017-11-28 07:03:40,557 :: GoPro :: INFO :: - Download media
2017-11-28 07:03:40,800 :: GoPro :: INFO :: Downloading 2017-11-28T07:03:40.000Z_GOPR0350.JPG (116168 bytes)...
2017-11-28 07:03:41,167 :: GoPro :: INFO :: Downloaded 1 file(s)
2017-11-28 07:03:51,180 :: GoPro :: INFO :: - Deleting all
2017-11-28 07:04:01,478 :: GoPro :: INFO :: Upload to AWS:  2017-11-28T07:03:40.000Z_GOPR0350.JPG  Path: /home/pi/cloudberry/images/2017-11-28T07:03:40.000Z_GOPR0350.JPG
2017-11-28 07:04:01,698 :: GoPro :: INFO :: Uploaded to AWS S3.
2017-11-28 07:04:01,700 :: GoPro :: INFO :: - Sleep
2017-11-28 08:00:20,122 :: GoPro :: DEBUG :: ========== Starting GoPro H3 Controller ==========
2017-11-28 08:00:20,165 :: GoPro :: DEBUG :: Sleeping for 1 minutes
2017-11-28 08:03:11,409 :: GoPro :: INFO :: Wake up GoPro...
2017-11-28 08:03:21,456 :: GoPro :: INFO :: - Taking a photo
2017-11-28 08:03:37,759 :: GoPro :: INFO :: - Download media
2017-11-28 08:03:37,933 :: GoPro :: INFO :: Downloading 2017-11-28T08:03:37.000Z_GOPR0351.JPG (1033425 bytes)...
2017-11-28 08:03:40,988 :: GoPro :: INFO :: Downloaded 1 file(s)
2017-11-28 08:03:51,001 :: GoPro :: INFO :: - Deleting all
2017-11-28 08:04:01,346 :: GoPro :: INFO :: Upload to AWS:  2017-11-28T08:03:37.000Z_GOPR0351.JPG  Path: /home/pi/cloudberry/images/2017-11-28T08:03:37.000Z_GOPR0351.JPG
2017-11-28 08:04:01,722 :: GoPro :: INFO :: Uploaded to AWS S3.
2017-11-28 08:04:01,726 :: GoPro :: INFO :: - Sleep
2017-11-28 09:00:20,568 :: GoPro :: DEBUG :: ========== Starting GoPro H3 Controller ==========
2017-11-28 09:00:20,594 :: GoPro :: DEBUG :: Sleeping for 1 minutes
2017-11-28 09:03:12,330 :: GoPro :: INFO :: Wake up GoPro...
2017-11-28 09:03:22,367 :: GoPro :: INFO :: - Taking a photo
2017-11-28 09:03:38,662 :: GoPro :: INFO :: - Download media
2017-11-28 09:03:38,880 :: GoPro :: INFO :: Downloading 2017-11-28T09:03:38.000Z_GOPR0352.JPG (1036043 bytes)...
2017-11-28 09:03:41,934 :: GoPro :: INFO :: Downloaded 1 file(s)
2017-11-28 09:03:51,952 :: GoPro :: INFO :: - Deleting all
2017-11-28 09:04:02,248 :: GoPro :: INFO :: Upload to AWS:  2017-11-28T09:03:38.000Z_GOPR0352.JPG  Path: /home/pi/cloudberry/images/2017-11-28T09:03:38.000Z_GOPR0352.JPG
2017-11-28 09:04:02,871 :: GoPro :: INFO :: Uploaded to AWS S3.
2017-11-28 09:04:02,875 :: GoPro :: INFO :: - Sleep
2017-11-28 10:00:20,725 :: GoPro :: DEBUG :: ========== Starting GoPro H3 Controller ==========
2017-11-28 10:00:20,744 :: GoPro :: DEBUG :: Sleeping for 1 minutes
2017-11-28 10:03:12,974 :: GoPro :: INFO :: Wake up GoPro...
2017-11-28 10:03:23,016 :: GoPro :: INFO :: - Taking a photo
2017-11-28 10:03:39,359 :: GoPro :: INFO :: - Download media
2017-11-28 10:03:39,570 :: GoPro :: INFO :: Downloading 2017-11-28T10:03:39.000Z_GOPR0353.JPG (1091301 bytes)...
2017-11-28 10:03:42,755 :: GoPro :: INFO :: Downloaded 1 file(s)
2017-11-28 10:03:52,773 :: GoPro :: INFO :: - Deleting all
2017-11-28 10:04:03,115 :: GoPro :: INFO :: Upload to AWS:  2017-11-28T10:03:39.000Z_GOPR0353.JPG  Path: /home/pi/cloudberry/images/2017-11-28T10:03:39.000Z_GOPR0353.JPG
2017-11-28 10:04:03,524 :: GoPro :: INFO :: Uploaded to AWS S3.
2017-11-28 10:04:03,528 :: GoPro :: INFO :: - Sleep
2017-11-28 11:00:20,519 :: GoPro :: DEBUG :: ========== Starting GoPro H3 Controller ==========
2017-11-28 11:00:20,526 :: GoPro :: DEBUG :: Sleeping for 1 minutes
2017-11-28 11:03:13,267 :: GoPro :: INFO :: Wake up GoPro...
2017-11-28 11:03:23,314 :: GoPro :: INFO :: - Taking a photo
2017-11-28 11:03:39,718 :: GoPro :: INFO :: - Download media
2017-11-28 11:03:39,951 :: GoPro :: INFO :: Downloading 2017-11-28T11:03:39.000Z_GOPR0354.JPG (1079272 bytes)...
2017-11-28 11:03:43,147 :: GoPro :: INFO :: Downloaded 1 file(s)
2017-11-28 11:03:53,160 :: GoPro :: INFO :: - Deleting all
2017-11-28 11:04:03,494 :: GoPro :: INFO :: Upload to AWS:  2017-11-28T11:03:39.000Z_GOPR0354.JPG  Path: /home/pi/cloudberry/images/2017-11-28T11:03:39.000Z_GOPR0354.JPG
2017-11-28 11:04:03,989 :: GoPro :: INFO :: Uploaded to AWS S3.
2017-11-28 11:04:03,993 :: GoPro :: INFO :: - Sleep
2017-11-28 12:00:20,113 :: GoPro :: DEBUG :: ========== Starting GoPro H3 Controller ==========
2017-11-28 12:00:20,132 :: GoPro :: DEBUG :: Sleeping for 1 minutes
2017-11-28 12:03:13,370 :: GoPro :: INFO :: Wake up GoPro...
2017-11-28 12:03:23,418 :: GoPro :: INFO :: - Taking a photo
2017-11-28 12:03:39,707 :: GoPro :: INFO :: - Download media
2017-11-28 12:03:39,945 :: GoPro :: INFO :: Downloading 2017-11-28T12:03:39.000Z_GOPR0355.JPG (1076237 bytes)...
2017-11-28 12:03:43,084 :: GoPro :: INFO :: Downloaded 1 file(s)
2017-11-28 12:03:53,097 :: GoPro :: INFO :: - Deleting all
2017-11-28 12:04:03,378 :: GoPro :: INFO :: Upload to AWS:  2017-11-28T12:03:39.000Z_GOPR0355.JPG  Path: /home/pi/cloudberry/images/2017-11-28T12:03:39.000Z_GOPR0355.JPG
2017-11-28 12:04:03,848 :: GoPro :: INFO :: Uploaded to AWS S3.
2017-11-28 12:04:03,852 :: GoPro :: INFO :: - Sleep
2017-11-28 13:00:20,661 :: GoPro :: DEBUG :: ========== Starting GoPro H3 Controller ==========
2017-11-28 13:00:20,694 :: GoPro :: DEBUG :: Sleeping for 1 minutes
2017-11-28 13:03:14,427 :: GoPro :: INFO :: Wake up GoPro...
2017-11-28 13:03:24,464 :: GoPro :: INFO :: - Taking a photo
2017-11-28 13:03:40,699 :: GoPro :: INFO :: - Download media
2017-11-28 13:03:40,928 :: GoPro :: INFO :: Downloading 2017-11-28T13:03:40.000Z_GOPR0356.JPG (676621 bytes)...
2017-11-28 13:03:42,934 :: GoPro :: INFO :: Downloaded 1 file(s)
2017-11-28 13:03:52,957 :: GoPro :: INFO :: - Deleting all
2017-11-28 13:04:03,269 :: GoPro :: INFO :: Upload to AWS:  2017-11-28T13:03:40.000Z_GOPR0356.JPG  Path: /home/pi/cloudberry/images/2017-11-28T13:03:40.000Z_GOPR0356.JPG
2017-11-28 13:04:03,626 :: GoPro :: INFO :: Uploaded to AWS S3.
2017-11-28 13:04:03,629 :: GoPro :: INFO :: - Sleep
2017-11-28 14:00:20,264 :: GoPro :: DEBUG :: ========== Starting GoPro H3 Controller ==========
2017-11-28 14:00:20,292 :: GoPro :: DEBUG :: Sleeping for 1 minutes
2017-11-28 14:03:14,524 :: GoPro :: INFO :: Wake up GoPro...
2017-11-28 14:03:24,572 :: GoPro :: INFO :: - Taking a photo
2017-11-28 14:03:40,870 :: GoPro :: INFO :: - Download media
2017-11-28 14:03:41,072 :: GoPro :: INFO :: Downloading 2017-11-28T14:03:41.000Z_GOPR0357.JPG (1265323 bytes)...
2017-11-28 14:03:44,770 :: GoPro :: INFO :: Downloaded 1 file(s)
2017-11-28 14:03:54,784 :: GoPro :: INFO :: - Deleting all
2017-11-28 14:04:05,106 :: GoPro :: INFO :: Upload to AWS:  2017-11-28T14:03:41.000Z_GOPR0357.JPG  Path: /home/pi/cloudberry/images/2017-11-28T14:03:41.000Z_GOPR0357.JPG
2017-11-28 14:04:05,522 :: GoPro :: INFO :: Uploaded to AWS S3.
2017-11-28 14:04:05,527 :: GoPro :: INFO :: - Sleep
2017-11-28 15:00:20,639 :: GoPro :: DEBUG :: ========== Starting GoPro H3 Controller ==========
2017-11-28 15:00:20,646 :: GoPro :: DEBUG :: Sleeping for 1 minutes
2017-11-28 15:03:15,383 :: GoPro :: INFO :: Wake up GoPro...
2017-11-28 15:03:25,438 :: GoPro :: INFO :: - Taking a photo
2017-11-28 15:03:41,625 :: GoPro :: INFO :: - Download media
2017-11-28 15:03:41,863 :: GoPro :: INFO :: Downloading 2017-11-28T15:03:41.000Z_GOPR0358.JPG (1241765 bytes)...
2017-11-28 15:03:45,562 :: GoPro :: INFO :: Downloaded 1 file(s)
2017-11-28 15:03:55,580 :: GoPro :: INFO :: - Deleting all
2017-11-28 15:04:05,941 :: GoPro :: INFO :: Upload to AWS:  2017-11-28T15:03:41.000Z_GOPR0358.JPG  Path: /home/pi/cloudberry/images/2017-11-28T15:03:41.000Z_GOPR0358.JPG
2017-11-28 15:04:06,389 :: GoPro :: INFO :: Uploaded to AWS S3.
2017-11-28 15:04:06,394 :: GoPro :: INFO :: - Sleep
2017-11-28 16:00:20,320 :: GoPro :: DEBUG :: ========== Starting GoPro H3 Controller ==========
2017-11-28 16:00:20,333 :: GoPro :: DEBUG :: Sleeping for 1 minutes
2017-11-28 16:03:15,608 :: GoPro :: INFO :: Wake up GoPro...
2017-11-28 16:03:25,667 :: GoPro :: INFO :: - Taking a photo
2017-11-28 16:03:41,989 :: GoPro :: INFO :: - Download media
2017-11-28 16:03:42,214 :: GoPro :: INFO :: Downloading 2017-11-28T16:03:42.000Z_GOPR0359.JPG (1113793 bytes)...
2017-11-28 16:03:45,487 :: GoPro :: INFO :: Downloaded 1 file(s)
2017-11-28 16:03:55,500 :: GoPro :: INFO :: - Deleting all
2017-11-28 16:04:05,786 :: GoPro :: INFO :: Upload to AWS:  2017-11-28T16:03:42.000Z_GOPR0359.JPG  Path: /home/pi/cloudberry/images/2017-11-28T16:03:42.000Z_GOPR0359.JPG
2017-11-28 16:04:06,162 :: GoPro :: INFO :: Uploaded to AWS S3.
2017-11-28 16:04:06,166 :: GoPro :: INFO :: - Sleep
2017-11-28 17:00:20,717 :: GoPro :: DEBUG :: ========== Starting GoPro H3 Controller ==========
2017-11-28 17:00:20,728 :: GoPro :: DEBUG :: Sleeping for 1 minutes
2017-11-28 17:03:16,474 :: GoPro :: INFO :: Wake up GoPro...
2017-11-28 17:03:26,520 :: GoPro :: INFO :: - Taking a photo
2017-11-28 17:03:42,780 :: GoPro :: INFO :: - Download media
2017-11-28 17:03:43,004 :: GoPro :: INFO :: Downloading 2017-11-28T17:03:43.000Z_GOPR0360.JPG (116396 bytes)...
2017-11-28 17:03:43,364 :: GoPro :: INFO :: Downloaded 1 file(s)
2017-11-28 17:03:53,378 :: GoPro :: INFO :: - Deleting all
2017-11-28 17:04:03,686 :: GoPro :: INFO :: Upload to AWS:  2017-11-28T17:03:43.000Z_GOPR0360.JPG  Path: /home/pi/cloudberry/images/2017-11-28T17:03:43.000Z_GOPR0360.JPG
2017-11-28 17:04:03,939 :: GoPro :: INFO :: Uploaded to AWS S3.
2017-11-28 17:04:03,942 :: GoPro :: INFO :: - Sleep
2017-11-28 18:00:20,467 :: GoPro :: DEBUG :: ========== Starting GoPro H3 Controller ==========
2017-11-28 18:00:20,484 :: GoPro :: DEBUG :: Sleeping for 1 minutes
2017-11-28 18:03:16,717 :: GoPro :: INFO :: Wake up GoPro...
2017-11-28 18:03:26,768 :: GoPro :: INFO :: - Taking a photo
2017-11-28 18:03:42,945 :: GoPro :: INFO :: - Download media
2017-11-28 18:03:43,153 :: GoPro :: INFO :: Downloading 2017-11-28T18:03:43.000Z_GOPR0361.JPG (116159 bytes)...
2017-11-28 18:03:43,527 :: GoPro :: INFO :: Downloaded 1 file(s)
2017-11-28 18:03:53,540 :: GoPro :: INFO :: - Deleting all
2017-11-28 18:04:03,823 :: GoPro :: INFO :: Upload to AWS:  2017-11-28T18:03:43.000Z_GOPR0361.JPG  Path: /home/pi/cloudberry/images/2017-11-28T18:03:43.000Z_GOPR0361.JPG
2017-11-28 18:04:04,036 :: GoPro :: INFO :: Uploaded to AWS S3.
2017-11-28 18:04:04,038 :: GoPro :: INFO :: - Sleep
2017-11-28 19:00:20,595 :: GoPro :: DEBUG :: ========== Starting GoPro H3 Controller ==========
2017-11-28 19:00:20,604 :: GoPro :: DEBUG :: Sleeping for 1 minutes
2017-11-28 19:03:17,345 :: GoPro :: INFO :: Wake up GoPro...
2017-11-28 19:03:27,392 :: GoPro :: INFO :: - Taking a photo
2017-11-28 19:03:43,616 :: GoPro :: INFO :: - Download media
2017-11-28 19:03:43,848 :: GoPro :: INFO :: Downloading 2017-11-28T19:03:43.000Z_GOPR0362.JPG (116172 bytes)...
2017-11-28 19:03:44,219 :: GoPro :: INFO :: Downloaded 1 file(s)
2017-11-28 19:03:54,232 :: GoPro :: INFO :: - Deleting all
2017-11-28 19:04:04,558 :: GoPro :: INFO :: Upload to AWS:  2017-11-28T19:03:43.000Z_GOPR0362.JPG  Path: /home/pi/cloudberry/images/2017-11-28T19:03:43.000Z_GOPR0362.JPG
2017-11-28 19:04:04,762 :: GoPro :: INFO :: Uploaded to AWS S3.
2017-11-28 19:04:04,765 :: GoPro :: INFO :: - Sleep
2017-11-29 07:00:22,178 :: GoPro :: DEBUG :: ========== Starting GoPro H3 Controller ==========
2017-11-29 07:00:22,197 :: GoPro :: DEBUG :: Sleeping for 1 minutes
2017-11-29 07:03:19,402 :: GoPro :: INFO :: Wake up GoPro...
2017-11-29 07:03:29,444 :: GoPro :: INFO :: - Taking a photo
2017-11-29 07:03:45,675 :: GoPro :: INFO :: - Download media
2017-11-29 07:03:45,910 :: GoPro :: INFO :: Downloading 2017-11-29T07:03:45.000Z_GOPR0363.JPG (116163 bytes)...
2017-11-29 07:03:46,278 :: GoPro :: INFO :: Downloaded 1 file(s)
2017-11-29 07:03:56,291 :: GoPro :: INFO :: - Deleting all
2017-11-29 07:04:06,583 :: GoPro :: INFO :: Upload to AWS:  2017-11-29T07:03:45.000Z_GOPR0363.JPG  Path: /home/pi/cloudberry/images/2017-11-29T07:03:45.000Z_GOPR0363.JPG
2017-11-29 07:04:06,801 :: GoPro :: INFO :: Uploaded to AWS S3.
2017-11-29 07:04:06,803 :: GoPro :: INFO :: - Sleep
2017-11-29 08:00:20,405 :: GoPro :: DEBUG :: ========== Starting GoPro H3 Controller ==========
2017-11-29 08:00:20,411 :: GoPro :: DEBUG :: Sleeping for 1 minutes
2017-11-29 08:03:18,118 :: GoPro :: INFO :: Wake up GoPro...
2017-11-29 08:03:28,170 :: GoPro :: INFO :: - Taking a photo
2017-11-29 08:03:44,465 :: GoPro :: INFO :: - Download media
2017-11-29 08:03:44,692 :: GoPro :: INFO :: Downloading 2017-11-29T08:03:44.000Z_GOPR0364.JPG (132732 bytes)...
2017-11-29 08:03:45,113 :: GoPro :: INFO :: Downloaded 1 file(s)
2017-11-29 08:03:55,132 :: GoPro :: INFO :: - Deleting all
2017-11-29 08:04:05,414 :: GoPro :: INFO :: Upload to AWS:  2017-11-29T08:03:44.000Z_GOPR0364.JPG  Path: /home/pi/cloudberry/images/2017-11-29T08:03:44.000Z_GOPR0364.JPG
2017-11-29 08:04:05,638 :: GoPro :: INFO :: Uploaded to AWS S3.
2017-11-29 08:04:05,641 :: GoPro :: INFO :: - Sleep
2017-11-29 09:00:20,471 :: GoPro :: DEBUG :: ========== Starting GoPro H3 Controller ==========
2017-11-29 09:00:20,477 :: GoPro :: DEBUG :: Sleeping for 1 minutes
2017-11-29 09:03:18,680 :: GoPro :: INFO :: Wake up GoPro...
2017-11-29 09:03:28,747 :: GoPro :: INFO :: - Taking a photo
2017-11-29 09:03:44,968 :: GoPro :: INFO :: - Download media
2017-11-29 09:03:45,170 :: GoPro :: INFO :: Downloading 2017-11-29T09:03:45.000Z_GOPR0365.JPG (119309 bytes)...
2017-11-29 09:03:45,536 :: GoPro :: INFO :: Downloaded 1 file(s)
2017-11-29 09:03:55,549 :: GoPro :: INFO :: - Deleting all
2017-11-29 09:04:05,833 :: GoPro :: INFO :: Upload to AWS:  2017-11-29T09:03:45.000Z_GOPR0365.JPG  Path: /home/pi/cloudberry/images/2017-11-29T09:03:45.000Z_GOPR0365.JPG
2017-11-29 09:04:06,113 :: GoPro :: INFO :: Uploaded to AWS S3.
2017-11-29 09:04:06,116 :: GoPro :: INFO :: - Sleep
2017-11-29 10:00:20,272 :: GoPro :: DEBUG :: ========== Starting GoPro H3 Controller ==========
2017-11-29 10:00:20,286 :: GoPro :: DEBUG :: Sleeping for 1 minutes
2017-11-29 10:03:19,003 :: GoPro :: INFO :: Wake up GoPro...
2017-11-29 10:03:29,051 :: GoPro :: INFO :: - Taking a photo
2017-11-29 10:03:45,449 :: GoPro :: INFO :: - Download media
2017-11-29 10:03:45,697 :: GoPro :: INFO :: Downloading 2017-11-29T10:03:45.000Z_GOPR0366.JPG (744845 bytes)...
2017-11-29 10:03:47,913 :: GoPro :: INFO :: Downloaded 1 file(s)
2017-11-29 10:03:57,926 :: GoPro :: INFO :: - Deleting all
2017-11-29 10:04:08,280 :: GoPro :: INFO :: Upload to AWS:  2017-11-29T10:03:45.000Z_GOPR0366.JPG  Path: /home/pi/cloudberry/images/2017-11-29T10:03:45.000Z_GOPR0366.JPG
2017-11-29 10:04:08,712 :: GoPro :: INFO :: Uploaded to AWS S3.
2017-11-29 10:04:08,715 :: GoPro :: INFO :: - Sleep
2017-11-29 11:00:20,192 :: GoPro :: DEBUG :: ========== Starting GoPro H3 Controller ==========
2017-11-29 11:00:20,209 :: GoPro :: DEBUG :: Sleeping for 1 minutes
2017-11-29 11:03:19,421 :: GoPro :: INFO :: Wake up GoPro...
2017-11-29 11:03:29,468 :: GoPro :: INFO :: - Taking a photo
2017-11-29 11:03:45,669 :: GoPro :: INFO :: - Download media
2017-11-29 11:03:45,892 :: GoPro :: INFO :: Downloading 2017-11-29T11:03:45.000Z_GOPR0367.JPG (131675 bytes)...
2017-11-29 11:03:46,293 :: GoPro :: INFO :: Downloaded 1 file(s)
2017-11-29 11:03:56,306 :: GoPro :: INFO :: - Deleting all
2017-11-29 11:04:06,607 :: GoPro :: INFO :: Upload to AWS:  2017-11-29T11:03:45.000Z_GOPR0367.JPG  Path: /home/pi/cloudberry/images/2017-11-29T11:03:45.000Z_GOPR0367.JPG
2017-11-29 11:04:06,888 :: GoPro :: INFO :: Uploaded to AWS S3.
2017-11-29 11:04:06,890 :: GoPro :: INFO :: - Sleep
2017-11-29 12:00:21,034 :: GoPro :: DEBUG :: ========== Starting GoPro H3 Controller ==========
2017-11-29 12:00:21,050 :: GoPro :: DEBUG :: Sleeping for 1 minutes
2017-11-29 12:03:20,758 :: GoPro :: INFO :: Wake up GoPro...
2017-11-29 12:03:30,809 :: GoPro :: INFO :: - Taking a photo
2017-11-29 12:03:47,016 :: GoPro :: INFO :: - Download media
2017-11-29 12:03:47,210 :: GoPro :: INFO :: Downloading 2017-11-29T12:03:47.000Z_GOPR0368.JPG (130240 bytes)...
2017-11-29 12:03:47,598 :: GoPro :: INFO :: Downloaded 1 file(s)
2017-11-29 12:03:57,611 :: GoPro :: INFO :: - Deleting all
2017-11-29 12:04:07,929 :: GoPro :: INFO :: Upload to AWS:  2017-11-29T12:03:47.000Z_GOPR0368.JPG  Path: /home/pi/cloudberry/images/2017-11-29T12:03:47.000Z_GOPR0368.JPG
2017-11-29 12:04:08,156 :: GoPro :: INFO :: Uploaded to AWS S3.
2017-11-29 12:04:08,159 :: GoPro :: INFO :: - Sleep
2017-11-29 13:00:20,511 :: GoPro :: DEBUG :: ========== Starting GoPro H3 Controller ==========
2017-11-29 13:00:20,526 :: GoPro :: DEBUG :: Sleeping for 1 minutes
2017-11-29 13:03:20,752 :: GoPro :: INFO :: Wake up GoPro...
2017-11-29 13:03:30,798 :: GoPro :: INFO :: - Taking a photo
2017-11-29 13:03:47,070 :: GoPro :: INFO :: - Download media
2017-11-29 13:03:47,290 :: GoPro :: INFO :: Downloading 2017-11-29T13:03:47.000Z_GOPR0369.JPG (1644690 bytes)...
2017-11-29 13:03:52,155 :: GoPro :: INFO :: Downloaded 1 file(s)
2017-11-29 13:04:02,168 :: GoPro :: INFO :: - Deleting all
2017-11-29 13:04:12,467 :: GoPro :: INFO :: Upload to AWS:  2017-11-29T13:03:47.000Z_GOPR0369.JPG  Path: /home/pi/cloudberry/images/2017-11-29T13:03:47.000Z_GOPR0369.JPG
2017-11-29 13:04:13,003 :: GoPro :: INFO :: Uploaded to AWS S3.
2017-11-29 13:04:13,007 :: GoPro :: INFO :: - Sleep
2017-11-29 14:00:20,819 :: GoPro :: DEBUG :: ========== Starting GoPro H3 Controller ==========
2017-11-29 14:00:20,842 :: GoPro :: DEBUG :: Sleeping for 1 minutes
2017-11-29 14:03:21,559 :: GoPro :: INFO :: Wake up GoPro...
2017-11-29 14:03:31,609 :: GoPro :: INFO :: - Taking a photo
2017-11-29 14:03:47,809 :: GoPro :: INFO :: - Download media
2017-11-29 14:03:48,014 :: GoPro :: INFO :: Downloading 2017-11-29T14:03:48.000Z_GOPR0370.JPG (1243064 bytes)...
2017-11-29 14:03:51,610 :: GoPro :: INFO :: Downloaded 1 file(s)
2017-11-29 14:04:01,623 :: GoPro :: INFO :: - Deleting all
2017-11-29 14:04:11,902 :: GoPro :: INFO :: Upload to AWS:  2017-11-29T14:03:48.000Z_GOPR0370.JPG  Path: /home/pi/cloudberry/images/2017-11-29T14:03:48.000Z_GOPR0370.JPG
2017-11-29 14:04:12,305 :: GoPro :: INFO :: Uploaded to AWS S3.
2017-11-29 14:04:12,309 :: GoPro :: INFO :: - Sleep
2017-11-29 15:00:20,630 :: GoPro :: DEBUG :: ========== Starting GoPro H3 Controller ==========
2017-11-29 15:00:20,643 :: GoPro :: DEBUG :: Sleeping for 1 minutes
2017-11-29 15:03:21,855 :: GoPro :: INFO :: Wake up GoPro...
2017-11-29 15:03:31,902 :: GoPro :: INFO :: - Taking a photo
2017-11-29 15:03:48,100 :: GoPro :: INFO :: - Download media
2017-11-29 15:03:48,273 :: GoPro :: INFO :: Downloading 2017-11-29T15:03:48.000Z_GOPR0371.JPG (1024075 bytes)...
2017-11-29 15:03:51,298 :: GoPro :: INFO :: Downloaded 1 file(s)
2017-11-29 15:04:01,311 :: GoPro :: INFO :: - Deleting all
2017-11-29 15:04:11,584 :: GoPro :: INFO :: Upload to AWS:  2017-11-29T15:03:48.000Z_GOPR0371.JPG  Path: /home/pi/cloudberry/images/2017-11-29T15:03:48.000Z_GOPR0371.JPG
2017-11-29 15:04:12,031 :: GoPro :: INFO :: Uploaded to AWS S3.
2017-11-29 15:04:12,035 :: GoPro :: INFO :: - Sleep
2017-11-29 16:00:20,705 :: GoPro :: DEBUG :: ========== Starting GoPro H3 Controller ==========
2017-11-29 16:00:20,724 :: GoPro :: DEBUG :: Sleeping for 1 minutes
2017-11-29 16:03:22,437 :: GoPro :: INFO :: Wake up GoPro...
2017-11-29 16:03:32,475 :: GoPro :: INFO :: - Taking a photo
2017-11-29 16:03:48,651 :: GoPro :: INFO :: - Download media
2017-11-29 16:03:48,868 :: GoPro :: INFO :: Downloading 2017-11-29T16:03:48.000Z_GOPR0372.JPG (681076 bytes)...
2017-11-29 16:03:50,903 :: GoPro :: INFO :: Downloaded 1 file(s)
2017-11-29 16:04:00,916 :: GoPro :: INFO :: - Deleting all
2017-11-29 16:04:11,219 :: GoPro :: INFO :: Upload to AWS:  2017-11-29T16:03:48.000Z_GOPR0372.JPG  Path: /home/pi/cloudberry/images/2017-11-29T16:03:48.000Z_GOPR0372.JPG
2017-11-29 16:04:11,587 :: GoPro :: INFO :: Uploaded to AWS S3.
2017-11-29 16:04:11,590 :: GoPro :: INFO :: - Sleep
2017-11-29 17:00:20,299 :: GoPro :: DEBUG :: ========== Starting GoPro H3 Controller ==========
2017-11-29 17:00:20,315 :: GoPro :: DEBUG :: Sleeping for 1 minutes
2017-11-29 17:03:22,528 :: GoPro :: INFO :: Wake up GoPro...
2017-11-29 17:03:32,578 :: GoPro :: INFO :: - Taking a photo
2017-11-29 17:03:48,957 :: GoPro :: INFO :: - Download media
2017-11-29 17:03:49,188 :: GoPro :: INFO :: Downloading 2017-11-29T17:03:49.000Z_GOPR0373.JPG (676659 bytes)...
2017-11-29 17:03:51,158 :: GoPro :: INFO :: Downloaded 1 file(s)
2017-11-29 17:04:01,171 :: GoPro :: INFO :: - Deleting all
2017-11-29 17:04:11,466 :: GoPro :: INFO :: Upload to AWS:  2017-11-29T17:03:49.000Z_GOPR0373.JPG  Path: /home/pi/cloudberry/images/2017-11-29T17:03:49.000Z_GOPR0373.JPG
2017-11-29 17:04:11,841 :: GoPro :: INFO :: Uploaded to AWS S3.
2017-11-29 17:04:11,844 :: GoPro :: INFO :: - Sleep
2017-11-29 18:00:20,353 :: GoPro :: DEBUG :: ========== Starting GoPro H3 Controller ==========
2017-11-29 18:00:20,364 :: GoPro :: DEBUG :: Sleeping for 1 minutes
2017-11-29 18:03:23,108 :: GoPro :: INFO :: Wake up GoPro...
2017-11-29 18:03:33,147 :: GoPro :: INFO :: - Taking a photo
2017-11-29 18:03:49,544 :: GoPro :: INFO :: - Download media
2017-11-29 18:03:49,769 :: GoPro :: INFO :: Downloading 2017-11-29T18:03:49.000Z_GOPR0374.JPG (679485 bytes)...
2017-11-29 18:03:51,774 :: GoPro :: INFO :: Downloaded 1 file(s)
2017-11-29 18:04:01,787 :: GoPro :: INFO :: - Deleting all
2017-11-29 18:04:12,188 :: GoPro :: INFO :: Upload to AWS:  2017-11-29T18:03:49.000Z_GOPR0374.JPG  Path: /home/pi/cloudberry/images/2017-11-29T18:03:49.000Z_GOPR0374.JPG
2017-11-29 18:04:13,193 :: GoPro :: INFO :: Uploaded to AWS S3.
2017-11-29 18:04:13,196 :: GoPro :: INFO :: - Sleep
2017-11-29 19:00:20,702 :: GoPro :: DEBUG :: ========== Starting GoPro H3 Controller ==========
2017-11-29 19:00:20,727 :: GoPro :: DEBUG :: Sleeping for 1 minutes
2017-11-29 19:03:23,947 :: GoPro :: INFO :: Wake up GoPro...
2017-11-29 19:03:35,082 :: GoPro :: INFO :: - Taking a photo
2017-11-29 19:03:51,521 :: GoPro :: INFO :: - Download media
2017-11-29 19:03:51,734 :: GoPro :: INFO :: Downloading 2017-11-29T19:03:51.000Z_GOPR0375.JPG (116165 bytes)...
2017-11-29 19:03:52,103 :: GoPro :: INFO :: Downloaded 1 file(s)
2017-11-29 19:04:02,120 :: GoPro :: INFO :: - Deleting all
2017-11-29 19:04:12,452 :: GoPro :: INFO :: Upload to AWS:  2017-11-29T19:03:51.000Z_GOPR0375.JPG  Path: /home/pi/cloudberry/images/2017-11-29T19:03:51.000Z_GOPR0375.JPG
2017-11-29 19:04:12,655 :: GoPro :: INFO :: Uploaded to AWS S3.
2017-11-29 19:04:12,657 :: GoPro :: INFO :: - Sleep
2017-11-30 07:00:22,295 :: GoPro :: DEBUG :: ========== Starting GoPro H3 Controller ==========
2017-11-30 07:00:22,308 :: GoPro :: DEBUG :: Sleeping for 1 minutes
2017-11-30 07:03:26,000 :: GoPro :: INFO :: Wake up GoPro...
2017-11-30 07:03:36,298 :: GoPro :: INFO :: - Taking a photo
2017-11-30 07:03:52,839 :: GoPro :: INFO :: - Download media
2017-11-30 07:03:53,038 :: GoPro :: INFO :: Downloading 2017-11-30T07:03:53.000Z_GOPR0376.JPG (116162 bytes)...
2017-11-30 07:03:53,398 :: GoPro :: INFO :: Downloaded 1 file(s)
2017-11-30 07:04:03,411 :: GoPro :: INFO :: - Deleting all
2017-11-30 07:04:13,863 :: GoPro :: INFO :: Upload to AWS:  2017-11-30T07:03:53.000Z_GOPR0376.JPG  Path: /home/pi/cloudberry/images/2017-11-30T07:03:53.000Z_GOPR0376.JPG
2017-11-30 07:04:14,449 :: GoPro :: INFO :: Uploaded to AWS S3.
2017-11-30 07:04:14,452 :: GoPro :: INFO :: - Sleep
2017-11-30 08:00:20,490 :: GoPro :: DEBUG :: ========== Starting GoPro H3 Controller ==========
2017-11-30 08:00:20,506 :: GoPro :: DEBUG :: Sleeping for 1 minutes
2017-11-30 08:03:24,697 :: GoPro :: INFO :: Wake up GoPro...
2017-11-30 08:03:34,720 :: GoPro :: ERROR :: Failed to send command to GoPro: <urlopen error timed out>
2017-11-30 08:03:44,739 :: GoPro :: INFO :: - Taking a photo
2017-11-30 08:03:44,766 :: GoPro :: ERROR :: Failed to send command to GoPro: HTTP Error 410: Gone
2017-11-30 08:03:54,780 :: GoPro :: INFO :: - Download media
2017-11-30 08:04:04,793 :: GoPro :: ERROR :: <urlopen error timed out>
2017-11-30 08:04:04,795 :: GoPro :: INFO :: - Sleep
2017-11-30 09:00:20,120 :: GoPro :: DEBUG :: ========== Starting GoPro H3 Controller ==========
2017-11-30 09:00:20,139 :: GoPro :: DEBUG :: Sleeping for 1 minutes
2017-11-30 09:03:24,844 :: GoPro :: INFO :: Wake up GoPro...
2017-11-30 09:03:34,902 :: GoPro :: INFO :: - Taking a photo
2017-11-30 09:03:51,103 :: GoPro :: INFO :: - Download media
2017-11-30 09:03:51,323 :: GoPro :: INFO :: Downloading 2017-11-30T09:03:51.000Z_GOPR0377.JPG (1642355 bytes)...
2017-11-30 09:03:56,929 :: GoPro :: INFO :: Downloaded 1 file(s)
2017-11-30 09:04:06,942 :: GoPro :: INFO :: - Deleting all
2017-11-30 09:04:17,266 :: GoPro :: INFO :: Upload to AWS:  2017-11-30T09:03:51.000Z_GOPR0377.JPG  Path: /home/pi/cloudberry/images/2017-11-30T09:03:51.000Z_GOPR0377.JPG
2017-11-30 09:04:18,421 :: GoPro :: INFO :: Uploaded to AWS S3.
2017-11-30 09:04:18,425 :: GoPro :: INFO :: - Sleep
2017-11-30 10:00:20,803 :: GoPro :: DEBUG :: ========== Starting GoPro H3 Controller ==========
2017-11-30 10:00:20,818 :: GoPro :: DEBUG :: Sleeping for 1 minutes
2017-11-30 10:03:26,023 :: GoPro :: INFO :: Wake up GoPro...
2017-11-30 10:03:36,073 :: GoPro :: INFO :: - Taking a photo
2017-11-30 10:03:52,451 :: GoPro :: INFO :: - Download media
2017-11-30 10:03:52,630 :: GoPro :: INFO :: Downloading 2017-11-30T10:03:52.000Z_GOPR0378.JPG (1687542 bytes)...
2017-11-30 10:03:57,560 :: GoPro :: INFO :: Downloaded 1 file(s)
2017-11-30 10:04:07,578 :: GoPro :: INFO :: - Deleting all
2017-11-30 10:04:17,869 :: GoPro :: INFO :: Upload to AWS:  2017-11-30T10:03:52.000Z_GOPR0378.JPG  Path: /home/pi/cloudberry/images/2017-11-30T10:03:52.000Z_GOPR0378.JPG
2017-11-30 10:04:18,298 :: GoPro :: INFO :: Uploaded to AWS S3.
2017-11-30 10:04:18,303 :: GoPro :: INFO :: - Sleep
2017-11-30 11:00:20,018 :: GoPro :: DEBUG :: ========== Starting GoPro H3 Controller ==========
2017-11-30 11:00:20,039 :: GoPro :: DEBUG :: Sleeping for 1 minutes
2017-11-30 11:03:25,725 :: GoPro :: INFO :: Wake up GoPro...
2017-11-30 11:03:35,770 :: GoPro :: INFO :: - Taking a photo
2017-11-30 11:03:52,061 :: GoPro :: INFO :: - Download media
2017-11-30 11:03:52,236 :: GoPro :: INFO :: Downloading 2017-11-30T11:03:52.000Z_GOPR0379.JPG (1673333 bytes)...
2017-11-30 11:03:57,168 :: GoPro :: INFO :: Downloaded 1 file(s)
2017-11-30 11:04:07,181 :: GoPro :: INFO :: - Deleting all
2017-11-30 11:04:17,562 :: GoPro :: INFO :: Upload to AWS:  2017-11-30T11:03:52.000Z_GOPR0379.JPG  Path: /home/pi/cloudberry/images/2017-11-30T11:03:52.000Z_GOPR0379.JPG
2017-11-30 11:04:18,015 :: GoPro :: INFO :: Uploaded to AWS S3.
2017-11-30 11:04:18,020 :: GoPro :: INFO :: - Sleep
2017-11-30 12:00:21,124 :: GoPro :: DEBUG :: ========== Starting GoPro H3 Controller ==========
2017-11-30 12:00:21,132 :: GoPro :: DEBUG :: Sleeping for 1 minutes
2017-11-30 12:03:27,397 :: GoPro :: INFO :: Wake up GoPro...
2017-11-30 12:03:37,455 :: GoPro :: INFO :: - Taking a photo
2017-11-30 12:03:37,469 :: GoPro :: ERROR :: Failed to send command to GoPro: HTTP Error 410: Gone
2017-11-30 12:03:47,492 :: GoPro :: INFO :: - Download media
2017-11-30 12:03:57,505 :: GoPro :: ERROR :: <urlopen error timed out>
2017-11-30 12:03:57,507 :: GoPro :: INFO :: - Sleep
2017-11-30 13:00:20,193 :: GoPro :: DEBUG :: ========== Starting GoPro H3 Controller ==========
2017-11-30 13:00:20,208 :: GoPro :: DEBUG :: Sleeping for 1 minutes
2017-11-30 13:03:26,911 :: GoPro :: INFO :: Wake up GoPro...
2017-11-30 13:03:36,950 :: GoPro :: INFO :: - Taking a photo
2017-11-30 13:03:36,965 :: GoPro :: ERROR :: Failed to send command to GoPro: HTTP Error 410: Gone
2017-11-30 13:03:46,978 :: GoPro :: INFO :: - Download media
2017-11-30 13:03:56,991 :: GoPro :: ERROR :: <urlopen error timed out>
2017-11-30 13:03:56,993 :: GoPro :: INFO :: - Sleep
2017-11-30 14:00:20,518 :: GoPro :: DEBUG :: ========== Starting GoPro H3 Controller ==========
2017-11-30 14:00:20,543 :: GoPro :: DEBUG :: Sleeping for 1 minutes
2017-11-30 14:03:27,734 :: GoPro :: INFO :: Wake up GoPro...
2017-11-30 14:03:37,772 :: GoPro :: INFO :: - Taking a photo
2017-11-30 14:03:37,786 :: GoPro :: ERROR :: Failed to send command to GoPro: HTTP Error 410: Gone
2017-11-30 14:03:47,799 :: GoPro :: INFO :: - Download media
2017-11-30 14:03:57,812 :: GoPro :: ERROR :: <urlopen error timed out>
2017-11-30 14:03:57,814 :: GoPro :: INFO :: - Sleep
2017-11-30 15:00:20,348 :: GoPro :: DEBUG :: ========== Starting GoPro H3 Controller ==========
2017-11-30 15:00:20,357 :: GoPro :: DEBUG :: Sleeping for 1 minutes
2017-11-30 15:03:28,042 :: GoPro :: INFO :: Wake up GoPro...
2017-11-30 15:03:38,078 :: GoPro :: INFO :: - Taking a photo
2017-11-30 15:03:38,093 :: GoPro :: ERROR :: Failed to send command to GoPro: HTTP Error 410: Gone
2017-11-30 15:03:48,106 :: GoPro :: INFO :: - Download media
2017-11-30 15:03:58,119 :: GoPro :: ERROR :: <urlopen error timed out>
2017-11-30 15:03:58,121 :: GoPro :: INFO :: - Sleep
2017-11-30 16:00:20,689 :: GoPro :: DEBUG :: ========== Starting GoPro H3 Controller ==========
2017-11-30 16:00:20,714 :: GoPro :: DEBUG :: Sleeping for 1 minutes
2017-11-30 16:03:28,905 :: GoPro :: INFO :: Wake up GoPro...
2017-11-30 16:03:38,943 :: GoPro :: INFO :: - Taking a photo
2017-11-30 16:03:38,960 :: GoPro :: ERROR :: Failed to send command to GoPro: HTTP Error 410: Gone
2017-11-30 16:03:48,973 :: GoPro :: INFO :: - Download media
2017-11-30 16:03:58,986 :: GoPro :: ERROR :: <urlopen error timed out>
2017-11-30 16:03:58,988 :: GoPro :: INFO :: - Sleep
2017-11-30 17:00:20,625 :: GoPro :: DEBUG :: ========== Starting GoPro H3 Controller ==========
2017-11-30 17:00:20,646 :: GoPro :: DEBUG :: Sleeping for 1 minutes
2017-11-30 17:03:29,333 :: GoPro :: INFO :: Wake up GoPro...
2017-11-30 17:03:39,368 :: GoPro :: INFO :: - Taking a photo
2017-11-30 17:03:39,382 :: GoPro :: ERROR :: Failed to send command to GoPro: HTTP Error 410: Gone
2017-11-30 17:03:49,396 :: GoPro :: INFO :: - Download media
2017-11-30 17:03:59,409 :: GoPro :: ERROR :: <urlopen error timed out>
2017-11-30 17:03:59,411 :: GoPro :: INFO :: - Sleep
2017-11-30 18:00:20,298 :: GoPro :: DEBUG :: ========== Starting GoPro H3 Controller ==========
2017-11-30 18:00:20,308 :: GoPro :: DEBUG :: Sleeping for 1 minutes
2017-11-30 18:03:29,512 :: GoPro :: INFO :: Wake up GoPro...
2017-11-30 18:03:39,549 :: GoPro :: INFO :: - Taking a photo
2017-11-30 18:03:39,565 :: GoPro :: ERROR :: Failed to send command to GoPro: HTTP Error 410: Gone
2017-11-30 18:03:49,579 :: GoPro :: INFO :: - Download media
2017-11-30 18:03:59,592 :: GoPro :: ERROR :: <urlopen error timed out>
2017-11-30 18:03:59,594 :: GoPro :: INFO :: - Sleep
2017-11-30 19:00:20,774 :: GoPro :: DEBUG :: ========== Starting GoPro H3 Controller ==========
2017-11-30 19:00:20,792 :: GoPro :: DEBUG :: Sleeping for 1 minutes
2017-11-30 19:03:30,505 :: GoPro :: INFO :: Wake up GoPro...
2017-11-30 19:03:40,541 :: GoPro :: INFO :: - Taking a photo
2017-11-30 19:03:40,557 :: GoPro :: ERROR :: Failed to send command to GoPro: HTTP Error 410: Gone
2017-11-30 19:03:50,570 :: GoPro :: INFO :: - Download media
2017-11-30 19:04:00,583 :: GoPro :: ERROR :: <urlopen error timed out>
2017-11-30 19:04:00,585 :: GoPro :: INFO :: - Sleep
2017-12-01 07:00:22,605 :: GoPro :: DEBUG :: ========== Starting GoPro H3 Controller ==========
2017-12-01 07:00:22,612 :: GoPro :: DEBUG :: Sleeping for 1 minutes
2017-12-01 07:03:32,791 :: GoPro :: INFO :: Wake up GoPro...
2017-12-01 07:03:42,834 :: GoPro :: INFO :: - Taking a photo
2017-12-01 07:03:42,848 :: GoPro :: ERROR :: Failed to send command to GoPro: HTTP Error 410: Gone
2017-12-01 07:03:52,861 :: GoPro :: INFO :: - Download media
2017-12-01 07:04:02,875 :: GoPro :: ERROR :: <urlopen error timed out>
2017-12-01 07:04:02,876 :: GoPro :: INFO :: - Sleep
2017-12-01 08:00:20,186 :: GoPro :: DEBUG :: ========== Starting GoPro H3 Controller ==========
2017-12-01 08:00:20,200 :: GoPro :: DEBUG :: Sleeping for 1 minutes
2017-12-01 08:03:30,897 :: GoPro :: INFO :: Wake up GoPro...
2017-12-01 08:03:40,933 :: GoPro :: INFO :: - Taking a photo
2017-12-01 08:03:40,947 :: GoPro :: ERROR :: Failed to send command to GoPro: HTTP Error 410: Gone
2017-12-01 08:03:50,960 :: GoPro :: INFO :: - Download media
2017-12-01 08:04:00,974 :: GoPro :: ERROR :: <urlopen error timed out>
2017-12-01 08:04:00,975 :: GoPro :: INFO :: - Sleep
2017-12-01 09:00:20,963 :: GoPro :: DEBUG :: ========== Starting GoPro H3 Controller ==========
2017-12-01 09:00:20,969 :: GoPro :: DEBUG :: Sleeping for 1 minutes
2017-12-01 09:03:32,149 :: GoPro :: INFO :: Wake up GoPro...
2017-12-01 09:03:42,185 :: GoPro :: INFO :: - Taking a photo
2017-12-01 09:03:42,199 :: GoPro :: ERROR :: Failed to send command to GoPro: HTTP Error 410: Gone
2017-12-01 09:03:52,212 :: GoPro :: INFO :: - Download media
2017-12-01 09:04:02,225 :: GoPro :: ERROR :: <urlopen error timed out>
2017-12-01 09:04:02,227 :: GoPro :: INFO :: - Sleep
2017-12-01 10:00:20,636 :: GoPro :: DEBUG :: ========== Starting GoPro H3 Controller ==========
2017-12-01 10:00:20,644 :: GoPro :: DEBUG :: Sleeping for 1 minutes
2017-12-01 10:03:32,332 :: GoPro :: INFO :: Wake up GoPro...
2017-12-01 10:03:42,368 :: GoPro :: INFO :: - Taking a photo
2017-12-01 10:03:42,382 :: GoPro :: ERROR :: Failed to send command to GoPro: HTTP Error 410: Gone
2017-12-01 10:03:52,395 :: GoPro :: INFO :: - Download media
2017-12-01 10:04:02,409 :: GoPro :: ERROR :: <urlopen error timed out>
2017-12-01 10:04:02,410 :: GoPro :: INFO :: - Sleep
2017-12-01 11:00:20,436 :: GoPro :: DEBUG :: ========== Starting GoPro H3 Controller ==========
2017-12-01 11:00:20,451 :: GoPro :: DEBUG :: Sleeping for 1 minutes
2017-12-01 11:03:32,642 :: GoPro :: INFO :: Wake up GoPro...
2017-12-01 11:03:42,684 :: GoPro :: INFO :: - Taking a photo
2017-12-01 11:03:42,701 :: GoPro :: ERROR :: Failed to send command to GoPro: HTTP Error 410: Gone
2017-12-01 11:03:52,714 :: GoPro :: INFO :: - Download media
2017-12-01 11:04:02,727 :: GoPro :: ERROR :: <urlopen error timed out>
2017-12-01 11:04:02,729 :: GoPro :: INFO :: - Sleep
2017-12-01 12:00:20,719 :: GoPro :: DEBUG :: ========== Starting GoPro H3 Controller ==========
2017-12-01 12:00:20,741 :: GoPro :: DEBUG :: Sleeping for 1 minutes
2017-12-01 12:03:33,423 :: GoPro :: INFO :: Wake up GoPro...
2017-12-01 12:03:43,458 :: GoPro :: INFO :: - Taking a photo
2017-12-01 12:03:43,473 :: GoPro :: ERROR :: Failed to send command to GoPro: HTTP Error 410: Gone
2017-12-01 12:03:53,486 :: GoPro :: INFO :: - Download media
2017-12-01 12:04:03,499 :: GoPro :: ERROR :: <urlopen error timed out>
2017-12-01 12:04:03,501 :: GoPro :: INFO :: - Sleep
2017-12-01 13:00:20,238 :: GoPro :: DEBUG :: ========== Starting GoPro H3 Controller ==========
2017-12-01 13:00:20,258 :: GoPro :: DEBUG :: Sleeping for 1 minutes
2017-12-01 13:03:33,449 :: GoPro :: INFO :: Wake up GoPro...
2017-12-01 13:03:43,487 :: GoPro :: INFO :: - Taking a photo
2017-12-01 13:03:43,503 :: GoPro :: ERROR :: Failed to send command to GoPro: HTTP Error 410: Gone
2017-12-01 13:03:53,517 :: GoPro :: INFO :: - Download media
2017-12-01 13:04:03,530 :: GoPro :: ERROR :: <urlopen error timed out>
2017-12-01 13:04:03,532 :: GoPro :: INFO :: - Sleep
2017-12-01 14:00:20,169 :: GoPro :: DEBUG :: ========== Starting GoPro H3 Controller ==========
2017-12-01 14:00:20,182 :: GoPro :: DEBUG :: Sleeping for 1 minutes
2017-12-01 14:03:33,867 :: GoPro :: INFO :: Wake up GoPro...
2017-12-01 14:03:43,903 :: GoPro :: INFO :: - Taking a photo
2017-12-01 14:03:43,917 :: GoPro :: ERROR :: Failed to send command to GoPro: HTTP Error 410: Gone
2017-12-01 14:03:53,930 :: GoPro :: INFO :: - Download media
2017-12-01 14:04:03,944 :: GoPro :: ERROR :: <urlopen error timed out>
2017-12-01 14:04:03,946 :: GoPro :: INFO :: - Sleep
2017-12-01 15:00:20,750 :: GoPro :: DEBUG :: ========== Starting GoPro H3 Controller ==========
2017-12-01 15:00:20,764 :: GoPro :: DEBUG :: Sleeping for 1 minutes
2017-12-01 15:03:34,950 :: GoPro :: INFO :: Wake up GoPro...
2017-12-01 15:03:44,991 :: GoPro :: INFO :: - Taking a photo
2017-12-01 15:03:45,005 :: GoPro :: ERROR :: Failed to send command to GoPro: HTTP Error 410: Gone
2017-12-01 15:03:55,019 :: GoPro :: INFO :: - Download media
2017-12-01 15:04:05,032 :: GoPro :: ERROR :: <urlopen error timed out>
2017-12-01 15:04:05,034 :: GoPro :: INFO :: - Sleep
2017-12-01 16:00:20,434 :: GoPro :: DEBUG :: ========== Starting GoPro H3 Controller ==========
2017-12-01 16:00:20,443 :: GoPro :: DEBUG :: Sleeping for 1 minutes
2017-12-01 16:03:35,123 :: GoPro :: INFO :: Wake up GoPro...
2017-12-01 16:03:45,166 :: GoPro :: INFO :: - Taking a photo
2017-12-01 16:03:45,184 :: GoPro :: ERROR :: Failed to send command to GoPro: HTTP Error 410: Gone
2017-12-01 16:03:55,197 :: GoPro :: INFO :: - Download media
2017-12-01 16:04:05,211 :: GoPro :: ERROR :: <urlopen error timed out>
2017-12-01 16:04:05,212 :: GoPro :: INFO :: - Sleep
2017-12-01 17:00:20,714 :: GoPro :: DEBUG :: ========== Starting GoPro H3 Controller ==========
2017-12-01 17:00:20,737 :: GoPro :: DEBUG :: Sleeping for 1 minutes
2017-12-01 17:03:35,914 :: GoPro :: INFO :: Wake up GoPro...
2017-12-01 17:03:45,954 :: GoPro :: INFO :: - Taking a photo
2017-12-01 17:03:45,968 :: GoPro :: ERROR :: Failed to send command to GoPro: HTTP Error 410: Gone
2017-12-01 17:03:55,982 :: GoPro :: INFO :: - Download media
2017-12-01 17:04:05,995 :: GoPro :: ERROR :: <urlopen error timed out>
2017-12-01 17:04:05,997 :: GoPro :: INFO :: - Sleep
2017-12-01 18:00:20,742 :: GoPro :: DEBUG :: ========== Starting GoPro H3 Controller ==========
2017-12-01 18:00:20,761 :: GoPro :: DEBUG :: Sleeping for 1 minutes
2017-12-01 18:03:36,441 :: GoPro :: INFO :: Wake up GoPro...
2017-12-01 18:03:46,479 :: GoPro :: INFO :: - Taking a photo
2017-12-01 18:03:46,495 :: GoPro :: ERROR :: Failed to send command to GoPro: HTTP Error 410: Gone
2017-12-01 18:03:56,508 :: GoPro :: INFO :: - Download media
2017-12-01 18:04:06,522 :: GoPro :: ERROR :: <urlopen error timed out>
2017-12-01 18:04:06,523 :: GoPro :: INFO :: - Sleep
2017-12-01 19:00:20,562 :: GoPro :: DEBUG :: ========== Starting GoPro H3 Controller ==========
2017-12-01 19:00:20,572 :: GoPro :: DEBUG :: Sleeping for 1 minutes
2017-12-01 19:03:36,778 :: GoPro :: INFO :: Wake up GoPro...
2017-12-01 19:03:46,815 :: GoPro :: INFO :: - Taking a photo
2017-12-01 19:03:46,829 :: GoPro :: ERROR :: Failed to send command to GoPro: HTTP Error 410: Gone
2017-12-01 19:03:56,843 :: GoPro :: INFO :: - Download media
2017-12-01 19:04:06,856 :: GoPro :: ERROR :: <urlopen error timed out>
2017-12-01 19:04:06,858 :: GoPro :: INFO :: - Sleep
2017-12-02 07:00:22,243 :: GoPro :: DEBUG :: ========== Starting GoPro H3 Controller ==========
2017-12-02 07:00:22,256 :: GoPro :: DEBUG :: Sleeping for 1 minutes
2017-12-02 07:03:38,951 :: GoPro :: INFO :: Wake up GoPro...
2017-12-02 07:03:48,987 :: GoPro :: INFO :: - Taking a photo
2017-12-02 07:03:49,001 :: GoPro :: ERROR :: Failed to send command to GoPro: HTTP Error 410: Gone
2017-12-02 07:03:59,015 :: GoPro :: INFO :: - Download media
2017-12-02 07:04:09,028 :: GoPro :: ERROR :: <urlopen error timed out>
2017-12-02 07:04:09,030 :: GoPro :: INFO :: - Sleep
2017-12-02 08:00:20,532 :: GoPro :: DEBUG :: ========== Starting GoPro H3 Controller ==========
2017-12-02 08:00:20,544 :: GoPro :: DEBUG :: Sleeping for 1 minutes
2017-12-02 08:03:37,741 :: GoPro :: INFO :: Wake up GoPro...
2017-12-02 08:03:47,871 :: GoPro :: INFO :: - Taking a photo
2017-12-02 08:03:47,885 :: GoPro :: ERROR :: Failed to send command to GoPro: HTTP Error 410: Gone
2017-12-02 08:03:57,898 :: GoPro :: INFO :: - Download media
2017-12-02 08:04:07,912 :: GoPro :: ERROR :: <urlopen error timed out>
2017-12-02 08:04:07,913 :: GoPro :: INFO :: - Sleep
2017-12-02 09:00:20,384 :: GoPro :: DEBUG :: ========== Starting GoPro H3 Controller ==========
2017-12-02 09:00:20,417 :: GoPro :: DEBUG :: Sleeping for 1 minutes
2017-12-02 09:03:38,127 :: GoPro :: INFO :: Wake up GoPro...
2017-12-02 09:03:48,163 :: GoPro :: INFO :: - Taking a photo
2017-12-02 09:03:48,178 :: GoPro :: ERROR :: Failed to send command to GoPro: HTTP Error 410: Gone
2017-12-02 09:03:58,200 :: GoPro :: INFO :: - Download media
2017-12-02 09:04:08,214 :: GoPro :: ERROR :: <urlopen error timed out>
2017-12-02 09:04:08,215 :: GoPro :: INFO :: - Sleep
2017-12-02 10:00:21,466 :: GoPro :: DEBUG :: ========== Starting GoPro H3 Controller ==========
2017-12-02 10:00:21,487 :: GoPro :: DEBUG :: Sleeping for 1 minutes
2017-12-02 10:03:39,716 :: GoPro :: INFO :: Wake up GoPro...
2017-12-02 10:03:49,762 :: GoPro :: INFO :: - Taking a photo
2017-12-02 10:03:49,776 :: GoPro :: ERROR :: Failed to send command to GoPro: HTTP Error 410: Gone
2017-12-02 10:03:59,798 :: GoPro :: INFO :: - Download media
2017-12-02 10:04:09,812 :: GoPro :: ERROR :: <urlopen error timed out>
2017-12-02 10:04:09,813 :: GoPro :: INFO :: - Sleep
2017-12-02 11:00:20,464 :: GoPro :: DEBUG :: ========== Starting GoPro H3 Controller ==========
2017-12-02 11:00:20,472 :: GoPro :: DEBUG :: Sleeping for 1 minutes
2017-12-02 11:03:39,168 :: GoPro :: INFO :: Wake up GoPro...
2017-12-02 11:03:49,204 :: GoPro :: INFO :: - Taking a photo
2017-12-02 11:03:49,219 :: GoPro :: ERROR :: Failed to send command to GoPro: HTTP Error 410: Gone
2017-12-02 11:03:59,232 :: GoPro :: INFO :: - Download media
2017-12-02 11:04:09,245 :: GoPro :: ERROR :: <urlopen error timed out>
2017-12-02 11:04:09,247 :: GoPro :: INFO :: - Sleep
2017-12-02 12:00:20,204 :: GoPro :: DEBUG :: ========== Starting GoPro H3 Controller ==========
2017-12-02 12:00:20,210 :: GoPro :: DEBUG :: Sleeping for 1 minutes
2017-12-02 12:03:39,422 :: GoPro :: INFO :: Wake up GoPro...
2017-12-02 12:03:49,460 :: GoPro :: INFO :: - Taking a photo
2017-12-02 12:03:49,474 :: GoPro :: ERROR :: Failed to send command to GoPro: HTTP Error 410: Gone
2017-12-02 12:03:59,487 :: GoPro :: INFO :: - Download media
2017-12-02 12:04:09,501 :: GoPro :: ERROR :: <urlopen error timed out>
2017-12-02 12:04:09,503 :: GoPro :: INFO :: - Sleep
2017-12-02 13:00:20,269 :: GoPro :: DEBUG :: ========== Starting GoPro H3 Controller ==========
2017-12-02 13:00:20,280 :: GoPro :: DEBUG :: Sleeping for 1 minutes
2017-12-02 13:03:39,986 :: GoPro :: INFO :: Wake up GoPro...
2017-12-02 13:03:50,024 :: GoPro :: INFO :: - Taking a photo
2017-12-02 13:03:50,037 :: GoPro :: ERROR :: Failed to send command to GoPro: HTTP Error 410: Gone
2017-12-02 13:04:00,050 :: GoPro :: INFO :: - Download media
2017-12-02 13:04:10,064 :: GoPro :: ERROR :: <urlopen error timed out>
2017-12-02 13:04:10,065 :: GoPro :: INFO :: - Sleep
2017-12-02 14:00:20,167 :: GoPro :: DEBUG :: ========== Starting GoPro H3 Controller ==========
2017-12-02 14:00:20,187 :: GoPro :: DEBUG :: Sleeping for 1 minutes
2017-12-02 14:03:40,392 :: GoPro :: INFO :: Wake up GoPro...
2017-12-02 14:03:50,428 :: GoPro :: INFO :: - Taking a photo
2017-12-02 14:03:50,442 :: GoPro :: ERROR :: Failed to send command to GoPro: HTTP Error 410: Gone
2017-12-02 14:04:00,456 :: GoPro :: INFO :: - Download media
2017-12-02 14:04:10,469 :: GoPro :: ERROR :: <urlopen error timed out>
2017-12-02 14:04:10,471 :: GoPro :: INFO :: - Sleep
2017-12-02 15:00:20,798 :: GoPro :: DEBUG :: ========== Starting GoPro H3 Controller ==========
2017-12-02 15:00:20,804 :: GoPro :: DEBUG :: Sleeping for 1 minutes
2017-12-02 15:03:41,510 :: GoPro :: INFO :: Wake up GoPro...
2017-12-02 15:03:51,547 :: GoPro :: INFO :: - Taking a photo
2017-12-02 15:03:51,562 :: GoPro :: ERROR :: Failed to send command to GoPro: HTTP Error 410: Gone
2017-12-02 15:04:01,575 :: GoPro :: INFO :: - Download media
2017-12-02 15:04:11,588 :: GoPro :: ERROR :: <urlopen error timed out>
2017-12-02 15:04:11,590 :: GoPro :: INFO :: - Sleep
2017-12-02 16:00:20,132 :: GoPro :: DEBUG :: ========== Starting GoPro H3 Controller ==========
2017-12-02 16:00:20,153 :: GoPro :: DEBUG :: Sleeping for 1 minutes
2017-12-02 16:03:41,366 :: GoPro :: INFO :: Wake up GoPro...
2017-12-02 16:03:51,401 :: GoPro :: INFO :: - Taking a photo
2017-12-02 16:03:51,418 :: GoPro :: ERROR :: Failed to send command to GoPro: HTTP Error 410: Gone
2017-12-02 16:04:01,431 :: GoPro :: INFO :: - Download media
2017-12-02 16:04:11,444 :: GoPro :: ERROR :: <urlopen error timed out>
2017-12-02 16:04:11,446 :: GoPro :: INFO :: - Sleep
2017-12-02 17:00:20,619 :: GoPro :: DEBUG :: ========== Starting GoPro H3 Controller ==========
2017-12-02 17:00:20,636 :: GoPro :: DEBUG :: Sleeping for 1 minutes
2017-12-02 17:03:42,340 :: GoPro :: INFO :: Wake up GoPro...
2017-12-02 17:03:52,381 :: GoPro :: INFO :: - Taking a photo
2017-12-02 17:03:52,395 :: GoPro :: ERROR :: Failed to send command to GoPro: HTTP Error 410: Gone
2017-12-02 17:04:02,409 :: GoPro :: INFO :: - Download media
2017-12-02 17:04:12,422 :: GoPro :: ERROR :: <urlopen error timed out>
2017-12-02 17:04:12,424 :: GoPro :: INFO :: - Sleep
2017-12-02 18:00:20,562 :: GoPro :: DEBUG :: ========== Starting GoPro H3 Controller ==========
2017-12-02 18:00:20,583 :: GoPro :: DEBUG :: Sleeping for 1 minutes
2017-12-02 18:03:42,788 :: GoPro :: INFO :: Wake up GoPro...
2017-12-02 18:03:52,828 :: GoPro :: INFO :: - Taking a photo
2017-12-02 18:03:52,857 :: GoPro :: ERROR :: Failed to send command to GoPro: HTTP Error 410: Gone
2017-12-02 18:04:02,871 :: GoPro :: INFO :: - Download media
2017-12-02 18:04:12,884 :: GoPro :: ERROR :: <urlopen error timed out>
2017-12-02 18:04:12,886 :: GoPro :: INFO :: - Sleep
2017-12-02 19:00:20,952 :: GoPro :: DEBUG :: ========== Starting GoPro H3 Controller ==========
2017-12-02 19:00:20,977 :: GoPro :: DEBUG :: Sleeping for 1 minutes
2017-12-02 19:03:43,683 :: GoPro :: INFO :: Wake up GoPro...
2017-12-02 19:03:53,718 :: GoPro :: INFO :: - Taking a photo
2017-12-02 19:03:53,735 :: GoPro :: ERROR :: Failed to send command to GoPro: HTTP Error 410: Gone
2017-12-02 19:04:03,748 :: GoPro :: INFO :: - Download media
2017-12-02 19:04:13,762 :: GoPro :: ERROR :: <urlopen error timed out>
2017-12-02 19:04:13,763 :: GoPro :: INFO :: - Sleep
2017-12-03 07:00:22,088 :: GoPro :: DEBUG :: ========== Starting GoPro H3 Controller ==========
2017-12-03 07:00:22,117 :: GoPro :: DEBUG :: Sleeping for 1 minutes
2017-12-03 07:03:45,291 :: GoPro :: INFO :: Wake up GoPro...
2017-12-03 07:03:55,329 :: GoPro :: INFO :: - Taking a photo
2017-12-03 07:03:55,344 :: GoPro :: ERROR :: Failed to send command to GoPro: HTTP Error 410: Gone
2017-12-03 07:04:05,357 :: GoPro :: INFO :: - Download media
2017-12-03 07:04:15,371 :: GoPro :: ERROR :: <urlopen error timed out>
2017-12-03 07:04:15,372 :: GoPro :: INFO :: - Sleep
2017-12-03 08:00:20,586 :: GoPro :: DEBUG :: ========== Starting GoPro H3 Controller ==========
2017-12-03 08:00:20,606 :: GoPro :: DEBUG :: Sleeping for 1 minutes
2017-12-03 08:03:44,280 :: GoPro :: INFO :: Wake up GoPro...
2017-12-03 08:03:54,317 :: GoPro :: INFO :: - Taking a photo
2017-12-03 08:03:54,331 :: GoPro :: ERROR :: Failed to send command to GoPro: HTTP Error 410: Gone
2017-12-03 08:04:04,345 :: GoPro :: INFO :: - Download media
2017-12-03 08:04:14,358 :: GoPro :: ERROR :: <urlopen error timed out>
2017-12-03 08:04:14,360 :: GoPro :: INFO :: - Sleep
2017-12-03 09:00:20,460 :: GoPro :: DEBUG :: ========== Starting GoPro H3 Controller ==========
2017-12-03 09:00:20,481 :: GoPro :: DEBUG :: Sleeping for 1 minutes
2017-12-03 09:03:44,656 :: GoPro :: INFO :: Wake up GoPro...
2017-12-03 09:03:54,694 :: GoPro :: INFO :: - Taking a photo
2017-12-03 09:03:54,708 :: GoPro :: ERROR :: Failed to send command to GoPro: HTTP Error 410: Gone
2017-12-03 09:04:04,721 :: GoPro :: INFO :: - Download media
2017-12-03 09:04:14,735 :: GoPro :: ERROR :: <urlopen error timed out>
2017-12-03 09:04:14,736 :: GoPro :: INFO :: - Sleep
2017-12-03 10:00:20,567 :: GoPro :: DEBUG :: ========== Starting GoPro H3 Controller ==========
2017-12-03 10:00:20,586 :: GoPro :: DEBUG :: Sleeping for 1 minutes
2017-12-03 10:03:45,271 :: GoPro :: INFO :: Wake up GoPro...
2017-12-03 10:03:55,306 :: GoPro :: INFO :: - Taking a photo
2017-12-03 10:03:55,321 :: GoPro :: ERROR :: Failed to send command to GoPro: HTTP Error 410: Gone
2017-12-03 10:04:05,334 :: GoPro :: INFO :: - Download media
2017-12-03 10:04:15,347 :: GoPro :: ERROR :: <urlopen error timed out>
2017-12-03 10:04:15,349 :: GoPro :: INFO :: - Sleep
2017-12-03 11:00:20,365 :: GoPro :: DEBUG :: ========== Starting GoPro H3 Controller ==========
2017-12-03 11:00:20,376 :: GoPro :: DEBUG :: Sleeping for 1 minutes
2017-12-03 11:03:45,549 :: GoPro :: INFO :: Wake up GoPro...
2017-12-03 11:03:55,587 :: GoPro :: INFO :: - Taking a photo
2017-12-03 11:03:55,601 :: GoPro :: ERROR :: Failed to send command to GoPro: HTTP Error 410: Gone
2017-12-03 11:04:05,615 :: GoPro :: INFO :: - Download media
2017-12-03 11:04:15,628 :: GoPro :: ERROR :: <urlopen error timed out>
2017-12-03 11:04:15,630 :: GoPro :: INFO :: - Sleep
2017-12-03 12:00:20,442 :: GoPro :: DEBUG :: ========== Starting GoPro H3 Controller ==========
2017-12-03 12:00:20,448 :: GoPro :: DEBUG :: Sleeping for 1 minutes
2017-12-03 12:03:46,125 :: GoPro :: INFO :: Wake up GoPro...
2017-12-03 12:03:56,185 :: GoPro :: INFO :: - Taking a photo
2017-12-03 12:03:56,201 :: GoPro :: ERROR :: Failed to send command to GoPro: HTTP Error 410: Gone
2017-12-03 12:04:06,215 :: GoPro :: INFO :: - Download media
2017-12-03 12:04:16,228 :: GoPro :: ERROR :: <urlopen error timed out>
2017-12-03 12:04:16,230 :: GoPro :: INFO :: - Sleep
2017-12-03 13:00:20,488 :: GoPro :: DEBUG :: ========== Starting GoPro H3 Controller ==========
2017-12-03 13:00:20,509 :: GoPro :: DEBUG :: Sleeping for 1 minutes
2017-12-03 13:03:46,693 :: GoPro :: INFO :: Wake up GoPro...
2017-12-03 13:03:56,728 :: GoPro :: INFO :: - Taking a photo
2017-12-03 13:03:56,742 :: GoPro :: ERROR :: Failed to send command to GoPro: HTTP Error 410: Gone
2017-12-03 13:04:06,756 :: GoPro :: INFO :: - Download media
2017-12-03 13:04:16,769 :: GoPro :: ERROR :: <urlopen error timed out>
2017-12-03 13:04:16,771 :: GoPro :: INFO :: - Sleep
2017-12-03 14:00:20,380 :: GoPro :: DEBUG :: ========== Starting GoPro H3 Controller ==========
2017-12-03 14:00:20,400 :: GoPro :: DEBUG :: Sleeping for 1 minutes
2017-12-03 14:03:47,093 :: GoPro :: INFO :: Wake up GoPro...
2017-12-03 14:03:58,198 :: GoPro :: INFO :: - Taking a photo
2017-12-03 14:03:58,212 :: GoPro :: ERROR :: Failed to send command to GoPro: HTTP Error 410: Gone
2017-12-03 14:04:08,225 :: GoPro :: INFO :: - Download media
2017-12-03 14:04:18,238 :: GoPro :: ERROR :: <urlopen error timed out>
2017-12-03 14:04:18,240 :: GoPro :: INFO :: - Sleep
2017-12-03 15:00:20,439 :: GoPro :: DEBUG :: ========== Starting GoPro H3 Controller ==========
2017-12-03 15:00:20,463 :: GoPro :: DEBUG :: Sleeping for 1 minutes
2017-12-03 15:03:47,645 :: GoPro :: INFO :: Wake up GoPro...
2017-12-03 15:03:57,684 :: GoPro :: INFO :: - Taking a photo
2017-12-03 15:03:57,700 :: GoPro :: ERROR :: Failed to send command to GoPro: HTTP Error 410: Gone
2017-12-03 15:04:07,713 :: GoPro :: INFO :: - Download media
2017-12-03 15:04:17,727 :: GoPro :: ERROR :: <urlopen error timed out>
2017-12-03 15:04:17,729 :: GoPro :: INFO :: - Sleep
2017-12-03 16:00:20,169 :: GoPro :: DEBUG :: ========== Starting GoPro H3 Controller ==========
2017-12-03 16:00:20,191 :: GoPro :: DEBUG :: Sleeping for 1 minutes
2017-12-03 16:03:47,876 :: GoPro :: INFO :: Wake up GoPro...
2017-12-03 16:03:57,912 :: GoPro :: INFO :: - Taking a photo
2017-12-03 16:03:57,928 :: GoPro :: ERROR :: Failed to send command to GoPro: HTTP Error 410: Gone
2017-12-03 16:04:07,941 :: GoPro :: INFO :: - Download media
2017-12-03 16:04:17,955 :: GoPro :: ERROR :: <urlopen error timed out>
2017-12-03 16:04:17,956 :: GoPro :: INFO :: - Sleep
2017-12-03 17:00:20,193 :: GoPro :: DEBUG :: ========== Starting GoPro H3 Controller ==========
2017-12-03 17:00:20,218 :: GoPro :: DEBUG :: Sleeping for 1 minutes
2017-12-03 17:03:48,431 :: GoPro :: INFO :: Wake up GoPro...
2017-12-03 17:03:58,469 :: GoPro :: INFO :: - Taking a photo
2017-12-03 17:03:58,483 :: GoPro :: ERROR :: Failed to send command to GoPro: HTTP Error 410: Gone
2017-12-03 17:04:08,496 :: GoPro :: INFO :: - Download media
2017-12-03 17:04:18,510 :: GoPro :: ERROR :: <urlopen error timed out>
2017-12-03 17:04:18,511 :: GoPro :: INFO :: - Sleep
2017-12-03 18:00:20,550 :: GoPro :: DEBUG :: ========== Starting GoPro H3 Controller ==========
2017-12-03 18:00:20,576 :: GoPro :: DEBUG :: Sleeping for 1 minutes
2017-12-03 18:03:49,253 :: GoPro :: INFO :: Wake up GoPro...
2017-12-03 18:03:59,292 :: GoPro :: INFO :: - Taking a photo
2017-12-03 18:03:59,306 :: GoPro :: ERROR :: Failed to send command to GoPro: HTTP Error 410: Gone
2017-12-03 18:04:09,320 :: GoPro :: INFO :: - Download media
2017-12-03 18:04:19,333 :: GoPro :: ERROR :: <urlopen error timed out>
2017-12-03 18:04:19,335 :: GoPro :: INFO :: - Sleep
2017-12-03 19:00:20,460 :: GoPro :: DEBUG :: ========== Starting GoPro H3 Controller ==========
2017-12-03 19:00:20,472 :: GoPro :: DEBUG :: Sleeping for 1 minutes
2017-12-03 19:03:49,650 :: GoPro :: INFO :: Wake up GoPro...
2017-12-03 19:03:59,690 :: GoPro :: INFO :: - Taking a photo
2017-12-03 19:03:59,704 :: GoPro :: ERROR :: Failed to send command to GoPro: HTTP Error 410: Gone
2017-12-03 19:04:09,717 :: GoPro :: INFO :: - Download media
2017-12-03 19:04:19,730 :: GoPro :: ERROR :: <urlopen error timed out>
2017-12-03 19:04:19,732 :: GoPro :: INFO :: - Sleep
2017-12-04 07:00:22,061 :: GoPro :: DEBUG :: ========== Starting GoPro H3 Controller ==========
2017-12-04 07:00:22,068 :: GoPro :: DEBUG :: Sleeping for 1 minutes
2017-12-04 07:03:51,733 :: GoPro :: INFO :: Wake up GoPro...
2017-12-04 07:04:01,770 :: GoPro :: INFO :: - Taking a photo
2017-12-04 07:04:01,784 :: GoPro :: ERROR :: Failed to send command to GoPro: HTTP Error 410: Gone
2017-12-04 07:04:11,798 :: GoPro :: INFO :: - Download media
2017-12-04 07:04:21,811 :: GoPro :: ERROR :: <urlopen error timed out>
2017-12-04 07:04:21,813 :: GoPro :: INFO :: - Sleep
2017-12-04 08:00:20,606 :: GoPro :: DEBUG :: ========== Starting GoPro H3 Controller ==========
2017-12-04 08:00:20,613 :: GoPro :: DEBUG :: Sleeping for 1 minutes
2017-12-04 08:03:50,769 :: GoPro :: INFO :: Wake up GoPro...
2017-12-04 08:04:00,804 :: GoPro :: INFO :: - Taking a photo
2017-12-04 08:04:00,822 :: GoPro :: ERROR :: Failed to send command to GoPro: HTTP Error 410: Gone
2017-12-04 08:04:10,836 :: GoPro :: INFO :: - Download media
2017-12-04 08:04:20,844 :: GoPro :: ERROR :: <urlopen error timed out>
2017-12-04 08:04:20,846 :: GoPro :: INFO :: - Sleep
2017-12-04 09:00:21,143 :: GoPro :: DEBUG :: ========== Starting GoPro H3 Controller ==========
2017-12-04 09:00:21,156 :: GoPro :: DEBUG :: Sleeping for 1 minutes
2017-12-04 09:03:51,818 :: GoPro :: INFO :: Wake up GoPro...
2017-12-04 09:04:01,854 :: GoPro :: INFO :: - Taking a photo
2017-12-04 09:04:11,868 :: GoPro :: ERROR :: Failed to send command to GoPro: <urlopen error timed out>
2017-12-04 09:04:21,881 :: GoPro :: INFO :: - Download media
2017-12-04 09:04:31,895 :: GoPro :: ERROR :: <urlopen error timed out>
2017-12-04 09:04:31,897 :: GoPro :: INFO :: - Sleep
2017-12-04 09:04:41,905 :: GoPro :: ERROR :: Failed to send command to GoPro: <urlopen error timed out>
2017-12-04 10:00:20,298 :: GoPro :: DEBUG :: ========== Starting GoPro H3 Controller ==========
2017-12-04 10:00:20,320 :: GoPro :: DEBUG :: Sleeping for 1 minutes
2017-12-04 10:03:51,470 :: GoPro :: INFO :: Wake up GoPro...
2017-12-04 10:04:01,504 :: GoPro :: INFO :: - Taking a photo
2017-12-04 10:04:01,523 :: GoPro :: ERROR :: Failed to send command to GoPro: HTTP Error 410: Gone
2017-12-04 10:04:11,536 :: GoPro :: INFO :: - Download media
2017-12-04 10:04:21,550 :: GoPro :: ERROR :: <urlopen error timed out>
2017-12-04 10:04:21,551 :: GoPro :: INFO :: - Sleep
2017-12-04 11:00:20,160 :: GoPro :: DEBUG :: ========== Starting GoPro H3 Controller ==========
2017-12-04 11:00:20,176 :: GoPro :: DEBUG :: Sleeping for 1 minutes
2017-12-04 11:03:51,827 :: GoPro :: INFO :: Wake up GoPro...
2017-12-04 11:04:01,865 :: GoPro :: INFO :: - Taking a photo
2017-12-04 11:04:01,879 :: GoPro :: ERROR :: Failed to send command to GoPro: HTTP Error 410: Gone
2017-12-04 11:04:11,892 :: GoPro :: INFO :: - Download media
2017-12-04 11:04:21,905 :: GoPro :: ERROR :: <urlopen error timed out>
2017-12-04 11:04:21,907 :: GoPro :: INFO :: - Sleep
2017-12-04 12:00:20,574 :: GoPro :: DEBUG :: ========== Starting GoPro H3 Controller ==========
2017-12-04 12:00:20,585 :: GoPro :: DEBUG :: Sleeping for 1 minutes
2017-12-04 12:03:52,744 :: GoPro :: INFO :: Wake up GoPro...
2017-12-04 12:04:02,783 :: GoPro :: INFO :: - Taking a photo
2017-12-04 12:04:02,797 :: GoPro :: ERROR :: Failed to send command to GoPro: HTTP Error 410: Gone
2017-12-04 12:04:12,810 :: GoPro :: INFO :: - Download media
2017-12-04 12:04:22,824 :: GoPro :: ERROR :: <urlopen error timed out>
2017-12-04 12:04:22,825 :: GoPro :: INFO :: - Sleep
2017-12-04 13:00:20,876 :: GoPro :: DEBUG :: ========== Starting GoPro H3 Controller ==========
2017-12-04 13:00:20,900 :: GoPro :: DEBUG :: Sleeping for 1 minutes
2017-12-04 13:03:53,550 :: GoPro :: INFO :: Wake up GoPro...
2017-12-04 13:04:03,586 :: GoPro :: INFO :: - Taking a photo
2017-12-04 13:04:03,600 :: GoPro :: ERROR :: Failed to send command to GoPro: HTTP Error 410: Gone
2017-12-04 13:04:13,613 :: GoPro :: INFO :: - Download media
2017-12-04 13:04:23,626 :: GoPro :: ERROR :: <urlopen error timed out>
2017-12-04 13:04:23,628 :: GoPro :: INFO :: - Sleep
2017-12-04 14:00:20,084 :: GoPro :: DEBUG :: ========== Starting GoPro H3 Controller ==========
2017-12-04 14:00:20,095 :: GoPro :: DEBUG :: Sleeping for 1 minutes
2017-12-04 14:03:53,256 :: GoPro :: INFO :: Wake up GoPro...
2017-12-04 14:04:03,292 :: GoPro :: INFO :: - Taking a photo
2017-12-04 14:04:03,306 :: GoPro :: ERROR :: Failed to send command to GoPro: HTTP Error 410: Gone
2017-12-04 14:04:13,319 :: GoPro :: INFO :: - Download media
2017-12-04 14:04:23,333 :: GoPro :: ERROR :: <urlopen error timed out>
2017-12-04 14:04:23,334 :: GoPro :: INFO :: - Sleep
2017-12-04 15:00:20,422 :: GoPro :: DEBUG :: ========== Starting GoPro H3 Controller ==========
2017-12-04 15:00:20,429 :: GoPro :: DEBUG :: Sleeping for 1 minutes
2017-12-04 15:03:54,078 :: GoPro :: INFO :: Wake up GoPro...
2017-12-04 15:04:04,115 :: GoPro :: INFO :: - Taking a photo
2017-12-04 15:04:04,130 :: GoPro :: ERROR :: Failed to send command to GoPro: HTTP Error 410: Gone
2017-12-04 15:04:14,143 :: GoPro :: INFO :: - Download media
2017-12-04 15:04:24,157 :: GoPro :: ERROR :: <urlopen error timed out>
2017-12-04 15:04:24,158 :: GoPro :: INFO :: - Sleep
2017-12-04 16:00:20,790 :: GoPro :: DEBUG :: ========== Starting GoPro H3 Controller ==========
2017-12-04 16:00:20,805 :: GoPro :: DEBUG :: Sleeping for 1 minutes
2017-12-04 16:03:54,964 :: GoPro :: INFO :: Wake up GoPro...
2017-12-04 16:04:05,001 :: GoPro :: INFO :: - Taking a photo
2017-12-04 16:04:05,018 :: GoPro :: ERROR :: Failed to send command to GoPro: HTTP Error 410: Gone
2017-12-04 16:04:15,031 :: GoPro :: INFO :: - Download media
2017-12-04 16:04:25,042 :: GoPro :: ERROR :: <urlopen error timed out>
2017-12-04 16:04:25,043 :: GoPro :: INFO :: - Sleep
2017-12-04 17:00:20,551 :: GoPro :: DEBUG :: ========== Starting GoPro H3 Controller ==========
2017-12-04 17:00:20,569 :: GoPro :: DEBUG :: Sleeping for 1 minutes
2017-12-04 17:03:55,218 :: GoPro :: INFO :: Wake up GoPro...
2017-12-04 17:04:05,253 :: GoPro :: INFO :: - Taking a photo
2017-12-04 17:04:05,270 :: GoPro :: ERROR :: Failed to send command to GoPro: HTTP Error 410: Gone
2017-12-04 17:04:15,283 :: GoPro :: INFO :: - Download media
2017-12-04 17:04:25,297 :: GoPro :: ERROR :: <urlopen error timed out>
2017-12-04 17:04:25,298 :: GoPro :: INFO :: - Sleep
2017-12-04 18:00:20,204 :: GoPro :: DEBUG :: ========== Starting GoPro H3 Controller ==========
2017-12-04 18:00:20,211 :: GoPro :: DEBUG :: Sleeping for 1 minutes
2017-12-04 18:03:55,359 :: GoPro :: INFO :: Wake up GoPro...
2017-12-04 18:04:05,400 :: GoPro :: INFO :: - Taking a photo
2017-12-04 18:04:05,415 :: GoPro :: ERROR :: Failed to send command to GoPro: HTTP Error 410: Gone
2017-12-04 18:04:15,429 :: GoPro :: INFO :: - Download media
2017-12-04 18:04:25,442 :: GoPro :: ERROR :: <urlopen error timed out>
2017-12-04 18:04:25,444 :: GoPro :: INFO :: - Sleep
2017-12-04 19:00:20,304 :: GoPro :: DEBUG :: ========== Starting GoPro H3 Controller ==========
2017-12-04 19:00:20,326 :: GoPro :: DEBUG :: Sleeping for 1 minutes
2017-12-04 19:03:56,006 :: GoPro :: INFO :: Wake up GoPro...
2017-12-04 19:04:06,042 :: GoPro :: INFO :: - Taking a photo
2017-12-04 19:04:06,056 :: GoPro :: ERROR :: Failed to send command to GoPro: HTTP Error 410: Gone
2017-12-04 19:04:16,069 :: GoPro :: INFO :: - Download media
2017-12-04 19:04:26,083 :: GoPro :: ERROR :: <urlopen error timed out>
2017-12-04 19:04:26,084 :: GoPro :: INFO :: - Sleep
2017-12-05 07:00:22,469 :: GoPro :: DEBUG :: ========== Starting GoPro H3 Controller ==========
2017-12-05 07:00:22,500 :: GoPro :: DEBUG :: Sleeping for 1 minutes
2017-12-05 07:03:58,640 :: GoPro :: INFO :: Wake up GoPro...
2017-12-05 07:04:08,677 :: GoPro :: INFO :: - Taking a photo
2017-12-05 07:04:08,692 :: GoPro :: ERROR :: Failed to send command to GoPro: HTTP Error 410: Gone
2017-12-05 07:04:18,706 :: GoPro :: INFO :: - Download media
2017-12-05 07:04:28,719 :: GoPro :: ERROR :: <urlopen error timed out>
2017-12-05 07:04:28,721 :: GoPro :: INFO :: - Sleep
2017-12-05 08:00:20,612 :: GoPro :: DEBUG :: ========== Starting GoPro H3 Controller ==========
2017-12-05 08:00:20,642 :: GoPro :: DEBUG :: Sleeping for 1 minutes
2017-12-05 08:03:57,259 :: GoPro :: INFO :: Wake up GoPro...
2017-12-05 08:04:07,304 :: GoPro :: INFO :: - Taking a photo
2017-12-05 08:04:07,321 :: GoPro :: ERROR :: Failed to send command to GoPro: HTTP Error 410: Gone
2017-12-05 08:04:17,334 :: GoPro :: INFO :: - Download media
2017-12-05 08:04:27,348 :: GoPro :: ERROR :: <urlopen error timed out>
2017-12-05 08:04:27,350 :: GoPro :: INFO :: - Sleep
2017-12-05 09:00:20,109 :: GoPro :: DEBUG :: ========== Starting GoPro H3 Controller ==========
2017-12-05 09:00:20,123 :: GoPro :: DEBUG :: Sleeping for 1 minutes
2017-12-05 09:03:57,235 :: GoPro :: INFO :: Wake up GoPro...
2017-12-05 09:04:07,280 :: GoPro :: INFO :: - Taking a photo
2017-12-05 09:04:07,294 :: GoPro :: ERROR :: Failed to send command to GoPro: HTTP Error 410: Gone
2017-12-05 09:04:17,307 :: GoPro :: INFO :: - Download media
2017-12-05 09:04:27,321 :: GoPro :: ERROR :: <urlopen error timed out>
2017-12-05 09:04:27,323 :: GoPro :: INFO :: - Sleep
2017-12-05 10:00:20,535 :: GoPro :: DEBUG :: ========== Starting GoPro H3 Controller ==========
2017-12-05 10:00:20,541 :: GoPro :: DEBUG :: Sleeping for 1 minutes
2017-12-05 10:03:58,184 :: GoPro :: INFO :: Wake up GoPro...
2017-12-05 10:04:08,226 :: GoPro :: INFO :: - Taking a photo
2017-12-05 10:04:08,248 :: GoPro :: ERROR :: Failed to send command to GoPro: HTTP Error 410: Gone
2017-12-05 10:04:18,261 :: GoPro :: INFO :: - Download media
2017-12-05 10:04:28,274 :: GoPro :: ERROR :: <urlopen error timed out>
2017-12-05 10:04:28,276 :: GoPro :: INFO :: - Sleep
2017-12-05 11:00:20,448 :: GoPro :: DEBUG :: ========== Starting GoPro H3 Controller ==========
2017-12-05 11:00:20,469 :: GoPro :: DEBUG :: Sleeping for 1 minutes
2017-12-05 11:03:58,599 :: GoPro :: INFO :: Wake up GoPro...
2017-12-05 11:04:08,639 :: GoPro :: INFO :: - Taking a photo
2017-12-05 11:04:08,653 :: GoPro :: ERROR :: Failed to send command to GoPro: HTTP Error 410: Gone
2017-12-05 11:04:18,667 :: GoPro :: INFO :: - Download media
2017-12-05 11:04:28,680 :: GoPro :: ERROR :: <urlopen error timed out>
2017-12-05 11:04:28,682 :: GoPro :: INFO :: - Sleep
2017-12-05 12:00:20,515 :: GoPro :: DEBUG :: ========== Starting GoPro H3 Controller ==========
2017-12-05 12:00:20,526 :: GoPro :: DEBUG :: Sleeping for 1 minutes
2017-12-05 12:03:59,164 :: GoPro :: INFO :: Wake up GoPro...
2017-12-05 12:04:09,200 :: GoPro :: INFO :: - Taking a photo
2017-12-05 12:04:09,217 :: GoPro :: ERROR :: Failed to send command to GoPro: HTTP Error 410: Gone
2017-12-05 12:04:19,230 :: GoPro :: INFO :: - Download media
2017-12-05 12:04:29,244 :: GoPro :: ERROR :: <urlopen error timed out>
2017-12-05 12:04:29,245 :: GoPro :: INFO :: - Sleep
2017-12-05 13:00:20,759 :: GoPro :: DEBUG :: ========== Starting GoPro H3 Controller ==========
2017-12-05 13:00:20,778 :: GoPro :: DEBUG :: Sleeping for 1 minutes
2017-12-05 13:03:59,922 :: GoPro :: INFO :: Wake up GoPro...
2017-12-05 13:04:09,960 :: GoPro :: INFO :: - Taking a photo
2017-12-05 13:04:09,975 :: GoPro :: ERROR :: Failed to send command to GoPro: HTTP Error 410: Gone
2017-12-05 13:04:19,988 :: GoPro :: INFO :: - Download media
2017-12-05 13:04:30,002 :: GoPro :: ERROR :: <urlopen error timed out>
2017-12-05 13:04:30,004 :: GoPro :: INFO :: - Sleep
2017-12-05 14:00:20,038 :: GoPro :: DEBUG :: ========== Starting GoPro H3 Controller ==========
2017-12-05 14:00:20,054 :: GoPro :: DEBUG :: Sleeping for 1 minutes
2017-12-05 14:03:59,686 :: GoPro :: INFO :: Wake up GoPro...
2017-12-05 14:04:09,723 :: GoPro :: INFO :: - Taking a photo
2017-12-05 14:04:09,737 :: GoPro :: ERROR :: Failed to send command to GoPro: HTTP Error 410: Gone
2017-12-05 14:04:19,751 :: GoPro :: INFO :: - Download media
2017-12-05 14:04:29,764 :: GoPro :: ERROR :: <urlopen error timed out>
2017-12-05 14:04:29,766 :: GoPro :: INFO :: - Sleep
2017-12-05 15:00:20,396 :: GoPro :: DEBUG :: ========== Starting GoPro H3 Controller ==========
2017-12-05 15:00:20,415 :: GoPro :: DEBUG :: Sleeping for 1 minutes
2017-12-05 15:04:00,550 :: GoPro :: INFO :: Wake up GoPro...
2017-12-05 15:04:10,587 :: GoPro :: INFO :: - Taking a photo
2017-12-05 15:04:10,601 :: GoPro :: ERROR :: Failed to send command to GoPro: HTTP Error 410: Gone
2017-12-05 15:04:20,614 :: GoPro :: INFO :: - Download media
2017-12-05 15:04:30,628 :: GoPro :: ERROR :: <urlopen error timed out>
2017-12-05 15:04:30,629 :: GoPro :: INFO :: - Sleep
2017-12-05 16:00:20,498 :: GoPro :: DEBUG :: ========== Starting GoPro H3 Controller ==========
2017-12-05 16:00:20,504 :: GoPro :: DEBUG :: Sleeping for 1 minutes
2017-12-05 16:04:01,142 :: GoPro :: INFO :: Wake up GoPro...
2017-12-05 16:04:11,180 :: GoPro :: INFO :: - Taking a photo
2017-12-05 16:04:11,195 :: GoPro :: ERROR :: Failed to send command to GoPro: HTTP Error 410: Gone
2017-12-05 16:04:21,209 :: GoPro :: INFO :: - Download media
2017-12-05 16:04:31,223 :: GoPro :: ERROR :: <urlopen error timed out>
2017-12-05 16:04:31,224 :: GoPro :: INFO :: - Sleep
2017-12-05 17:00:20,664 :: GoPro :: DEBUG :: ========== Starting GoPro H3 Controller ==========
2017-12-05 17:00:20,701 :: GoPro :: DEBUG :: Sleeping for 1 minutes
2017-12-05 17:04:01,839 :: GoPro :: INFO :: Wake up GoPro...
2017-12-05 17:04:11,876 :: GoPro :: INFO :: - Taking a photo
2017-12-05 17:04:11,890 :: GoPro :: ERROR :: Failed to send command to GoPro: HTTP Error 410: Gone
2017-12-05 17:04:21,904 :: GoPro :: INFO :: - Download media
2017-12-05 17:04:31,918 :: GoPro :: ERROR :: <urlopen error timed out>
2017-12-05 17:04:31,919 :: GoPro :: INFO :: - Sleep
2017-12-05 18:00:20,803 :: GoPro :: DEBUG :: ========== Starting GoPro H3 Controller ==========
2017-12-05 18:00:20,826 :: GoPro :: DEBUG :: Sleeping for 1 minutes
2017-12-05 18:04:02,512 :: GoPro :: INFO :: Wake up GoPro...
2017-12-05 18:04:12,549 :: GoPro :: INFO :: - Taking a photo
2017-12-05 18:04:12,575 :: GoPro :: ERROR :: Failed to send command to GoPro: HTTP Error 410: Gone
2017-12-05 18:04:22,588 :: GoPro :: INFO :: - Download media
2017-12-05 18:04:32,601 :: GoPro :: ERROR :: <urlopen error timed out>
2017-12-05 18:04:32,603 :: GoPro :: INFO :: - Sleep
2017-12-05 19:00:20,222 :: GoPro :: DEBUG :: ========== Starting GoPro H3 Controller ==========
2017-12-05 19:00:20,239 :: GoPro :: DEBUG :: Sleeping for 1 minutes
2017-12-05 19:04:02,510 :: GoPro :: INFO :: Wake up GoPro...
2017-12-05 19:04:12,549 :: GoPro :: INFO :: - Taking a photo
2017-12-05 19:04:12,563 :: GoPro :: ERROR :: Failed to send command to GoPro: HTTP Error 410: Gone
2017-12-05 19:04:22,576 :: GoPro :: INFO :: - Download media
2017-12-05 19:04:32,590 :: GoPro :: ERROR :: <urlopen error timed out>
2017-12-05 19:04:32,591 :: GoPro :: INFO :: - Sleep
2017-12-06 07:00:22,599 :: GoPro :: DEBUG :: ========== Starting GoPro H3 Controller ==========
2017-12-06 07:00:22,625 :: GoPro :: DEBUG :: Sleeping for 1 minutes
2017-12-06 07:04:05,252 :: GoPro :: INFO :: Wake up GoPro...
2017-12-06 07:04:15,379 :: GoPro :: INFO :: - Taking a photo
2017-12-06 07:04:15,393 :: GoPro :: ERROR :: Failed to send command to GoPro: HTTP Error 410: Gone
2017-12-06 07:04:25,407 :: GoPro :: INFO :: - Download media
2017-12-06 07:04:35,420 :: GoPro :: ERROR :: <urlopen error timed out>
2017-12-06 07:04:35,422 :: GoPro :: INFO :: - Sleep
2017-12-06 08:00:20,454 :: GoPro :: DEBUG :: ========== Starting GoPro H3 Controller ==========
2017-12-06 08:00:20,474 :: GoPro :: DEBUG :: Sleeping for 1 minutes
2017-12-06 08:04:03,580 :: GoPro :: INFO :: Wake up GoPro...
2017-12-06 08:04:13,617 :: GoPro :: INFO :: - Taking a photo
2017-12-06 08:04:13,632 :: GoPro :: ERROR :: Failed to send command to GoPro: HTTP Error 410: Gone
2017-12-06 08:04:23,645 :: GoPro :: INFO :: - Download media
2017-12-06 08:04:33,659 :: GoPro :: ERROR :: <urlopen error timed out>
2017-12-06 08:04:33,660 :: GoPro :: INFO :: - Sleep
2017-12-06 09:00:20,293 :: GoPro :: DEBUG :: ========== Starting GoPro H3 Controller ==========
2017-12-06 09:00:20,313 :: GoPro :: DEBUG :: Sleeping for 1 minutes
2017-12-06 09:04:03,928 :: GoPro :: INFO :: Wake up GoPro...
2017-12-06 09:04:13,966 :: GoPro :: INFO :: - Taking a photo
2017-12-06 09:04:13,981 :: GoPro :: ERROR :: Failed to send command to GoPro: HTTP Error 410: Gone
2017-12-06 09:04:23,994 :: GoPro :: INFO :: - Download media
2017-12-06 09:04:34,008 :: GoPro :: ERROR :: <urlopen error timed out>
2017-12-06 09:04:34,009 :: GoPro :: INFO :: - Sleep
2017-12-06 10:00:20,235 :: GoPro :: DEBUG :: ========== Starting GoPro H3 Controller ==========
2017-12-06 10:00:20,255 :: GoPro :: DEBUG :: Sleeping for 1 minutes
2017-12-06 10:04:04,344 :: GoPro :: INFO :: Wake up GoPro...
2017-12-06 10:04:14,381 :: GoPro :: INFO :: - Taking a photo
2017-12-06 10:04:14,396 :: GoPro :: ERROR :: Failed to send command to GoPro: HTTP Error 410: Gone
2017-12-06 10:04:24,409 :: GoPro :: INFO :: - Download media
2017-12-06 10:04:34,422 :: GoPro :: ERROR :: <urlopen error timed out>
2017-12-06 10:04:34,424 :: GoPro :: INFO :: - Sleep
2017-12-06 11:00:20,253 :: GoPro :: DEBUG :: ========== Starting GoPro H3 Controller ==========
2017-12-06 11:00:20,288 :: GoPro :: DEBUG :: Sleeping for 1 minutes
2017-12-06 11:04:04,908 :: GoPro :: INFO :: Wake up GoPro...
2017-12-06 11:04:15,031 :: GoPro :: INFO :: - Taking a photo
2017-12-06 11:04:15,046 :: GoPro :: ERROR :: Failed to send command to GoPro: HTTP Error 410: Gone
2017-12-06 11:04:25,060 :: GoPro :: INFO :: - Download media
2017-12-06 11:04:35,073 :: GoPro :: ERROR :: <urlopen error timed out>
2017-12-06 11:04:35,075 :: GoPro :: INFO :: - Sleep
2017-12-06 12:00:20,522 :: GoPro :: DEBUG :: ========== Starting GoPro H3 Controller ==========
2017-12-06 12:00:20,534 :: GoPro :: DEBUG :: Sleeping for 1 minutes
2017-12-06 12:04:05,654 :: GoPro :: INFO :: Wake up GoPro...
2017-12-06 12:04:15,690 :: GoPro :: INFO :: - Taking a photo
2017-12-06 12:04:15,704 :: GoPro :: ERROR :: Failed to send command to GoPro: HTTP Error 410: Gone
2017-12-06 12:04:25,717 :: GoPro :: INFO :: - Download media
2017-12-06 12:04:35,731 :: GoPro :: ERROR :: <urlopen error timed out>
2017-12-06 12:04:35,732 :: GoPro :: INFO :: - Sleep
2017-12-06 13:00:20,592 :: GoPro :: DEBUG :: ========== Starting GoPro H3 Controller ==========
2017-12-06 13:00:20,613 :: GoPro :: DEBUG :: Sleeping for 1 minutes
2017-12-06 13:04:06,245 :: GoPro :: INFO :: Wake up GoPro...
2017-12-06 13:04:16,291 :: GoPro :: INFO :: - Taking a photo
2017-12-06 13:04:16,306 :: GoPro :: ERROR :: Failed to send command to GoPro: HTTP Error 410: Gone
2017-12-06 13:04:26,328 :: GoPro :: INFO :: - Download media
2017-12-06 13:04:36,341 :: GoPro :: ERROR :: <urlopen error timed out>
2017-12-06 13:04:36,343 :: GoPro :: INFO :: - Sleep
2017-12-06 14:00:20,540 :: GoPro :: DEBUG :: ========== Starting GoPro H3 Controller ==========
2017-12-06 14:00:20,570 :: GoPro :: DEBUG :: Sleeping for 1 minutes
2017-12-06 14:04:06,670 :: GoPro :: INFO :: Wake up GoPro...
2017-12-06 14:04:16,705 :: GoPro :: INFO :: - Taking a photo
2017-12-06 14:04:16,719 :: GoPro :: ERROR :: Failed to send command to GoPro: HTTP Error 410: Gone
2017-12-06 14:04:26,733 :: GoPro :: INFO :: - Download media
2017-12-06 14:04:36,746 :: GoPro :: ERROR :: <urlopen error timed out>
2017-12-06 14:04:36,748 :: GoPro :: INFO :: - Sleep
2017-12-06 15:00:20,578 :: GoPro :: DEBUG :: ========== Starting GoPro H3 Controller ==========
2017-12-06 15:00:20,604 :: GoPro :: DEBUG :: Sleeping for 1 minutes
2017-12-06 15:04:07,215 :: GoPro :: INFO :: Wake up GoPro...
2017-12-06 15:04:17,259 :: GoPro :: INFO :: - Taking a photo
2017-12-06 15:04:17,274 :: GoPro :: ERROR :: Failed to send command to GoPro: HTTP Error 410: Gone
2017-12-06 15:04:27,287 :: GoPro :: INFO :: - Download media
2017-12-06 15:04:37,301 :: GoPro :: ERROR :: <urlopen error timed out>
2017-12-06 15:04:37,303 :: GoPro :: INFO :: - Sleep
2017-12-06 16:00:20,432 :: GoPro :: DEBUG :: ========== Starting GoPro H3 Controller ==========
2017-12-06 16:00:20,454 :: GoPro :: DEBUG :: Sleeping for 1 minutes
2017-12-06 16:04:07,562 :: GoPro :: INFO :: Wake up GoPro...
2017-12-06 16:04:17,598 :: GoPro :: INFO :: - Taking a photo
2017-12-06 16:04:17,612 :: GoPro :: ERROR :: Failed to send command to GoPro: HTTP Error 410: Gone
2017-12-06 16:04:27,625 :: GoPro :: INFO :: - Download media
2017-12-06 16:04:37,638 :: GoPro :: ERROR :: <urlopen error timed out>
2017-12-06 16:04:37,640 :: GoPro :: INFO :: - Sleep
2017-12-06 17:00:20,472 :: GoPro :: DEBUG :: ========== Starting GoPro H3 Controller ==========
2017-12-06 17:00:20,490 :: GoPro :: DEBUG :: Sleeping for 1 minutes
2017-12-06 17:04:08,102 :: GoPro :: INFO :: Wake up GoPro...
2017-12-06 17:04:18,138 :: GoPro :: INFO :: - Taking a photo
2017-12-06 17:04:18,156 :: GoPro :: ERROR :: Failed to send command to GoPro: HTTP Error 410: Gone
2017-12-06 17:04:28,170 :: GoPro :: INFO :: - Download media
2017-12-06 17:04:38,183 :: GoPro :: ERROR :: <urlopen error timed out>
2017-12-06 17:04:38,185 :: GoPro :: INFO :: - Sleep
2017-12-06 18:00:20,016 :: GoPro :: DEBUG :: ========== Starting GoPro H3 Controller ==========
2017-12-06 18:00:20,037 :: GoPro :: DEBUG :: Sleeping for 1 minutes
2017-12-06 18:04:08,143 :: GoPro :: INFO :: Wake up GoPro...
2017-12-06 18:04:18,192 :: GoPro :: INFO :: - Taking a photo
2017-12-06 18:04:18,216 :: GoPro :: ERROR :: Failed to send command to GoPro: HTTP Error 410: Gone
2017-12-06 18:04:28,230 :: GoPro :: INFO :: - Download media
2017-12-06 18:04:38,243 :: GoPro :: ERROR :: <urlopen error timed out>
2017-12-06 18:04:38,245 :: GoPro :: INFO :: - Sleep
2017-12-06 19:00:20,197 :: GoPro :: DEBUG :: ========== Starting GoPro H3 Controller ==========
2017-12-06 19:00:20,215 :: GoPro :: DEBUG :: Sleeping for 1 minutes
2017-12-06 19:04:08,820 :: GoPro :: INFO :: Wake up GoPro...
2017-12-06 19:04:18,975 :: GoPro :: INFO :: - Taking a photo
2017-12-06 19:04:18,991 :: GoPro :: ERROR :: Failed to send command to GoPro: HTTP Error 410: Gone
2017-12-06 19:04:29,004 :: GoPro :: INFO :: - Download media
2017-12-06 19:04:39,015 :: GoPro :: ERROR :: <urlopen error timed out>
2017-12-06 19:04:39,017 :: GoPro :: INFO :: - Sleep
2017-12-07 07:00:22,385 :: GoPro :: DEBUG :: ========== Starting GoPro H3 Controller ==========
2017-12-07 07:00:22,410 :: GoPro :: DEBUG :: Sleeping for 1 minutes
2017-12-07 07:04:11,497 :: GoPro :: INFO :: Wake up GoPro...
2017-12-07 07:04:21,592 :: GoPro :: INFO :: - Taking a photo
2017-12-07 07:04:21,607 :: GoPro :: ERROR :: Failed to send command to GoPro: HTTP Error 410: Gone
2017-12-07 07:04:31,620 :: GoPro :: INFO :: - Download media
2017-12-07 07:04:41,633 :: GoPro :: ERROR :: <urlopen error timed out>
2017-12-07 07:04:41,635 :: GoPro :: INFO :: - Sleep
2017-12-07 08:00:20,645 :: GoPro :: DEBUG :: ========== Starting GoPro H3 Controller ==========
2017-12-07 08:00:20,667 :: GoPro :: DEBUG :: Sleeping for 1 minutes
2017-12-07 08:04:10,240 :: GoPro :: INFO :: Wake up GoPro...
2017-12-07 08:04:20,294 :: GoPro :: INFO :: - Taking a photo
2017-12-07 08:04:20,309 :: GoPro :: ERROR :: Failed to send command to GoPro: HTTP Error 410: Gone
2017-12-07 08:04:30,322 :: GoPro :: INFO :: - Download media
2017-12-07 08:04:40,336 :: GoPro :: ERROR :: <urlopen error timed out>
2017-12-07 08:04:40,337 :: GoPro :: INFO :: - Sleep
2017-12-07 09:00:20,260 :: GoPro :: DEBUG :: ========== Starting GoPro H3 Controller ==========
2017-12-07 09:00:20,281 :: GoPro :: DEBUG :: Sleeping for 1 minutes
2017-12-07 09:04:10,353 :: GoPro :: INFO :: Wake up GoPro...
2017-12-07 09:04:20,446 :: GoPro :: INFO :: - Taking a photo
2017-12-07 09:04:20,462 :: GoPro :: ERROR :: Failed to send command to GoPro: HTTP Error 410: Gone
2017-12-07 09:04:30,475 :: GoPro :: INFO :: - Download media
2017-12-07 09:04:40,489 :: GoPro :: ERROR :: <urlopen error timed out>
2017-12-07 09:04:40,490 :: GoPro :: INFO :: - Sleep
2017-12-07 10:00:20,622 :: GoPro :: DEBUG :: ========== Starting GoPro H3 Controller ==========
2017-12-07 10:00:20,635 :: GoPro :: DEBUG :: Sleeping for 1 minutes
2017-12-07 10:04:11,223 :: GoPro :: INFO :: Wake up GoPro...
2017-12-07 10:04:21,263 :: GoPro :: INFO :: - Taking a photo
2017-12-07 10:04:21,284 :: GoPro :: ERROR :: Failed to send command to GoPro: HTTP Error 410: Gone
2017-12-07 10:04:31,298 :: GoPro :: INFO :: - Download media
2017-12-07 10:04:41,312 :: GoPro :: ERROR :: <urlopen error timed out>
2017-12-07 10:04:41,313 :: GoPro :: INFO :: - Sleep
2017-12-07 11:00:20,542 :: GoPro :: DEBUG :: ========== Starting GoPro H3 Controller ==========
2017-12-07 11:00:20,564 :: GoPro :: DEBUG :: Sleeping for 1 minutes
2017-12-07 11:04:11,664 :: GoPro :: INFO :: Wake up GoPro...
2017-12-07 11:04:21,700 :: GoPro :: INFO :: - Taking a photo
2017-12-07 11:04:21,714 :: GoPro :: ERROR :: Failed to send command to GoPro: HTTP Error 410: Gone
2017-12-07 11:04:31,727 :: GoPro :: INFO :: - Download media
2017-12-07 11:04:41,741 :: GoPro :: ERROR :: <urlopen error timed out>
2017-12-07 11:04:41,742 :: GoPro :: INFO :: - Sleep
2017-12-07 12:00:20,366 :: GoPro :: DEBUG :: ========== Starting GoPro H3 Controller ==========
2017-12-07 12:00:20,384 :: GoPro :: DEBUG :: Sleeping for 1 minutes
2017-12-07 12:04:11,985 :: GoPro :: INFO :: Wake up GoPro...
2017-12-07 12:04:22,022 :: GoPro :: INFO :: - Taking a photo
2017-12-07 12:04:22,036 :: GoPro :: ERROR :: Failed to send command to GoPro: HTTP Error 410: Gone
2017-12-07 12:04:32,050 :: GoPro :: INFO :: - Download media
2017-12-07 12:04:42,063 :: GoPro :: ERROR :: <urlopen error timed out>
2017-12-07 12:04:42,065 :: GoPro :: INFO :: - Sleep
2017-12-07 13:00:20,692 :: GoPro :: DEBUG :: ========== Starting GoPro H3 Controller ==========
2017-12-07 13:00:20,706 :: GoPro :: DEBUG :: Sleeping for 1 minutes
2017-12-07 13:04:12,811 :: GoPro :: INFO :: Wake up GoPro...
2017-12-07 13:04:22,847 :: GoPro :: INFO :: - Taking a photo
2017-12-07 13:04:22,862 :: GoPro :: ERROR :: Failed to send command to GoPro: HTTP Error 410: Gone
2017-12-07 13:04:32,876 :: GoPro :: INFO :: - Download media
2017-12-07 13:04:42,889 :: GoPro :: ERROR :: <urlopen error timed out>
2017-12-07 13:04:42,890 :: GoPro :: INFO :: - Sleep
2017-12-07 14:00:20,460 :: GoPro :: DEBUG :: ========== Starting GoPro H3 Controller ==========
2017-12-07 14:00:20,468 :: GoPro :: DEBUG :: Sleeping for 1 minutes
2017-12-07 14:04:13,063 :: GoPro :: INFO :: Wake up GoPro...
2017-12-07 14:04:23,106 :: GoPro :: INFO :: - Taking a photo
2017-12-07 14:04:23,122 :: GoPro :: ERROR :: Failed to send command to GoPro: HTTP Error 410: Gone
2017-12-07 14:04:33,135 :: GoPro :: INFO :: - Download media
2017-12-07 14:04:43,149 :: GoPro :: ERROR :: <urlopen error timed out>
2017-12-07 14:04:43,150 :: GoPro :: INFO :: - Sleep
2017-12-07 15:00:20,553 :: GoPro :: DEBUG :: ========== Starting GoPro H3 Controller ==========
2017-12-07 15:00:20,586 :: GoPro :: DEBUG :: Sleeping for 1 minutes
2017-12-07 15:04:13,695 :: GoPro :: INFO :: Wake up GoPro...
2017-12-07 15:04:23,735 :: GoPro :: INFO :: - Taking a photo
2017-12-07 15:04:23,749 :: GoPro :: ERROR :: Failed to send command to GoPro: HTTP Error 410: Gone
2017-12-07 15:04:33,762 :: GoPro :: INFO :: - Download media
2017-12-07 15:04:43,775 :: GoPro :: ERROR :: <urlopen error timed out>
2017-12-07 15:04:43,777 :: GoPro :: INFO :: - Sleep
2017-12-07 16:00:20,128 :: GoPro :: DEBUG :: ========== Starting GoPro H3 Controller ==========
2017-12-07 16:00:20,153 :: GoPro :: DEBUG :: Sleeping for 1 minutes
2017-12-07 16:04:13,754 :: GoPro :: INFO :: Wake up GoPro...
2017-12-07 16:04:23,799 :: GoPro :: INFO :: - Taking a photo
2017-12-07 16:04:23,813 :: GoPro :: ERROR :: Failed to send command to GoPro: HTTP Error 410: Gone
2017-12-07 16:04:33,835 :: GoPro :: INFO :: - Download media
2017-12-07 16:04:43,848 :: GoPro :: ERROR :: <urlopen error timed out>
2017-12-07 16:04:43,850 :: GoPro :: INFO :: - Sleep
2017-12-07 17:00:20,435 :: GoPro :: DEBUG :: ========== Starting GoPro H3 Controller ==========
2017-12-07 17:00:20,453 :: GoPro :: DEBUG :: Sleeping for 1 minutes
2017-12-07 17:04:14,556 :: GoPro :: INFO :: Wake up GoPro...
2017-12-07 17:04:24,592 :: GoPro :: INFO :: - Taking a photo
2017-12-07 17:04:24,606 :: GoPro :: ERROR :: Failed to send command to GoPro: HTTP Error 410: Gone
2017-12-07 17:04:34,619 :: GoPro :: INFO :: - Download media
2017-12-07 17:04:44,633 :: GoPro :: ERROR :: <urlopen error timed out>
2017-12-07 17:04:44,634 :: GoPro :: INFO :: - Sleep
2017-12-07 18:00:20,350 :: GoPro :: DEBUG :: ========== Starting GoPro H3 Controller ==========
2017-12-07 18:00:20,360 :: GoPro :: DEBUG :: Sleeping for 1 minutes
2017-12-07 18:04:14,971 :: GoPro :: INFO :: Wake up GoPro...
2017-12-07 18:04:25,007 :: GoPro :: INFO :: - Taking a photo
2017-12-07 18:04:25,021 :: GoPro :: ERROR :: Failed to send command to GoPro: HTTP Error 410: Gone
2017-12-07 18:04:35,034 :: GoPro :: INFO :: - Download media
2017-12-07 18:04:45,047 :: GoPro :: ERROR :: <urlopen error timed out>
2017-12-07 18:04:45,049 :: GoPro :: INFO :: - Sleep
2017-12-07 19:00:20,426 :: GoPro :: DEBUG :: ========== Starting GoPro H3 Controller ==========
2017-12-07 19:00:20,446 :: GoPro :: DEBUG :: Sleeping for 1 minutes
2017-12-07 19:04:15,552 :: GoPro :: INFO :: Wake up GoPro...
2017-12-07 19:04:25,587 :: GoPro :: INFO :: - Taking a photo
2017-12-07 19:04:25,603 :: GoPro :: ERROR :: Failed to send command to GoPro: HTTP Error 410: Gone
2017-12-07 19:04:35,616 :: GoPro :: INFO :: - Download media
2017-12-07 19:04:45,629 :: GoPro :: ERROR :: <urlopen error timed out>
2017-12-07 19:04:45,631 :: GoPro :: INFO :: - Sleep
2017-12-08 07:00:22,198 :: GoPro :: DEBUG :: ========== Starting GoPro H3 Controller ==========
2017-12-08 07:00:22,206 :: GoPro :: DEBUG :: Sleeping for 1 minutes
2017-12-08 07:04:17,784 :: GoPro :: INFO :: Wake up GoPro...
2017-12-08 07:04:27,822 :: GoPro :: INFO :: - Taking a photo
2017-12-08 07:04:27,838 :: GoPro :: ERROR :: Failed to send command to GoPro: HTTP Error 410: Gone
2017-12-08 07:04:37,851 :: GoPro :: INFO :: - Download media
2017-12-08 07:04:47,865 :: GoPro :: ERROR :: <urlopen error timed out>
2017-12-08 07:04:47,866 :: GoPro :: INFO :: - Sleep
2017-12-08 08:00:20,276 :: GoPro :: DEBUG :: ========== Starting GoPro H3 Controller ==========
2017-12-08 08:00:20,301 :: GoPro :: DEBUG :: Sleeping for 1 minutes
2017-12-08 08:04:16,376 :: GoPro :: INFO :: Wake up GoPro...
2017-12-08 08:04:26,412 :: GoPro :: INFO :: - Taking a photo
2017-12-08 08:04:26,427 :: GoPro :: ERROR :: Failed to send command to GoPro: HTTP Error 410: Gone
2017-12-08 08:04:36,440 :: GoPro :: INFO :: - Download media
2017-12-08 08:04:46,453 :: GoPro :: ERROR :: <urlopen error timed out>
2017-12-08 08:04:46,455 :: GoPro :: INFO :: - Sleep
2017-12-08 09:00:20,357 :: GoPro :: DEBUG :: ========== Starting GoPro H3 Controller ==========
2017-12-08 09:00:20,372 :: GoPro :: DEBUG :: Sleeping for 1 minutes
2017-12-08 09:04:16,942 :: GoPro :: INFO :: Wake up GoPro...
2017-12-08 09:04:26,978 :: GoPro :: INFO :: - Taking a photo
2017-12-08 09:04:26,992 :: GoPro :: ERROR :: Failed to send command to GoPro: HTTP Error 410: Gone
2017-12-08 09:04:37,006 :: GoPro :: INFO :: - Download media
2017-12-08 09:04:47,019 :: GoPro :: ERROR :: <urlopen error timed out>
2017-12-08 09:04:47,021 :: GoPro :: INFO :: - Sleep
2017-12-08 10:00:20,411 :: GoPro :: DEBUG :: ========== Starting GoPro H3 Controller ==========
2017-12-08 10:00:20,426 :: GoPro :: DEBUG :: Sleeping for 1 minutes
2017-12-08 10:04:17,496 :: GoPro :: INFO :: Wake up GoPro...
2017-12-08 10:04:27,532 :: GoPro :: INFO :: - Taking a photo
2017-12-08 10:04:27,547 :: GoPro :: ERROR :: Failed to send command to GoPro: HTTP Error 410: Gone
2017-12-08 10:04:37,560 :: GoPro :: INFO :: - Download media
2017-12-08 10:04:47,573 :: GoPro :: ERROR :: <urlopen error timed out>
2017-12-08 10:04:47,575 :: GoPro :: INFO :: - Sleep
2017-12-08 11:00:20,675 :: GoPro :: DEBUG :: ========== Starting GoPro H3 Controller ==========
2017-12-08 11:00:20,698 :: GoPro :: DEBUG :: Sleeping for 1 minutes
2017-12-08 11:04:18,276 :: GoPro :: INFO :: Wake up GoPro...
2017-12-08 11:04:28,318 :: GoPro :: INFO :: - Taking a photo
2017-12-08 11:04:28,339 :: GoPro :: ERROR :: Failed to send command to GoPro: HTTP Error 410: Gone
2017-12-08 11:04:38,352 :: GoPro :: INFO :: - Download media
2017-12-08 11:04:48,366 :: GoPro :: ERROR :: <urlopen error timed out>
2017-12-08 11:04:48,367 :: GoPro :: INFO :: - Sleep
2017-12-08 12:00:20,186 :: GoPro :: DEBUG :: ========== Starting GoPro H3 Controller ==========
2017-12-08 12:00:20,200 :: GoPro :: DEBUG :: Sleeping for 1 minutes
2017-12-08 12:04:18,270 :: GoPro :: INFO :: Wake up GoPro...
2017-12-08 12:04:28,309 :: GoPro :: INFO :: - Taking a photo
2017-12-08 12:04:28,327 :: GoPro :: ERROR :: Failed to send command to GoPro: HTTP Error 410: Gone
2017-12-08 12:04:38,340 :: GoPro :: INFO :: - Download media
2017-12-08 12:04:48,354 :: GoPro :: ERROR :: <urlopen error timed out>
2017-12-08 12:04:48,355 :: GoPro :: INFO :: - Sleep
2017-12-08 13:00:20,213 :: GoPro :: DEBUG :: ========== Starting GoPro H3 Controller ==========
2017-12-08 13:00:20,225 :: GoPro :: DEBUG :: Sleeping for 1 minutes
2017-12-08 13:04:18,809 :: GoPro :: INFO :: Wake up GoPro...
2017-12-08 13:04:28,844 :: GoPro :: INFO :: - Taking a photo
2017-12-08 13:04:28,858 :: GoPro :: ERROR :: Failed to send command to GoPro: HTTP Error 410: Gone
2017-12-08 13:04:38,871 :: GoPro :: INFO :: - Download media
2017-12-08 13:04:48,885 :: GoPro :: ERROR :: <urlopen error timed out>
2017-12-08 13:04:48,886 :: GoPro :: INFO :: - Sleep
2017-12-08 14:00:20,263 :: GoPro :: DEBUG :: ========== Starting GoPro H3 Controller ==========
2017-12-08 14:00:20,282 :: GoPro :: DEBUG :: Sleeping for 1 minutes
2017-12-08 14:04:19,361 :: GoPro :: INFO :: Wake up GoPro...
2017-12-08 14:04:29,401 :: GoPro :: INFO :: - Taking a photo
2017-12-08 14:04:29,415 :: GoPro :: ERROR :: Failed to send command to GoPro: HTTP Error 410: Gone
2017-12-08 14:04:39,428 :: GoPro :: INFO :: - Download media
2017-12-08 14:04:49,442 :: GoPro :: ERROR :: <urlopen error timed out>
2017-12-08 14:04:49,443 :: GoPro :: INFO :: - Sleep
2017-12-08 15:00:20,125 :: GoPro :: DEBUG :: ========== Starting GoPro H3 Controller ==========
2017-12-08 15:00:20,141 :: GoPro :: DEBUG :: Sleeping for 1 minutes
2017-12-08 15:04:19,718 :: GoPro :: INFO :: Wake up GoPro...
2017-12-08 15:04:29,754 :: GoPro :: INFO :: - Taking a photo
2017-12-08 15:04:29,772 :: GoPro :: ERROR :: Failed to send command to GoPro: HTTP Error 410: Gone
2017-12-08 15:04:39,785 :: GoPro :: INFO :: - Download media
2017-12-08 15:04:49,799 :: GoPro :: ERROR :: <urlopen error timed out>
2017-12-08 15:04:49,800 :: GoPro :: INFO :: - Sleep
2017-12-08 16:00:20,262 :: GoPro :: DEBUG :: ========== Starting GoPro H3 Controller ==========
2017-12-08 16:00:20,276 :: GoPro :: DEBUG :: Sleeping for 1 minutes
2017-12-08 16:04:20,362 :: GoPro :: INFO :: Wake up GoPro...
2017-12-08 16:04:30,403 :: GoPro :: INFO :: - Taking a photo
2017-12-08 16:04:30,421 :: GoPro :: ERROR :: Failed to send command to GoPro: HTTP Error 410: Gone
2017-12-08 16:04:40,434 :: GoPro :: INFO :: - Download media
2017-12-08 16:04:50,441 :: GoPro :: ERROR :: <urlopen error timed out>
2017-12-08 16:04:50,442 :: GoPro :: INFO :: - Sleep
2017-12-08 17:00:20,216 :: GoPro :: DEBUG :: ========== Starting GoPro H3 Controller ==========
2017-12-08 17:00:20,236 :: GoPro :: DEBUG :: Sleeping for 1 minutes
2017-12-08 17:04:20,864 :: GoPro :: INFO :: Wake up GoPro...
2017-12-08 17:04:30,904 :: GoPro :: INFO :: - Taking a photo
2017-12-08 17:04:30,918 :: GoPro :: ERROR :: Failed to send command to GoPro: HTTP Error 410: Gone
2017-12-08 17:04:40,931 :: GoPro :: INFO :: - Download media
2017-12-08 17:04:50,945 :: GoPro :: ERROR :: <urlopen error timed out>
2017-12-08 17:04:50,946 :: GoPro :: INFO :: - Sleep
2017-12-08 18:00:20,294 :: GoPro :: DEBUG :: ========== Starting GoPro H3 Controller ==========
2017-12-08 18:00:20,302 :: GoPro :: DEBUG :: Sleeping for 1 minutes
2017-12-08 18:04:21,792 :: GoPro :: INFO :: Wake up GoPro...
2017-12-08 18:04:31,869 :: GoPro :: INFO :: - Taking a photo
2017-12-08 18:04:31,883 :: GoPro :: ERROR :: Failed to send command to GoPro: HTTP Error 410: Gone
2017-12-08 18:04:41,896 :: GoPro :: INFO :: - Download media
2017-12-08 18:04:51,910 :: GoPro :: ERROR :: <urlopen error timed out>
2017-12-08 18:04:51,912 :: GoPro :: INFO :: - Sleep
2017-12-08 19:00:19,999 :: GoPro :: DEBUG :: ========== Starting GoPro H3 Controller ==========
2017-12-08 19:00:20,026 :: GoPro :: DEBUG :: Sleeping for 1 minutes
2017-12-08 19:04:21,612 :: GoPro :: INFO :: Wake up GoPro...
2017-12-08 19:04:31,649 :: GoPro :: INFO :: - Taking a photo
2017-12-08 19:04:31,665 :: GoPro :: ERROR :: Failed to send command to GoPro: HTTP Error 410: Gone
2017-12-08 19:04:41,679 :: GoPro :: INFO :: - Download media
2017-12-08 19:04:51,692 :: GoPro :: ERROR :: <urlopen error timed out>
2017-12-08 19:04:51,694 :: GoPro :: INFO :: - Sleep
2017-12-09 07:00:22,349 :: GoPro :: DEBUG :: ========== Starting GoPro H3 Controller ==========
2017-12-09 07:00:22,366 :: GoPro :: DEBUG :: Sleeping for 1 minutes
2017-12-09 07:04:24,424 :: GoPro :: INFO :: Wake up GoPro...
2017-12-09 07:04:34,465 :: GoPro :: INFO :: - Taking a photo
2017-12-09 07:04:34,479 :: GoPro :: ERROR :: Failed to send command to GoPro: HTTP Error 410: Gone
2017-12-09 07:04:44,492 :: GoPro :: INFO :: - Download media
2017-12-09 07:04:54,506 :: GoPro :: ERROR :: <urlopen error timed out>
2017-12-09 07:04:54,508 :: GoPro :: INFO :: - Sleep
2017-12-09 08:00:20,125 :: GoPro :: DEBUG :: ========== Starting GoPro H3 Controller ==========
2017-12-09 08:00:20,145 :: GoPro :: DEBUG :: Sleeping for 1 minutes
2017-12-09 08:04:22,771 :: GoPro :: INFO :: Wake up GoPro...
2017-12-09 08:04:32,807 :: GoPro :: INFO :: - Taking a photo
2017-12-09 08:04:32,822 :: GoPro :: ERROR :: Failed to send command to GoPro: HTTP Error 410: Gone
2017-12-09 08:04:42,835 :: GoPro :: INFO :: - Download media
2017-12-09 08:04:52,840 :: GoPro :: ERROR :: <urlopen error timed out>
2017-12-09 08:04:52,841 :: GoPro :: INFO :: - Sleep
2017-12-09 09:00:20,584 :: GoPro :: DEBUG :: ========== Starting GoPro H3 Controller ==========
2017-12-09 09:00:20,601 :: GoPro :: DEBUG :: Sleeping for 1 minutes
2017-12-09 09:04:23,667 :: GoPro :: INFO :: Wake up GoPro...
2017-12-09 09:04:33,713 :: GoPro :: INFO :: - Taking a photo
2017-12-09 09:04:33,728 :: GoPro :: ERROR :: Failed to send command to GoPro: HTTP Error 410: Gone
2017-12-09 09:04:43,742 :: GoPro :: INFO :: - Download media
2017-12-09 09:04:53,756 :: GoPro :: ERROR :: <urlopen error timed out>
2017-12-09 09:04:53,757 :: GoPro :: INFO :: - Sleep
2017-12-09 10:00:20,100 :: GoPro :: DEBUG :: ========== Starting GoPro H3 Controller ==========
2017-12-09 10:00:20,120 :: GoPro :: DEBUG :: Sleeping for 1 minutes
2017-12-09 10:04:23,671 :: GoPro :: INFO :: Wake up GoPro...
2017-12-09 10:04:33,706 :: GoPro :: INFO :: - Taking a photo
2017-12-09 10:04:33,721 :: GoPro :: ERROR :: Failed to send command to GoPro: HTTP Error 410: Gone
2017-12-09 10:04:43,734 :: GoPro :: INFO :: - Download media
2017-12-09 10:04:53,748 :: GoPro :: ERROR :: <urlopen error timed out>
2017-12-09 10:04:53,749 :: GoPro :: INFO :: - Sleep
2017-12-09 11:00:20,308 :: GoPro :: DEBUG :: ========== Starting GoPro H3 Controller ==========
2017-12-09 11:00:20,320 :: GoPro :: DEBUG :: Sleeping for 1 minutes
2017-12-09 11:04:24,371 :: GoPro :: INFO :: Wake up GoPro...
2017-12-09 11:04:34,413 :: GoPro :: INFO :: - Taking a photo
2017-12-09 11:04:34,428 :: GoPro :: ERROR :: Failed to send command to GoPro: HTTP Error 410: Gone
2017-12-09 11:04:44,441 :: GoPro :: INFO :: - Download media
2017-12-09 11:04:54,454 :: GoPro :: ERROR :: <urlopen error timed out>
2017-12-09 11:04:54,456 :: GoPro :: INFO :: - Sleep
2017-12-09 12:00:20,343 :: GoPro :: DEBUG :: ========== Starting GoPro H3 Controller ==========
2017-12-09 12:00:20,361 :: GoPro :: DEBUG :: Sleeping for 1 minutes
2017-12-09 12:04:24,924 :: GoPro :: INFO :: Wake up GoPro...
2017-12-09 12:04:34,960 :: GoPro :: INFO :: - Taking a photo
2017-12-09 12:04:34,974 :: GoPro :: ERROR :: Failed to send command to GoPro: HTTP Error 410: Gone
2017-12-09 12:04:44,987 :: GoPro :: INFO :: - Download media
2017-12-09 12:04:55,001 :: GoPro :: ERROR :: <urlopen error timed out>
2017-12-09 12:04:55,002 :: GoPro :: INFO :: - Sleep
2017-12-09 13:00:20,051 :: GoPro :: DEBUG :: ========== Starting GoPro H3 Controller ==========
2017-12-09 13:00:20,067 :: GoPro :: DEBUG :: Sleeping for 1 minutes
2017-12-09 13:04:25,120 :: GoPro :: INFO :: Wake up GoPro...
2017-12-09 13:04:35,162 :: GoPro :: INFO :: - Taking a photo
2017-12-09 13:04:35,177 :: GoPro :: ERROR :: Failed to send command to GoPro: HTTP Error 410: Gone
2017-12-09 13:04:45,190 :: GoPro :: INFO :: - Download media
2017-12-09 13:04:55,203 :: GoPro :: ERROR :: <urlopen error timed out>
2017-12-09 13:04:55,205 :: GoPro :: INFO :: - Sleep
2017-12-09 14:00:20,603 :: GoPro :: DEBUG :: ========== Starting GoPro H3 Controller ==========
2017-12-09 14:00:20,615 :: GoPro :: DEBUG :: Sleeping for 1 minutes
2017-12-09 14:04:26,167 :: GoPro :: INFO :: Wake up GoPro...
2017-12-09 14:04:36,207 :: GoPro :: INFO :: - Taking a photo
2017-12-09 14:04:36,221 :: GoPro :: ERROR :: Failed to send command to GoPro: HTTP Error 410: Gone
2017-12-09 14:04:46,234 :: GoPro :: INFO :: - Download media
2017-12-09 14:04:56,248 :: GoPro :: ERROR :: <urlopen error timed out>
2017-12-09 14:04:56,249 :: GoPro :: INFO :: - Sleep
2017-12-09 15:00:20,618 :: GoPro :: DEBUG :: ========== Starting GoPro H3 Controller ==========
2017-12-09 15:00:20,625 :: GoPro :: DEBUG :: Sleeping for 1 minutes
2017-12-09 15:04:26,675 :: GoPro :: INFO :: Wake up GoPro...
2017-12-09 15:04:36,711 :: GoPro :: INFO :: - Taking a photo
2017-12-09 15:04:36,728 :: GoPro :: ERROR :: Failed to send command to GoPro: HTTP Error 410: Gone
2017-12-09 15:04:46,742 :: GoPro :: INFO :: - Download media
2017-12-09 15:04:56,747 :: GoPro :: ERROR :: <urlopen error timed out>
2017-12-09 15:04:56,749 :: GoPro :: INFO :: - Sleep
2017-12-09 16:00:20,205 :: GoPro :: DEBUG :: ========== Starting GoPro H3 Controller ==========
2017-12-09 16:00:20,229 :: GoPro :: DEBUG :: Sleeping for 1 minutes
2017-12-09 16:04:26,782 :: GoPro :: INFO :: Wake up GoPro...
2017-12-09 16:04:36,820 :: GoPro :: INFO :: - Taking a photo
2017-12-09 16:04:36,834 :: GoPro :: ERROR :: Failed to send command to GoPro: HTTP Error 410: Gone
2017-12-09 16:04:46,848 :: GoPro :: INFO :: - Download media
2017-12-09 16:04:56,861 :: GoPro :: ERROR :: <urlopen error timed out>
2017-12-09 16:04:56,863 :: GoPro :: INFO :: - Sleep
2017-12-09 17:00:20,665 :: GoPro :: DEBUG :: ========== Starting GoPro H3 Controller ==========
2017-12-09 17:00:20,675 :: GoPro :: DEBUG :: Sleeping for 1 minutes
2017-12-09 17:04:27,728 :: GoPro :: INFO :: Wake up GoPro...
2017-12-09 17:04:37,771 :: GoPro :: INFO :: - Taking a photo
2017-12-09 17:04:37,785 :: GoPro :: ERROR :: Failed to send command to GoPro: HTTP Error 410: Gone
2017-12-09 17:04:47,803 :: GoPro :: INFO :: - Download media
2017-12-09 17:04:57,817 :: GoPro :: ERROR :: <urlopen error timed out>
2017-12-09 17:04:57,818 :: GoPro :: INFO :: - Sleep
2017-12-09 18:00:20,382 :: GoPro :: DEBUG :: ========== Starting GoPro H3 Controller ==========
2017-12-09 18:00:20,398 :: GoPro :: DEBUG :: Sleeping for 1 minutes
2017-12-09 18:04:27,946 :: GoPro :: INFO :: Wake up GoPro...
2017-12-09 18:04:37,981 :: GoPro :: INFO :: - Taking a photo
2017-12-09 18:04:37,995 :: GoPro :: ERROR :: Failed to send command to GoPro: HTTP Error 410: Gone
2017-12-09 18:04:48,009 :: GoPro :: INFO :: - Download media
2017-12-09 18:04:58,022 :: GoPro :: ERROR :: <urlopen error timed out>
2017-12-09 18:04:58,023 :: GoPro :: INFO :: - Sleep
2017-12-09 19:00:20,810 :: GoPro :: DEBUG :: ========== Starting GoPro H3 Controller ==========
2017-12-09 19:00:20,835 :: GoPro :: DEBUG :: Sleeping for 1 minutes
2017-12-09 19:04:28,888 :: GoPro :: INFO :: Wake up GoPro...
2017-12-09 19:04:38,931 :: GoPro :: INFO :: - Taking a photo
2017-12-09 19:04:38,947 :: GoPro :: ERROR :: Failed to send command to GoPro: HTTP Error 410: Gone
2017-12-09 19:04:48,961 :: GoPro :: INFO :: - Download media
2017-12-09 19:04:58,974 :: GoPro :: ERROR :: <urlopen error timed out>
2017-12-09 19:04:58,976 :: GoPro :: INFO :: - Sleep
2017-12-10 07:00:22,012 :: GoPro :: DEBUG :: ========== Starting GoPro H3 Controller ==========
2017-12-10 07:00:22,026 :: GoPro :: DEBUG :: Sleeping for 1 minutes
2017-12-10 07:04:30,573 :: GoPro :: INFO :: Wake up GoPro...
2017-12-10 07:04:40,612 :: GoPro :: INFO :: - Taking a photo
2017-12-10 07:04:40,629 :: GoPro :: ERROR :: Failed to send command to GoPro: HTTP Error 410: Gone
2017-12-10 07:04:50,642 :: GoPro :: INFO :: - Download media
2017-12-10 07:05:00,656 :: GoPro :: ERROR :: <urlopen error timed out>
2017-12-10 07:05:00,657 :: GoPro :: INFO :: - Sleep
2017-12-10 08:00:20,178 :: GoPro :: DEBUG :: ========== Starting GoPro H3 Controller ==========
2017-12-10 08:00:20,188 :: GoPro :: DEBUG :: Sleeping for 1 minutes
2017-12-10 08:04:29,217 :: GoPro :: INFO :: Wake up GoPro...
2017-12-10 08:04:39,239 :: GoPro :: ERROR :: Failed to send command to GoPro: <urlopen error timed out>
2017-12-10 08:04:49,259 :: GoPro :: INFO :: - Taking a photo
2017-12-10 08:04:59,274 :: GoPro :: ERROR :: Failed to send command to GoPro: <urlopen error timed out>
2017-12-10 08:05:09,290 :: GoPro :: INFO :: - Download media
2017-12-10 08:05:19,303 :: GoPro :: ERROR :: <urlopen error timed out>
2017-12-10 08:05:19,305 :: GoPro :: INFO :: - Sleep
2017-12-10 09:00:20,485 :: GoPro :: DEBUG :: ========== Starting GoPro H3 Controller ==========
2017-12-10 09:00:20,513 :: GoPro :: DEBUG :: Sleeping for 1 minutes
2017-12-10 09:04:30,050 :: GoPro :: INFO :: Wake up GoPro...
2017-12-10 09:04:40,085 :: GoPro :: INFO :: - Taking a photo
2017-12-10 09:04:40,099 :: GoPro :: ERROR :: Failed to send command to GoPro: HTTP Error 410: Gone
2017-12-10 09:04:50,112 :: GoPro :: INFO :: - Download media
2017-12-10 09:05:00,126 :: GoPro :: ERROR :: <urlopen error timed out>
2017-12-10 09:05:00,127 :: GoPro :: INFO :: - Sleep
2017-12-10 10:00:20,319 :: GoPro :: DEBUG :: ========== Starting GoPro H3 Controller ==========
2017-12-10 10:00:20,335 :: GoPro :: DEBUG :: Sleeping for 1 minutes
2017-12-10 10:04:30,362 :: GoPro :: INFO :: Wake up GoPro...
2017-12-10 10:04:40,398 :: GoPro :: INFO :: - Taking a photo
2017-12-10 10:04:40,414 :: GoPro :: ERROR :: Failed to send command to GoPro: HTTP Error 410: Gone
2017-12-10 10:04:50,427 :: GoPro :: INFO :: - Download media
2017-12-10 10:05:00,440 :: GoPro :: ERROR :: <urlopen error timed out>
2017-12-10 10:05:00,442 :: GoPro :: INFO :: - Sleep
2017-12-10 11:00:20,179 :: GoPro :: DEBUG :: ========== Starting GoPro H3 Controller ==========
2017-12-10 11:00:20,194 :: GoPro :: DEBUG :: Sleeping for 1 minutes
2017-12-10 11:04:30,720 :: GoPro :: INFO :: Wake up GoPro...
2017-12-10 11:04:40,761 :: GoPro :: INFO :: - Taking a photo
2017-12-10 11:04:40,778 :: GoPro :: ERROR :: Failed to send command to GoPro: HTTP Error 410: Gone
2017-12-10 11:04:50,791 :: GoPro :: INFO :: - Download media
2017-12-10 11:05:00,804 :: GoPro :: ERROR :: <urlopen error timed out>
2017-12-10 11:05:00,806 :: GoPro :: INFO :: - Sleep
2017-12-10 12:00:20,602 :: GoPro :: DEBUG :: ========== Starting GoPro H3 Controller ==========
2017-12-10 12:00:20,627 :: GoPro :: DEBUG :: Sleeping for 1 minutes
2017-12-10 12:04:31,660 :: GoPro :: INFO :: Wake up GoPro...
2017-12-10 12:04:41,697 :: GoPro :: INFO :: - Taking a photo
2017-12-10 12:04:41,717 :: GoPro :: ERROR :: Failed to send command to GoPro: HTTP Error 410: Gone
2017-12-10 12:04:51,730 :: GoPro :: INFO :: - Download media
2017-12-10 12:05:01,743 :: GoPro :: ERROR :: <urlopen error timed out>
2017-12-10 12:05:01,745 :: GoPro :: INFO :: - Sleep
2017-12-10 13:00:20,421 :: GoPro :: DEBUG :: ========== Starting GoPro H3 Controller ==========
2017-12-10 13:00:20,455 :: GoPro :: DEBUG :: Sleeping for 1 minutes
2017-12-10 13:04:31,977 :: GoPro :: INFO :: Wake up GoPro...
2017-12-10 13:04:42,013 :: GoPro :: INFO :: - Taking a photo
2017-12-10 13:04:42,030 :: GoPro :: ERROR :: Failed to send command to GoPro: HTTP Error 410: Gone
2017-12-10 13:04:52,043 :: GoPro :: INFO :: - Download media
2017-12-10 13:05:02,057 :: GoPro :: ERROR :: <urlopen error timed out>
2017-12-10 13:05:02,058 :: GoPro :: INFO :: - Sleep
2017-12-10 14:00:19,961 :: GoPro :: DEBUG :: ========== Starting GoPro H3 Controller ==========
2017-12-10 14:00:20,000 :: GoPro :: DEBUG :: Sleeping for 1 minutes
2017-12-10 14:04:32,022 :: GoPro :: INFO :: Wake up GoPro...
2017-12-10 14:04:42,061 :: GoPro :: INFO :: - Taking a photo
2017-12-10 14:04:42,075 :: GoPro :: ERROR :: Failed to send command to GoPro: HTTP Error 410: Gone
2017-12-10 14:04:52,089 :: GoPro :: INFO :: - Download media
2017-12-10 14:05:02,102 :: GoPro :: ERROR :: <urlopen error timed out>
2017-12-10 14:05:02,104 :: GoPro :: INFO :: - Sleep
2017-12-10 15:00:20,388 :: GoPro :: DEBUG :: ========== Starting GoPro H3 Controller ==========
2017-12-10 15:00:20,408 :: GoPro :: DEBUG :: Sleeping for 1 minutes
2017-12-10 15:04:32,928 :: GoPro :: INFO :: Wake up GoPro...
2017-12-10 15:04:42,968 :: GoPro :: INFO :: - Taking a photo
2017-12-10 15:04:42,983 :: GoPro :: ERROR :: Failed to send command to GoPro: HTTP Error 410: Gone
2017-12-10 15:04:52,996 :: GoPro :: INFO :: - Download media
2017-12-10 15:05:03,010 :: GoPro :: ERROR :: <urlopen error timed out>
2017-12-10 15:05:03,011 :: GoPro :: INFO :: - Sleep
2017-12-10 16:00:20,064 :: GoPro :: DEBUG :: ========== Starting GoPro H3 Controller ==========
2017-12-10 16:00:20,080 :: GoPro :: DEBUG :: Sleeping for 1 minutes
2017-12-10 16:04:33,103 :: GoPro :: INFO :: Wake up GoPro...
2017-12-10 16:04:43,144 :: GoPro :: INFO :: - Taking a photo
2017-12-10 16:04:43,160 :: GoPro :: ERROR :: Failed to send command to GoPro: HTTP Error 410: Gone
2017-12-10 16:04:53,173 :: GoPro :: INFO :: - Download media
2017-12-10 16:05:03,187 :: GoPro :: ERROR :: <urlopen error timed out>
2017-12-10 16:05:03,188 :: GoPro :: INFO :: - Sleep
2017-12-10 17:00:20,637 :: GoPro :: DEBUG :: ========== Starting GoPro H3 Controller ==========
2017-12-10 17:00:20,654 :: GoPro :: DEBUG :: Sleeping for 1 minutes
2017-12-10 17:04:34,183 :: GoPro :: INFO :: Wake up GoPro...
2017-12-10 17:04:44,309 :: GoPro :: INFO :: - Taking a photo
2017-12-10 17:04:44,326 :: GoPro :: ERROR :: Failed to send command to GoPro: HTTP Error 410: Gone
2017-12-10 17:04:54,339 :: GoPro :: INFO :: - Download media
2017-12-10 17:05:04,353 :: GoPro :: ERROR :: <urlopen error timed out>
2017-12-10 17:05:04,354 :: GoPro :: INFO :: - Sleep
2017-12-10 18:00:20,786 :: GoPro :: DEBUG :: ========== Starting GoPro H3 Controller ==========
2017-12-10 18:00:20,796 :: GoPro :: DEBUG :: Sleeping for 1 minutes
2017-12-10 18:04:34,806 :: GoPro :: INFO :: Wake up GoPro...
2017-12-10 18:04:44,841 :: GoPro :: INFO :: - Taking a photo
2017-12-10 18:04:44,857 :: GoPro :: ERROR :: Failed to send command to GoPro: HTTP Error 410: Gone
2017-12-10 18:04:54,870 :: GoPro :: INFO :: - Download media
2017-12-10 18:05:04,883 :: GoPro :: ERROR :: <urlopen error timed out>
2017-12-10 18:05:04,885 :: GoPro :: INFO :: - Sleep
2017-12-10 19:00:20,581 :: GoPro :: DEBUG :: ========== Starting GoPro H3 Controller ==========
2017-12-10 19:00:20,590 :: GoPro :: DEBUG :: Sleeping for 1 minutes
2017-12-10 19:04:35,117 :: GoPro :: INFO :: Wake up GoPro...
2017-12-10 19:04:45,162 :: GoPro :: INFO :: - Taking a photo
2017-12-10 19:04:45,178 :: GoPro :: ERROR :: Failed to send command to GoPro: HTTP Error 410: Gone
2017-12-10 19:04:55,191 :: GoPro :: INFO :: - Download media
2017-12-10 19:05:05,205 :: GoPro :: ERROR :: <urlopen error timed out>
2017-12-10 19:05:05,206 :: GoPro :: INFO :: - Sleep
2017-12-11 07:00:22,219 :: GoPro :: DEBUG :: ========== Starting GoPro H3 Controller ==========
2017-12-11 07:00:22,233 :: GoPro :: DEBUG :: Sleeping for 1 minutes
2017-12-11 07:04:37,270 :: GoPro :: INFO :: Wake up GoPro...
2017-12-11 07:04:47,305 :: GoPro :: INFO :: - Taking a photo
2017-12-11 07:04:47,319 :: GoPro :: ERROR :: Failed to send command to GoPro: HTTP Error 410: Gone
2017-12-11 07:04:57,333 :: GoPro :: INFO :: - Download media
2017-12-11 07:05:07,346 :: GoPro :: ERROR :: <urlopen error timed out>
2017-12-11 07:05:07,348 :: GoPro :: INFO :: - Sleep
2017-12-11 08:00:21,013 :: GoPro :: DEBUG :: ========== Starting GoPro H3 Controller ==========
2017-12-11 08:00:21,019 :: GoPro :: DEBUG :: Sleeping for 1 minutes
2017-12-11 08:04:36,527 :: GoPro :: INFO :: Wake up GoPro...
2017-12-11 08:04:46,563 :: GoPro :: INFO :: - Taking a photo
2017-12-11 08:04:46,577 :: GoPro :: ERROR :: Failed to send command to GoPro: HTTP Error 410: Gone
2017-12-11 08:04:56,590 :: GoPro :: INFO :: - Download media
2017-12-11 08:05:06,604 :: GoPro :: ERROR :: <urlopen error timed out>
2017-12-11 08:05:06,605 :: GoPro :: INFO :: - Sleep
2017-12-11 09:00:20,219 :: GoPro :: DEBUG :: ========== Starting GoPro H3 Controller ==========
2017-12-11 09:00:20,241 :: GoPro :: DEBUG :: Sleeping for 1 minutes
2017-12-11 09:04:36,240 :: GoPro :: INFO :: Wake up GoPro...
2017-12-11 09:04:46,275 :: GoPro :: INFO :: - Taking a photo
2017-12-11 09:04:46,289 :: GoPro :: ERROR :: Failed to send command to GoPro: HTTP Error 410: Gone
2017-12-11 09:04:56,303 :: GoPro :: INFO :: - Download media
2017-12-11 09:05:06,316 :: GoPro :: ERROR :: <urlopen error timed out>
2017-12-11 09:05:06,318 :: GoPro :: INFO :: - Sleep
2017-12-11 10:00:20,489 :: GoPro :: DEBUG :: ========== Starting GoPro H3 Controller ==========
2017-12-11 10:00:20,502 :: GoPro :: DEBUG :: Sleeping for 1 minutes
2017-12-11 10:04:36,994 :: GoPro :: INFO :: Wake up GoPro...
2017-12-11 10:04:47,040 :: GoPro :: INFO :: - Taking a photo
2017-12-11 10:04:47,056 :: GoPro :: ERROR :: Failed to send command to GoPro: HTTP Error 410: Gone
2017-12-11 10:04:57,069 :: GoPro :: INFO :: - Download media
2017-12-11 10:05:07,083 :: GoPro :: ERROR :: <urlopen error timed out>
2017-12-11 10:05:07,084 :: GoPro :: INFO :: - Sleep
2017-12-11 11:00:20,125 :: GoPro :: DEBUG :: ========== Starting GoPro H3 Controller ==========
2017-12-11 11:00:20,140 :: GoPro :: DEBUG :: Sleeping for 1 minutes
2017-12-11 11:04:37,128 :: GoPro :: INFO :: Wake up GoPro...
2017-12-11 11:04:47,163 :: GoPro :: INFO :: - Taking a photo
2017-12-11 11:04:47,179 :: GoPro :: ERROR :: Failed to send command to GoPro: HTTP Error 410: Gone
2017-12-11 11:04:57,193 :: GoPro :: INFO :: - Download media
2017-12-11 11:05:07,206 :: GoPro :: ERROR :: <urlopen error timed out>
2017-12-11 11:05:07,208 :: GoPro :: INFO :: - Sleep
2017-12-11 12:00:20,634 :: GoPro :: DEBUG :: ========== Starting GoPro H3 Controller ==========
2017-12-11 12:00:20,655 :: GoPro :: DEBUG :: Sleeping for 1 minutes
2017-12-11 12:04:38,153 :: GoPro :: INFO :: Wake up GoPro...
2017-12-11 12:04:48,191 :: GoPro :: INFO :: - Taking a photo
2017-12-11 12:04:48,210 :: GoPro :: ERROR :: Failed to send command to GoPro: HTTP Error 410: Gone
2017-12-11 12:04:58,223 :: GoPro :: INFO :: - Download media
2017-12-11 12:05:08,236 :: GoPro :: ERROR :: <urlopen error timed out>
2017-12-11 12:05:08,238 :: GoPro :: INFO :: - Sleep
2017-12-11 13:00:20,837 :: GoPro :: DEBUG :: ========== Starting GoPro H3 Controller ==========
2017-12-11 13:00:20,843 :: GoPro :: DEBUG :: Sleeping for 1 minutes
2017-12-11 13:04:38,832 :: GoPro :: INFO :: Wake up GoPro...
2017-12-11 13:04:48,867 :: GoPro :: INFO :: - Taking a photo
2017-12-11 13:04:48,881 :: GoPro :: ERROR :: Failed to send command to GoPro: HTTP Error 410: Gone
2017-12-11 13:04:58,895 :: GoPro :: INFO :: - Download media
2017-12-11 13:05:08,908 :: GoPro :: ERROR :: <urlopen error timed out>
2017-12-11 13:05:08,910 :: GoPro :: INFO :: - Sleep
2017-12-11 14:00:20,568 :: GoPro :: DEBUG :: ========== Starting GoPro H3 Controller ==========
2017-12-11 14:00:20,582 :: GoPro :: DEBUG :: Sleeping for 1 minutes
2017-12-11 14:04:39,085 :: GoPro :: INFO :: Wake up GoPro...
2017-12-11 14:04:49,121 :: GoPro :: INFO :: - Taking a photo
2017-12-11 14:04:49,136 :: GoPro :: ERROR :: Failed to send command to GoPro: HTTP Error 410: Gone
2017-12-11 14:04:59,149 :: GoPro :: INFO :: - Download media
2017-12-11 14:05:09,156 :: GoPro :: ERROR :: <urlopen error timed out>
2017-12-11 14:05:09,157 :: GoPro :: INFO :: - Sleep
2017-12-11 15:00:20,734 :: GoPro :: DEBUG :: ========== Starting GoPro H3 Controller ==========
2017-12-11 15:00:20,773 :: GoPro :: DEBUG :: Sleeping for 1 minutes
2017-12-11 15:04:39,768 :: GoPro :: INFO :: Wake up GoPro...
2017-12-11 15:04:49,822 :: GoPro :: INFO :: - Taking a photo
2017-12-11 15:04:49,839 :: GoPro :: ERROR :: Failed to send command to GoPro: HTTP Error 410: Gone
2017-12-11 15:04:59,852 :: GoPro :: INFO :: - Download media
2017-12-11 15:05:09,866 :: GoPro :: ERROR :: <urlopen error timed out>
2017-12-11 15:05:09,867 :: GoPro :: INFO :: - Sleep
2017-12-11 16:00:20,495 :: GoPro :: DEBUG :: ========== Starting GoPro H3 Controller ==========
2017-12-11 16:00:20,518 :: GoPro :: DEBUG :: Sleeping for 1 minutes
2017-12-11 16:04:40,011 :: GoPro :: INFO :: Wake up GoPro...
2017-12-11 16:04:50,050 :: GoPro :: INFO :: - Taking a photo
2017-12-11 16:04:50,066 :: GoPro :: ERROR :: Failed to send command to GoPro: HTTP Error 410: Gone
2017-12-11 16:05:00,079 :: GoPro :: INFO :: - Download media
2017-12-11 16:05:10,093 :: GoPro :: ERROR :: <urlopen error timed out>
2017-12-11 16:05:10,094 :: GoPro :: INFO :: - Sleep
2017-12-11 17:00:20,763 :: GoPro :: DEBUG :: ========== Starting GoPro H3 Controller ==========
2017-12-11 17:00:20,788 :: GoPro :: DEBUG :: Sleeping for 1 minutes
2017-12-11 17:04:40,786 :: GoPro :: INFO :: Wake up GoPro...
2017-12-11 17:04:50,824 :: GoPro :: INFO :: - Taking a photo
2017-12-11 17:04:50,840 :: GoPro :: ERROR :: Failed to send command to GoPro: HTTP Error 410: Gone
2017-12-11 17:05:00,853 :: GoPro :: INFO :: - Download media
2017-12-11 17:05:10,866 :: GoPro :: ERROR :: <urlopen error timed out>
2017-12-11 17:05:10,868 :: GoPro :: INFO :: - Sleep
2017-12-11 18:00:20,605 :: GoPro :: DEBUG :: ========== Starting GoPro H3 Controller ==========
2017-12-11 18:00:20,615 :: GoPro :: DEBUG :: Sleeping for 1 minutes
2017-12-11 18:04:41,113 :: GoPro :: INFO :: Wake up GoPro...
2017-12-11 18:04:51,149 :: GoPro :: INFO :: - Taking a photo
2017-12-11 18:04:51,165 :: GoPro :: ERROR :: Failed to send command to GoPro: HTTP Error 410: Gone
2017-12-11 18:05:01,178 :: GoPro :: INFO :: - Download media
2017-12-11 18:05:11,192 :: GoPro :: ERROR :: <urlopen error timed out>
2017-12-11 18:05:11,193 :: GoPro :: INFO :: - Sleep
2017-12-11 19:00:20,422 :: GoPro :: DEBUG :: ========== Starting GoPro H3 Controller ==========
2017-12-11 19:00:20,441 :: GoPro :: DEBUG :: Sleeping for 1 minutes
2017-12-11 19:04:41,444 :: GoPro :: INFO :: Wake up GoPro...
2017-12-11 19:04:51,481 :: GoPro :: INFO :: - Taking a photo
2017-12-11 19:04:51,496 :: GoPro :: ERROR :: Failed to send command to GoPro: HTTP Error 410: Gone
2017-12-11 19:05:01,509 :: GoPro :: INFO :: - Download media
2017-12-11 19:05:11,523 :: GoPro :: ERROR :: <urlopen error timed out>
2017-12-11 19:05:11,524 :: GoPro :: INFO :: - Sleep
2017-12-12 07:00:22,288 :: GoPro :: DEBUG :: ========== Starting GoPro H3 Controller ==========
2017-12-12 07:00:22,297 :: GoPro :: DEBUG :: Sleeping for 1 minutes
2017-12-12 07:04:43,783 :: GoPro :: INFO :: Wake up GoPro...
2017-12-12 07:04:53,818 :: GoPro :: INFO :: - Taking a photo
2017-12-12 07:04:53,832 :: GoPro :: ERROR :: Failed to send command to GoPro: HTTP Error 410: Gone
2017-12-12 07:05:03,845 :: GoPro :: INFO :: - Download media
2017-12-12 07:05:13,852 :: GoPro :: ERROR :: <urlopen error timed out>
2017-12-12 07:05:13,854 :: GoPro :: INFO :: - Sleep
2017-12-12 08:00:20,318 :: GoPro :: DEBUG :: ========== Starting GoPro H3 Controller ==========
2017-12-12 08:00:20,341 :: GoPro :: DEBUG :: Sleeping for 1 minutes
2017-12-12 08:04:42,299 :: GoPro :: INFO :: Wake up GoPro...
2017-12-12 08:04:52,336 :: GoPro :: INFO :: - Taking a photo
2017-12-12 08:04:52,352 :: GoPro :: ERROR :: Failed to send command to GoPro: HTTP Error 410: Gone
2017-12-12 08:05:02,366 :: GoPro :: INFO :: - Download media
2017-12-12 08:05:12,379 :: GoPro :: ERROR :: <urlopen error timed out>
2017-12-12 08:05:12,381 :: GoPro :: INFO :: - Sleep
2017-12-12 09:00:21,228 :: GoPro :: DEBUG :: ========== Starting GoPro H3 Controller ==========
2017-12-12 09:00:21,247 :: GoPro :: DEBUG :: Sleeping for 1 minutes
2017-12-12 09:04:43,712 :: GoPro :: INFO :: Wake up GoPro...
2017-12-12 09:04:53,752 :: GoPro :: INFO :: - Taking a photo
2017-12-12 09:04:53,766 :: GoPro :: ERROR :: Failed to send command to GoPro: HTTP Error 410: Gone
2017-12-12 09:05:03,780 :: GoPro :: INFO :: - Download media
2017-12-12 09:05:13,794 :: GoPro :: ERROR :: <urlopen error timed out>
2017-12-12 09:05:13,795 :: GoPro :: INFO :: - Sleep
2017-12-12 10:00:20,735 :: GoPro :: DEBUG :: ========== Starting GoPro H3 Controller ==========
2017-12-12 10:00:20,749 :: GoPro :: DEBUG :: Sleeping for 1 minutes
2017-12-12 10:04:43,769 :: GoPro :: INFO :: Wake up GoPro...
2017-12-12 10:04:53,805 :: GoPro :: INFO :: - Taking a photo
2017-12-12 10:04:53,823 :: GoPro :: ERROR :: Failed to send command to GoPro: HTTP Error 410: Gone
2017-12-12 10:05:03,837 :: GoPro :: INFO :: - Download media
2017-12-12 10:05:13,850 :: GoPro :: ERROR :: <urlopen error timed out>
2017-12-12 10:05:13,852 :: GoPro :: INFO :: - Sleep
2017-12-12 11:00:20,569 :: GoPro :: DEBUG :: ========== Starting GoPro H3 Controller ==========
2017-12-12 11:00:20,577 :: GoPro :: DEBUG :: Sleeping for 1 minutes
2017-12-12 11:04:44,043 :: GoPro :: INFO :: Wake up GoPro...
2017-12-12 11:04:54,079 :: GoPro :: INFO :: - Taking a photo
2017-12-12 11:04:54,093 :: GoPro :: ERROR :: Failed to send command to GoPro: HTTP Error 410: Gone
2017-12-12 11:05:04,106 :: GoPro :: INFO :: - Download media
2017-12-12 11:05:14,120 :: GoPro :: ERROR :: <urlopen error timed out>
2017-12-12 11:05:14,121 :: GoPro :: INFO :: - Sleep
2017-12-12 12:00:20,491 :: GoPro :: DEBUG :: ========== Starting GoPro H3 Controller ==========
2017-12-12 12:00:20,505 :: GoPro :: DEBUG :: Sleeping for 1 minutes
2017-12-12 12:04:44,471 :: GoPro :: INFO :: Wake up GoPro...
2017-12-12 12:04:54,515 :: GoPro :: INFO :: - Taking a photo
2017-12-12 12:04:54,531 :: GoPro :: ERROR :: Failed to send command to GoPro: HTTP Error 410: Gone
2017-12-12 12:05:04,544 :: GoPro :: INFO :: - Download media
2017-12-12 12:05:14,558 :: GoPro :: ERROR :: <urlopen error timed out>
2017-12-12 12:05:14,559 :: GoPro :: INFO :: - Sleep
2017-12-12 13:00:20,695 :: GoPro :: DEBUG :: ========== Starting GoPro H3 Controller ==========
2017-12-12 13:00:20,716 :: GoPro :: DEBUG :: Sleeping for 1 minutes
2017-12-12 13:04:45,204 :: GoPro :: INFO :: Wake up GoPro...
2017-12-12 13:04:55,241 :: GoPro :: INFO :: - Taking a photo
2017-12-12 13:04:55,255 :: GoPro :: ERROR :: Failed to send command to GoPro: HTTP Error 410: Gone
2017-12-12 13:05:05,268 :: GoPro :: INFO :: - Download media
2017-12-12 13:05:15,282 :: GoPro :: ERROR :: <urlopen error timed out>
2017-12-12 13:05:15,283 :: GoPro :: INFO :: - Sleep
2017-12-12 14:00:20,611 :: GoPro :: DEBUG :: ========== Starting GoPro H3 Controller ==========
2017-12-12 14:00:20,620 :: GoPro :: DEBUG :: Sleeping for 1 minutes
2017-12-12 14:04:45,606 :: GoPro :: INFO :: Wake up GoPro...
2017-12-12 14:04:55,643 :: GoPro :: INFO :: - Taking a photo
2017-12-12 14:04:55,657 :: GoPro :: ERROR :: Failed to send command to GoPro: HTTP Error 410: Gone
2017-12-12 14:05:05,670 :: GoPro :: INFO :: - Download media
2017-12-12 14:05:15,684 :: GoPro :: ERROR :: <urlopen error timed out>
2017-12-12 14:05:15,685 :: GoPro :: INFO :: - Sleep
2017-12-12 15:00:20,106 :: GoPro :: DEBUG :: ========== Starting GoPro H3 Controller ==========
2017-12-12 15:00:20,123 :: GoPro :: DEBUG :: Sleeping for 1 minutes
2017-12-12 15:04:45,615 :: GoPro :: INFO :: Wake up GoPro...
2017-12-12 15:04:55,652 :: GoPro :: INFO :: - Taking a photo
2017-12-12 15:04:55,666 :: GoPro :: ERROR :: Failed to send command to GoPro: HTTP Error 410: Gone
2017-12-12 15:05:05,679 :: GoPro :: INFO :: - Download media
2017-12-12 15:05:15,693 :: GoPro :: ERROR :: <urlopen error timed out>
2017-12-12 15:05:15,695 :: GoPro :: INFO :: - Sleep
2017-12-12 16:00:20,480 :: GoPro :: DEBUG :: ========== Starting GoPro H3 Controller ==========
2017-12-12 16:00:20,489 :: GoPro :: DEBUG :: Sleeping for 1 minutes
2017-12-12 16:04:46,464 :: GoPro :: INFO :: Wake up GoPro...
2017-12-12 16:04:56,500 :: GoPro :: INFO :: - Taking a photo
2017-12-12 16:04:56,514 :: GoPro :: ERROR :: Failed to send command to GoPro: HTTP Error 410: Gone
2017-12-12 16:05:06,527 :: GoPro :: INFO :: - Download media
2017-12-12 16:05:16,541 :: GoPro :: ERROR :: <urlopen error timed out>
2017-12-12 16:05:16,542 :: GoPro :: INFO :: - Sleep
2017-12-12 17:00:20,739 :: GoPro :: DEBUG :: ========== Starting GoPro H3 Controller ==========
2017-12-12 17:00:20,773 :: GoPro :: DEBUG :: Sleeping for 1 minutes
2017-12-12 17:04:47,255 :: GoPro :: INFO :: Wake up GoPro...
2017-12-12 17:04:57,291 :: GoPro :: INFO :: - Taking a photo
2017-12-12 17:04:57,305 :: GoPro :: ERROR :: Failed to send command to GoPro: HTTP Error 410: Gone
2017-12-12 17:05:07,318 :: GoPro :: INFO :: - Download media
2017-12-12 17:05:17,331 :: GoPro :: ERROR :: <urlopen error timed out>
2017-12-12 17:05:17,333 :: GoPro :: INFO :: - Sleep
2017-12-12 18:00:20,542 :: GoPro :: DEBUG :: ========== Starting GoPro H3 Controller ==========
2017-12-12 18:00:20,568 :: GoPro :: DEBUG :: Sleeping for 1 minutes
2017-12-12 18:04:47,564 :: GoPro :: INFO :: Wake up GoPro...
2017-12-12 18:04:57,600 :: GoPro :: INFO :: - Taking a photo
2017-12-12 18:04:57,617 :: GoPro :: ERROR :: Failed to send command to GoPro: HTTP Error 410: Gone
2017-12-12 18:05:07,630 :: GoPro :: INFO :: - Download media
2017-12-12 18:05:17,644 :: GoPro :: ERROR :: <urlopen error timed out>
2017-12-12 18:05:17,646 :: GoPro :: INFO :: - Sleep
2017-12-12 19:00:20,414 :: GoPro :: DEBUG :: ========== Starting GoPro H3 Controller ==========
2017-12-12 19:00:20,436 :: GoPro :: DEBUG :: Sleeping for 1 minutes
2017-12-12 19:04:47,923 :: GoPro :: INFO :: Wake up GoPro...
2017-12-12 19:04:57,960 :: GoPro :: INFO :: - Taking a photo
2017-12-12 19:04:57,976 :: GoPro :: ERROR :: Failed to send command to GoPro: HTTP Error 410: Gone
2017-12-12 19:05:07,989 :: GoPro :: INFO :: - Download media
2017-12-12 19:05:18,003 :: GoPro :: ERROR :: <urlopen error timed out>
2017-12-12 19:05:18,004 :: GoPro :: INFO :: - Sleep
2017-12-13 07:00:21,954 :: GoPro :: DEBUG :: ========== Starting GoPro H3 Controller ==========
2017-12-13 07:00:21,970 :: GoPro :: DEBUG :: Sleeping for 1 minutes
2017-12-13 07:04:49,923 :: GoPro :: INFO :: Wake up GoPro...
2017-12-13 07:05:00,052 :: GoPro :: INFO :: - Taking a photo
2017-12-13 07:05:00,071 :: GoPro :: ERROR :: Failed to send command to GoPro: HTTP Error 410: Gone
2017-12-13 07:05:10,084 :: GoPro :: INFO :: - Download media
2017-12-13 07:05:20,097 :: GoPro :: ERROR :: <urlopen error timed out>
2017-12-13 07:05:20,099 :: GoPro :: INFO :: - Sleep
2017-12-13 08:00:20,603 :: GoPro :: DEBUG :: ========== Starting GoPro H3 Controller ==========
2017-12-13 08:00:20,617 :: GoPro :: DEBUG :: Sleeping for 1 minutes
2017-12-13 08:04:49,067 :: GoPro :: INFO :: Wake up GoPro...
2017-12-13 08:04:59,108 :: GoPro :: INFO :: - Taking a photo
2017-12-13 08:04:59,122 :: GoPro :: ERROR :: Failed to send command to GoPro: HTTP Error 410: Gone
2017-12-13 08:05:09,136 :: GoPro :: INFO :: - Download media
2017-12-13 08:05:19,149 :: GoPro :: ERROR :: <urlopen error timed out>
2017-12-13 08:05:19,151 :: GoPro :: INFO :: - Sleep
2017-12-13 09:00:20,220 :: GoPro :: DEBUG :: ========== Starting GoPro H3 Controller ==========
2017-12-13 09:00:20,232 :: GoPro :: DEBUG :: Sleeping for 1 minutes
2017-12-13 09:04:49,192 :: GoPro :: INFO :: Wake up GoPro...
2017-12-13 09:04:59,234 :: GoPro :: INFO :: - Taking a photo
2017-12-13 09:04:59,254 :: GoPro :: ERROR :: Failed to send command to GoPro: HTTP Error 410: Gone
2017-12-13 09:05:09,267 :: GoPro :: INFO :: - Download media
2017-12-13 09:05:19,281 :: GoPro :: ERROR :: <urlopen error timed out>
2017-12-13 09:05:19,282 :: GoPro :: INFO :: - Sleep
2017-12-13 10:00:20,037 :: GoPro :: DEBUG :: ========== Starting GoPro H3 Controller ==========
2017-12-13 10:00:20,052 :: GoPro :: DEBUG :: Sleeping for 1 minutes
2017-12-13 10:04:49,497 :: GoPro :: INFO :: Wake up GoPro...
2017-12-13 10:04:59,533 :: GoPro :: INFO :: - Taking a photo
2017-12-13 10:04:59,553 :: GoPro :: ERROR :: Failed to send command to GoPro: HTTP Error 410: Gone
2017-12-13 10:05:09,566 :: GoPro :: INFO :: - Download media
2017-12-13 10:05:19,580 :: GoPro :: ERROR :: <urlopen error timed out>
2017-12-13 10:05:19,581 :: GoPro :: INFO :: - Sleep
2017-12-13 11:00:20,253 :: GoPro :: DEBUG :: ========== Starting GoPro H3 Controller ==========
2017-12-13 11:00:20,276 :: GoPro :: DEBUG :: Sleeping for 1 minutes
2017-12-13 11:04:50,223 :: GoPro :: INFO :: Wake up GoPro...
2017-12-13 11:05:00,258 :: GoPro :: INFO :: - Taking a photo
2017-12-13 11:05:00,275 :: GoPro :: ERROR :: Failed to send command to GoPro: HTTP Error 410: Gone
2017-12-13 11:05:10,289 :: GoPro :: INFO :: - Download media
2017-12-13 11:05:20,302 :: GoPro :: ERROR :: <urlopen error timed out>
2017-12-13 11:05:20,304 :: GoPro :: INFO :: - Sleep
2017-12-13 12:00:20,746 :: GoPro :: DEBUG :: ========== Starting GoPro H3 Controller ==========
2017-12-13 12:00:20,759 :: GoPro :: DEBUG :: Sleeping for 1 minutes
2017-12-13 12:04:51,207 :: GoPro :: INFO :: Wake up GoPro...
2017-12-13 12:05:01,245 :: GoPro :: INFO :: - Taking a photo
2017-12-13 12:05:01,260 :: GoPro :: ERROR :: Failed to send command to GoPro: HTTP Error 410: Gone
2017-12-13 12:05:11,273 :: GoPro :: INFO :: - Download media
2017-12-13 12:05:21,286 :: GoPro :: ERROR :: <urlopen error timed out>
2017-12-13 12:05:21,288 :: GoPro :: INFO :: - Sleep
2017-12-13 13:00:20,320 :: GoPro :: DEBUG :: ========== Starting GoPro H3 Controller ==========
2017-12-13 13:00:20,331 :: GoPro :: DEBUG :: Sleeping for 1 minutes
2017-12-13 13:04:51,282 :: GoPro :: INFO :: Wake up GoPro...
2017-12-13 13:05:01,323 :: GoPro :: INFO :: - Taking a photo
2017-12-13 13:05:01,337 :: GoPro :: ERROR :: Failed to send command to GoPro: HTTP Error 410: Gone
2017-12-13 13:05:11,350 :: GoPro :: INFO :: - Download media
2017-12-13 13:05:21,364 :: GoPro :: ERROR :: <urlopen error timed out>
2017-12-13 13:05:21,365 :: GoPro :: INFO :: - Sleep
2017-12-13 14:00:20,202 :: GoPro :: DEBUG :: ========== Starting GoPro H3 Controller ==========
2017-12-13 14:00:20,219 :: GoPro :: DEBUG :: Sleeping for 1 minutes
2017-12-13 14:04:51,672 :: GoPro :: INFO :: Wake up GoPro...
2017-12-13 14:05:01,708 :: GoPro :: INFO :: - Taking a photo
2017-12-13 14:05:01,724 :: GoPro :: ERROR :: Failed to send command to GoPro: HTTP Error 410: Gone
2017-12-13 14:05:11,737 :: GoPro :: INFO :: - Download media
2017-12-13 14:05:21,751 :: GoPro :: ERROR :: <urlopen error timed out>
2017-12-13 14:05:21,753 :: GoPro :: INFO :: - Sleep
2017-12-13 15:00:20,708 :: GoPro :: DEBUG :: ========== Starting GoPro H3 Controller ==========
2017-12-13 15:00:20,728 :: GoPro :: DEBUG :: Sleeping for 1 minutes
2017-12-13 15:04:52,686 :: GoPro :: INFO :: Wake up GoPro...
2017-12-13 15:05:02,722 :: GoPro :: INFO :: - Taking a photo
2017-12-13 15:05:02,736 :: GoPro :: ERROR :: Failed to send command to GoPro: HTTP Error 410: Gone
2017-12-13 15:05:12,749 :: GoPro :: INFO :: - Download media
2017-12-13 15:05:22,763 :: GoPro :: ERROR :: <urlopen error timed out>
2017-12-13 15:05:22,764 :: GoPro :: INFO :: - Sleep
2017-12-13 16:00:20,430 :: GoPro :: DEBUG :: ========== Starting GoPro H3 Controller ==========
2017-12-13 16:00:20,437 :: GoPro :: DEBUG :: Sleeping for 1 minutes
2017-12-13 16:04:52,972 :: GoPro :: INFO :: Wake up GoPro...
2017-12-13 16:05:03,007 :: GoPro :: INFO :: - Taking a photo
2017-12-13 16:05:13,022 :: GoPro :: ERROR :: Failed to send command to GoPro: <urlopen error timed out>
2017-12-13 16:05:23,035 :: GoPro :: INFO :: - Download media
2017-12-13 16:05:33,049 :: GoPro :: ERROR :: <urlopen error timed out>
2017-12-13 16:05:33,050 :: GoPro :: INFO :: - Sleep
2017-12-13 16:05:43,065 :: GoPro :: ERROR :: Failed to send command to GoPro: <urlopen error timed out>
2017-12-13 17:00:20,191 :: GoPro :: DEBUG :: ========== Starting GoPro H3 Controller ==========
2017-12-13 17:00:20,204 :: GoPro :: DEBUG :: Sleeping for 1 minutes
2017-12-13 17:04:53,155 :: GoPro :: INFO :: Wake up GoPro...
2017-12-13 17:05:03,196 :: GoPro :: INFO :: - Taking a photo
2017-12-13 17:05:03,210 :: GoPro :: ERROR :: Failed to send command to GoPro: HTTP Error 410: Gone
2017-12-13 17:05:13,223 :: GoPro :: INFO :: - Download media
2017-12-13 17:05:23,237 :: GoPro :: ERROR :: <urlopen error timed out>
2017-12-13 17:05:23,238 :: GoPro :: INFO :: - Sleep
2017-12-13 18:00:20,366 :: GoPro :: DEBUG :: ========== Starting GoPro H3 Controller ==========
2017-12-13 18:00:20,400 :: GoPro :: DEBUG :: Sleeping for 1 minutes
2017-12-13 18:04:53,859 :: GoPro :: INFO :: Wake up GoPro...
2017-12-13 18:05:03,894 :: GoPro :: INFO :: - Taking a photo
2017-12-13 18:05:03,911 :: GoPro :: ERROR :: Failed to send command to GoPro: HTTP Error 410: Gone
2017-12-13 18:05:13,924 :: GoPro :: INFO :: - Download media
2017-12-13 18:05:23,933 :: GoPro :: ERROR :: <urlopen error timed out>
2017-12-13 18:05:23,935 :: GoPro :: INFO :: - Sleep
2017-12-13 19:00:20,327 :: GoPro :: DEBUG :: ========== Starting GoPro H3 Controller ==========
2017-12-13 19:00:20,335 :: GoPro :: DEBUG :: Sleeping for 1 minutes
2017-12-13 19:04:54,306 :: GoPro :: INFO :: Wake up GoPro...
2017-12-13 19:05:04,341 :: GoPro :: INFO :: - Taking a photo
2017-12-13 19:05:04,356 :: GoPro :: ERROR :: Failed to send command to GoPro: HTTP Error 410: Gone
2017-12-13 19:05:14,369 :: GoPro :: INFO :: - Download media
2017-12-13 19:05:24,382 :: GoPro :: ERROR :: <urlopen error timed out>
2017-12-13 19:05:24,384 :: GoPro :: INFO :: - Sleep
2017-12-14 07:00:22,178 :: GoPro :: DEBUG :: ========== Starting GoPro H3 Controller ==========
2017-12-14 07:00:22,215 :: GoPro :: DEBUG :: Sleeping for 1 minutes
2017-12-14 07:04:56,641 :: GoPro :: INFO :: Wake up GoPro...
2017-12-14 07:05:06,689 :: GoPro :: INFO :: - Taking a photo
2017-12-14 07:05:06,703 :: GoPro :: ERROR :: Failed to send command to GoPro: HTTP Error 410: Gone
2017-12-14 07:05:16,716 :: GoPro :: INFO :: - Download media
2017-12-14 07:05:26,730 :: GoPro :: ERROR :: <urlopen error timed out>
2017-12-14 07:05:26,731 :: GoPro :: INFO :: - Sleep
2017-12-14 08:00:20,664 :: GoPro :: DEBUG :: ========== Starting GoPro H3 Controller ==========
2017-12-14 08:00:20,672 :: GoPro :: DEBUG :: Sleeping for 1 minutes
2017-12-14 08:04:55,592 :: GoPro :: INFO :: Wake up GoPro...
2017-12-14 08:05:05,630 :: GoPro :: INFO :: - Taking a photo
2017-12-14 08:05:05,646 :: GoPro :: ERROR :: Failed to send command to GoPro: HTTP Error 410: Gone
2017-12-14 08:05:15,659 :: GoPro :: INFO :: - Download media
2017-12-14 08:05:25,673 :: GoPro :: ERROR :: <urlopen error timed out>
2017-12-14 08:05:25,674 :: GoPro :: INFO :: - Sleep
2017-12-14 09:00:20,110 :: GoPro :: DEBUG :: ========== Starting GoPro H3 Controller ==========
2017-12-14 09:00:20,129 :: GoPro :: DEBUG :: Sleeping for 1 minutes
2017-12-14 09:04:55,550 :: GoPro :: INFO :: Wake up GoPro...
2017-12-14 09:05:05,595 :: GoPro :: INFO :: - Taking a photo
2017-12-14 09:05:05,611 :: GoPro :: ERROR :: Failed to send command to GoPro: HTTP Error 410: Gone
2017-12-14 09:05:15,629 :: GoPro :: INFO :: - Download media
2017-12-14 09:05:25,643 :: GoPro :: ERROR :: <urlopen error timed out>
2017-12-14 09:05:25,644 :: GoPro :: INFO :: - Sleep
2017-12-14 10:00:20,569 :: GoPro :: DEBUG :: ========== Starting GoPro H3 Controller ==========
2017-12-14 10:00:20,577 :: GoPro :: DEBUG :: Sleeping for 1 minutes
2017-12-14 10:04:56,511 :: GoPro :: INFO :: Wake up GoPro...
2017-12-14 10:05:06,546 :: GoPro :: INFO :: - Taking a photo
2017-12-14 10:05:06,560 :: GoPro :: ERROR :: Failed to send command to GoPro: HTTP Error 410: Gone
2017-12-14 10:05:16,573 :: GoPro :: INFO :: - Download media
2017-12-14 10:05:26,587 :: GoPro :: ERROR :: <urlopen error timed out>
2017-12-14 10:05:26,588 :: GoPro :: INFO :: - Sleep
2017-12-14 11:00:20,732 :: GoPro :: DEBUG :: ========== Starting GoPro H3 Controller ==========
2017-12-14 11:00:20,749 :: GoPro :: DEBUG :: Sleeping for 1 minutes
2017-12-14 11:04:57,178 :: GoPro :: INFO :: Wake up GoPro...
2017-12-14 11:05:07,230 :: GoPro :: INFO :: - Taking a photo
2017-12-14 11:05:07,252 :: GoPro :: ERROR :: Failed to send command to GoPro: HTTP Error 410: Gone
2017-12-14 11:05:17,265 :: GoPro :: INFO :: - Download media
2017-12-14 11:05:27,279 :: GoPro :: ERROR :: <urlopen error timed out>
2017-12-14 11:05:27,280 :: GoPro :: INFO :: - Sleep
2017-12-14 12:00:20,494 :: GoPro :: DEBUG :: ========== Starting GoPro H3 Controller ==========
2017-12-14 12:00:20,510 :: GoPro :: DEBUG :: Sleeping for 1 minutes
2017-12-14 12:04:57,441 :: GoPro :: INFO :: Wake up GoPro...
2017-12-14 12:05:07,476 :: GoPro :: INFO :: - Taking a photo
2017-12-14 12:05:07,492 :: GoPro :: ERROR :: Failed to send command to GoPro: HTTP Error 410: Gone
2017-12-14 12:05:17,506 :: GoPro :: INFO :: - Download media
2017-12-14 12:05:27,519 :: GoPro :: ERROR :: <urlopen error timed out>
2017-12-14 12:05:27,521 :: GoPro :: INFO :: - Sleep
2017-12-14 13:00:20,745 :: GoPro :: DEBUG :: ========== Starting GoPro H3 Controller ==========
2017-12-14 13:00:20,771 :: GoPro :: DEBUG :: Sleeping for 1 minutes
2017-12-14 13:04:58,196 :: GoPro :: INFO :: Wake up GoPro...
2017-12-14 13:05:08,233 :: GoPro :: INFO :: - Taking a photo
2017-12-14 13:05:08,247 :: GoPro :: ERROR :: Failed to send command to GoPro: HTTP Error 410: Gone
2017-12-14 13:05:18,260 :: GoPro :: INFO :: - Download media
2017-12-14 13:05:28,274 :: GoPro :: ERROR :: <urlopen error timed out>
2017-12-14 13:05:28,275 :: GoPro :: INFO :: - Sleep
2017-12-14 14:00:20,393 :: GoPro :: DEBUG :: ========== Starting GoPro H3 Controller ==========
2017-12-14 14:00:20,401 :: GoPro :: DEBUG :: Sleeping for 1 minutes
2017-12-14 14:04:58,319 :: GoPro :: INFO :: Wake up GoPro...
2017-12-14 14:05:08,364 :: GoPro :: INFO :: - Taking a photo
2017-12-14 14:05:08,378 :: GoPro :: ERROR :: Failed to send command to GoPro: HTTP Error 410: Gone
2017-12-14 14:05:18,400 :: GoPro :: INFO :: - Download media
2017-12-14 14:05:28,414 :: GoPro :: ERROR :: <urlopen error timed out>
2017-12-14 14:05:28,415 :: GoPro :: INFO :: - Sleep
2017-12-14 15:00:21,082 :: GoPro :: DEBUG :: ========== Starting GoPro H3 Controller ==========
2017-12-14 15:00:21,116 :: GoPro :: DEBUG :: Sleeping for 1 minutes
2017-12-14 15:04:59,534 :: GoPro :: INFO :: Wake up GoPro...
2017-12-14 15:05:09,649 :: GoPro :: INFO :: - Taking a photo
2017-12-14 15:05:09,663 :: GoPro :: ERROR :: Failed to send command to GoPro: HTTP Error 410: Gone
2017-12-14 15:05:19,676 :: GoPro :: INFO :: - Download media
2017-12-14 15:05:29,690 :: GoPro :: ERROR :: <urlopen error timed out>
2017-12-14 15:05:29,691 :: GoPro :: INFO :: - Sleep
2017-12-14 16:00:20,600 :: GoPro :: DEBUG :: ========== Starting GoPro H3 Controller ==========
2017-12-14 16:00:20,612 :: GoPro :: DEBUG :: Sleeping for 1 minutes
2017-12-14 16:04:59,537 :: GoPro :: INFO :: Wake up GoPro...
2017-12-14 16:05:09,573 :: GoPro :: INFO :: - Taking a photo
2017-12-14 16:05:09,587 :: GoPro :: ERROR :: Failed to send command to GoPro: HTTP Error 410: Gone
2017-12-14 16:05:19,601 :: GoPro :: INFO :: - Download media
2017-12-14 16:05:29,614 :: GoPro :: ERROR :: <urlopen error timed out>
2017-12-14 16:05:29,616 :: GoPro :: INFO :: - Sleep
2017-12-14 17:00:20,222 :: GoPro :: DEBUG :: ========== Starting GoPro H3 Controller ==========
2017-12-14 17:00:20,243 :: GoPro :: DEBUG :: Sleeping for 1 minutes
2017-12-14 17:04:59,706 :: GoPro :: INFO :: Wake up GoPro...
2017-12-14 17:05:09,751 :: GoPro :: INFO :: - Taking a photo
2017-12-14 17:05:09,767 :: GoPro :: ERROR :: Failed to send command to GoPro: HTTP Error 410: Gone
2017-12-14 17:05:19,789 :: GoPro :: INFO :: - Download media
2017-12-14 17:05:29,802 :: GoPro :: ERROR :: <urlopen error timed out>
2017-12-14 17:05:29,804 :: GoPro :: INFO :: - Sleep
2017-12-14 18:00:20,516 :: GoPro :: DEBUG :: ========== Starting GoPro H3 Controller ==========
2017-12-14 18:00:20,530 :: GoPro :: DEBUG :: Sleeping for 1 minutes
2017-12-14 18:05:00,451 :: GoPro :: INFO :: Wake up GoPro...
2017-12-14 18:05:10,486 :: GoPro :: INFO :: - Taking a photo
2017-12-14 18:05:10,501 :: GoPro :: ERROR :: Failed to send command to GoPro: HTTP Error 410: Gone
2017-12-14 18:05:20,514 :: GoPro :: INFO :: - Download media
2017-12-14 18:05:30,528 :: GoPro :: ERROR :: <urlopen error timed out>
2017-12-14 18:05:30,529 :: GoPro :: INFO :: - Sleep
2017-12-14 19:00:20,604 :: GoPro :: DEBUG :: ========== Starting GoPro H3 Controller ==========
2017-12-14 19:00:20,612 :: GoPro :: DEBUG :: Sleeping for 1 minutes
2017-12-14 19:05:01,029 :: GoPro :: INFO :: Wake up GoPro...
2017-12-14 19:05:11,066 :: GoPro :: INFO :: - Taking a photo
2017-12-14 19:05:11,080 :: GoPro :: ERROR :: Failed to send command to GoPro: HTTP Error 410: Gone
2017-12-14 19:05:21,094 :: GoPro :: INFO :: - Download media
2017-12-14 19:05:31,107 :: GoPro :: ERROR :: <urlopen error timed out>
2017-12-14 19:05:31,109 :: GoPro :: INFO :: - Sleep
2017-12-15 07:00:22,456 :: GoPro :: DEBUG :: ========== Starting GoPro H3 Controller ==========
2017-12-15 07:00:22,476 :: GoPro :: DEBUG :: Sleeping for 1 minutes
2017-12-15 07:05:03,389 :: GoPro :: INFO :: Wake up GoPro...
2017-12-15 07:05:13,426 :: GoPro :: INFO :: - Taking a photo
2017-12-15 07:05:13,441 :: GoPro :: ERROR :: Failed to send command to GoPro: HTTP Error 410: Gone
2017-12-15 07:05:23,454 :: GoPro :: INFO :: - Download media
2017-12-15 07:05:33,468 :: GoPro :: ERROR :: <urlopen error timed out>
2017-12-15 07:05:33,470 :: GoPro :: INFO :: - Sleep
2017-12-15 08:00:20,483 :: GoPro :: DEBUG :: ========== Starting GoPro H3 Controller ==========
2017-12-15 08:00:20,506 :: GoPro :: DEBUG :: Sleeping for 1 minutes
2017-12-15 08:05:01,902 :: GoPro :: INFO :: Wake up GoPro...
2017-12-15 08:05:11,938 :: GoPro :: INFO :: - Taking a photo
2017-12-15 08:05:11,954 :: GoPro :: ERROR :: Failed to send command to GoPro: HTTP Error 410: Gone
2017-12-15 08:05:21,967 :: GoPro :: INFO :: - Download media
2017-12-15 08:05:31,981 :: GoPro :: ERROR :: <urlopen error timed out>
2017-12-15 08:05:31,982 :: GoPro :: INFO :: - Sleep
2017-12-15 09:00:20,375 :: GoPro :: DEBUG :: ========== Starting GoPro H3 Controller ==========
2017-12-15 09:00:20,402 :: GoPro :: DEBUG :: Sleeping for 1 minutes
2017-12-15 09:05:02,303 :: GoPro :: INFO :: Wake up GoPro...
2017-12-15 09:05:12,339 :: GoPro :: INFO :: - Taking a photo
2017-12-15 09:05:12,355 :: GoPro :: ERROR :: Failed to send command to GoPro: HTTP Error 410: Gone
2017-12-15 09:05:22,369 :: GoPro :: INFO :: - Download media
2017-12-15 09:05:32,382 :: GoPro :: ERROR :: <urlopen error timed out>
2017-12-15 09:05:32,384 :: GoPro :: INFO :: - Sleep
2017-12-15 10:00:20,345 :: GoPro :: DEBUG :: ========== Starting GoPro H3 Controller ==========
2017-12-15 10:00:20,371 :: GoPro :: DEBUG :: Sleeping for 1 minutes
2017-12-15 10:05:02,769 :: GoPro :: INFO :: Wake up GoPro...
2017-12-15 10:05:12,810 :: GoPro :: INFO :: - Taking a photo
2017-12-15 10:05:12,824 :: GoPro :: ERROR :: Failed to send command to GoPro: HTTP Error 410: Gone
2017-12-15 10:05:22,837 :: GoPro :: INFO :: - Download media
2017-12-15 10:05:32,850 :: GoPro :: ERROR :: <urlopen error timed out>
2017-12-15 10:05:32,852 :: GoPro :: INFO :: - Sleep
2017-12-15 11:00:20,540 :: GoPro :: DEBUG :: ========== Starting GoPro H3 Controller ==========
2017-12-15 11:00:20,559 :: GoPro :: DEBUG :: Sleeping for 1 minutes
2017-12-15 11:05:03,466 :: GoPro :: INFO :: Wake up GoPro...
2017-12-15 11:05:13,503 :: GoPro :: INFO :: - Taking a photo
2017-12-15 11:05:13,517 :: GoPro :: ERROR :: Failed to send command to GoPro: HTTP Error 410: Gone
2017-12-15 11:05:23,530 :: GoPro :: INFO :: - Download media
2017-12-15 11:05:33,544 :: GoPro :: ERROR :: <urlopen error timed out>
2017-12-15 11:05:33,545 :: GoPro :: INFO :: - Sleep
2017-12-15 12:00:20,327 :: GoPro :: DEBUG :: ========== Starting GoPro H3 Controller ==========
2017-12-15 12:00:20,343 :: GoPro :: DEBUG :: Sleeping for 1 minutes
2017-12-15 12:05:03,753 :: GoPro :: INFO :: Wake up GoPro...
2017-12-15 12:05:13,789 :: GoPro :: INFO :: - Taking a photo
2017-12-15 12:05:13,803 :: GoPro :: ERROR :: Failed to send command to GoPro: HTTP Error 410: Gone
2017-12-15 12:05:23,815 :: GoPro :: INFO :: - Download media
2017-12-15 12:05:33,829 :: GoPro :: ERROR :: <urlopen error timed out>
2017-12-15 12:05:33,830 :: GoPro :: INFO :: - Sleep
2017-12-15 13:00:20,274 :: GoPro :: DEBUG :: ========== Starting GoPro H3 Controller ==========
2017-12-15 13:00:20,292 :: GoPro :: DEBUG :: Sleeping for 1 minutes
2017-12-15 13:05:04,192 :: GoPro :: INFO :: Wake up GoPro...
2017-12-15 13:05:14,228 :: GoPro :: INFO :: - Taking a photo
2017-12-15 13:05:14,242 :: GoPro :: ERROR :: Failed to send command to GoPro: HTTP Error 410: Gone
2017-12-15 13:05:24,256 :: GoPro :: INFO :: - Download media
2017-12-15 13:05:34,269 :: GoPro :: ERROR :: <urlopen error timed out>
2017-12-15 13:05:34,271 :: GoPro :: INFO :: - Sleep
2017-12-15 14:00:20,409 :: GoPro :: DEBUG :: ========== Starting GoPro H3 Controller ==========
2017-12-15 14:00:20,417 :: GoPro :: DEBUG :: Sleeping for 1 minutes
2017-12-15 14:05:04,821 :: GoPro :: INFO :: Wake up GoPro...
2017-12-15 14:05:14,859 :: GoPro :: INFO :: - Taking a photo
2017-12-15 14:05:14,876 :: GoPro :: ERROR :: Failed to send command to GoPro: HTTP Error 410: Gone
2017-12-15 14:05:24,889 :: GoPro :: INFO :: - Download media
2017-12-15 14:05:34,903 :: GoPro :: ERROR :: <urlopen error timed out>
2017-12-15 14:05:34,904 :: GoPro :: INFO :: - Sleep
2017-12-15 15:00:20,046 :: GoPro :: DEBUG :: ========== Starting GoPro H3 Controller ==========
2017-12-15 15:00:20,068 :: GoPro :: DEBUG :: Sleeping for 1 minutes
2017-12-15 15:05:04,961 :: GoPro :: INFO :: Wake up GoPro...
2017-12-15 15:05:14,997 :: GoPro :: INFO :: - Taking a photo
2017-12-15 15:05:15,014 :: GoPro :: ERROR :: Failed to send command to GoPro: HTTP Error 410: Gone
2017-12-15 15:05:25,027 :: GoPro :: INFO :: - Download media
2017-12-15 15:05:35,041 :: GoPro :: ERROR :: <urlopen error timed out>
2017-12-15 15:05:35,042 :: GoPro :: INFO :: - Sleep
2017-12-15 16:00:20,647 :: GoPro :: DEBUG :: ========== Starting GoPro H3 Controller ==========
2017-12-15 16:00:20,677 :: GoPro :: DEBUG :: Sleeping for 1 minutes
2017-12-15 16:05:06,080 :: GoPro :: INFO :: Wake up GoPro...
2017-12-15 16:05:16,117 :: GoPro :: INFO :: - Taking a photo
2017-12-15 16:05:16,134 :: GoPro :: ERROR :: Failed to send command to GoPro: HTTP Error 410: Gone
2017-12-15 16:05:26,147 :: GoPro :: INFO :: - Download media
2017-12-15 16:05:36,160 :: GoPro :: ERROR :: <urlopen error timed out>
2017-12-15 16:05:36,162 :: GoPro :: INFO :: - Sleep
2017-12-15 17:00:20,911 :: GoPro :: DEBUG :: ========== Starting GoPro H3 Controller ==========
2017-12-15 17:00:20,932 :: GoPro :: DEBUG :: Sleeping for 1 minutes
2017-12-15 17:05:06,838 :: GoPro :: INFO :: Wake up GoPro...
2017-12-15 17:05:16,941 :: GoPro :: INFO :: - Taking a photo
2017-12-15 17:05:16,955 :: GoPro :: ERROR :: Failed to send command to GoPro: HTTP Error 410: Gone
2017-12-15 17:05:26,968 :: GoPro :: INFO :: - Download media
2017-12-15 17:05:36,982 :: GoPro :: ERROR :: <urlopen error timed out>
2017-12-15 17:05:36,983 :: GoPro :: INFO :: - Sleep
2017-12-15 18:00:20,317 :: GoPro :: DEBUG :: ========== Starting GoPro H3 Controller ==========
2017-12-15 18:00:20,338 :: GoPro :: DEBUG :: Sleeping for 1 minutes
2017-12-15 18:05:06,727 :: GoPro :: INFO :: Wake up GoPro...
2017-12-15 18:05:16,763 :: GoPro :: INFO :: - Taking a photo
2017-12-15 18:05:16,779 :: GoPro :: ERROR :: Failed to send command to GoPro: HTTP Error 410: Gone
2017-12-15 18:05:26,792 :: GoPro :: INFO :: - Download media
2017-12-15 18:05:36,806 :: GoPro :: ERROR :: <urlopen error timed out>
2017-12-15 18:05:36,808 :: GoPro :: INFO :: - Sleep
2017-12-15 19:00:20,325 :: GoPro :: DEBUG :: ========== Starting GoPro H3 Controller ==========
2017-12-15 19:00:20,401 :: GoPro :: DEBUG :: Sleeping for 1 minutes
2017-12-15 19:05:07,307 :: GoPro :: INFO :: Wake up GoPro...
2017-12-15 19:05:17,346 :: GoPro :: INFO :: - Taking a photo
2017-12-15 19:05:17,363 :: GoPro :: ERROR :: Failed to send command to GoPro: HTTP Error 410: Gone
2017-12-15 19:05:27,376 :: GoPro :: INFO :: - Download media
2017-12-15 19:05:37,390 :: GoPro :: ERROR :: <urlopen error timed out>
2017-12-15 19:05:37,391 :: GoPro :: INFO :: - Sleep
2017-12-16 07:00:21,983 :: GoPro :: DEBUG :: ========== Starting GoPro H3 Controller ==========
2017-12-16 07:00:22,006 :: GoPro :: DEBUG :: Sleeping for 1 minutes
2017-12-16 07:05:09,382 :: GoPro :: INFO :: Wake up GoPro...
2017-12-16 07:05:19,418 :: GoPro :: INFO :: - Taking a photo
2017-12-16 07:05:19,432 :: GoPro :: ERROR :: Failed to send command to GoPro: HTTP Error 410: Gone
2017-12-16 07:05:29,445 :: GoPro :: INFO :: - Download media
2017-12-16 07:05:39,459 :: GoPro :: ERROR :: <urlopen error timed out>
2017-12-16 07:05:39,460 :: GoPro :: INFO :: - Sleep
2017-12-16 08:00:20,153 :: GoPro :: DEBUG :: ========== Starting GoPro H3 Controller ==========
2017-12-16 08:00:20,167 :: GoPro :: DEBUG :: Sleeping for 1 minutes
2017-12-16 08:05:08,032 :: GoPro :: INFO :: Wake up GoPro...
2017-12-16 08:05:18,072 :: GoPro :: INFO :: - Taking a photo
2017-12-16 08:05:18,089 :: GoPro :: ERROR :: Failed to send command to GoPro: HTTP Error 410: Gone
2017-12-16 08:05:28,102 :: GoPro :: INFO :: - Download media
2017-12-16 08:05:38,115 :: GoPro :: ERROR :: <urlopen error timed out>
2017-12-16 08:05:38,117 :: GoPro :: INFO :: - Sleep
2017-12-16 09:00:20,601 :: GoPro :: DEBUG :: ========== Starting GoPro H3 Controller ==========
2017-12-16 09:00:20,635 :: GoPro :: DEBUG :: Sleeping for 1 minutes
2017-12-16 09:05:08,993 :: GoPro :: INFO :: Wake up GoPro...
2017-12-16 09:05:19,030 :: GoPro :: INFO :: - Taking a photo
2017-12-16 09:05:19,045 :: GoPro :: ERROR :: Failed to send command to GoPro: HTTP Error 410: Gone
2017-12-16 09:05:29,058 :: GoPro :: INFO :: - Download media
2017-12-16 09:05:39,072 :: GoPro :: ERROR :: <urlopen error timed out>
2017-12-16 09:05:39,073 :: GoPro :: INFO :: - Sleep
2017-12-16 10:00:20,442 :: GoPro :: DEBUG :: ========== Starting GoPro H3 Controller ==========
2017-12-16 10:00:20,460 :: GoPro :: DEBUG :: Sleeping for 1 minutes
2017-12-16 10:05:09,344 :: GoPro :: INFO :: Wake up GoPro...
2017-12-16 10:05:19,381 :: GoPro :: INFO :: - Taking a photo
2017-12-16 10:05:19,395 :: GoPro :: ERROR :: Failed to send command to GoPro: HTTP Error 410: Gone
2017-12-16 10:05:29,409 :: GoPro :: INFO :: - Download media
2017-12-16 10:05:39,422 :: GoPro :: ERROR :: <urlopen error timed out>
2017-12-16 10:05:39,424 :: GoPro :: INFO :: - Sleep
2017-12-16 11:00:20,445 :: GoPro :: DEBUG :: ========== Starting GoPro H3 Controller ==========
2017-12-16 11:00:20,464 :: GoPro :: DEBUG :: Sleeping for 1 minutes
2017-12-16 11:05:09,828 :: GoPro :: INFO :: Wake up GoPro...
2017-12-16 11:05:19,871 :: GoPro :: INFO :: - Taking a photo
2017-12-16 11:05:19,887 :: GoPro :: ERROR :: Failed to send command to GoPro: HTTP Error 410: Gone
2017-12-16 11:05:29,900 :: GoPro :: INFO :: - Download media
2017-12-16 11:05:39,914 :: GoPro :: ERROR :: <urlopen error timed out>
2017-12-16 11:05:39,915 :: GoPro :: INFO :: - Sleep
2017-12-16 12:00:20,294 :: GoPro :: DEBUG :: ========== Starting GoPro H3 Controller ==========
2017-12-16 12:00:20,308 :: GoPro :: DEBUG :: Sleeping for 1 minutes
2017-12-16 12:05:10,169 :: GoPro :: INFO :: Wake up GoPro...
2017-12-16 12:05:20,205 :: GoPro :: INFO :: - Taking a photo
2017-12-16 12:05:20,220 :: GoPro :: ERROR :: Failed to send command to GoPro: HTTP Error 410: Gone
2017-12-16 12:05:30,233 :: GoPro :: INFO :: - Download media
2017-12-16 12:05:40,247 :: GoPro :: ERROR :: <urlopen error timed out>
2017-12-16 12:05:40,248 :: GoPro :: INFO :: - Sleep
2017-12-16 13:00:20,210 :: GoPro :: DEBUG :: ========== Starting GoPro H3 Controller ==========
2017-12-16 13:00:20,217 :: GoPro :: DEBUG :: Sleeping for 1 minutes
2017-12-16 13:05:10,582 :: GoPro :: INFO :: Wake up GoPro...
2017-12-16 13:05:20,618 :: GoPro :: INFO :: - Taking a photo
2017-12-16 13:05:20,632 :: GoPro :: ERROR :: Failed to send command to GoPro: HTTP Error 410: Gone
2017-12-16 13:05:30,645 :: GoPro :: INFO :: - Download media
2017-12-16 13:05:40,659 :: GoPro :: ERROR :: <urlopen error timed out>
2017-12-16 13:05:40,660 :: GoPro :: INFO :: - Sleep
2017-12-16 14:00:20,543 :: GoPro :: DEBUG :: ========== Starting GoPro H3 Controller ==========
2017-12-16 14:00:20,551 :: GoPro :: DEBUG :: Sleeping for 1 minutes
2017-12-16 14:05:11,413 :: GoPro :: INFO :: Wake up GoPro...
2017-12-16 14:05:21,458 :: GoPro :: INFO :: - Taking a photo
2017-12-16 14:05:21,475 :: GoPro :: ERROR :: Failed to send command to GoPro: HTTP Error 410: Gone
2017-12-16 14:05:31,488 :: GoPro :: INFO :: - Download media
2017-12-16 14:05:41,501 :: GoPro :: ERROR :: <urlopen error timed out>
2017-12-16 14:05:41,503 :: GoPro :: INFO :: - Sleep
2017-12-16 15:00:20,490 :: GoPro :: DEBUG :: ========== Starting GoPro H3 Controller ==========
2017-12-16 15:00:20,496 :: GoPro :: DEBUG :: Sleeping for 1 minutes
2017-12-16 15:05:11,864 :: GoPro :: INFO :: Wake up GoPro...
2017-12-16 15:05:21,900 :: GoPro :: INFO :: - Taking a photo
2017-12-16 15:05:21,914 :: GoPro :: ERROR :: Failed to send command to GoPro: HTTP Error 410: Gone
2017-12-16 15:05:31,927 :: GoPro :: INFO :: - Download media
2017-12-16 15:05:41,941 :: GoPro :: ERROR :: <urlopen error timed out>
2017-12-16 15:05:41,942 :: GoPro :: INFO :: - Sleep
2017-12-16 16:00:20,731 :: GoPro :: DEBUG :: ========== Starting GoPro H3 Controller ==========
2017-12-16 16:00:20,789 :: GoPro :: DEBUG :: Sleeping for 1 minutes
2017-12-16 16:05:12,645 :: GoPro :: INFO :: Wake up GoPro...
2017-12-16 16:05:22,682 :: GoPro :: INFO :: - Taking a photo
2017-12-16 16:05:22,702 :: GoPro :: ERROR :: Failed to send command to GoPro: HTTP Error 410: Gone
2017-12-16 16:05:32,715 :: GoPro :: INFO :: - Download media
2017-12-16 16:05:42,728 :: GoPro :: ERROR :: <urlopen error timed out>
2017-12-16 16:05:42,730 :: GoPro :: INFO :: - Sleep
2017-12-16 17:00:20,689 :: GoPro :: DEBUG :: ========== Starting GoPro H3 Controller ==========
2017-12-16 17:00:20,709 :: GoPro :: DEBUG :: Sleeping for 1 minutes
2017-12-16 17:05:13,052 :: GoPro :: INFO :: Wake up GoPro...
2017-12-16 17:05:23,087 :: GoPro :: INFO :: - Taking a photo
2017-12-16 17:05:23,101 :: GoPro :: ERROR :: Failed to send command to GoPro: HTTP Error 410: Gone
2017-12-16 17:05:33,115 :: GoPro :: INFO :: - Download media
2017-12-16 17:05:43,128 :: GoPro :: ERROR :: <urlopen error timed out>
2017-12-16 17:05:43,130 :: GoPro :: INFO :: - Sleep
2017-12-16 18:00:20,155 :: GoPro :: DEBUG :: ========== Starting GoPro H3 Controller ==========
2017-12-16 18:00:20,173 :: GoPro :: DEBUG :: Sleeping for 1 minutes
2017-12-16 18:05:13,032 :: GoPro :: INFO :: Wake up GoPro...
2017-12-16 18:05:23,073 :: GoPro :: INFO :: - Taking a photo
2017-12-16 18:05:23,092 :: GoPro :: ERROR :: Failed to send command to GoPro: HTTP Error 410: Gone
2017-12-16 18:05:33,106 :: GoPro :: INFO :: - Download media
2017-12-16 18:05:43,119 :: GoPro :: ERROR :: <urlopen error timed out>
2017-12-16 18:05:43,121 :: GoPro :: INFO :: - Sleep
2017-12-16 19:00:21,861 :: GoPro :: DEBUG :: ========== Starting GoPro H3 Controller ==========
2017-12-16 19:00:21,888 :: GoPro :: DEBUG :: Sleeping for 1 minutes
2017-12-16 19:05:15,257 :: GoPro :: INFO :: Wake up GoPro...
2017-12-16 19:05:25,293 :: GoPro :: INFO :: - Taking a photo
2017-12-16 19:05:25,307 :: GoPro :: ERROR :: Failed to send command to GoPro: HTTP Error 410: Gone
2017-12-16 19:05:35,321 :: GoPro :: INFO :: - Download media
2017-12-16 19:05:45,334 :: GoPro :: ERROR :: <urlopen error timed out>
2017-12-16 19:05:45,336 :: GoPro :: INFO :: - Sleep
2017-12-17 07:00:21,601 :: GoPro :: DEBUG :: ========== Starting GoPro H3 Controller ==========
2017-12-17 07:00:21,610 :: GoPro :: DEBUG :: Sleeping for 1 minutes
2017-12-17 07:05:15,447 :: GoPro :: INFO :: Wake up GoPro...
2017-12-17 07:05:25,485 :: GoPro :: INFO :: - Taking a photo
2017-12-17 07:05:25,499 :: GoPro :: ERROR :: Failed to send command to GoPro: HTTP Error 410: Gone
2017-12-17 07:05:35,512 :: GoPro :: INFO :: - Download media
2017-12-17 07:05:45,526 :: GoPro :: ERROR :: <urlopen error timed out>
2017-12-17 07:05:45,527 :: GoPro :: INFO :: - Sleep
2017-12-17 08:00:20,023 :: GoPro :: DEBUG :: ========== Starting GoPro H3 Controller ==========
2017-12-17 08:00:20,040 :: GoPro :: DEBUG :: Sleeping for 1 minutes
2017-12-17 08:05:14,370 :: GoPro :: INFO :: Wake up GoPro...
2017-12-17 08:05:24,415 :: GoPro :: INFO :: - Taking a photo
2017-12-17 08:05:24,429 :: GoPro :: ERROR :: Failed to send command to GoPro: HTTP Error 410: Gone
2017-12-17 08:05:34,452 :: GoPro :: INFO :: - Download media
2017-12-17 08:05:44,466 :: GoPro :: ERROR :: <urlopen error timed out>
2017-12-17 08:05:44,467 :: GoPro :: INFO :: - Sleep
2017-12-17 09:00:20,663 :: GoPro :: DEBUG :: ========== Starting GoPro H3 Controller ==========
2017-12-17 09:00:20,684 :: GoPro :: DEBUG :: Sleeping for 1 minutes
2017-12-17 09:05:15,516 :: GoPro :: INFO :: Wake up GoPro...
2017-12-17 09:05:25,556 :: GoPro :: INFO :: - Taking a photo
2017-12-17 09:05:25,573 :: GoPro :: ERROR :: Failed to send command to GoPro: HTTP Error 410: Gone
2017-12-17 09:05:35,587 :: GoPro :: INFO :: - Download media
2017-12-17 09:05:45,600 :: GoPro :: ERROR :: <urlopen error timed out>
2017-12-17 09:05:45,602 :: GoPro :: INFO :: - Sleep
2017-12-17 10:00:21,741 :: GoPro :: DEBUG :: ========== Starting GoPro H3 Controller ==========
2017-12-17 10:00:21,759 :: GoPro :: DEBUG :: Sleeping for 1 minutes
2017-12-17 10:05:17,091 :: GoPro :: INFO :: Wake up GoPro...
2017-12-17 10:05:27,130 :: GoPro :: INFO :: - Taking a photo
2017-12-17 10:05:27,144 :: GoPro :: ERROR :: Failed to send command to GoPro: HTTP Error 410: Gone
2017-12-17 10:05:37,157 :: GoPro :: INFO :: - Download media
2017-12-17 10:05:47,166 :: GoPro :: ERROR :: <urlopen error timed out>
2017-12-17 10:05:47,167 :: GoPro :: INFO :: - Sleep
2017-12-17 11:00:20,831 :: GoPro :: DEBUG :: ========== Starting GoPro H3 Controller ==========
2017-12-17 11:00:20,845 :: GoPro :: DEBUG :: Sleeping for 1 minutes
2017-12-17 11:05:16,681 :: GoPro :: INFO :: Wake up GoPro...
2017-12-17 11:05:26,721 :: GoPro :: INFO :: - Taking a photo
2017-12-17 11:05:26,735 :: GoPro :: ERROR :: Failed to send command to GoPro: HTTP Error 410: Gone
2017-12-17 11:05:36,748 :: GoPro :: INFO :: - Download media
2017-12-17 11:05:46,761 :: GoPro :: ERROR :: <urlopen error timed out>
2017-12-17 11:05:46,763 :: GoPro :: INFO :: - Sleep
2017-12-17 12:00:20,379 :: GoPro :: DEBUG :: ========== Starting GoPro H3 Controller ==========
2017-12-17 12:00:20,393 :: GoPro :: DEBUG :: Sleeping for 1 minutes
2017-12-17 12:05:16,742 :: GoPro :: INFO :: Wake up GoPro...
2017-12-17 12:05:26,779 :: GoPro :: INFO :: - Taking a photo
2017-12-17 12:05:26,793 :: GoPro :: ERROR :: Failed to send command to GoPro: HTTP Error 410: Gone
2017-12-17 12:05:36,806 :: GoPro :: INFO :: - Download media
2017-12-17 12:05:46,810 :: GoPro :: ERROR :: <urlopen error timed out>
2017-12-17 12:05:46,812 :: GoPro :: INFO :: - Sleep
2017-12-17 13:00:21,001 :: GoPro :: DEBUG :: ========== Starting GoPro H3 Controller ==========
2017-12-17 13:00:21,083 :: GoPro :: DEBUG :: Sleeping for 1 minutes
2017-12-17 13:05:17,914 :: GoPro :: INFO :: Wake up GoPro...
2017-12-17 13:05:27,949 :: GoPro :: INFO :: - Taking a photo
2017-12-17 13:05:27,963 :: GoPro :: ERROR :: Failed to send command to GoPro: HTTP Error 410: Gone
2017-12-17 13:05:37,976 :: GoPro :: INFO :: - Download media
2017-12-17 13:05:47,990 :: GoPro :: ERROR :: <urlopen error timed out>
2017-12-17 13:05:47,991 :: GoPro :: INFO :: - Sleep
2017-12-17 14:00:20,478 :: GoPro :: DEBUG :: ========== Starting GoPro H3 Controller ==========
2017-12-17 14:00:20,495 :: GoPro :: DEBUG :: Sleeping for 1 minutes
2017-12-17 14:05:17,824 :: GoPro :: INFO :: Wake up GoPro...
2017-12-17 14:05:27,860 :: GoPro :: INFO :: - Taking a photo
2017-12-17 14:05:27,874 :: GoPro :: ERROR :: Failed to send command to GoPro: HTTP Error 410: Gone
2017-12-17 14:05:37,887 :: GoPro :: INFO :: - Download media
2017-12-17 14:05:47,901 :: GoPro :: ERROR :: <urlopen error timed out>
2017-12-17 14:05:47,903 :: GoPro :: INFO :: - Sleep
2017-12-17 15:00:20,291 :: GoPro :: DEBUG :: ========== Starting GoPro H3 Controller ==========
2017-12-17 15:00:20,318 :: GoPro :: DEBUG :: Sleeping for 1 minutes
2017-12-17 15:05:18,149 :: GoPro :: INFO :: Wake up GoPro...
2017-12-17 15:05:28,185 :: GoPro :: INFO :: - Taking a photo
2017-12-17 15:05:28,201 :: GoPro :: ERROR :: Failed to send command to GoPro: HTTP Error 410: Gone
2017-12-17 15:05:38,214 :: GoPro :: INFO :: - Download media
2017-12-17 15:05:48,227 :: GoPro :: ERROR :: <urlopen error timed out>
2017-12-17 15:05:48,229 :: GoPro :: INFO :: - Sleep
2017-12-17 16:00:20,457 :: GoPro :: DEBUG :: ========== Starting GoPro H3 Controller ==========
2017-12-17 16:00:20,484 :: GoPro :: DEBUG :: Sleeping for 1 minutes
2017-12-17 16:05:18,831 :: GoPro :: INFO :: Wake up GoPro...
2017-12-17 16:05:28,869 :: GoPro :: INFO :: - Taking a photo
2017-12-17 16:05:28,884 :: GoPro :: ERROR :: Failed to send command to GoPro: HTTP Error 410: Gone
2017-12-17 16:05:38,897 :: GoPro :: INFO :: - Download media
2017-12-17 16:05:48,910 :: GoPro :: ERROR :: <urlopen error timed out>
2017-12-17 16:05:48,912 :: GoPro :: INFO :: - Sleep
2017-12-17 17:00:19,947 :: GoPro :: DEBUG :: ========== Starting GoPro H3 Controller ==========
2017-12-17 17:00:19,960 :: GoPro :: DEBUG :: Sleeping for 1 minutes
2017-12-17 17:05:18,791 :: GoPro :: INFO :: Wake up GoPro...
2017-12-17 17:05:28,829 :: GoPro :: INFO :: - Taking a photo
2017-12-17 17:05:28,848 :: GoPro :: ERROR :: Failed to send command to GoPro: HTTP Error 410: Gone
2017-12-17 17:05:38,861 :: GoPro :: INFO :: - Download media
2017-12-17 17:05:48,874 :: GoPro :: ERROR :: <urlopen error timed out>
2017-12-17 17:05:48,876 :: GoPro :: INFO :: - Sleep
2017-12-17 18:00:20,620 :: GoPro :: DEBUG :: ========== Starting GoPro H3 Controller ==========
2017-12-17 18:00:20,633 :: GoPro :: DEBUG :: Sleeping for 1 minutes
2017-12-17 18:05:19,966 :: GoPro :: INFO :: Wake up GoPro...
2017-12-17 18:05:30,013 :: GoPro :: INFO :: - Taking a photo
2017-12-17 18:05:30,027 :: GoPro :: ERROR :: Failed to send command to GoPro: HTTP Error 410: Gone
2017-12-17 18:05:40,040 :: GoPro :: INFO :: - Download media
2017-12-17 18:05:50,050 :: GoPro :: ERROR :: <urlopen error timed out>
2017-12-17 18:05:50,051 :: GoPro :: INFO :: - Sleep
2017-12-17 19:00:20,685 :: GoPro :: DEBUG :: ========== Starting GoPro H3 Controller ==========
2017-12-17 19:00:20,695 :: GoPro :: DEBUG :: Sleeping for 1 minutes
2017-12-17 19:05:20,528 :: GoPro :: INFO :: Wake up GoPro...
2017-12-17 19:05:30,564 :: GoPro :: INFO :: - Taking a photo
2017-12-17 19:05:30,578 :: GoPro :: ERROR :: Failed to send command to GoPro: HTTP Error 410: Gone
2017-12-17 19:05:40,592 :: GoPro :: INFO :: - Download media
2017-12-17 19:05:50,605 :: GoPro :: ERROR :: <urlopen error timed out>
2017-12-17 19:05:50,607 :: GoPro :: INFO :: - Sleep
2017-12-18 07:00:22,008 :: GoPro :: DEBUG :: ========== Starting GoPro H3 Controller ==========
2017-12-18 07:00:22,032 :: GoPro :: DEBUG :: Sleeping for 1 minutes
2017-12-18 07:05:22,334 :: GoPro :: INFO :: Wake up GoPro...
2017-12-18 07:05:32,370 :: GoPro :: INFO :: - Taking a photo
2017-12-18 07:05:32,384 :: GoPro :: ERROR :: Failed to send command to GoPro: HTTP Error 410: Gone
2017-12-18 07:05:42,397 :: GoPro :: INFO :: - Download media
2017-12-18 07:05:52,411 :: GoPro :: ERROR :: <urlopen error timed out>
2017-12-18 07:05:52,412 :: GoPro :: INFO :: - Sleep
2017-12-18 08:00:20,221 :: GoPro :: DEBUG :: ========== Starting GoPro H3 Controller ==========
2017-12-18 08:00:20,231 :: GoPro :: DEBUG :: Sleeping for 1 minutes
2017-12-18 08:05:21,030 :: GoPro :: INFO :: Wake up GoPro...
2017-12-18 08:05:31,066 :: GoPro :: INFO :: - Taking a photo
2017-12-18 08:05:31,080 :: GoPro :: ERROR :: Failed to send command to GoPro: HTTP Error 410: Gone
2017-12-18 08:05:41,093 :: GoPro :: INFO :: - Download media
2017-12-18 08:05:51,106 :: GoPro :: ERROR :: <urlopen error timed out>
2017-12-18 08:05:51,108 :: GoPro :: INFO :: - Sleep
2017-12-18 09:00:20,483 :: GoPro :: DEBUG :: ========== Starting GoPro H3 Controller ==========
2017-12-18 09:00:20,504 :: GoPro :: DEBUG :: Sleeping for 1 minutes
2017-12-18 09:05:21,802 :: GoPro :: INFO :: Wake up GoPro...
2017-12-18 09:05:31,838 :: GoPro :: INFO :: - Taking a photo
2017-12-18 09:05:31,854 :: GoPro :: ERROR :: Failed to send command to GoPro: HTTP Error 410: Gone
2017-12-18 09:05:41,868 :: GoPro :: INFO :: - Download media
2017-12-18 09:05:51,881 :: GoPro :: ERROR :: <urlopen error timed out>
2017-12-18 09:05:51,883 :: GoPro :: INFO :: - Sleep
2017-12-18 10:00:20,497 :: GoPro :: DEBUG :: ========== Starting GoPro H3 Controller ==========
2017-12-18 10:00:20,519 :: GoPro :: DEBUG :: Sleeping for 1 minutes
2017-12-18 10:05:22,312 :: GoPro :: INFO :: Wake up GoPro...
2017-12-18 10:05:32,355 :: GoPro :: INFO :: - Taking a photo
2017-12-18 10:05:32,371 :: GoPro :: ERROR :: Failed to send command to GoPro: HTTP Error 410: Gone
2017-12-18 10:05:42,385 :: GoPro :: INFO :: - Download media
2017-12-18 10:05:52,398 :: GoPro :: ERROR :: <urlopen error timed out>
2017-12-18 10:05:52,400 :: GoPro :: INFO :: - Sleep
2017-12-18 11:00:20,436 :: GoPro :: DEBUG :: ========== Starting GoPro H3 Controller ==========
2017-12-18 11:00:20,461 :: GoPro :: DEBUG :: Sleeping for 1 minutes
2017-12-18 11:05:22,772 :: GoPro :: INFO :: Wake up GoPro...
2017-12-18 11:05:32,808 :: GoPro :: INFO :: - Taking a photo
2017-12-18 11:05:32,822 :: GoPro :: ERROR :: Failed to send command to GoPro: HTTP Error 410: Gone
2017-12-18 11:05:42,836 :: GoPro :: INFO :: - Download media
2017-12-18 11:05:52,849 :: GoPro :: ERROR :: <urlopen error timed out>
2017-12-18 11:05:52,851 :: GoPro :: INFO :: - Sleep
2017-12-18 12:00:20,449 :: GoPro :: DEBUG :: ========== Starting GoPro H3 Controller ==========
2017-12-18 12:00:20,469 :: GoPro :: DEBUG :: Sleeping for 1 minutes
2017-12-18 12:05:23,280 :: GoPro :: INFO :: Wake up GoPro...
2017-12-18 12:05:33,316 :: GoPro :: INFO :: - Taking a photo
2017-12-18 12:05:33,331 :: GoPro :: ERROR :: Failed to send command to GoPro: HTTP Error 410: Gone
2017-12-18 12:05:43,344 :: GoPro :: INFO :: - Download media
2017-12-18 12:05:53,358 :: GoPro :: ERROR :: <urlopen error timed out>
2017-12-18 12:05:53,360 :: GoPro :: INFO :: - Sleep
2017-12-18 13:00:20,323 :: GoPro :: DEBUG :: ========== Starting GoPro H3 Controller ==========
2017-12-18 13:00:20,332 :: GoPro :: DEBUG :: Sleeping for 1 minutes
2017-12-18 13:05:23,631 :: GoPro :: INFO :: Wake up GoPro...
2017-12-18 13:05:33,669 :: GoPro :: INFO :: - Taking a photo
2017-12-18 13:05:33,683 :: GoPro :: ERROR :: Failed to send command to GoPro: HTTP Error 410: Gone
2017-12-18 13:05:43,697 :: GoPro :: INFO :: - Download media
2017-12-18 13:05:53,710 :: GoPro :: ERROR :: <urlopen error timed out>
2017-12-18 13:05:53,712 :: GoPro :: INFO :: - Sleep
2017-12-18 14:00:20,579 :: GoPro :: DEBUG :: ========== Starting GoPro H3 Controller ==========
2017-12-18 14:00:20,596 :: GoPro :: DEBUG :: Sleeping for 1 minutes
2017-12-18 14:05:24,404 :: GoPro :: INFO :: Wake up GoPro...
2017-12-18 14:05:34,447 :: GoPro :: INFO :: - Taking a photo
2017-12-18 14:05:34,462 :: GoPro :: ERROR :: Failed to send command to GoPro: HTTP Error 410: Gone
2017-12-18 14:05:44,475 :: GoPro :: INFO :: - Download media
2017-12-18 14:05:54,488 :: GoPro :: ERROR :: <urlopen error timed out>
2017-12-18 14:05:54,490 :: GoPro :: INFO :: - Sleep
2017-12-18 15:00:20,559 :: GoPro :: DEBUG :: ========== Starting GoPro H3 Controller ==========
2017-12-18 15:00:20,571 :: GoPro :: DEBUG :: Sleeping for 1 minutes
2017-12-18 15:05:24,860 :: GoPro :: INFO :: Wake up GoPro...
2017-12-18 15:05:34,897 :: GoPro :: INFO :: - Taking a photo
2017-12-18 15:05:34,913 :: GoPro :: ERROR :: Failed to send command to GoPro: HTTP Error 410: Gone
2017-12-18 15:05:44,926 :: GoPro :: INFO :: - Download media
2017-12-18 15:05:54,940 :: GoPro :: ERROR :: <urlopen error timed out>
2017-12-18 15:05:54,941 :: GoPro :: INFO :: - Sleep
2017-12-18 16:00:20,140 :: GoPro :: DEBUG :: ========== Starting GoPro H3 Controller ==========
2017-12-18 16:00:20,154 :: GoPro :: DEBUG :: Sleeping for 1 minutes
2017-12-18 16:05:24,973 :: GoPro :: INFO :: Wake up GoPro...
2017-12-18 16:05:35,022 :: GoPro :: INFO :: - Taking a photo
2017-12-18 16:05:35,037 :: GoPro :: ERROR :: Failed to send command to GoPro: HTTP Error 410: Gone
2017-12-18 16:05:45,059 :: GoPro :: INFO :: - Download media
2017-12-18 16:05:55,073 :: GoPro :: ERROR :: <urlopen error timed out>
2017-12-18 16:05:55,074 :: GoPro :: INFO :: - Sleep
2017-12-18 17:00:20,064 :: GoPro :: DEBUG :: ========== Starting GoPro H3 Controller ==========
2017-12-18 17:00:20,090 :: GoPro :: DEBUG :: Sleeping for 1 minutes
2017-12-18 17:05:25,404 :: GoPro :: INFO :: Wake up GoPro...
2017-12-18 17:05:35,455 :: GoPro :: INFO :: - Taking a photo
2017-12-18 17:05:35,470 :: GoPro :: ERROR :: Failed to send command to GoPro: HTTP Error 410: Gone
2017-12-18 17:05:45,484 :: GoPro :: INFO :: - Download media
2017-12-18 17:05:55,497 :: GoPro :: ERROR :: <urlopen error timed out>
2017-12-18 17:05:55,499 :: GoPro :: INFO :: - Sleep
2017-12-18 18:00:20,471 :: GoPro :: DEBUG :: ========== Starting GoPro H3 Controller ==========
2017-12-18 18:00:20,483 :: GoPro :: DEBUG :: Sleeping for 1 minutes
2017-12-18 18:05:26,275 :: GoPro :: INFO :: Wake up GoPro...
2017-12-18 18:05:36,316 :: GoPro :: INFO :: - Taking a photo
2017-12-18 18:05:36,335 :: GoPro :: ERROR :: Failed to send command to GoPro: HTTP Error 410: Gone
2017-12-18 18:05:46,348 :: GoPro :: INFO :: - Download media
2017-12-18 18:05:56,362 :: GoPro :: ERROR :: <urlopen error timed out>
2017-12-18 18:05:56,363 :: GoPro :: INFO :: - Sleep
2017-12-18 19:00:20,513 :: GoPro :: DEBUG :: ========== Starting GoPro H3 Controller ==========
2017-12-18 19:00:20,522 :: GoPro :: DEBUG :: Sleeping for 1 minutes
2017-12-18 19:05:26,822 :: GoPro :: INFO :: Wake up GoPro...
2017-12-18 19:05:36,862 :: GoPro :: INFO :: - Taking a photo
2017-12-18 19:05:36,876 :: GoPro :: ERROR :: Failed to send command to GoPro: HTTP Error 410: Gone
2017-12-18 19:05:46,889 :: GoPro :: INFO :: - Download media
2017-12-18 19:05:56,903 :: GoPro :: ERROR :: <urlopen error timed out>
2017-12-18 19:05:56,904 :: GoPro :: INFO :: - Sleep
2017-12-19 07:00:22,493 :: GoPro :: DEBUG :: ========== Starting GoPro H3 Controller ==========
2017-12-19 07:00:22,508 :: GoPro :: DEBUG :: Sleeping for 1 minutes
2017-12-19 07:05:29,274 :: GoPro :: INFO :: Wake up GoPro...
2017-12-19 07:05:39,310 :: GoPro :: INFO :: - Taking a photo
2017-12-19 07:05:39,324 :: GoPro :: ERROR :: Failed to send command to GoPro: HTTP Error 410: Gone
2017-12-19 07:05:49,338 :: GoPro :: INFO :: - Download media
2017-12-19 07:05:59,351 :: GoPro :: ERROR :: <urlopen error timed out>
2017-12-19 07:05:59,353 :: GoPro :: INFO :: - Sleep
2017-12-19 08:00:20,333 :: GoPro :: DEBUG :: ========== Starting GoPro H3 Controller ==========
2017-12-19 08:00:20,349 :: GoPro :: DEBUG :: Sleeping for 1 minutes
2017-12-19 08:05:27,616 :: GoPro :: INFO :: Wake up GoPro...
2017-12-19 08:05:37,652 :: GoPro :: INFO :: - Taking a photo
2017-12-19 08:05:37,666 :: GoPro :: ERROR :: Failed to send command to GoPro: HTTP Error 410: Gone
2017-12-19 08:05:47,680 :: GoPro :: INFO :: - Download media
2017-12-19 08:05:57,693 :: GoPro :: ERROR :: <urlopen error timed out>
2017-12-19 08:05:57,695 :: GoPro :: INFO :: - Sleep
2017-12-19 09:00:20,381 :: GoPro :: DEBUG :: ========== Starting GoPro H3 Controller ==========
2017-12-19 09:00:20,397 :: GoPro :: DEBUG :: Sleeping for 1 minutes
2017-12-19 09:05:28,160 :: GoPro :: INFO :: Wake up GoPro...
2017-12-19 09:05:38,196 :: GoPro :: INFO :: - Taking a photo
2017-12-19 09:05:38,213 :: GoPro :: ERROR :: Failed to send command to GoPro: HTTP Error 410: Gone
2017-12-19 09:05:48,226 :: GoPro :: INFO :: - Download media
2017-12-19 09:05:58,240 :: GoPro :: ERROR :: <urlopen error timed out>
2017-12-19 09:05:58,241 :: GoPro :: INFO :: - Sleep
2017-12-19 10:00:20,196 :: GoPro :: DEBUG :: ========== Starting GoPro H3 Controller ==========
2017-12-19 10:00:20,204 :: GoPro :: DEBUG :: Sleeping for 1 minutes
2017-12-19 10:05:28,470 :: GoPro :: INFO :: Wake up GoPro...
2017-12-19 10:05:38,507 :: GoPro :: INFO :: - Taking a photo
2017-12-19 10:05:38,522 :: GoPro :: ERROR :: Failed to send command to GoPro: HTTP Error 410: Gone
2017-12-19 10:05:48,534 :: GoPro :: INFO :: - Download media
2017-12-19 10:05:58,548 :: GoPro :: ERROR :: <urlopen error timed out>
2017-12-19 10:05:58,550 :: GoPro :: INFO :: - Sleep
2017-12-19 11:00:20,507 :: GoPro :: DEBUG :: ========== Starting GoPro H3 Controller ==========
2017-12-19 11:00:20,521 :: GoPro :: DEBUG :: Sleeping for 1 minutes
2017-12-19 11:05:29,296 :: GoPro :: INFO :: Wake up GoPro...
2017-12-19 11:05:39,332 :: GoPro :: INFO :: - Taking a photo
2017-12-19 11:05:39,346 :: GoPro :: ERROR :: Failed to send command to GoPro: HTTP Error 410: Gone
2017-12-19 11:05:49,359 :: GoPro :: INFO :: - Download media
2017-12-19 11:05:59,373 :: GoPro :: ERROR :: <urlopen error timed out>
2017-12-19 11:05:59,374 :: GoPro :: INFO :: - Sleep
2017-12-19 12:00:20,146 :: GoPro :: DEBUG :: ========== Starting GoPro H3 Controller ==========
2017-12-19 12:00:20,163 :: GoPro :: DEBUG :: Sleeping for 1 minutes
2017-12-19 12:05:29,429 :: GoPro :: INFO :: Wake up GoPro...
2017-12-19 12:05:39,464 :: GoPro :: INFO :: - Taking a photo
2017-12-19 12:05:39,479 :: GoPro :: ERROR :: Failed to send command to GoPro: HTTP Error 410: Gone
2017-12-19 12:05:49,492 :: GoPro :: INFO :: - Download media
2017-12-19 12:05:59,506 :: GoPro :: ERROR :: <urlopen error timed out>
2017-12-19 12:05:59,507 :: GoPro :: INFO :: - Sleep
2017-12-19 13:00:20,307 :: GoPro :: DEBUG :: ========== Starting GoPro H3 Controller ==========
2017-12-19 13:00:20,323 :: GoPro :: DEBUG :: Sleeping for 1 minutes
2017-12-19 13:05:30,101 :: GoPro :: INFO :: Wake up GoPro...
2017-12-19 13:05:40,143 :: GoPro :: INFO :: - Taking a photo
2017-12-19 13:05:40,157 :: GoPro :: ERROR :: Failed to send command to GoPro: HTTP Error 410: Gone
2017-12-19 13:05:50,171 :: GoPro :: INFO :: - Download media
2017-12-19 13:06:00,184 :: GoPro :: ERROR :: <urlopen error timed out>
2017-12-19 13:06:00,186 :: GoPro :: INFO :: - Sleep
2017-12-19 14:00:20,361 :: GoPro :: DEBUG :: ========== Starting GoPro H3 Controller ==========
2017-12-19 14:00:20,379 :: GoPro :: DEBUG :: Sleeping for 1 minutes
2017-12-19 14:05:30,648 :: GoPro :: INFO :: Wake up GoPro...
2017-12-19 14:05:40,687 :: GoPro :: INFO :: - Taking a photo
2017-12-19 14:05:40,702 :: GoPro :: ERROR :: Failed to send command to GoPro: HTTP Error 410: Gone
2017-12-19 14:05:50,716 :: GoPro :: INFO :: - Download media
2017-12-19 14:06:00,729 :: GoPro :: ERROR :: <urlopen error timed out>
2017-12-19 14:06:00,731 :: GoPro :: INFO :: - Sleep
2017-12-19 15:00:20,290 :: GoPro :: DEBUG :: ========== Starting GoPro H3 Controller ==========
2017-12-19 15:00:20,307 :: GoPro :: DEBUG :: Sleeping for 1 minutes
2017-12-19 15:05:31,087 :: GoPro :: INFO :: Wake up GoPro...
2017-12-19 15:05:41,122 :: GoPro :: INFO :: - Taking a photo
2017-12-19 15:05:41,137 :: GoPro :: ERROR :: Failed to send command to GoPro: HTTP Error 410: Gone
2017-12-19 15:05:51,150 :: GoPro :: INFO :: - Download media
2017-12-19 15:06:01,164 :: GoPro :: ERROR :: <urlopen error timed out>
2017-12-19 15:06:01,165 :: GoPro :: INFO :: - Sleep
2017-12-19 16:00:20,614 :: GoPro :: DEBUG :: ========== Starting GoPro H3 Controller ==========
2017-12-19 16:00:20,633 :: GoPro :: DEBUG :: Sleeping for 1 minutes
2017-12-19 16:05:31,897 :: GoPro :: INFO :: Wake up GoPro...
2017-12-19 16:05:42,025 :: GoPro :: INFO :: - Taking a photo
2017-12-19 16:05:42,040 :: GoPro :: ERROR :: Failed to send command to GoPro: HTTP Error 410: Gone
2017-12-19 16:05:52,053 :: GoPro :: INFO :: - Download media
2017-12-19 16:06:02,067 :: GoPro :: ERROR :: <urlopen error timed out>
2017-12-19 16:06:02,068 :: GoPro :: INFO :: - Sleep
2017-12-19 17:00:20,285 :: GoPro :: DEBUG :: ========== Starting GoPro H3 Controller ==========
2017-12-19 17:00:20,306 :: GoPro :: DEBUG :: Sleeping for 1 minutes
2017-12-19 17:05:32,084 :: GoPro :: INFO :: Wake up GoPro...
2017-12-19 17:05:42,120 :: GoPro :: INFO :: - Taking a photo
2017-12-19 17:05:42,136 :: GoPro :: ERROR :: Failed to send command to GoPro: HTTP Error 410: Gone
2017-12-19 17:05:52,149 :: GoPro :: INFO :: - Download media
2017-12-19 17:06:02,163 :: GoPro :: ERROR :: <urlopen error timed out>
2017-12-19 17:06:02,164 :: GoPro :: INFO :: - Sleep
2017-12-19 18:00:20,557 :: GoPro :: DEBUG :: ========== Starting GoPro H3 Controller ==========
2017-12-19 18:00:20,573 :: GoPro :: DEBUG :: Sleeping for 1 minutes
2017-12-19 18:05:32,843 :: GoPro :: INFO :: Wake up GoPro...
2017-12-19 18:05:42,881 :: GoPro :: INFO :: - Taking a photo
2017-12-19 18:05:42,895 :: GoPro :: ERROR :: Failed to send command to GoPro: HTTP Error 410: Gone
2017-12-19 18:05:52,908 :: GoPro :: INFO :: - Download media
2017-12-19 18:06:02,922 :: GoPro :: ERROR :: <urlopen error timed out>
2017-12-19 18:06:02,924 :: GoPro :: INFO :: - Sleep
2017-12-19 19:00:20,693 :: GoPro :: DEBUG :: ========== Starting GoPro H3 Controller ==========
2017-12-19 19:00:20,712 :: GoPro :: DEBUG :: Sleeping for 1 minutes
2017-12-19 19:05:33,479 :: GoPro :: INFO :: Wake up GoPro...
2017-12-19 19:05:43,519 :: GoPro :: INFO :: - Taking a photo
2017-12-19 19:05:43,533 :: GoPro :: ERROR :: Failed to send command to GoPro: HTTP Error 410: Gone
2017-12-19 19:05:53,547 :: GoPro :: INFO :: - Download media
2017-12-19 19:06:03,560 :: GoPro :: ERROR :: <urlopen error timed out>
2017-12-19 19:06:03,561 :: GoPro :: INFO :: - Sleep
2017-12-20 07:00:21,980 :: GoPro :: DEBUG :: ========== Starting GoPro H3 Controller ==========
2017-12-20 07:00:21,995 :: GoPro :: DEBUG :: Sleeping for 1 minutes
2017-12-20 07:05:35,239 :: GoPro :: INFO :: Wake up GoPro...
2017-12-20 07:05:45,278 :: GoPro :: INFO :: - Taking a photo
2017-12-20 07:05:45,293 :: GoPro :: ERROR :: Failed to send command to GoPro: HTTP Error 410: Gone
2017-12-20 07:05:55,306 :: GoPro :: INFO :: - Download media
2017-12-20 07:06:05,320 :: GoPro :: ERROR :: <urlopen error timed out>
2017-12-20 07:06:05,322 :: GoPro :: INFO :: - Sleep
2017-12-20 08:00:20,050 :: GoPro :: DEBUG :: ========== Starting GoPro H3 Controller ==========
2017-12-20 08:00:20,090 :: GoPro :: DEBUG :: Sleeping for 1 minutes
2017-12-20 08:05:33,834 :: GoPro :: INFO :: Wake up GoPro...
2017-12-20 08:05:43,870 :: GoPro :: INFO :: - Taking a photo
2017-12-20 08:05:43,885 :: GoPro :: ERROR :: Failed to send command to GoPro: HTTP Error 410: Gone
2017-12-20 08:05:53,904 :: GoPro :: INFO :: - Download media
2017-12-20 08:06:03,917 :: GoPro :: ERROR :: <urlopen error timed out>
2017-12-20 08:06:03,919 :: GoPro :: INFO :: - Sleep
2017-12-20 09:00:20,226 :: GoPro :: DEBUG :: ========== Starting GoPro H3 Controller ==========
2017-12-20 09:00:20,242 :: GoPro :: DEBUG :: Sleeping for 1 minutes
2017-12-20 09:05:34,482 :: GoPro :: INFO :: Wake up GoPro...
2017-12-20 09:05:44,519 :: GoPro :: INFO :: - Taking a photo
2017-12-20 09:05:44,533 :: GoPro :: ERROR :: Failed to send command to GoPro: HTTP Error 410: Gone
2017-12-20 09:05:54,547 :: GoPro :: INFO :: - Download media
2017-12-20 09:06:04,560 :: GoPro :: ERROR :: <urlopen error timed out>
2017-12-20 09:06:04,562 :: GoPro :: INFO :: - Sleep
2017-12-20 10:00:20,543 :: GoPro :: DEBUG :: ========== Starting GoPro H3 Controller ==========
2017-12-20 10:00:20,559 :: GoPro :: DEBUG :: Sleeping for 1 minutes
2017-12-20 10:05:35,291 :: GoPro :: INFO :: Wake up GoPro...
2017-12-20 10:05:45,328 :: GoPro :: INFO :: - Taking a photo
2017-12-20 10:05:45,342 :: GoPro :: ERROR :: Failed to send command to GoPro: HTTP Error 410: Gone
2017-12-20 10:05:55,356 :: GoPro :: INFO :: - Download media
2017-12-20 10:06:05,369 :: GoPro :: ERROR :: <urlopen error timed out>
2017-12-20 10:06:05,371 :: GoPro :: INFO :: - Sleep
2017-12-20 11:00:20,436 :: GoPro :: DEBUG :: ========== Starting GoPro H3 Controller ==========
2017-12-20 11:00:20,445 :: GoPro :: DEBUG :: Sleeping for 1 minutes
2017-12-20 11:05:35,675 :: GoPro :: INFO :: Wake up GoPro...
2017-12-20 11:05:45,714 :: GoPro :: INFO :: - Taking a photo
2017-12-20 11:05:45,729 :: GoPro :: ERROR :: Failed to send command to GoPro: HTTP Error 410: Gone
2017-12-20 11:05:55,742 :: GoPro :: INFO :: - Download media
2017-12-20 11:06:05,756 :: GoPro :: ERROR :: <urlopen error timed out>
2017-12-20 11:06:05,757 :: GoPro :: INFO :: - Sleep
2017-12-20 12:00:20,809 :: GoPro :: DEBUG :: ========== Starting GoPro H3 Controller ==========
2017-12-20 12:00:20,816 :: GoPro :: DEBUG :: Sleeping for 1 minutes
2017-12-20 12:05:36,575 :: GoPro :: INFO :: Wake up GoPro...
2017-12-20 12:05:46,611 :: GoPro :: INFO :: - Taking a photo
2017-12-20 12:05:46,625 :: GoPro :: ERROR :: Failed to send command to GoPro: HTTP Error 410: Gone
2017-12-20 12:05:56,638 :: GoPro :: INFO :: - Download media
2017-12-20 12:06:06,652 :: GoPro :: ERROR :: <urlopen error timed out>
2017-12-20 12:06:06,653 :: GoPro :: INFO :: - Sleep
2017-12-20 13:00:20,609 :: GoPro :: DEBUG :: ========== Starting GoPro H3 Controller ==========
2017-12-20 13:00:20,639 :: GoPro :: DEBUG :: Sleeping for 1 minutes
2017-12-20 13:05:36,881 :: GoPro :: INFO :: Wake up GoPro...
2017-12-20 13:05:46,921 :: GoPro :: INFO :: - Taking a photo
2017-12-20 13:05:46,939 :: GoPro :: ERROR :: Failed to send command to GoPro: HTTP Error 410: Gone
2017-12-20 13:05:56,952 :: GoPro :: INFO :: - Download media
2017-12-20 13:06:06,963 :: GoPro :: ERROR :: <urlopen error timed out>
2017-12-20 13:06:06,964 :: GoPro :: INFO :: - Sleep
2017-12-20 14:00:20,173 :: GoPro :: DEBUG :: ========== Starting GoPro H3 Controller ==========
2017-12-20 14:00:20,193 :: GoPro :: DEBUG :: Sleeping for 1 minutes
2017-12-20 14:05:37,331 :: GoPro :: INFO :: Wake up GoPro...
2017-12-20 14:05:47,367 :: GoPro :: INFO :: - Taking a photo
2017-12-20 14:05:47,381 :: GoPro :: ERROR :: Failed to send command to GoPro: HTTP Error 410: Gone
2017-12-20 14:05:57,394 :: GoPro :: INFO :: - Download media
2017-12-20 14:06:07,408 :: GoPro :: ERROR :: <urlopen error timed out>
2017-12-20 14:06:07,410 :: GoPro :: INFO :: - Sleep
2017-12-20 15:00:20,750 :: GoPro :: DEBUG :: ========== Starting GoPro H3 Controller ==========
2017-12-20 15:00:20,779 :: GoPro :: DEBUG :: Sleeping for 1 minutes
2017-12-20 15:05:38,016 :: GoPro :: INFO :: Wake up GoPro...
2017-12-20 15:05:48,082 :: GoPro :: INFO :: - Taking a photo
2017-12-20 15:05:48,102 :: GoPro :: ERROR :: Failed to send command to GoPro: HTTP Error 410: Gone
2017-12-20 15:05:58,116 :: GoPro :: INFO :: - Download media
2017-12-20 15:06:08,122 :: GoPro :: ERROR :: <urlopen error timed out>
2017-12-20 15:06:08,123 :: GoPro :: INFO :: - Sleep
2017-12-20 16:00:20,192 :: GoPro :: DEBUG :: ========== Starting GoPro H3 Controller ==========
2017-12-20 16:00:20,208 :: GoPro :: DEBUG :: Sleeping for 1 minutes
2017-12-20 16:05:37,952 :: GoPro :: INFO :: Wake up GoPro...
2017-12-20 16:05:48,000 :: GoPro :: INFO :: - Taking a photo
2017-12-20 16:05:48,014 :: GoPro :: ERROR :: Failed to send command to GoPro: HTTP Error 410: Gone
2017-12-20 16:05:58,036 :: GoPro :: INFO :: - Download media
2017-12-20 16:06:08,049 :: GoPro :: ERROR :: <urlopen error timed out>
2017-12-20 16:06:08,051 :: GoPro :: INFO :: - Sleep
2017-12-20 17:00:20,675 :: GoPro :: DEBUG :: ========== Starting GoPro H3 Controller ==========
2017-12-20 17:00:20,684 :: GoPro :: DEBUG :: Sleeping for 1 minutes
2017-12-20 17:05:38,924 :: GoPro :: INFO :: Wake up GoPro...
2017-12-20 17:05:48,963 :: GoPro :: INFO :: - Taking a photo
2017-12-20 17:05:48,977 :: GoPro :: ERROR :: Failed to send command to GoPro: HTTP Error 410: Gone
2017-12-20 17:05:58,991 :: GoPro :: INFO :: - Download media
2017-12-20 17:06:09,004 :: GoPro :: ERROR :: <urlopen error timed out>
2017-12-20 17:06:09,006 :: GoPro :: INFO :: - Sleep
2017-12-20 18:00:20,316 :: GoPro :: DEBUG :: ========== Starting GoPro H3 Controller ==========
2017-12-20 18:00:20,331 :: GoPro :: DEBUG :: Sleeping for 1 minutes
2017-12-20 18:05:39,069 :: GoPro :: INFO :: Wake up GoPro...
2017-12-20 18:05:49,104 :: GoPro :: INFO :: - Taking a photo
2017-12-20 18:05:49,119 :: GoPro :: ERROR :: Failed to send command to GoPro: HTTP Error 410: Gone
2017-12-20 18:05:59,132 :: GoPro :: INFO :: - Download media
2017-12-20 18:06:09,136 :: GoPro :: ERROR :: <urlopen error timed out>
2017-12-20 18:06:09,137 :: GoPro :: INFO :: - Sleep
2017-12-20 19:00:21,467 :: GoPro :: DEBUG :: ========== Starting GoPro H3 Controller ==========
2017-12-20 19:00:21,491 :: GoPro :: DEBUG :: Sleeping for 1 minutes
2017-12-20 19:05:40,730 :: GoPro :: INFO :: Wake up GoPro...
2017-12-20 19:05:50,766 :: GoPro :: INFO :: - Taking a photo
2017-12-20 19:05:50,780 :: GoPro :: ERROR :: Failed to send command to GoPro: HTTP Error 410: Gone
2017-12-20 19:06:00,793 :: GoPro :: INFO :: - Download media
2017-12-20 19:06:10,807 :: GoPro :: ERROR :: <urlopen error timed out>
2017-12-20 19:06:10,809 :: GoPro :: INFO :: - Sleep
2017-12-21 07:00:21,284 :: GoPro :: DEBUG :: ========== Starting GoPro H3 Controller ==========
2017-12-21 07:00:21,291 :: GoPro :: DEBUG :: Sleeping for 1 minutes
2017-12-21 07:05:41,001 :: GoPro :: INFO :: Wake up GoPro...
2017-12-21 07:05:51,037 :: GoPro :: INFO :: - Taking a photo
2017-12-21 07:05:51,052 :: GoPro :: ERROR :: Failed to send command to GoPro: HTTP Error 410: Gone
2017-12-21 07:06:01,066 :: GoPro :: INFO :: - Download media
2017-12-21 07:06:11,080 :: GoPro :: ERROR :: <urlopen error timed out>
2017-12-21 07:06:11,081 :: GoPro :: INFO :: - Sleep
2017-12-21 08:00:20,812 :: GoPro :: DEBUG :: ========== Starting GoPro H3 Controller ==========
2017-12-21 08:00:20,824 :: GoPro :: DEBUG :: Sleeping for 1 minutes
2017-12-21 08:05:41,049 :: GoPro :: INFO :: Wake up GoPro...
2017-12-21 08:05:51,083 :: GoPro :: INFO :: - Taking a photo
2017-12-21 08:05:51,098 :: GoPro :: ERROR :: Failed to send command to GoPro: HTTP Error 410: Gone
2017-12-21 08:06:01,111 :: GoPro :: INFO :: - Download media
2017-12-21 08:06:11,124 :: GoPro :: ERROR :: <urlopen error timed out>
2017-12-21 08:06:11,126 :: GoPro :: INFO :: - Sleep
2017-12-21 09:00:20,345 :: GoPro :: DEBUG :: ========== Starting GoPro H3 Controller ==========
2017-12-21 09:00:20,356 :: GoPro :: DEBUG :: Sleeping for 1 minutes
2017-12-21 09:05:41,071 :: GoPro :: INFO :: Wake up GoPro...
2017-12-21 09:05:51,107 :: GoPro :: INFO :: - Taking a photo
2017-12-21 09:05:51,121 :: GoPro :: ERROR :: Failed to send command to GoPro: HTTP Error 410: Gone
2017-12-21 09:06:01,135 :: GoPro :: INFO :: - Download media
2017-12-21 09:06:11,148 :: GoPro :: ERROR :: <urlopen error timed out>
2017-12-21 09:06:11,150 :: GoPro :: INFO :: - Sleep
2017-12-21 10:00:20,099 :: GoPro :: DEBUG :: ========== Starting GoPro H3 Controller ==========
2017-12-21 10:00:20,125 :: GoPro :: DEBUG :: Sleeping for 1 minutes
2017-12-21 10:05:41,331 :: GoPro :: INFO :: Wake up GoPro...
2017-12-21 10:05:51,367 :: GoPro :: INFO :: - Taking a photo
2017-12-21 10:05:51,381 :: GoPro :: ERROR :: Failed to send command to GoPro: HTTP Error 410: Gone
2017-12-21 10:06:01,395 :: GoPro :: INFO :: - Download media
2017-12-21 10:06:11,408 :: GoPro :: ERROR :: <urlopen error timed out>
2017-12-21 10:06:11,410 :: GoPro :: INFO :: - Sleep
2017-12-21 11:00:20,095 :: GoPro :: DEBUG :: ========== Starting GoPro H3 Controller ==========
2017-12-21 11:00:20,108 :: GoPro :: DEBUG :: Sleeping for 1 minutes
2017-12-21 11:05:41,828 :: GoPro :: INFO :: Wake up GoPro...
2017-12-21 11:05:51,865 :: GoPro :: INFO :: - Taking a photo
2017-12-21 11:05:51,879 :: GoPro :: ERROR :: Failed to send command to GoPro: HTTP Error 410: Gone
2017-12-21 11:06:01,893 :: GoPro :: INFO :: - Download media
2017-12-21 11:06:11,906 :: GoPro :: ERROR :: <urlopen error timed out>
2017-12-21 11:06:11,908 :: GoPro :: INFO :: - Sleep
2017-12-21 12:00:20,294 :: GoPro :: DEBUG :: ========== Starting GoPro H3 Controller ==========
2017-12-21 12:00:20,332 :: GoPro :: DEBUG :: Sleeping for 1 minutes
2017-12-21 12:05:42,537 :: GoPro :: INFO :: Wake up GoPro...
2017-12-21 12:05:52,573 :: GoPro :: INFO :: - Taking a photo
2017-12-21 12:05:52,587 :: GoPro :: ERROR :: Failed to send command to GoPro: HTTP Error 410: Gone
2017-12-21 12:06:02,601 :: GoPro :: INFO :: - Download media
2017-12-21 12:06:12,615 :: GoPro :: ERROR :: <urlopen error timed out>
2017-12-21 12:06:12,616 :: GoPro :: INFO :: - Sleep
2017-12-21 13:00:20,737 :: GoPro :: DEBUG :: ========== Starting GoPro H3 Controller ==========
2017-12-21 13:00:20,758 :: GoPro :: DEBUG :: Sleeping for 1 minutes
2017-12-21 13:05:43,465 :: GoPro :: INFO :: Wake up GoPro...
2017-12-21 13:05:53,501 :: GoPro :: INFO :: - Taking a photo
2017-12-21 13:05:53,518 :: GoPro :: ERROR :: Failed to send command to GoPro: HTTP Error 410: Gone
2017-12-21 13:06:03,532 :: GoPro :: INFO :: - Download media
2017-12-21 13:06:13,545 :: GoPro :: ERROR :: <urlopen error timed out>
2017-12-21 13:06:13,547 :: GoPro :: INFO :: - Sleep
2017-12-21 14:00:20,424 :: GoPro :: DEBUG :: ========== Starting GoPro H3 Controller ==========
2017-12-21 14:00:20,452 :: GoPro :: DEBUG :: Sleeping for 1 minutes
2017-12-21 14:05:43,662 :: GoPro :: INFO :: Wake up GoPro...
2017-12-21 14:05:53,697 :: GoPro :: INFO :: - Taking a photo
2017-12-21 14:05:53,711 :: GoPro :: ERROR :: Failed to send command to GoPro: HTTP Error 410: Gone
2017-12-21 14:06:03,725 :: GoPro :: INFO :: - Download media
2017-12-21 14:06:13,738 :: GoPro :: ERROR :: <urlopen error timed out>
2017-12-21 14:06:13,740 :: GoPro :: INFO :: - Sleep
2017-12-21 15:00:20,442 :: GoPro :: DEBUG :: ========== Starting GoPro H3 Controller ==========
2017-12-21 15:00:20,460 :: GoPro :: DEBUG :: Sleeping for 1 minutes
2017-12-21 15:05:44,167 :: GoPro :: INFO :: Wake up GoPro...
2017-12-21 15:05:54,203 :: GoPro :: INFO :: - Taking a photo
2017-12-21 15:05:54,219 :: GoPro :: ERROR :: Failed to send command to GoPro: HTTP Error 410: Gone
2017-12-21 15:06:04,233 :: GoPro :: INFO :: - Download media
2017-12-21 15:06:14,246 :: GoPro :: ERROR :: <urlopen error timed out>
2017-12-21 15:06:14,248 :: GoPro :: INFO :: - Sleep
2017-12-21 16:00:20,591 :: GoPro :: DEBUG :: ========== Starting GoPro H3 Controller ==========
2017-12-21 16:00:20,613 :: GoPro :: DEBUG :: Sleeping for 1 minutes
2017-12-21 16:05:44,818 :: GoPro :: INFO :: Wake up GoPro...
2017-12-21 16:05:54,864 :: GoPro :: INFO :: - Taking a photo
2017-12-21 16:05:54,883 :: GoPro :: ERROR :: Failed to send command to GoPro: HTTP Error 410: Gone
2017-12-21 16:06:04,897 :: GoPro :: INFO :: - Download media
2017-12-21 16:06:14,910 :: GoPro :: ERROR :: <urlopen error timed out>
2017-12-21 16:06:14,912 :: GoPro :: INFO :: - Sleep
2017-12-21 17:00:20,376 :: GoPro :: DEBUG :: ========== Starting GoPro H3 Controller ==========
2017-12-21 17:00:20,399 :: GoPro :: DEBUG :: Sleeping for 1 minutes
2017-12-21 17:05:45,107 :: GoPro :: INFO :: Wake up GoPro...
2017-12-21 17:05:55,148 :: GoPro :: INFO :: - Taking a photo
2017-12-21 17:05:55,162 :: GoPro :: ERROR :: Failed to send command to GoPro: HTTP Error 410: Gone
2017-12-21 17:06:05,175 :: GoPro :: INFO :: - Download media
2017-12-21 17:06:15,189 :: GoPro :: ERROR :: <urlopen error timed out>
2017-12-21 17:06:15,191 :: GoPro :: INFO :: - Sleep
2017-12-21 18:00:20,299 :: GoPro :: DEBUG :: ========== Starting GoPro H3 Controller ==========
2017-12-21 18:00:20,326 :: GoPro :: DEBUG :: Sleeping for 1 minutes
2017-12-21 18:05:45,543 :: GoPro :: INFO :: Wake up GoPro...
2017-12-21 18:05:55,583 :: GoPro :: INFO :: - Taking a photo
2017-12-21 18:05:55,598 :: GoPro :: ERROR :: Failed to send command to GoPro: HTTP Error 410: Gone
2017-12-21 18:06:05,611 :: GoPro :: INFO :: - Download media
2017-12-21 18:06:15,625 :: GoPro :: ERROR :: <urlopen error timed out>
2017-12-21 18:06:15,626 :: GoPro :: INFO :: - Sleep
2017-12-21 19:00:20,460 :: GoPro :: DEBUG :: ========== Starting GoPro H3 Controller ==========
2017-12-21 19:00:20,487 :: GoPro :: DEBUG :: Sleeping for 1 minutes
2017-12-21 19:05:46,211 :: GoPro :: INFO :: Wake up GoPro...
2017-12-21 19:05:56,246 :: GoPro :: INFO :: - Taking a photo
2017-12-21 19:05:56,260 :: GoPro :: ERROR :: Failed to send command to GoPro: HTTP Error 410: Gone
2017-12-21 19:06:06,273 :: GoPro :: INFO :: - Download media
2017-12-21 19:06:16,287 :: GoPro :: ERROR :: <urlopen error timed out>
2017-12-21 19:06:16,288 :: GoPro :: INFO :: - Sleep
2017-12-22 07:00:21,965 :: GoPro :: DEBUG :: ========== Starting GoPro H3 Controller ==========
2017-12-22 07:00:21,980 :: GoPro :: DEBUG :: Sleeping for 1 minutes
2017-12-22 07:05:48,160 :: GoPro :: INFO :: Wake up GoPro...
2017-12-22 07:05:58,196 :: GoPro :: INFO :: - Taking a photo
2017-12-22 07:05:58,211 :: GoPro :: ERROR :: Failed to send command to GoPro: HTTP Error 410: Gone
2017-12-22 07:06:08,224 :: GoPro :: INFO :: - Download media
2017-12-22 07:06:18,238 :: GoPro :: ERROR :: <urlopen error timed out>
2017-12-22 07:06:18,239 :: GoPro :: INFO :: - Sleep
2017-12-22 08:00:20,696 :: GoPro :: DEBUG :: ========== Starting GoPro H3 Controller ==========
2017-12-22 08:00:20,713 :: GoPro :: DEBUG :: Sleeping for 1 minutes
2017-12-22 08:05:47,381 :: GoPro :: INFO :: Wake up GoPro...
2017-12-22 08:05:57,505 :: GoPro :: INFO :: - Taking a photo
2017-12-22 08:05:57,521 :: GoPro :: ERROR :: Failed to send command to GoPro: HTTP Error 410: Gone
2017-12-22 08:06:07,534 :: GoPro :: INFO :: - Download media
2017-12-22 08:06:17,548 :: GoPro :: ERROR :: <urlopen error timed out>
2017-12-22 08:06:17,549 :: GoPro :: INFO :: - Sleep
2017-12-22 09:00:20,357 :: GoPro :: DEBUG :: ========== Starting GoPro H3 Controller ==========
2017-12-22 09:00:20,381 :: GoPro :: DEBUG :: Sleeping for 1 minutes
2017-12-22 09:05:47,548 :: GoPro :: INFO :: Wake up GoPro...
2017-12-22 09:05:57,586 :: GoPro :: INFO :: - Taking a photo
2017-12-22 09:05:57,602 :: GoPro :: ERROR :: Failed to send command to GoPro: HTTP Error 410: Gone
2017-12-22 09:06:07,616 :: GoPro :: INFO :: - Download media
2017-12-22 09:06:17,629 :: GoPro :: ERROR :: <urlopen error timed out>
2017-12-22 09:06:17,631 :: GoPro :: INFO :: - Sleep
2017-12-22 10:00:20,338 :: GoPro :: DEBUG :: ========== Starting GoPro H3 Controller ==========
2017-12-22 10:00:20,343 :: GoPro :: DEBUG :: Sleeping for 1 minutes
2017-12-22 10:05:48,010 :: GoPro :: INFO :: Wake up GoPro...
2017-12-22 10:05:58,052 :: GoPro :: INFO :: - Taking a photo
2017-12-22 10:05:58,066 :: GoPro :: ERROR :: Failed to send command to GoPro: HTTP Error 410: Gone
2017-12-22 10:06:08,080 :: GoPro :: INFO :: - Download media
2017-12-22 10:06:18,093 :: GoPro :: ERROR :: <urlopen error timed out>
2017-12-22 10:06:18,095 :: GoPro :: INFO :: - Sleep
2017-12-22 11:00:21,862 :: GoPro :: DEBUG :: ========== Starting GoPro H3 Controller ==========
2017-12-22 11:00:21,881 :: GoPro :: DEBUG :: Sleeping for 1 minutes
2017-12-22 11:05:50,087 :: GoPro :: INFO :: Wake up GoPro...
2017-12-22 11:06:00,123 :: GoPro :: INFO :: - Taking a photo
2017-12-22 11:06:00,139 :: GoPro :: ERROR :: Failed to send command to GoPro: HTTP Error 410: Gone
2017-12-22 11:06:10,152 :: GoPro :: INFO :: - Download media
2017-12-22 11:06:20,166 :: GoPro :: ERROR :: <urlopen error timed out>
2017-12-22 11:06:20,167 :: GoPro :: INFO :: - Sleep
2017-12-22 12:00:20,307 :: GoPro :: DEBUG :: ========== Starting GoPro H3 Controller ==========
2017-12-22 12:00:20,333 :: GoPro :: DEBUG :: Sleeping for 1 minutes
2017-12-22 12:05:49,000 :: GoPro :: INFO :: Wake up GoPro...
2017-12-22 12:05:59,036 :: GoPro :: INFO :: - Taking a photo
2017-12-22 12:05:59,050 :: GoPro :: ERROR :: Failed to send command to GoPro: HTTP Error 410: Gone
2017-12-22 12:06:09,064 :: GoPro :: INFO :: - Download media
2017-12-22 12:06:19,077 :: GoPro :: ERROR :: <urlopen error timed out>
2017-12-22 12:06:19,079 :: GoPro :: INFO :: - Sleep
2017-12-22 13:00:20,688 :: GoPro :: DEBUG :: ========== Starting GoPro H3 Controller ==========
2017-12-22 13:00:20,709 :: GoPro :: DEBUG :: Sleeping for 1 minutes
2017-12-22 13:05:49,895 :: GoPro :: INFO :: Wake up GoPro...
2017-12-22 13:05:59,933 :: GoPro :: INFO :: - Taking a photo
2017-12-22 13:05:59,948 :: GoPro :: ERROR :: Failed to send command to GoPro: HTTP Error 410: Gone
2017-12-22 13:06:09,961 :: GoPro :: INFO :: - Download media
2017-12-22 13:06:19,974 :: GoPro :: ERROR :: <urlopen error timed out>
2017-12-22 13:06:19,976 :: GoPro :: INFO :: - Sleep
2017-12-22 14:00:20,462 :: GoPro :: DEBUG :: ========== Starting GoPro H3 Controller ==========
2017-12-22 14:00:20,471 :: GoPro :: DEBUG :: Sleeping for 1 minutes
2017-12-22 14:05:50,148 :: GoPro :: INFO :: Wake up GoPro...
2017-12-22 14:06:00,191 :: GoPro :: INFO :: - Taking a photo
2017-12-22 14:06:00,206 :: GoPro :: ERROR :: Failed to send command to GoPro: HTTP Error 410: Gone
2017-12-22 14:06:10,219 :: GoPro :: INFO :: - Download media
2017-12-22 14:06:20,232 :: GoPro :: ERROR :: <urlopen error timed out>
2017-12-22 14:06:20,234 :: GoPro :: INFO :: - Sleep
2017-12-22 15:00:20,717 :: GoPro :: DEBUG :: ========== Starting GoPro H3 Controller ==========
2017-12-22 15:00:20,747 :: GoPro :: DEBUG :: Sleeping for 1 minutes
2017-12-22 15:05:50,923 :: GoPro :: INFO :: Wake up GoPro...
2017-12-22 15:06:00,963 :: GoPro :: INFO :: - Taking a photo
2017-12-22 15:06:00,977 :: GoPro :: ERROR :: Failed to send command to GoPro: HTTP Error 410: Gone
2017-12-22 15:06:10,991 :: GoPro :: INFO :: - Download media
2017-12-22 15:06:20,999 :: GoPro :: ERROR :: <urlopen error timed out>
2017-12-22 15:06:21,000 :: GoPro :: INFO :: - Sleep
2017-12-22 16:00:20,177 :: GoPro :: DEBUG :: ========== Starting GoPro H3 Controller ==========
2017-12-22 16:00:20,197 :: GoPro :: DEBUG :: Sleeping for 1 minutes
2017-12-22 16:05:50,895 :: GoPro :: INFO :: Wake up GoPro...
2017-12-22 16:06:00,932 :: GoPro :: INFO :: - Taking a photo
2017-12-22 16:06:00,946 :: GoPro :: ERROR :: Failed to send command to GoPro: HTTP Error 410: Gone
2017-12-22 16:06:10,959 :: GoPro :: INFO :: - Download media
2017-12-22 16:06:20,973 :: GoPro :: ERROR :: <urlopen error timed out>
2017-12-22 16:06:20,974 :: GoPro :: INFO :: - Sleep
2017-12-22 17:00:20,342 :: GoPro :: DEBUG :: ========== Starting GoPro H3 Controller ==========
2017-12-22 17:00:20,356 :: GoPro :: DEBUG :: Sleeping for 1 minutes
2017-12-22 17:05:51,531 :: GoPro :: INFO :: Wake up GoPro...
2017-12-22 17:06:01,570 :: GoPro :: INFO :: - Taking a photo
2017-12-22 17:06:01,584 :: GoPro :: ERROR :: Failed to send command to GoPro: HTTP Error 410: Gone
2017-12-22 17:06:11,597 :: GoPro :: INFO :: - Download media
2017-12-22 17:06:21,610 :: GoPro :: ERROR :: <urlopen error timed out>
2017-12-22 17:06:21,612 :: GoPro :: INFO :: - Sleep
2017-12-22 18:00:20,634 :: GoPro :: DEBUG :: ========== Starting GoPro H3 Controller ==========
2017-12-22 18:00:20,642 :: GoPro :: DEBUG :: Sleeping for 1 minutes
2017-12-22 18:05:52,316 :: GoPro :: INFO :: Wake up GoPro...
2017-12-22 18:06:02,355 :: GoPro :: INFO :: - Taking a photo
2017-12-22 18:06:02,369 :: GoPro :: ERROR :: Failed to send command to GoPro: HTTP Error 410: Gone
2017-12-22 18:06:12,382 :: GoPro :: INFO :: - Download media
2017-12-22 18:06:22,395 :: GoPro :: ERROR :: <urlopen error timed out>
2017-12-22 18:06:22,397 :: GoPro :: INFO :: - Sleep
2017-12-22 19:00:20,498 :: GoPro :: DEBUG :: ========== Starting GoPro H3 Controller ==========
2017-12-22 19:00:20,516 :: GoPro :: DEBUG :: Sleeping for 1 minutes
2017-12-22 19:05:52,700 :: GoPro :: INFO :: Wake up GoPro...
2017-12-22 19:06:02,736 :: GoPro :: INFO :: - Taking a photo
2017-12-22 19:06:02,751 :: GoPro :: ERROR :: Failed to send command to GoPro: HTTP Error 410: Gone
2017-12-22 19:06:12,765 :: GoPro :: INFO :: - Download media
2017-12-22 19:06:22,778 :: GoPro :: ERROR :: <urlopen error timed out>
2017-12-22 19:06:22,780 :: GoPro :: INFO :: - Sleep
2017-12-23 07:00:22,388 :: GoPro :: DEBUG :: ========== Starting GoPro H3 Controller ==========
2017-12-23 07:00:22,406 :: GoPro :: DEBUG :: Sleeping for 1 minutes
2017-12-23 07:05:55,066 :: GoPro :: INFO :: Wake up GoPro...
2017-12-23 07:06:05,102 :: GoPro :: INFO :: - Taking a photo
2017-12-23 07:06:05,119 :: GoPro :: ERROR :: Failed to send command to GoPro: HTTP Error 410: Gone
2017-12-23 07:06:15,131 :: GoPro :: INFO :: - Download media
2017-12-23 07:06:25,145 :: GoPro :: ERROR :: <urlopen error timed out>
2017-12-23 07:06:25,146 :: GoPro :: INFO :: - Sleep
2017-12-23 08:00:20,313 :: GoPro :: DEBUG :: ========== Starting GoPro H3 Controller ==========
2017-12-23 08:00:20,322 :: GoPro :: DEBUG :: Sleeping for 1 minutes
2017-12-23 08:05:53,462 :: GoPro :: INFO :: Wake up GoPro...
2017-12-23 08:06:03,498 :: GoPro :: INFO :: - Taking a photo
2017-12-23 08:06:03,512 :: GoPro :: ERROR :: Failed to send command to GoPro: HTTP Error 410: Gone
2017-12-23 08:06:13,525 :: GoPro :: INFO :: - Download media
2017-12-23 08:06:23,539 :: GoPro :: ERROR :: <urlopen error timed out>
2017-12-23 08:06:23,540 :: GoPro :: INFO :: - Sleep
2017-12-23 09:00:20,720 :: GoPro :: DEBUG :: ========== Starting GoPro H3 Controller ==========
2017-12-23 09:00:20,734 :: GoPro :: DEBUG :: Sleeping for 1 minutes
2017-12-23 09:05:54,385 :: GoPro :: INFO :: Wake up GoPro...
2017-12-23 09:06:04,447 :: GoPro :: INFO :: - Taking a photo
2017-12-23 09:06:04,462 :: GoPro :: ERROR :: Failed to send command to GoPro: HTTP Error 410: Gone
2017-12-23 09:06:14,475 :: GoPro :: INFO :: - Download media
2017-12-23 09:06:24,488 :: GoPro :: ERROR :: <urlopen error timed out>
2017-12-23 09:06:24,490 :: GoPro :: INFO :: - Sleep
2017-12-23 10:00:20,693 :: GoPro :: DEBUG :: ========== Starting GoPro H3 Controller ==========
2017-12-23 10:00:20,705 :: GoPro :: DEBUG :: Sleeping for 1 minutes
2017-12-23 10:05:54,847 :: GoPro :: INFO :: Wake up GoPro...
2017-12-23 10:06:04,887 :: GoPro :: INFO :: - Taking a photo
2017-12-23 10:06:04,904 :: GoPro :: ERROR :: Failed to send command to GoPro: HTTP Error 410: Gone
2017-12-23 10:06:14,917 :: GoPro :: INFO :: - Download media
2017-12-23 10:06:24,931 :: GoPro :: ERROR :: <urlopen error timed out>
2017-12-23 10:06:24,932 :: GoPro :: INFO :: - Sleep
2017-12-23 11:00:20,760 :: GoPro :: DEBUG :: ========== Starting GoPro H3 Controller ==========
2017-12-23 11:00:20,786 :: GoPro :: DEBUG :: Sleeping for 1 minutes
2017-12-23 11:05:55,424 :: GoPro :: INFO :: Wake up GoPro...
2017-12-23 11:06:05,516 :: GoPro :: INFO :: - Taking a photo
2017-12-23 11:06:05,530 :: GoPro :: ERROR :: Failed to send command to GoPro: HTTP Error 410: Gone
2017-12-23 11:06:15,543 :: GoPro :: INFO :: - Download media
2017-12-23 11:06:25,557 :: GoPro :: ERROR :: <urlopen error timed out>
2017-12-23 11:06:25,558 :: GoPro :: INFO :: - Sleep
2017-12-23 12:00:20,482 :: GoPro :: DEBUG :: ========== Starting GoPro H3 Controller ==========
2017-12-23 12:00:20,497 :: GoPro :: DEBUG :: Sleeping for 1 minutes
2017-12-23 12:05:55,634 :: GoPro :: INFO :: Wake up GoPro...
2017-12-23 12:06:05,675 :: GoPro :: INFO :: - Taking a photo
2017-12-23 12:06:05,690 :: GoPro :: ERROR :: Failed to send command to GoPro: HTTP Error 410: Gone
2017-12-23 12:06:15,703 :: GoPro :: INFO :: - Download media
2017-12-23 12:06:25,716 :: GoPro :: ERROR :: <urlopen error timed out>
2017-12-23 12:06:25,718 :: GoPro :: INFO :: - Sleep
2017-12-23 13:00:20,342 :: GoPro :: DEBUG :: ========== Starting GoPro H3 Controller ==========
2017-12-23 13:00:20,363 :: GoPro :: DEBUG :: Sleeping for 1 minutes
2017-12-23 13:05:56,008 :: GoPro :: INFO :: Wake up GoPro...
2017-12-23 13:06:06,044 :: GoPro :: INFO :: - Taking a photo
2017-12-23 13:06:06,058 :: GoPro :: ERROR :: Failed to send command to GoPro: HTTP Error 410: Gone
2017-12-23 13:06:16,071 :: GoPro :: INFO :: - Download media
2017-12-23 13:06:26,085 :: GoPro :: ERROR :: <urlopen error timed out>
2017-12-23 13:06:26,086 :: GoPro :: INFO :: - Sleep
2017-12-23 14:00:20,133 :: GoPro :: DEBUG :: ========== Starting GoPro H3 Controller ==========
2017-12-23 14:00:20,152 :: GoPro :: DEBUG :: Sleeping for 1 minutes
2017-12-23 14:05:56,294 :: GoPro :: INFO :: Wake up GoPro...
2017-12-23 14:06:06,332 :: GoPro :: INFO :: - Taking a photo
2017-12-23 14:06:06,347 :: GoPro :: ERROR :: Failed to send command to GoPro: HTTP Error 410: Gone
2017-12-23 14:06:16,361 :: GoPro :: INFO :: - Download media
2017-12-23 14:06:26,374 :: GoPro :: ERROR :: <urlopen error timed out>
2017-12-23 14:06:26,376 :: GoPro :: INFO :: - Sleep
2017-12-23 15:00:20,224 :: GoPro :: DEBUG :: ========== Starting GoPro H3 Controller ==========
2017-12-23 15:00:20,238 :: GoPro :: DEBUG :: Sleeping for 1 minutes
2017-12-23 15:05:56,878 :: GoPro :: INFO :: Wake up GoPro...
2017-12-23 15:06:06,917 :: GoPro :: INFO :: - Taking a photo
2017-12-23 15:06:06,931 :: GoPro :: ERROR :: Failed to send command to GoPro: HTTP Error 410: Gone
2017-12-23 15:06:16,944 :: GoPro :: INFO :: - Download media
2017-12-23 15:06:26,958 :: GoPro :: ERROR :: <urlopen error timed out>
2017-12-23 15:06:26,959 :: GoPro :: INFO :: - Sleep
2017-12-23 16:00:19,918 :: GoPro :: DEBUG :: ========== Starting GoPro H3 Controller ==========
2017-12-23 16:00:19,930 :: GoPro :: DEBUG :: Sleeping for 1 minutes
2017-12-23 16:05:57,068 :: GoPro :: INFO :: Wake up GoPro...
2017-12-23 16:06:07,104 :: GoPro :: INFO :: - Taking a photo
2017-12-23 16:06:07,121 :: GoPro :: ERROR :: Failed to send command to GoPro: HTTP Error 410: Gone
2017-12-23 16:06:17,134 :: GoPro :: INFO :: - Download media
2017-12-23 16:06:27,148 :: GoPro :: ERROR :: <urlopen error timed out>
2017-12-23 16:06:27,149 :: GoPro :: INFO :: - Sleep
2017-12-23 17:00:20,349 :: GoPro :: DEBUG :: ========== Starting GoPro H3 Controller ==========
2017-12-23 17:00:20,366 :: GoPro :: DEBUG :: Sleeping for 1 minutes
2017-12-23 17:05:58,014 :: GoPro :: INFO :: Wake up GoPro...
2017-12-23 17:06:08,050 :: GoPro :: INFO :: - Taking a photo
2017-12-23 17:06:08,066 :: GoPro :: ERROR :: Failed to send command to GoPro: HTTP Error 410: Gone
2017-12-23 17:06:18,079 :: GoPro :: INFO :: - Download media
2017-12-23 17:06:28,093 :: GoPro :: ERROR :: <urlopen error timed out>
2017-12-23 17:06:28,095 :: GoPro :: INFO :: - Sleep
2017-12-23 18:00:21,065 :: GoPro :: DEBUG :: ========== Starting GoPro H3 Controller ==========
2017-12-23 18:00:21,076 :: GoPro :: DEBUG :: Sleeping for 1 minutes
2017-12-23 18:05:59,215 :: GoPro :: INFO :: Wake up GoPro...
2017-12-23 18:06:09,251 :: GoPro :: INFO :: - Taking a photo
2017-12-23 18:06:09,265 :: GoPro :: ERROR :: Failed to send command to GoPro: HTTP Error 410: Gone
2017-12-23 18:06:19,278 :: GoPro :: INFO :: - Download media
2017-12-23 18:06:29,292 :: GoPro :: ERROR :: <urlopen error timed out>
2017-12-23 18:06:29,294 :: GoPro :: INFO :: - Sleep
2017-12-23 19:00:20,371 :: GoPro :: DEBUG :: ========== Starting GoPro H3 Controller ==========
2017-12-23 19:00:20,393 :: GoPro :: DEBUG :: Sleeping for 1 minutes
2017-12-23 19:05:59,031 :: GoPro :: INFO :: Wake up GoPro...
2017-12-23 19:06:09,067 :: GoPro :: INFO :: - Taking a photo
2017-12-23 19:06:09,082 :: GoPro :: ERROR :: Failed to send command to GoPro: HTTP Error 410: Gone
2017-12-23 19:06:19,095 :: GoPro :: INFO :: - Download media
2017-12-23 19:06:29,108 :: GoPro :: ERROR :: <urlopen error timed out>
2017-12-23 19:06:29,110 :: GoPro :: INFO :: - Sleep
2017-12-24 07:00:22,447 :: GoPro :: DEBUG :: ========== Starting GoPro H3 Controller ==========
2017-12-24 07:00:22,466 :: GoPro :: DEBUG :: Sleeping for 1 minutes
2017-12-24 07:06:01,590 :: GoPro :: INFO :: Wake up GoPro...
2017-12-24 07:06:11,663 :: GoPro :: INFO :: - Taking a photo
2017-12-24 07:06:11,680 :: GoPro :: ERROR :: Failed to send command to GoPro: HTTP Error 410: Gone
2017-12-24 07:06:21,694 :: GoPro :: INFO :: - Download media
2017-12-24 07:06:31,707 :: GoPro :: ERROR :: <urlopen error timed out>
2017-12-24 07:06:31,709 :: GoPro :: INFO :: - Sleep
2017-12-24 08:00:20,788 :: GoPro :: DEBUG :: ========== Starting GoPro H3 Controller ==========
2017-12-24 08:00:20,796 :: GoPro :: DEBUG :: Sleeping for 1 minutes
2017-12-24 08:06:00,403 :: GoPro :: INFO :: Wake up GoPro...
2017-12-24 08:06:10,440 :: GoPro :: INFO :: - Taking a photo
2017-12-24 08:06:10,455 :: GoPro :: ERROR :: Failed to send command to GoPro: HTTP Error 410: Gone
2017-12-24 08:06:20,469 :: GoPro :: INFO :: - Download media
2017-12-24 08:06:30,482 :: GoPro :: ERROR :: <urlopen error timed out>
2017-12-24 08:06:30,484 :: GoPro :: INFO :: - Sleep
2017-12-24 09:00:20,830 :: GoPro :: DEBUG :: ========== Starting GoPro H3 Controller ==========
2017-12-24 09:00:20,845 :: GoPro :: DEBUG :: Sleeping for 1 minutes
2017-12-24 09:06:00,956 :: GoPro :: INFO :: Wake up GoPro...
2017-12-24 09:06:10,989 :: GoPro :: INFO :: - Taking a photo
2017-12-24 09:06:11,004 :: GoPro :: ERROR :: Failed to send command to GoPro: HTTP Error 410: Gone
2017-12-24 09:06:21,017 :: GoPro :: INFO :: - Download media
2017-12-24 09:06:31,031 :: GoPro :: ERROR :: <urlopen error timed out>
2017-12-24 09:06:31,032 :: GoPro :: INFO :: - Sleep
2017-12-24 10:00:20,177 :: GoPro :: DEBUG :: ========== Starting GoPro H3 Controller ==========
2017-12-24 10:00:20,194 :: GoPro :: DEBUG :: Sleeping for 1 minutes
2017-12-24 10:06:00,806 :: GoPro :: INFO :: Wake up GoPro...
2017-12-24 10:06:10,856 :: GoPro :: INFO :: - Taking a photo
2017-12-24 10:06:10,870 :: GoPro :: ERROR :: Failed to send command to GoPro: HTTP Error 410: Gone
2017-12-24 10:06:20,883 :: GoPro :: INFO :: - Download media
2017-12-24 10:06:30,896 :: GoPro :: ERROR :: <urlopen error timed out>
2017-12-24 10:06:30,898 :: GoPro :: INFO :: - Sleep
2017-12-24 11:00:20,652 :: GoPro :: DEBUG :: ========== Starting GoPro H3 Controller ==========
2017-12-24 11:00:20,707 :: GoPro :: DEBUG :: Sleeping for 1 minutes
2017-12-24 11:06:01,862 :: GoPro :: INFO :: Wake up GoPro...
2017-12-24 11:06:11,898 :: GoPro :: INFO :: - Taking a photo
2017-12-24 11:06:11,914 :: GoPro :: ERROR :: Failed to send command to GoPro: HTTP Error 410: Gone
2017-12-24 11:06:21,928 :: GoPro :: INFO :: - Download media
2017-12-24 11:06:31,941 :: GoPro :: ERROR :: <urlopen error timed out>
2017-12-24 11:06:31,943 :: GoPro :: INFO :: - Sleep
2017-12-24 12:00:20,452 :: GoPro :: DEBUG :: ========== Starting GoPro H3 Controller ==========
2017-12-24 12:00:20,471 :: GoPro :: DEBUG :: Sleeping for 1 minutes
2017-12-24 12:06:02,086 :: GoPro :: INFO :: Wake up GoPro...
2017-12-24 12:06:12,123 :: GoPro :: INFO :: - Taking a photo
2017-12-24 12:06:12,138 :: GoPro :: ERROR :: Failed to send command to GoPro: HTTP Error 410: Gone
2017-12-24 12:06:22,151 :: GoPro :: INFO :: - Download media
2017-12-24 12:06:32,165 :: GoPro :: ERROR :: <urlopen error timed out>
2017-12-24 12:06:32,166 :: GoPro :: INFO :: - Sleep
2017-12-24 13:00:20,405 :: GoPro :: DEBUG :: ========== Starting GoPro H3 Controller ==========
2017-12-24 13:00:20,419 :: GoPro :: DEBUG :: Sleeping for 1 minutes
2017-12-24 13:06:02,538 :: GoPro :: INFO :: Wake up GoPro...
2017-12-24 13:06:12,575 :: GoPro :: INFO :: - Taking a photo
2017-12-24 13:06:12,592 :: GoPro :: ERROR :: Failed to send command to GoPro: HTTP Error 410: Gone
2017-12-24 13:06:22,606 :: GoPro :: INFO :: - Download media
2017-12-24 13:06:32,620 :: GoPro :: ERROR :: <urlopen error timed out>
2017-12-24 13:06:32,621 :: GoPro :: INFO :: - Sleep
2017-12-24 14:00:20,278 :: GoPro :: DEBUG :: ========== Starting GoPro H3 Controller ==========
2017-12-24 14:00:20,291 :: GoPro :: DEBUG :: Sleeping for 1 minutes
2017-12-24 14:06:02,914 :: GoPro :: INFO :: Wake up GoPro...
2017-12-24 14:06:12,959 :: GoPro :: INFO :: - Taking a photo
2017-12-24 14:06:12,976 :: GoPro :: ERROR :: Failed to send command to GoPro: HTTP Error 410: Gone
2017-12-24 14:06:22,999 :: GoPro :: INFO :: - Download media
2017-12-24 14:06:33,012 :: GoPro :: ERROR :: <urlopen error timed out>
2017-12-24 14:06:33,014 :: GoPro :: INFO :: - Sleep
2017-12-24 15:00:20,330 :: GoPro :: DEBUG :: ========== Starting GoPro H3 Controller ==========
2017-12-24 15:00:20,344 :: GoPro :: DEBUG :: Sleeping for 1 minutes
2017-12-24 15:06:03,463 :: GoPro :: INFO :: Wake up GoPro...
2017-12-24 15:06:13,499 :: GoPro :: INFO :: - Taking a photo
2017-12-24 15:06:13,513 :: GoPro :: ERROR :: Failed to send command to GoPro: HTTP Error 410: Gone
2017-12-24 15:06:23,527 :: GoPro :: INFO :: - Download media
2017-12-24 15:06:33,540 :: GoPro :: ERROR :: <urlopen error timed out>
2017-12-24 15:06:33,542 :: GoPro :: INFO :: - Sleep
2017-12-24 16:00:20,638 :: GoPro :: DEBUG :: ========== Starting GoPro H3 Controller ==========
2017-12-24 16:00:20,649 :: GoPro :: DEBUG :: Sleeping for 1 minutes
2017-12-24 16:06:04,265 :: GoPro :: INFO :: Wake up GoPro...
2017-12-24 16:06:14,301 :: GoPro :: INFO :: - Taking a photo
2017-12-24 16:06:14,315 :: GoPro :: ERROR :: Failed to send command to GoPro: HTTP Error 410: Gone
2017-12-24 16:06:24,328 :: GoPro :: INFO :: - Download media
2017-12-24 16:06:34,342 :: GoPro :: ERROR :: <urlopen error timed out>
2017-12-24 16:06:34,343 :: GoPro :: INFO :: - Sleep
2017-12-24 17:00:20,267 :: GoPro :: DEBUG :: ========== Starting GoPro H3 Controller ==========
2017-12-24 17:00:20,285 :: GoPro :: DEBUG :: Sleeping for 1 minutes
2017-12-24 17:06:04,404 :: GoPro :: INFO :: Wake up GoPro...
2017-12-24 17:06:14,440 :: GoPro :: INFO :: - Taking a photo
2017-12-24 17:06:14,454 :: GoPro :: ERROR :: Failed to send command to GoPro: HTTP Error 410: Gone
2017-12-24 17:06:24,467 :: GoPro :: INFO :: - Download media
2017-12-24 17:06:34,481 :: GoPro :: ERROR :: <urlopen error timed out>
2017-12-24 17:06:34,482 :: GoPro :: INFO :: - Sleep
2017-12-24 18:00:20,388 :: GoPro :: DEBUG :: ========== Starting GoPro H3 Controller ==========
2017-12-24 18:00:20,411 :: GoPro :: DEBUG :: Sleeping for 1 minutes
2017-12-24 18:06:05,023 :: GoPro :: INFO :: Wake up GoPro...
2017-12-24 18:06:15,061 :: GoPro :: INFO :: - Taking a photo
2017-12-24 18:06:15,078 :: GoPro :: ERROR :: Failed to send command to GoPro: HTTP Error 410: Gone
2017-12-24 18:06:25,091 :: GoPro :: INFO :: - Download media
2017-12-24 18:06:35,105 :: GoPro :: ERROR :: <urlopen error timed out>
2017-12-24 18:06:35,106 :: GoPro :: INFO :: - Sleep
2017-12-24 19:00:20,481 :: GoPro :: DEBUG :: ========== Starting GoPro H3 Controller ==========
2017-12-24 19:00:20,496 :: GoPro :: DEBUG :: Sleeping for 1 minutes
2017-12-24 19:06:05,614 :: GoPro :: INFO :: Wake up GoPro...
2017-12-24 19:06:15,651 :: GoPro :: INFO :: - Taking a photo
2017-12-24 19:06:15,665 :: GoPro :: ERROR :: Failed to send command to GoPro: HTTP Error 410: Gone
2017-12-24 19:06:25,678 :: GoPro :: INFO :: - Download media
2017-12-24 19:06:35,692 :: GoPro :: ERROR :: <urlopen error timed out>
2017-12-24 19:06:35,693 :: GoPro :: INFO :: - Sleep
2017-12-25 07:00:22,051 :: GoPro :: DEBUG :: ========== Starting GoPro H3 Controller ==========
2017-12-25 07:00:22,056 :: GoPro :: DEBUG :: Sleeping for 1 minutes
2017-12-25 07:06:07,641 :: GoPro :: INFO :: Wake up GoPro...
2017-12-25 07:06:17,678 :: GoPro :: INFO :: - Taking a photo
2017-12-25 07:06:17,697 :: GoPro :: ERROR :: Failed to send command to GoPro: HTTP Error 410: Gone
2017-12-25 07:06:27,710 :: GoPro :: INFO :: - Download media
2017-12-25 07:06:37,723 :: GoPro :: ERROR :: <urlopen error timed out>
2017-12-25 07:06:37,725 :: GoPro :: INFO :: - Sleep
2017-12-25 08:00:20,592 :: GoPro :: DEBUG :: ========== Starting GoPro H3 Controller ==========
2017-12-25 08:00:20,605 :: GoPro :: DEBUG :: Sleeping for 1 minutes
2017-12-25 08:06:06,690 :: GoPro :: INFO :: Wake up GoPro...
2017-12-25 08:06:16,726 :: GoPro :: INFO :: - Taking a photo
2017-12-25 08:06:16,741 :: GoPro :: ERROR :: Failed to send command to GoPro: HTTP Error 410: Gone
2017-12-25 08:06:26,755 :: GoPro :: INFO :: - Download media
2017-12-25 08:06:36,768 :: GoPro :: ERROR :: <urlopen error timed out>
2017-12-25 08:06:36,770 :: GoPro :: INFO :: - Sleep
2017-12-25 09:00:20,485 :: GoPro :: DEBUG :: ========== Starting GoPro H3 Controller ==========
2017-12-25 09:00:20,499 :: GoPro :: DEBUG :: Sleeping for 1 minutes
2017-12-25 09:06:07,085 :: GoPro :: INFO :: Wake up GoPro...
2017-12-25 09:06:17,120 :: GoPro :: INFO :: - Taking a photo
2017-12-25 09:06:17,135 :: GoPro :: ERROR :: Failed to send command to GoPro: HTTP Error 410: Gone
2017-12-25 09:06:27,148 :: GoPro :: INFO :: - Download media
2017-12-25 09:06:37,161 :: GoPro :: ERROR :: <urlopen error timed out>
2017-12-25 09:06:37,163 :: GoPro :: INFO :: - Sleep
2017-12-25 10:00:20,834 :: GoPro :: DEBUG :: ========== Starting GoPro H3 Controller ==========
2017-12-25 10:00:20,850 :: GoPro :: DEBUG :: Sleeping for 1 minutes
2017-12-25 10:06:07,940 :: GoPro :: INFO :: Wake up GoPro...
2017-12-25 10:06:17,976 :: GoPro :: INFO :: - Taking a photo
2017-12-25 10:06:17,992 :: GoPro :: ERROR :: Failed to send command to GoPro: HTTP Error 410: Gone
2017-12-25 10:06:28,006 :: GoPro :: INFO :: - Download media
2017-12-25 10:06:38,019 :: GoPro :: ERROR :: <urlopen error timed out>
2017-12-25 10:06:38,021 :: GoPro :: INFO :: - Sleep
2017-12-25 11:00:20,271 :: GoPro :: DEBUG :: ========== Starting GoPro H3 Controller ==========
2017-12-25 11:00:20,292 :: GoPro :: DEBUG :: Sleeping for 1 minutes
2017-12-25 11:06:07,873 :: GoPro :: INFO :: Wake up GoPro...
2017-12-25 11:06:17,909 :: GoPro :: INFO :: - Taking a photo
2017-12-25 11:06:17,935 :: GoPro :: ERROR :: Failed to send command to GoPro: HTTP Error 410: Gone
2017-12-25 11:06:27,948 :: GoPro :: INFO :: - Download media
2017-12-25 11:06:37,961 :: GoPro :: ERROR :: <urlopen error timed out>
2017-12-25 11:06:37,963 :: GoPro :: INFO :: - Sleep
2017-12-25 12:00:20,720 :: GoPro :: DEBUG :: ========== Starting GoPro H3 Controller ==========
2017-12-25 12:00:20,755 :: GoPro :: DEBUG :: Sleeping for 1 minutes
2017-12-25 12:06:08,855 :: GoPro :: INFO :: Wake up GoPro...
2017-12-25 12:06:18,891 :: GoPro :: INFO :: - Taking a photo
2017-12-25 12:06:18,905 :: GoPro :: ERROR :: Failed to send command to GoPro: HTTP Error 410: Gone
2017-12-25 12:06:28,918 :: GoPro :: INFO :: - Download media
2017-12-25 12:06:38,932 :: GoPro :: ERROR :: <urlopen error timed out>
2017-12-25 12:06:38,933 :: GoPro :: INFO :: - Sleep
2017-12-25 13:00:20,258 :: GoPro :: DEBUG :: ========== Starting GoPro H3 Controller ==========
2017-12-25 13:00:20,287 :: GoPro :: DEBUG :: Sleeping for 1 minutes
2017-12-25 13:06:08,917 :: GoPro :: INFO :: Wake up GoPro...
2017-12-25 13:06:18,964 :: GoPro :: INFO :: - Taking a photo
2017-12-25 13:06:18,979 :: GoPro :: ERROR :: Failed to send command to GoPro: HTTP Error 410: Gone
2017-12-25 13:06:29,001 :: GoPro :: INFO :: - Download media
2017-12-25 13:06:39,014 :: GoPro :: ERROR :: <urlopen error timed out>
2017-12-25 13:06:39,016 :: GoPro :: INFO :: - Sleep
2017-12-25 14:00:20,194 :: GoPro :: DEBUG :: ========== Starting GoPro H3 Controller ==========
2017-12-25 14:00:20,202 :: GoPro :: DEBUG :: Sleeping for 1 minutes
2017-12-25 14:06:09,316 :: GoPro :: INFO :: Wake up GoPro...
2017-12-25 14:06:19,353 :: GoPro :: INFO :: - Taking a photo
2017-12-25 14:06:19,368 :: GoPro :: ERROR :: Failed to send command to GoPro: HTTP Error 410: Gone
2017-12-25 14:06:29,381 :: GoPro :: INFO :: - Download media
2017-12-25 14:06:39,394 :: GoPro :: ERROR :: <urlopen error timed out>
2017-12-25 14:06:39,396 :: GoPro :: INFO :: - Sleep
2017-12-25 15:00:20,294 :: GoPro :: DEBUG :: ========== Starting GoPro H3 Controller ==========
2017-12-25 15:00:20,324 :: GoPro :: DEBUG :: Sleeping for 1 minutes
2017-12-25 15:06:09,912 :: GoPro :: INFO :: Wake up GoPro...
2017-12-25 15:06:19,955 :: GoPro :: INFO :: - Taking a photo
2017-12-25 15:06:19,971 :: GoPro :: ERROR :: Failed to send command to GoPro: HTTP Error 410: Gone
2017-12-25 15:06:29,985 :: GoPro :: INFO :: - Download media
2017-12-25 15:06:39,998 :: GoPro :: ERROR :: <urlopen error timed out>
2017-12-25 15:06:40,000 :: GoPro :: INFO :: - Sleep
2017-12-25 16:00:19,925 :: GoPro :: DEBUG :: ========== Starting GoPro H3 Controller ==========
2017-12-25 16:00:19,950 :: GoPro :: DEBUG :: Sleeping for 1 minutes
2017-12-25 16:06:10,030 :: GoPro :: INFO :: Wake up GoPro...
2017-12-25 16:06:20,068 :: GoPro :: INFO :: - Taking a photo
2017-12-25 16:06:20,084 :: GoPro :: ERROR :: Failed to send command to GoPro: HTTP Error 410: Gone
2017-12-25 16:06:30,098 :: GoPro :: INFO :: - Download media
2017-12-25 16:06:40,111 :: GoPro :: ERROR :: <urlopen error timed out>
2017-12-25 16:06:40,113 :: GoPro :: INFO :: - Sleep
2017-12-25 17:00:20,495 :: GoPro :: DEBUG :: ========== Starting GoPro H3 Controller ==========
2017-12-25 17:00:20,519 :: GoPro :: DEBUG :: Sleeping for 1 minutes
2017-12-25 17:06:11,102 :: GoPro :: INFO :: Wake up GoPro...
2017-12-25 17:06:21,138 :: GoPro :: INFO :: - Taking a photo
2017-12-25 17:06:21,152 :: GoPro :: ERROR :: Failed to send command to GoPro: HTTP Error 410: Gone
2017-12-25 17:06:31,165 :: GoPro :: INFO :: - Download media
2017-12-25 17:06:41,174 :: GoPro :: ERROR :: <urlopen error timed out>
2017-12-25 17:06:41,175 :: GoPro :: INFO :: - Sleep
2017-12-25 17:06:51,190 :: GoPro :: ERROR :: Failed to send command to GoPro: <urlopen error timed out>
2017-12-25 18:00:20,467 :: GoPro :: DEBUG :: ========== Starting GoPro H3 Controller ==========
2017-12-25 18:00:20,479 :: GoPro :: DEBUG :: Sleeping for 1 minutes
2017-12-25 18:06:11,591 :: GoPro :: INFO :: Wake up GoPro...
2017-12-25 18:06:21,613 :: GoPro :: ERROR :: Failed to send command to GoPro: <urlopen error timed out>
2017-12-25 18:06:31,628 :: GoPro :: INFO :: - Taking a photo
2017-12-25 18:06:41,643 :: GoPro :: ERROR :: Failed to send command to GoPro: <urlopen error timed out>
2017-12-25 18:06:51,660 :: GoPro :: INFO :: - Download media
2017-12-25 18:07:01,678 :: GoPro :: ERROR :: <urlopen error timed out>
2017-12-25 18:07:01,680 :: GoPro :: INFO :: - Sleep
2017-12-25 18:07:11,694 :: GoPro :: ERROR :: Failed to send command to GoPro: <urlopen error timed out>
2017-12-25 19:00:20,599 :: GoPro :: DEBUG :: ========== Starting GoPro H3 Controller ==========
2017-12-25 19:00:20,607 :: GoPro :: DEBUG :: Sleeping for 1 minutes
2017-12-25 19:06:12,192 :: GoPro :: INFO :: Wake up GoPro...
2017-12-25 19:06:22,230 :: GoPro :: INFO :: - Taking a photo
2017-12-25 19:06:22,247 :: GoPro :: ERROR :: Failed to send command to GoPro: HTTP Error 410: Gone
2017-12-25 19:06:32,260 :: GoPro :: INFO :: - Download media
2017-12-25 19:06:42,270 :: GoPro :: ERROR :: <urlopen error timed out>
2017-12-25 19:06:42,272 :: GoPro :: INFO :: - Sleep
2017-12-26 07:00:21,825 :: GoPro :: DEBUG :: ========== Starting GoPro H3 Controller ==========
2017-12-26 07:00:21,836 :: GoPro :: DEBUG :: Sleeping for 1 minutes
2017-12-26 07:06:13,889 :: GoPro :: INFO :: Wake up GoPro...
2017-12-26 07:06:23,942 :: GoPro :: INFO :: - Taking a photo
2017-12-26 07:06:23,956 :: GoPro :: ERROR :: Failed to send command to GoPro: HTTP Error 410: Gone
2017-12-26 07:06:33,969 :: GoPro :: INFO :: - Download media
2017-12-26 07:06:43,983 :: GoPro :: ERROR :: <urlopen error timed out>
2017-12-26 07:06:43,984 :: GoPro :: INFO :: - Sleep
2017-12-26 08:00:19,885 :: GoPro :: DEBUG :: ========== Starting GoPro H3 Controller ==========
2017-12-26 08:00:19,905 :: GoPro :: DEBUG :: Sleeping for 1 minutes
2017-12-26 08:06:12,459 :: GoPro :: INFO :: Wake up GoPro...
2017-12-26 08:06:22,495 :: GoPro :: INFO :: - Taking a photo
2017-12-26 08:06:22,509 :: GoPro :: ERROR :: Failed to send command to GoPro: HTTP Error 410: Gone
2017-12-26 08:06:32,523 :: GoPro :: INFO :: - Download media
2017-12-26 08:06:42,536 :: GoPro :: ERROR :: <urlopen error timed out>
2017-12-26 08:06:42,538 :: GoPro :: INFO :: - Sleep
2017-12-26 09:00:20,656 :: GoPro :: DEBUG :: ========== Starting GoPro H3 Controller ==========
2017-12-26 09:00:20,685 :: GoPro :: DEBUG :: Sleeping for 1 minutes
2017-12-26 09:06:13,749 :: GoPro :: INFO :: Wake up GoPro...
2017-12-26 09:06:23,835 :: GoPro :: INFO :: - Taking a photo
2017-12-26 09:06:23,849 :: GoPro :: ERROR :: Failed to send command to GoPro: HTTP Error 410: Gone
2017-12-26 09:06:33,862 :: GoPro :: INFO :: - Download media
2017-12-26 09:06:43,876 :: GoPro :: ERROR :: <urlopen error timed out>
2017-12-26 09:06:43,877 :: GoPro :: INFO :: - Sleep
2017-12-26 10:00:21,157 :: GoPro :: DEBUG :: ========== Starting GoPro H3 Controller ==========
2017-12-26 10:00:21,191 :: GoPro :: DEBUG :: Sleeping for 1 minutes
2017-12-26 10:06:14,758 :: GoPro :: INFO :: Wake up GoPro...
2017-12-26 10:06:24,805 :: GoPro :: INFO :: - Taking a photo
2017-12-26 10:06:24,821 :: GoPro :: ERROR :: Failed to send command to GoPro: HTTP Error 410: Gone
2017-12-26 10:06:34,843 :: GoPro :: INFO :: - Download media
2017-12-26 10:06:44,856 :: GoPro :: ERROR :: <urlopen error timed out>
2017-12-26 10:06:44,858 :: GoPro :: INFO :: - Sleep
2017-12-26 11:00:20,633 :: GoPro :: DEBUG :: ========== Starting GoPro H3 Controller ==========
2017-12-26 11:00:20,664 :: GoPro :: DEBUG :: Sleeping for 1 minutes
2017-12-26 11:06:14,721 :: GoPro :: INFO :: Wake up GoPro...
2017-12-26 11:06:24,759 :: GoPro :: INFO :: - Taking a photo
2017-12-26 11:06:24,773 :: GoPro :: ERROR :: Failed to send command to GoPro: HTTP Error 410: Gone
2017-12-26 11:06:34,786 :: GoPro :: INFO :: - Download media
2017-12-26 11:06:44,800 :: GoPro :: ERROR :: <urlopen error timed out>
2017-12-26 11:06:44,801 :: GoPro :: INFO :: - Sleep
2017-12-26 12:00:20,606 :: GoPro :: DEBUG :: ========== Starting GoPro H3 Controller ==========
2017-12-26 12:00:20,642 :: GoPro :: DEBUG :: Sleeping for 1 minutes
2017-12-26 12:06:15,199 :: GoPro :: INFO :: Wake up GoPro...
2017-12-26 12:06:25,246 :: GoPro :: INFO :: - Taking a photo
2017-12-26 12:06:25,263 :: GoPro :: ERROR :: Failed to send command to GoPro: HTTP Error 410: Gone
2017-12-26 12:06:35,284 :: GoPro :: INFO :: - Download media
2017-12-26 12:06:45,298 :: GoPro :: ERROR :: <urlopen error timed out>
2017-12-26 12:06:45,299 :: GoPro :: INFO :: - Sleep
2017-12-26 13:00:20,570 :: GoPro :: DEBUG :: ========== Starting GoPro H3 Controller ==========
2017-12-26 13:00:20,598 :: GoPro :: DEBUG :: Sleeping for 1 minutes
2017-12-26 13:06:15,651 :: GoPro :: INFO :: Wake up GoPro...
2017-12-26 13:06:25,687 :: GoPro :: INFO :: - Taking a photo
2017-12-26 13:06:25,702 :: GoPro :: ERROR :: Failed to send command to GoPro: HTTP Error 410: Gone
2017-12-26 13:06:35,716 :: GoPro :: INFO :: - Download media
2017-12-26 13:06:45,729 :: GoPro :: ERROR :: <urlopen error timed out>
2017-12-26 13:06:45,731 :: GoPro :: INFO :: - Sleep
2017-12-26 14:00:20,156 :: GoPro :: DEBUG :: ========== Starting GoPro H3 Controller ==========
2017-12-26 14:00:20,166 :: GoPro :: DEBUG :: Sleeping for 1 minutes
2017-12-26 14:06:15,728 :: GoPro :: INFO :: Wake up GoPro...
2017-12-26 14:06:25,764 :: GoPro :: INFO :: - Taking a photo
2017-12-26 14:06:25,778 :: GoPro :: ERROR :: Failed to send command to GoPro: HTTP Error 410: Gone
2017-12-26 14:06:35,791 :: GoPro :: INFO :: - Download media
2017-12-26 14:06:45,804 :: GoPro :: ERROR :: <urlopen error timed out>
2017-12-26 14:06:45,806 :: GoPro :: INFO :: - Sleep
2017-12-26 15:00:20,286 :: GoPro :: DEBUG :: ========== Starting GoPro H3 Controller ==========
2017-12-26 15:00:20,304 :: GoPro :: DEBUG :: Sleeping for 1 minutes
2017-12-26 15:06:16,364 :: GoPro :: INFO :: Wake up GoPro...
2017-12-26 15:06:26,405 :: GoPro :: INFO :: - Taking a photo
2017-12-26 15:06:26,420 :: GoPro :: ERROR :: Failed to send command to GoPro: HTTP Error 410: Gone
2017-12-26 15:06:36,433 :: GoPro :: INFO :: - Download media
2017-12-26 15:06:46,446 :: GoPro :: ERROR :: <urlopen error timed out>
2017-12-26 15:06:46,448 :: GoPro :: INFO :: - Sleep
2017-12-26 16:00:20,300 :: GoPro :: DEBUG :: ========== Starting GoPro H3 Controller ==========
2017-12-26 16:00:20,318 :: GoPro :: DEBUG :: Sleeping for 1 minutes
2017-12-26 16:06:16,867 :: GoPro :: INFO :: Wake up GoPro...
2017-12-26 16:06:26,904 :: GoPro :: INFO :: - Taking a photo
2017-12-26 16:06:26,920 :: GoPro :: ERROR :: Failed to send command to GoPro: HTTP Error 410: Gone
2017-12-26 16:06:36,933 :: GoPro :: INFO :: - Download media
2017-12-26 16:06:46,946 :: GoPro :: ERROR :: <urlopen error timed out>
2017-12-26 16:06:46,948 :: GoPro :: INFO :: - Sleep
2017-12-26 17:00:20,673 :: GoPro :: DEBUG :: ========== Starting GoPro H3 Controller ==========
2017-12-26 17:00:20,692 :: GoPro :: DEBUG :: Sleeping for 1 minutes
2017-12-26 17:06:17,742 :: GoPro :: INFO :: Wake up GoPro...
2017-12-26 17:06:27,780 :: GoPro :: INFO :: - Taking a photo
2017-12-26 17:06:27,795 :: GoPro :: ERROR :: Failed to send command to GoPro: HTTP Error 410: Gone
2017-12-26 17:06:37,808 :: GoPro :: INFO :: - Download media
2017-12-26 17:06:47,821 :: GoPro :: ERROR :: <urlopen error timed out>
2017-12-26 17:06:47,823 :: GoPro :: INFO :: - Sleep
2017-12-26 18:00:20,268 :: GoPro :: DEBUG :: ========== Starting GoPro H3 Controller ==========
2017-12-26 18:00:20,298 :: GoPro :: DEBUG :: Sleeping for 1 minutes
2017-12-26 18:06:17,895 :: GoPro :: INFO :: Wake up GoPro...
2017-12-26 18:06:27,931 :: GoPro :: INFO :: - Taking a photo
2017-12-26 18:06:27,947 :: GoPro :: ERROR :: Failed to send command to GoPro: HTTP Error 410: Gone
2017-12-26 18:06:37,961 :: GoPro :: INFO :: - Download media
2017-12-26 18:06:47,974 :: GoPro :: ERROR :: <urlopen error timed out>
2017-12-26 18:06:47,976 :: GoPro :: INFO :: - Sleep
2017-12-26 19:00:20,640 :: GoPro :: DEBUG :: ========== Starting GoPro H3 Controller ==========
2017-12-26 19:00:20,664 :: GoPro :: DEBUG :: Sleeping for 1 minutes
2017-12-26 19:06:18,712 :: GoPro :: INFO :: Wake up GoPro...
2017-12-26 19:06:28,754 :: GoPro :: INFO :: - Taking a photo
2017-12-26 19:06:28,771 :: GoPro :: ERROR :: Failed to send command to GoPro: HTTP Error 410: Gone
2017-12-26 19:06:38,784 :: GoPro :: INFO :: - Download media
2017-12-26 19:06:48,798 :: GoPro :: ERROR :: <urlopen error timed out>
2017-12-26 19:06:48,799 :: GoPro :: INFO :: - Sleep
2017-12-27 07:00:22,930 :: GoPro :: DEBUG :: ========== Starting GoPro H3 Controller ==========
2017-12-27 07:00:22,969 :: GoPro :: DEBUG :: Sleeping for 1 minutes
2017-12-27 07:06:21,486 :: GoPro :: INFO :: Wake up GoPro...
2017-12-27 07:06:31,527 :: GoPro :: INFO :: - Taking a photo
2017-12-27 07:06:31,542 :: GoPro :: ERROR :: Failed to send command to GoPro: HTTP Error 410: Gone
2017-12-27 07:06:41,556 :: GoPro :: INFO :: - Download media
2017-12-27 07:06:51,569 :: GoPro :: ERROR :: <urlopen error timed out>
2017-12-27 07:06:51,571 :: GoPro :: INFO :: - Sleep
2017-12-27 08:00:20,570 :: GoPro :: DEBUG :: ========== Starting GoPro H3 Controller ==========
2017-12-27 08:00:20,581 :: GoPro :: DEBUG :: Sleeping for 1 minutes
2017-12-27 08:06:19,609 :: GoPro :: INFO :: Wake up GoPro...
2017-12-27 08:06:29,647 :: GoPro :: INFO :: - Taking a photo
2017-12-27 08:06:29,661 :: GoPro :: ERROR :: Failed to send command to GoPro: HTTP Error 410: Gone
2017-12-27 08:06:39,675 :: GoPro :: INFO :: - Download media
2017-12-27 08:06:49,688 :: GoPro :: ERROR :: <urlopen error timed out>
2017-12-27 08:06:49,690 :: GoPro :: INFO :: - Sleep
2017-12-27 09:00:20,267 :: GoPro :: DEBUG :: ========== Starting GoPro H3 Controller ==========
2017-12-27 09:00:20,280 :: GoPro :: DEBUG :: Sleeping for 1 minutes
2017-12-27 09:06:19,795 :: GoPro :: INFO :: Wake up GoPro...
2017-12-27 09:06:29,831 :: GoPro :: INFO :: - Taking a photo
2017-12-27 09:06:29,846 :: GoPro :: ERROR :: Failed to send command to GoPro: HTTP Error 410: Gone
2017-12-27 09:06:39,860 :: GoPro :: INFO :: - Download media
2017-12-27 09:06:49,873 :: GoPro :: ERROR :: <urlopen error timed out>
2017-12-27 09:06:49,875 :: GoPro :: INFO :: - Sleep
2017-12-27 10:00:20,261 :: GoPro :: DEBUG :: ========== Starting GoPro H3 Controller ==========
2017-12-27 10:00:20,274 :: GoPro :: DEBUG :: Sleeping for 1 minutes
2017-12-27 10:06:20,306 :: GoPro :: INFO :: Wake up GoPro...
2017-12-27 10:06:30,344 :: GoPro :: INFO :: - Taking a photo
2017-12-27 10:06:30,358 :: GoPro :: ERROR :: Failed to send command to GoPro: HTTP Error 410: Gone
2017-12-27 10:06:40,372 :: GoPro :: INFO :: - Download media
2017-12-27 10:06:50,385 :: GoPro :: ERROR :: <urlopen error timed out>
2017-12-27 10:06:50,387 :: GoPro :: INFO :: - Sleep
2017-12-27 11:00:21,000 :: GoPro :: DEBUG :: ========== Starting GoPro H3 Controller ==========
2017-12-27 11:00:21,020 :: GoPro :: DEBUG :: Sleeping for 1 minutes
2017-12-27 11:06:21,563 :: GoPro :: INFO :: Wake up GoPro...
2017-12-27 11:06:31,601 :: GoPro :: INFO :: - Taking a photo
2017-12-27 11:06:31,615 :: GoPro :: ERROR :: Failed to send command to GoPro: HTTP Error 410: Gone
2017-12-27 11:06:41,629 :: GoPro :: INFO :: - Download media
2017-12-27 11:06:51,642 :: GoPro :: ERROR :: <urlopen error timed out>
2017-12-27 11:06:51,644 :: GoPro :: INFO :: - Sleep
2017-12-27 12:00:20,113 :: GoPro :: DEBUG :: ========== Starting GoPro H3 Controller ==========
2017-12-27 12:00:20,130 :: GoPro :: DEBUG :: Sleeping for 1 minutes
2017-12-27 12:06:21,144 :: GoPro :: INFO :: Wake up GoPro...
2017-12-27 12:06:31,181 :: GoPro :: INFO :: - Taking a photo
2017-12-27 12:06:31,195 :: GoPro :: ERROR :: Failed to send command to GoPro: HTTP Error 410: Gone
2017-12-27 12:06:41,209 :: GoPro :: INFO :: - Download media
2017-12-27 12:06:51,222 :: GoPro :: ERROR :: <urlopen error timed out>
2017-12-27 12:06:51,224 :: GoPro :: INFO :: - Sleep
2017-12-27 13:00:20,239 :: GoPro :: DEBUG :: ========== Starting GoPro H3 Controller ==========
2017-12-27 13:00:20,266 :: GoPro :: DEBUG :: Sleeping for 1 minutes
2017-12-27 13:06:21,788 :: GoPro :: INFO :: Wake up GoPro...
2017-12-27 13:06:31,825 :: GoPro :: INFO :: - Taking a photo
2017-12-27 13:06:31,841 :: GoPro :: ERROR :: Failed to send command to GoPro: HTTP Error 410: Gone
2017-12-27 13:06:41,855 :: GoPro :: INFO :: - Download media
2017-12-27 13:06:51,868 :: GoPro :: ERROR :: <urlopen error timed out>
2017-12-27 13:06:51,870 :: GoPro :: INFO :: - Sleep
2017-12-27 14:00:20,503 :: GoPro :: DEBUG :: ========== Starting GoPro H3 Controller ==========
2017-12-27 14:00:20,516 :: GoPro :: DEBUG :: Sleeping for 1 minutes
2017-12-27 14:06:22,744 :: GoPro :: INFO :: Wake up GoPro...
2017-12-27 14:06:32,789 :: GoPro :: INFO :: - Taking a photo
2017-12-27 14:06:32,814 :: GoPro :: ERROR :: Failed to send command to GoPro: HTTP Error 410: Gone
2017-12-27 14:06:42,832 :: GoPro :: INFO :: - Download media
2017-12-27 14:06:52,850 :: GoPro :: ERROR :: <urlopen error timed out>
2017-12-27 14:06:52,851 :: GoPro :: INFO :: - Sleep
2017-12-27 15:00:20,494 :: GoPro :: DEBUG :: ========== Starting GoPro H3 Controller ==========
2017-12-27 15:00:20,515 :: GoPro :: DEBUG :: Sleeping for 1 minutes
2017-12-27 15:06:23,029 :: GoPro :: INFO :: Wake up GoPro...
2017-12-27 15:06:33,075 :: GoPro :: INFO :: - Taking a photo
2017-12-27 15:06:33,089 :: GoPro :: ERROR :: Failed to send command to GoPro: HTTP Error 410: Gone
2017-12-27 15:06:43,103 :: GoPro :: INFO :: - Download media
2017-12-27 15:06:53,116 :: GoPro :: ERROR :: <urlopen error timed out>
2017-12-27 15:06:53,118 :: GoPro :: INFO :: - Sleep
2017-12-27 16:00:20,145 :: GoPro :: DEBUG :: ========== Starting GoPro H3 Controller ==========
2017-12-27 16:00:20,152 :: GoPro :: DEBUG :: Sleeping for 1 minutes
2017-12-27 16:06:23,172 :: GoPro :: INFO :: Wake up GoPro...
2017-12-27 16:06:33,208 :: GoPro :: INFO :: - Taking a photo
2017-12-27 16:06:33,222 :: GoPro :: ERROR :: Failed to send command to GoPro: HTTP Error 410: Gone
2017-12-27 16:06:43,235 :: GoPro :: INFO :: - Download media
2017-12-27 16:06:53,249 :: GoPro :: ERROR :: <urlopen error timed out>
2017-12-27 16:06:53,251 :: GoPro :: INFO :: - Sleep
2017-12-27 17:00:20,792 :: GoPro :: DEBUG :: ========== Starting GoPro H3 Controller ==========
2017-12-27 17:00:20,806 :: GoPro :: DEBUG :: Sleeping for 1 minutes
2017-12-27 17:06:24,331 :: GoPro :: INFO :: Wake up GoPro...
2017-12-27 17:06:34,366 :: GoPro :: INFO :: - Taking a photo
2017-12-27 17:06:34,381 :: GoPro :: ERROR :: Failed to send command to GoPro: HTTP Error 410: Gone
2017-12-27 17:06:44,394 :: GoPro :: INFO :: - Download media
2017-12-27 17:06:54,408 :: GoPro :: ERROR :: <urlopen error timed out>
2017-12-27 17:06:54,409 :: GoPro :: INFO :: - Sleep
2017-12-27 18:00:20,199 :: GoPro :: DEBUG :: ========== Starting GoPro H3 Controller ==========
2017-12-27 18:00:20,207 :: GoPro :: DEBUG :: Sleeping for 1 minutes
2017-12-27 18:06:24,239 :: GoPro :: INFO :: Wake up GoPro...
2017-12-27 18:06:34,276 :: GoPro :: INFO :: - Taking a photo
2017-12-27 18:06:34,290 :: GoPro :: ERROR :: Failed to send command to GoPro: HTTP Error 410: Gone
2017-12-27 18:06:44,303 :: GoPro :: INFO :: - Download media
2017-12-27 18:06:54,317 :: GoPro :: ERROR :: <urlopen error timed out>
2017-12-27 18:06:54,318 :: GoPro :: INFO :: - Sleep
2017-12-27 19:00:20,630 :: GoPro :: DEBUG :: ========== Starting GoPro H3 Controller ==========
2017-12-27 19:00:20,652 :: GoPro :: DEBUG :: Sleeping for 1 minutes
2017-12-27 19:06:25,195 :: GoPro :: INFO :: Wake up GoPro...
2017-12-27 19:06:35,231 :: GoPro :: INFO :: - Taking a photo
2017-12-27 19:06:35,245 :: GoPro :: ERROR :: Failed to send command to GoPro: HTTP Error 410: Gone
2017-12-27 19:06:45,258 :: GoPro :: INFO :: - Download media
2017-12-27 19:06:55,265 :: GoPro :: ERROR :: <urlopen error timed out>
2017-12-27 19:06:55,266 :: GoPro :: INFO :: - Sleep
2017-12-28 07:00:22,125 :: GoPro :: DEBUG :: ========== Starting GoPro H3 Controller ==========
2017-12-28 07:00:22,134 :: GoPro :: DEBUG :: Sleeping for 1 minutes
2017-12-28 07:06:27,131 :: GoPro :: INFO :: Wake up GoPro...
2017-12-28 07:06:37,169 :: GoPro :: INFO :: - Taking a photo
2017-12-28 07:06:37,184 :: GoPro :: ERROR :: Failed to send command to GoPro: HTTP Error 410: Gone
2017-12-28 07:06:47,197 :: GoPro :: INFO :: - Download media
2017-12-28 07:06:57,210 :: GoPro :: ERROR :: <urlopen error timed out>
2017-12-28 07:06:57,212 :: GoPro :: INFO :: - Sleep
2017-12-28 08:00:20,691 :: GoPro :: DEBUG :: ========== Starting GoPro H3 Controller ==========
2017-12-28 08:00:20,704 :: GoPro :: DEBUG :: Sleeping for 1 minutes
2017-12-28 08:06:26,208 :: GoPro :: INFO :: Wake up GoPro...
2017-12-28 08:06:36,244 :: GoPro :: INFO :: - Taking a photo
2017-12-28 08:06:36,259 :: GoPro :: ERROR :: Failed to send command to GoPro: HTTP Error 410: Gone
2017-12-28 08:06:46,276 :: GoPro :: INFO :: - Download media
2017-12-28 08:06:56,290 :: GoPro :: ERROR :: <urlopen error timed out>
2017-12-28 08:06:56,291 :: GoPro :: INFO :: - Sleep
2017-12-28 09:00:20,776 :: GoPro :: DEBUG :: ========== Starting GoPro H3 Controller ==========
2017-12-28 09:00:20,812 :: GoPro :: DEBUG :: Sleeping for 1 minutes
2017-12-28 09:06:26,831 :: GoPro :: INFO :: Wake up GoPro...
2017-12-28 09:06:36,866 :: GoPro :: INFO :: - Taking a photo
2017-12-28 09:06:36,882 :: GoPro :: ERROR :: Failed to send command to GoPro: HTTP Error 410: Gone
2017-12-28 09:06:46,896 :: GoPro :: INFO :: - Download media
2017-12-28 09:06:56,909 :: GoPro :: ERROR :: <urlopen error timed out>
2017-12-28 09:06:56,911 :: GoPro :: INFO :: - Sleep
2017-12-28 10:00:20,226 :: GoPro :: DEBUG :: ========== Starting GoPro H3 Controller ==========
2017-12-28 10:00:20,242 :: GoPro :: DEBUG :: Sleeping for 1 minutes
2017-12-28 10:06:26,733 :: GoPro :: INFO :: Wake up GoPro...
2017-12-28 10:06:36,770 :: GoPro :: INFO :: - Taking a photo
2017-12-28 10:06:36,785 :: GoPro :: ERROR :: Failed to send command to GoPro: HTTP Error 410: Gone
2017-12-28 10:06:46,798 :: GoPro :: INFO :: - Download media
2017-12-28 10:06:56,812 :: GoPro :: ERROR :: <urlopen error timed out>
2017-12-28 10:06:56,813 :: GoPro :: INFO :: - Sleep
2017-12-28 11:00:19,997 :: GoPro :: DEBUG :: ========== Starting GoPro H3 Controller ==========
2017-12-28 11:00:20,022 :: GoPro :: DEBUG :: Sleeping for 1 minutes
2017-12-28 11:06:27,016 :: GoPro :: INFO :: Wake up GoPro...
2017-12-28 11:06:37,051 :: GoPro :: INFO :: - Taking a photo
2017-12-28 11:06:37,066 :: GoPro :: ERROR :: Failed to send command to GoPro: HTTP Error 410: Gone
2017-12-28 11:06:47,079 :: GoPro :: INFO :: - Download media
2017-12-28 11:06:57,092 :: GoPro :: ERROR :: <urlopen error timed out>
2017-12-28 11:06:57,094 :: GoPro :: INFO :: - Sleep
2017-12-28 12:00:20,486 :: GoPro :: DEBUG :: ========== Starting GoPro H3 Controller ==========
2017-12-28 12:00:20,515 :: GoPro :: DEBUG :: Sleeping for 1 minutes
2017-12-28 12:06:28,006 :: GoPro :: INFO :: Wake up GoPro...
2017-12-28 12:06:38,047 :: GoPro :: INFO :: - Taking a photo
2017-12-28 12:06:38,061 :: GoPro :: ERROR :: Failed to send command to GoPro: HTTP Error 410: Gone
2017-12-28 12:06:48,074 :: GoPro :: INFO :: - Download media
2017-12-28 12:06:58,088 :: GoPro :: ERROR :: <urlopen error timed out>
2017-12-28 12:06:58,089 :: GoPro :: INFO :: - Sleep
2017-12-28 13:00:20,807 :: GoPro :: DEBUG :: ========== Starting GoPro H3 Controller ==========
2017-12-28 13:00:20,857 :: GoPro :: DEBUG :: Sleeping for 1 minutes
2017-12-28 13:06:28,849 :: GoPro :: INFO :: Wake up GoPro...
2017-12-28 13:06:38,884 :: GoPro :: INFO :: - Taking a photo
2017-12-28 13:06:38,899 :: GoPro :: ERROR :: Failed to send command to GoPro: HTTP Error 410: Gone
2017-12-28 13:06:48,916 :: GoPro :: INFO :: - Download media
2017-12-28 13:06:58,930 :: GoPro :: ERROR :: <urlopen error timed out>
2017-12-28 13:06:58,931 :: GoPro :: INFO :: - Sleep
2017-12-28 14:00:20,556 :: GoPro :: DEBUG :: ========== Starting GoPro H3 Controller ==========
2017-12-28 14:00:20,578 :: GoPro :: DEBUG :: Sleeping for 1 minutes
2017-12-28 14:06:29,078 :: GoPro :: INFO :: Wake up GoPro...
2017-12-28 14:06:39,116 :: GoPro :: INFO :: - Taking a photo
2017-12-28 14:06:39,130 :: GoPro :: ERROR :: Failed to send command to GoPro: HTTP Error 410: Gone
2017-12-28 14:06:49,144 :: GoPro :: INFO :: - Download media
2017-12-28 14:06:59,157 :: GoPro :: ERROR :: <urlopen error timed out>
2017-12-28 14:06:59,159 :: GoPro :: INFO :: - Sleep
2017-12-28 15:00:20,468 :: GoPro :: DEBUG :: ========== Starting GoPro H3 Controller ==========
2017-12-28 15:00:20,475 :: GoPro :: DEBUG :: Sleeping for 1 minutes
2017-12-28 15:06:29,463 :: GoPro :: INFO :: Wake up GoPro...
2017-12-28 15:06:39,500 :: GoPro :: INFO :: - Taking a photo
2017-12-28 15:06:39,515 :: GoPro :: ERROR :: Failed to send command to GoPro: HTTP Error 410: Gone
2017-12-28 15:06:49,528 :: GoPro :: INFO :: - Download media
2017-12-28 15:06:59,541 :: GoPro :: ERROR :: <urlopen error timed out>
2017-12-28 15:06:59,543 :: GoPro :: INFO :: - Sleep
2017-12-28 16:00:20,110 :: GoPro :: DEBUG :: ========== Starting GoPro H3 Controller ==========
2017-12-28 16:00:20,138 :: GoPro :: DEBUG :: Sleeping for 1 minutes
2017-12-28 16:06:29,638 :: GoPro :: INFO :: Wake up GoPro...
2017-12-28 16:06:39,674 :: GoPro :: INFO :: - Taking a photo
2017-12-28 16:06:39,688 :: GoPro :: ERROR :: Failed to send command to GoPro: HTTP Error 410: Gone
2017-12-28 16:06:49,702 :: GoPro :: INFO :: - Download media
2017-12-28 16:06:59,715 :: GoPro :: ERROR :: <urlopen error timed out>
2017-12-28 16:06:59,717 :: GoPro :: INFO :: - Sleep
2017-12-28 17:00:20,575 :: GoPro :: DEBUG :: ========== Starting GoPro H3 Controller ==========
2017-12-28 17:00:20,592 :: GoPro :: DEBUG :: Sleeping for 1 minutes
2017-12-28 17:06:30,585 :: GoPro :: INFO :: Wake up GoPro...
2017-12-28 17:06:40,621 :: GoPro :: INFO :: - Taking a photo
2017-12-28 17:06:40,636 :: GoPro :: ERROR :: Failed to send command to GoPro: HTTP Error 410: Gone
2017-12-28 17:06:50,649 :: GoPro :: INFO :: - Download media
2017-12-28 17:07:00,662 :: GoPro :: ERROR :: <urlopen error timed out>
2017-12-28 17:07:00,664 :: GoPro :: INFO :: - Sleep
2017-12-28 18:00:20,492 :: GoPro :: DEBUG :: ========== Starting GoPro H3 Controller ==========
2017-12-28 18:00:20,516 :: GoPro :: DEBUG :: Sleeping for 1 minutes
2017-12-28 18:06:31,010 :: GoPro :: INFO :: Wake up GoPro...
2017-12-28 18:06:41,047 :: GoPro :: INFO :: - Taking a photo
2017-12-28 18:06:41,061 :: GoPro :: ERROR :: Failed to send command to GoPro: HTTP Error 410: Gone
2017-12-28 18:06:51,074 :: GoPro :: INFO :: - Download media
2017-12-28 18:07:01,088 :: GoPro :: ERROR :: <urlopen error timed out>
2017-12-28 18:07:01,089 :: GoPro :: INFO :: - Sleep
2017-12-28 19:00:20,250 :: GoPro :: DEBUG :: ========== Starting GoPro H3 Controller ==========
2017-12-28 19:00:20,269 :: GoPro :: DEBUG :: Sleeping for 1 minutes
2017-12-28 19:06:31,265 :: GoPro :: INFO :: Wake up GoPro...
2017-12-28 19:06:41,301 :: GoPro :: INFO :: - Taking a photo
2017-12-28 19:06:41,317 :: GoPro :: ERROR :: Failed to send command to GoPro: HTTP Error 410: Gone
2017-12-28 19:06:51,330 :: GoPro :: INFO :: - Download media
2017-12-28 19:07:01,343 :: GoPro :: ERROR :: <urlopen error timed out>
2017-12-28 19:07:01,345 :: GoPro :: INFO :: - Sleep
2017-12-29 07:00:22,449 :: GoPro :: DEBUG :: ========== Starting GoPro H3 Controller ==========
2017-12-29 07:00:22,457 :: GoPro :: DEBUG :: Sleeping for 1 minutes
2017-12-29 07:06:34,093 :: GoPro :: INFO :: Wake up GoPro...
2017-12-29 07:06:44,166 :: GoPro :: INFO :: - Taking a photo
2017-12-29 07:06:44,182 :: GoPro :: ERROR :: Failed to send command to GoPro: HTTP Error 410: Gone
2017-12-29 07:06:54,195 :: GoPro :: INFO :: - Download media
2017-12-29 07:07:04,209 :: GoPro :: ERROR :: <urlopen error timed out>
2017-12-29 07:07:04,210 :: GoPro :: INFO :: - Sleep
2017-12-29 08:00:20,561 :: GoPro :: DEBUG :: ========== Starting GoPro H3 Controller ==========
2017-12-29 08:00:20,574 :: GoPro :: DEBUG :: Sleeping for 1 minutes
2017-12-29 08:06:32,573 :: GoPro :: INFO :: Wake up GoPro...
2017-12-29 08:06:42,699 :: GoPro :: INFO :: - Taking a photo
2017-12-29 08:06:42,713 :: GoPro :: ERROR :: Failed to send command to GoPro: HTTP Error 410: Gone
2017-12-29 08:06:52,726 :: GoPro :: INFO :: - Download media
2017-12-29 08:07:02,740 :: GoPro :: ERROR :: <urlopen error timed out>
2017-12-29 08:07:02,741 :: GoPro :: INFO :: - Sleep
2017-12-29 09:00:20,210 :: GoPro :: DEBUG :: ========== Starting GoPro H3 Controller ==========
2017-12-29 09:00:20,221 :: GoPro :: DEBUG :: Sleeping for 1 minutes
2017-12-29 09:06:32,716 :: GoPro :: INFO :: Wake up GoPro...
2017-12-29 09:06:42,764 :: GoPro :: INFO :: - Taking a photo
2017-12-29 09:06:42,778 :: GoPro :: ERROR :: Failed to send command to GoPro: HTTP Error 410: Gone
2017-12-29 09:06:52,800 :: GoPro :: INFO :: - Download media
2017-12-29 09:07:02,814 :: GoPro :: ERROR :: <urlopen error timed out>
2017-12-29 09:07:02,816 :: GoPro :: INFO :: - Sleep
2017-12-29 10:00:19,953 :: GoPro :: DEBUG :: ========== Starting GoPro H3 Controller ==========
2017-12-29 10:00:20,001 :: GoPro :: DEBUG :: Sleeping for 1 minutes
2017-12-29 10:06:32,970 :: GoPro :: INFO :: Wake up GoPro...
2017-12-29 10:06:43,006 :: GoPro :: INFO :: - Taking a photo
2017-12-29 10:06:43,021 :: GoPro :: ERROR :: Failed to send command to GoPro: HTTP Error 410: Gone
2017-12-29 10:06:53,034 :: GoPro :: INFO :: - Download media
2017-12-29 10:07:03,047 :: GoPro :: ERROR :: <urlopen error timed out>
2017-12-29 10:07:03,049 :: GoPro :: INFO :: - Sleep
2017-12-29 11:00:20,131 :: GoPro :: DEBUG :: ========== Starting GoPro H3 Controller ==========
2017-12-29 11:00:20,150 :: GoPro :: DEBUG :: Sleeping for 1 minutes
2017-12-29 11:06:33,670 :: GoPro :: INFO :: Wake up GoPro...
2017-12-29 11:06:43,707 :: GoPro :: INFO :: - Taking a photo
2017-12-29 11:06:43,722 :: GoPro :: ERROR :: Failed to send command to GoPro: HTTP Error 410: Gone
2017-12-29 11:06:53,735 :: GoPro :: INFO :: - Download media
2017-12-29 11:07:03,749 :: GoPro :: ERROR :: <urlopen error timed out>
2017-12-29 11:07:03,751 :: GoPro :: INFO :: - Sleep
2017-12-29 12:00:20,651 :: GoPro :: DEBUG :: ========== Starting GoPro H3 Controller ==========
2017-12-29 12:00:20,670 :: GoPro :: DEBUG :: Sleeping for 1 minutes
2017-12-29 12:06:34,623 :: GoPro :: INFO :: Wake up GoPro...
2017-12-29 12:06:44,667 :: GoPro :: INFO :: - Taking a photo
2017-12-29 12:06:44,684 :: GoPro :: ERROR :: Failed to send command to GoPro: HTTP Error 410: Gone
2017-12-29 12:06:54,697 :: GoPro :: INFO :: - Download media
2017-12-29 12:07:04,710 :: GoPro :: ERROR :: <urlopen error timed out>
2017-12-29 12:07:04,712 :: GoPro :: INFO :: - Sleep
2017-12-29 13:00:20,315 :: GoPro :: DEBUG :: ========== Starting GoPro H3 Controller ==========
2017-12-29 13:00:20,336 :: GoPro :: DEBUG :: Sleeping for 1 minutes
2017-12-29 13:06:34,805 :: GoPro :: INFO :: Wake up GoPro...
2017-12-29 13:06:44,850 :: GoPro :: INFO :: - Taking a photo
2017-12-29 13:06:44,864 :: GoPro :: ERROR :: Failed to send command to GoPro: HTTP Error 410: Gone
2017-12-29 13:06:54,886 :: GoPro :: INFO :: - Download media
2017-12-29 13:07:04,899 :: GoPro :: ERROR :: <urlopen error timed out>
2017-12-29 13:07:04,901 :: GoPro :: INFO :: - Sleep
2017-12-29 13:43:54,967 :: GoPro :: DEBUG :: ========== Starting GoPro H3 Controller ==========
2017-12-29 13:43:54,986 :: GoPro :: DEBUG :: Sleeping for 1 minutes
2017-12-29 13:50:09,957 :: GoPro :: INFO :: Wake up GoPro...
2017-12-29 13:50:20,002 :: GoPro :: INFO :: - Taking a photo
2017-12-29 13:50:20,016 :: GoPro :: ERROR :: Failed to send command to GoPro: HTTP Error 410: Gone
2017-12-29 13:50:30,038 :: GoPro :: INFO :: - Download media
2017-12-29 13:50:40,052 :: GoPro :: ERROR :: <urlopen error timed out>
2017-12-29 13:50:40,053 :: GoPro :: INFO :: - Sleep
2017-12-29 14:00:20,140 :: GoPro :: DEBUG :: ========== Starting GoPro H3 Controller ==========
2017-12-29 14:00:20,156 :: GoPro :: DEBUG :: Sleeping for 1 minutes
2017-12-29 14:06:35,625 :: GoPro :: INFO :: Wake up GoPro...
2017-12-29 14:06:45,663 :: GoPro :: INFO :: - Taking a photo
2017-12-29 14:06:45,677 :: GoPro :: ERROR :: Failed to send command to GoPro: HTTP Error 410: Gone
2017-12-29 14:06:55,691 :: GoPro :: INFO :: - Download media
2017-12-29 14:07:05,697 :: GoPro :: ERROR :: <urlopen error timed out>
2017-12-29 14:07:05,699 :: GoPro :: INFO :: - Sleep
2017-12-29 15:00:20,199 :: GoPro :: DEBUG :: ========== Starting GoPro H3 Controller ==========
2017-12-29 15:00:20,216 :: GoPro :: DEBUG :: Sleeping for 1 minutes
2017-12-29 15:06:36,174 :: GoPro :: INFO :: Wake up GoPro...
2017-12-29 15:06:46,211 :: GoPro :: INFO :: - Taking a photo
2017-12-29 15:06:46,227 :: GoPro :: ERROR :: Failed to send command to GoPro: HTTP Error 410: Gone
2017-12-29 15:06:56,240 :: GoPro :: INFO :: - Download media
2017-12-29 15:07:06,254 :: GoPro :: ERROR :: <urlopen error timed out>
2017-12-29 15:07:06,255 :: GoPro :: INFO :: - Sleep
2017-12-29 16:00:20,570 :: GoPro :: DEBUG :: ========== Starting GoPro H3 Controller ==========
2017-12-29 16:00:20,583 :: GoPro :: DEBUG :: Sleeping for 1 minutes
2017-12-29 16:06:37,040 :: GoPro :: INFO :: Wake up GoPro...
2017-12-29 16:06:47,078 :: GoPro :: INFO :: - Taking a photo
2017-12-29 16:06:47,093 :: GoPro :: ERROR :: Failed to send command to GoPro: HTTP Error 410: Gone
2017-12-29 16:06:57,106 :: GoPro :: INFO :: - Download media
2017-12-29 16:07:07,119 :: GoPro :: ERROR :: <urlopen error timed out>
2017-12-29 16:07:07,121 :: GoPro :: INFO :: - Sleep
2017-12-29 17:00:20,383 :: GoPro :: DEBUG :: ========== Starting GoPro H3 Controller ==========
2017-12-29 17:00:20,418 :: GoPro :: DEBUG :: Sleeping for 1 minutes
2017-12-29 17:06:37,377 :: GoPro :: INFO :: Wake up GoPro...
2017-12-29 17:06:47,413 :: GoPro :: INFO :: - Taking a photo
2017-12-29 17:06:47,428 :: GoPro :: ERROR :: Failed to send command to GoPro: HTTP Error 410: Gone
2017-12-29 17:06:57,445 :: GoPro :: INFO :: - Download media
2017-12-29 17:07:07,463 :: GoPro :: ERROR :: <urlopen error timed out>
2017-12-29 17:07:07,465 :: GoPro :: INFO :: - Sleep
2017-12-29 18:00:20,468 :: GoPro :: DEBUG :: ========== Starting GoPro H3 Controller ==========
2017-12-29 18:00:20,483 :: GoPro :: DEBUG :: Sleeping for 1 minutes
2017-12-29 18:06:37,956 :: GoPro :: INFO :: Wake up GoPro...
2017-12-29 18:06:47,999 :: GoPro :: INFO :: - Taking a photo
2017-12-29 18:06:48,014 :: GoPro :: ERROR :: Failed to send command to GoPro: HTTP Error 410: Gone
2017-12-29 18:06:58,027 :: GoPro :: INFO :: - Download media
2017-12-29 18:07:08,041 :: GoPro :: ERROR :: <urlopen error timed out>
2017-12-29 18:07:08,042 :: GoPro :: INFO :: - Sleep
2017-12-29 19:00:20,183 :: GoPro :: DEBUG :: ========== Starting GoPro H3 Controller ==========
2017-12-29 19:00:20,203 :: GoPro :: DEBUG :: Sleeping for 1 minutes
2017-12-29 19:06:38,163 :: GoPro :: INFO :: Wake up GoPro...
2017-12-29 19:06:48,207 :: GoPro :: INFO :: - Taking a photo
2017-12-29 19:06:48,222 :: GoPro :: ERROR :: Failed to send command to GoPro: HTTP Error 410: Gone
2017-12-29 19:06:58,236 :: GoPro :: INFO :: - Download media
2017-12-29 19:07:08,249 :: GoPro :: ERROR :: <urlopen error timed out>
2017-12-29 19:07:08,251 :: GoPro :: INFO :: - Sleep
2017-12-30 07:00:22,365 :: GoPro :: DEBUG :: ========== Starting GoPro H3 Controller ==========
2017-12-30 07:00:22,386 :: GoPro :: DEBUG :: Sleeping for 1 minutes
2017-12-30 07:06:40,812 :: GoPro :: INFO :: Wake up GoPro...
2017-12-30 07:06:50,848 :: GoPro :: INFO :: - Taking a photo
2017-12-30 07:06:50,864 :: GoPro :: ERROR :: Failed to send command to GoPro: HTTP Error 410: Gone
2017-12-30 07:07:00,877 :: GoPro :: INFO :: - Download media
2017-12-30 07:07:10,890 :: GoPro :: ERROR :: <urlopen error timed out>
2017-12-30 07:07:10,892 :: GoPro :: INFO :: - Sleep
2017-12-30 08:00:20,235 :: GoPro :: DEBUG :: ========== Starting GoPro H3 Controller ==========
2017-12-30 08:00:20,259 :: GoPro :: DEBUG :: Sleeping for 1 minutes
2017-12-30 08:06:39,212 :: GoPro :: INFO :: Wake up GoPro...
2017-12-30 08:06:49,248 :: GoPro :: INFO :: - Taking a photo
2017-12-30 08:06:49,262 :: GoPro :: ERROR :: Failed to send command to GoPro: HTTP Error 410: Gone
2017-12-30 08:06:59,276 :: GoPro :: INFO :: - Download media
2017-12-30 08:07:09,289 :: GoPro :: ERROR :: <urlopen error timed out>
2017-12-30 08:07:09,291 :: GoPro :: INFO :: - Sleep
2017-12-30 09:00:20,125 :: GoPro :: DEBUG :: ========== Starting GoPro H3 Controller ==========
2017-12-30 09:00:20,164 :: GoPro :: DEBUG :: Sleeping for 1 minutes
2017-12-30 09:06:39,592 :: GoPro :: INFO :: Wake up GoPro...
2017-12-30 09:06:49,628 :: GoPro :: INFO :: - Taking a photo
2017-12-30 09:06:49,644 :: GoPro :: ERROR :: Failed to send command to GoPro: HTTP Error 410: Gone
2017-12-30 09:06:59,658 :: GoPro :: INFO :: - Download media
2017-12-30 09:07:09,671 :: GoPro :: ERROR :: <urlopen error timed out>
2017-12-30 09:07:09,673 :: GoPro :: INFO :: - Sleep
2017-12-30 10:00:20,207 :: GoPro :: DEBUG :: ========== Starting GoPro H3 Controller ==========
2017-12-30 10:00:20,232 :: GoPro :: DEBUG :: Sleeping for 1 minutes
2017-12-30 10:06:40,171 :: GoPro :: INFO :: Wake up GoPro...
2017-12-30 10:06:50,207 :: GoPro :: INFO :: - Taking a photo
2017-12-30 10:06:50,224 :: GoPro :: ERROR :: Failed to send command to GoPro: HTTP Error 410: Gone
2017-12-30 10:07:00,237 :: GoPro :: INFO :: - Download media
2017-12-30 10:07:10,250 :: GoPro :: ERROR :: <urlopen error timed out>
2017-12-30 10:07:10,252 :: GoPro :: INFO :: - Sleep
2017-12-30 11:00:20,515 :: GoPro :: DEBUG :: ========== Starting GoPro H3 Controller ==========
2017-12-30 11:00:20,538 :: GoPro :: DEBUG :: Sleeping for 1 minutes
2017-12-30 11:06:40,959 :: GoPro :: INFO :: Wake up GoPro...
2017-12-30 11:06:50,995 :: GoPro :: INFO :: - Taking a photo
2017-12-30 11:06:51,009 :: GoPro :: ERROR :: Failed to send command to GoPro: HTTP Error 410: Gone
2017-12-30 11:07:01,023 :: GoPro :: INFO :: - Download media
2017-12-30 11:07:11,036 :: GoPro :: ERROR :: <urlopen error timed out>
2017-12-30 11:07:11,038 :: GoPro :: INFO :: - Sleep
2017-12-30 12:00:20,103 :: GoPro :: DEBUG :: ========== Starting GoPro H3 Controller ==========
2017-12-30 12:00:20,123 :: GoPro :: DEBUG :: Sleeping for 1 minutes
2017-12-30 12:06:41,061 :: GoPro :: INFO :: Wake up GoPro...
2017-12-30 12:06:51,099 :: GoPro :: INFO :: - Taking a photo
2017-12-30 12:06:51,116 :: GoPro :: ERROR :: Failed to send command to GoPro: HTTP Error 410: Gone
2017-12-30 12:07:01,130 :: GoPro :: INFO :: - Download media
2017-12-30 12:07:11,143 :: GoPro :: ERROR :: <urlopen error timed out>
2017-12-30 12:07:11,145 :: GoPro :: INFO :: - Sleep
2017-12-30 13:00:20,253 :: GoPro :: DEBUG :: ========== Starting GoPro H3 Controller ==========
2017-12-30 13:00:20,261 :: GoPro :: DEBUG :: Sleeping for 1 minutes
2017-12-30 13:06:41,687 :: GoPro :: INFO :: Wake up GoPro...
2017-12-30 13:06:51,723 :: GoPro :: INFO :: - Taking a photo
2017-12-30 13:06:51,737 :: GoPro :: ERROR :: Failed to send command to GoPro: HTTP Error 410: Gone
2017-12-30 13:07:01,750 :: GoPro :: INFO :: - Download media
2017-12-30 13:07:11,764 :: GoPro :: ERROR :: <urlopen error timed out>
2017-12-30 13:07:11,765 :: GoPro :: INFO :: - Sleep
2017-12-30 14:00:20,444 :: GoPro :: DEBUG :: ========== Starting GoPro H3 Controller ==========
2017-12-30 14:00:20,454 :: GoPro :: DEBUG :: Sleeping for 1 minutes
2017-12-30 14:06:42,389 :: GoPro :: INFO :: Wake up GoPro...
2017-12-30 14:06:52,428 :: GoPro :: INFO :: - Taking a photo
2017-12-30 14:06:52,445 :: GoPro :: ERROR :: Failed to send command to GoPro: HTTP Error 410: Gone
2017-12-30 14:07:02,459 :: GoPro :: INFO :: - Download media
2017-12-30 14:07:12,472 :: GoPro :: ERROR :: <urlopen error timed out>
2017-12-30 14:07:12,474 :: GoPro :: INFO :: - Sleep
2017-12-30 15:00:20,359 :: GoPro :: DEBUG :: ========== Starting GoPro H3 Controller ==========
2017-12-30 15:00:20,372 :: GoPro :: DEBUG :: Sleeping for 1 minutes
2017-12-30 15:06:42,801 :: GoPro :: INFO :: Wake up GoPro...
2017-12-30 15:06:52,837 :: GoPro :: INFO :: - Taking a photo
2017-12-30 15:06:52,854 :: GoPro :: ERROR :: Failed to send command to GoPro: HTTP Error 410: Gone
2017-12-30 15:07:02,867 :: GoPro :: INFO :: - Download media
2017-12-30 15:07:12,881 :: GoPro :: ERROR :: <urlopen error timed out>
2017-12-30 15:07:12,882 :: GoPro :: INFO :: - Sleep
2017-12-30 16:00:20,464 :: GoPro :: DEBUG :: ========== Starting GoPro H3 Controller ==========
2017-12-30 16:00:20,475 :: GoPro :: DEBUG :: Sleeping for 1 minutes
2017-12-30 16:06:43,399 :: GoPro :: INFO :: Wake up GoPro...
2017-12-30 16:06:53,435 :: GoPro :: INFO :: - Taking a photo
2017-12-30 16:06:53,451 :: GoPro :: ERROR :: Failed to send command to GoPro: HTTP Error 410: Gone
2017-12-30 16:07:03,465 :: GoPro :: INFO :: - Download media
2017-12-30 16:07:13,478 :: GoPro :: ERROR :: <urlopen error timed out>
2017-12-30 16:07:13,480 :: GoPro :: INFO :: - Sleep
2017-12-30 17:00:20,381 :: GoPro :: DEBUG :: ========== Starting GoPro H3 Controller ==========
2017-12-30 17:00:20,391 :: GoPro :: DEBUG :: Sleeping for 1 minutes
2017-12-30 17:06:43,815 :: GoPro :: INFO :: Wake up GoPro...
2017-12-30 17:06:53,855 :: GoPro :: INFO :: - Taking a photo
2017-12-30 17:06:53,872 :: GoPro :: ERROR :: Failed to send command to GoPro: HTTP Error 410: Gone
2017-12-30 17:07:03,885 :: GoPro :: INFO :: - Download media
2017-12-30 17:07:13,895 :: GoPro :: ERROR :: <urlopen error timed out>
2017-12-30 17:07:13,897 :: GoPro :: INFO :: - Sleep
2017-12-30 18:00:20,073 :: GoPro :: DEBUG :: ========== Starting GoPro H3 Controller ==========
2017-12-30 18:00:20,085 :: GoPro :: DEBUG :: Sleeping for 1 minutes
2017-12-30 18:06:44,044 :: GoPro :: INFO :: Wake up GoPro...
2017-12-30 18:06:54,080 :: GoPro :: INFO :: - Taking a photo
2017-12-30 18:06:54,098 :: GoPro :: ERROR :: Failed to send command to GoPro: HTTP Error 410: Gone
2017-12-30 18:07:04,111 :: GoPro :: INFO :: - Download media
2017-12-30 18:07:14,125 :: GoPro :: ERROR :: <urlopen error timed out>
2017-12-30 18:07:14,126 :: GoPro :: INFO :: - Sleep
2017-12-30 19:00:20,357 :: GoPro :: DEBUG :: ========== Starting GoPro H3 Controller ==========
2017-12-30 19:00:20,376 :: GoPro :: DEBUG :: Sleeping for 1 minutes
2017-12-30 19:06:44,802 :: GoPro :: INFO :: Wake up GoPro...
2017-12-30 19:06:54,842 :: GoPro :: INFO :: - Taking a photo
2017-12-30 19:06:54,856 :: GoPro :: ERROR :: Failed to send command to GoPro: HTTP Error 410: Gone
2017-12-30 19:07:04,870 :: GoPro :: INFO :: - Download media
2017-12-30 19:07:14,883 :: GoPro :: ERROR :: <urlopen error timed out>
2017-12-30 19:07:14,885 :: GoPro :: INFO :: - Sleep
2017-12-31 07:00:21,853 :: GoPro :: DEBUG :: ========== Starting GoPro H3 Controller ==========
2017-12-31 07:00:21,879 :: GoPro :: DEBUG :: Sleeping for 1 minutes
2017-12-31 07:06:46,788 :: GoPro :: INFO :: Wake up GoPro...
2017-12-31 07:06:56,832 :: GoPro :: INFO :: - Taking a photo
2017-12-31 07:06:56,853 :: GoPro :: ERROR :: Failed to send command to GoPro: HTTP Error 410: Gone
2017-12-31 07:07:06,866 :: GoPro :: INFO :: - Download media
2017-12-31 07:07:16,879 :: GoPro :: ERROR :: <urlopen error timed out>
2017-12-31 07:07:16,881 :: GoPro :: INFO :: - Sleep
2017-12-31 08:00:20,413 :: GoPro :: DEBUG :: ========== Starting GoPro H3 Controller ==========
2017-12-31 08:00:20,442 :: GoPro :: DEBUG :: Sleeping for 1 minutes
2017-12-31 08:06:45,838 :: GoPro :: INFO :: Wake up GoPro...
2017-12-31 08:06:55,874 :: GoPro :: INFO :: - Taking a photo
2017-12-31 08:06:55,889 :: GoPro :: ERROR :: Failed to send command to GoPro: HTTP Error 410: Gone
2017-12-31 08:07:05,906 :: GoPro :: INFO :: - Download media
2017-12-31 08:07:15,924 :: GoPro :: ERROR :: <urlopen error timed out>
2017-12-31 08:07:15,925 :: GoPro :: INFO :: - Sleep
2017-12-31 09:00:20,445 :: GoPro :: DEBUG :: ========== Starting GoPro H3 Controller ==========
2017-12-31 09:00:20,458 :: GoPro :: DEBUG :: Sleeping for 1 minutes
2017-12-31 09:06:46,355 :: GoPro :: INFO :: Wake up GoPro...
2017-12-31 09:06:56,393 :: GoPro :: INFO :: - Taking a photo
2017-12-31 09:06:56,407 :: GoPro :: ERROR :: Failed to send command to GoPro: HTTP Error 410: Gone
2017-12-31 09:07:06,421 :: GoPro :: INFO :: - Download media
2017-12-31 09:07:16,434 :: GoPro :: ERROR :: <urlopen error timed out>
2017-12-31 09:07:16,436 :: GoPro :: INFO :: - Sleep
2017-12-31 10:00:20,592 :: GoPro :: DEBUG :: ========== Starting GoPro H3 Controller ==========
2017-12-31 10:00:20,607 :: GoPro :: DEBUG :: Sleeping for 1 minutes
2017-12-31 10:06:47,003 :: GoPro :: INFO :: Wake up GoPro...
2017-12-31 10:06:57,040 :: GoPro :: INFO :: - Taking a photo
2017-12-31 10:06:57,055 :: GoPro :: ERROR :: Failed to send command to GoPro: HTTP Error 410: Gone
2017-12-31 10:07:07,068 :: GoPro :: INFO :: - Download media
2017-12-31 10:07:17,082 :: GoPro :: ERROR :: <urlopen error timed out>
2017-12-31 10:07:17,083 :: GoPro :: INFO :: - Sleep
2017-12-31 11:00:20,335 :: GoPro :: DEBUG :: ========== Starting GoPro H3 Controller ==========
2017-12-31 11:00:20,350 :: GoPro :: DEBUG :: Sleeping for 1 minutes
2017-12-31 11:06:47,237 :: GoPro :: INFO :: Wake up GoPro...
2017-12-31 11:06:57,273 :: GoPro :: INFO :: - Taking a photo
2017-12-31 11:06:57,288 :: GoPro :: ERROR :: Failed to send command to GoPro: HTTP Error 410: Gone
2017-12-31 11:07:07,301 :: GoPro :: INFO :: - Download media
2017-12-31 11:07:17,315 :: GoPro :: ERROR :: <urlopen error timed out>
2017-12-31 11:07:17,316 :: GoPro :: INFO :: - Sleep
2017-12-31 12:00:20,373 :: GoPro :: DEBUG :: ========== Starting GoPro H3 Controller ==========
2017-12-31 12:00:20,387 :: GoPro :: DEBUG :: Sleeping for 1 minutes
2017-12-31 12:06:47,776 :: GoPro :: INFO :: Wake up GoPro...
2017-12-31 12:06:57,816 :: GoPro :: INFO :: - Taking a photo
2017-12-31 12:06:57,830 :: GoPro :: ERROR :: Failed to send command to GoPro: HTTP Error 410: Gone
2017-12-31 12:07:07,844 :: GoPro :: INFO :: - Download media
2017-12-31 12:07:17,857 :: GoPro :: ERROR :: <urlopen error timed out>
2017-12-31 12:07:17,859 :: GoPro :: INFO :: - Sleep
2017-12-31 13:00:19,966 :: GoPro :: DEBUG :: ========== Starting GoPro H3 Controller ==========
2017-12-31 13:00:19,975 :: GoPro :: DEBUG :: Sleeping for 1 minutes
2017-12-31 13:06:47,892 :: GoPro :: INFO :: Wake up GoPro...
2017-12-31 13:06:57,933 :: GoPro :: INFO :: - Taking a photo
2017-12-31 13:06:57,967 :: GoPro :: ERROR :: Failed to send command to GoPro: HTTP Error 410: Gone
2017-12-31 13:07:07,981 :: GoPro :: INFO :: - Download media
2017-12-31 13:07:17,994 :: GoPro :: ERROR :: <urlopen error timed out>
2017-12-31 13:07:17,996 :: GoPro :: INFO :: - Sleep
2017-12-31 14:00:20,023 :: GoPro :: DEBUG :: ========== Starting GoPro H3 Controller ==========
2017-12-31 14:00:20,042 :: GoPro :: DEBUG :: Sleeping for 1 minutes
2017-12-31 14:06:48,443 :: GoPro :: INFO :: Wake up GoPro...
2017-12-31 14:06:58,479 :: GoPro :: INFO :: - Taking a photo
2017-12-31 14:06:58,494 :: GoPro :: ERROR :: Failed to send command to GoPro: HTTP Error 410: Gone
2017-12-31 14:07:08,507 :: GoPro :: INFO :: - Download media
2017-12-31 14:07:18,521 :: GoPro :: ERROR :: <urlopen error timed out>
2017-12-31 14:07:18,522 :: GoPro :: INFO :: - Sleep
2017-12-31 15:00:20,173 :: GoPro :: DEBUG :: ========== Starting GoPro H3 Controller ==========
2017-12-31 15:00:20,185 :: GoPro :: DEBUG :: Sleeping for 1 minutes
2017-12-31 15:06:49,090 :: GoPro :: INFO :: Wake up GoPro...
2017-12-31 15:06:59,126 :: GoPro :: INFO :: - Taking a photo
2017-12-31 15:06:59,143 :: GoPro :: ERROR :: Failed to send command to GoPro: HTTP Error 410: Gone
2017-12-31 15:07:09,157 :: GoPro :: INFO :: - Download media
2017-12-31 15:07:19,170 :: GoPro :: ERROR :: <urlopen error timed out>
2017-12-31 15:07:19,172 :: GoPro :: INFO :: - Sleep
2017-12-31 16:00:20,573 :: GoPro :: DEBUG :: ========== Starting GoPro H3 Controller ==========
2017-12-31 16:00:20,588 :: GoPro :: DEBUG :: Sleeping for 1 minutes
2017-12-31 16:06:49,984 :: GoPro :: INFO :: Wake up GoPro...
2017-12-31 16:07:00,022 :: GoPro :: INFO :: - Taking a photo
2017-12-31 16:07:00,038 :: GoPro :: ERROR :: Failed to send command to GoPro: HTTP Error 410: Gone
2017-12-31 16:07:10,052 :: GoPro :: INFO :: - Download media
2017-12-31 16:07:20,065 :: GoPro :: ERROR :: <urlopen error timed out>
2017-12-31 16:07:20,067 :: GoPro :: INFO :: - Sleep
2017-12-31 17:00:20,825 :: GoPro :: DEBUG :: ========== Starting GoPro H3 Controller ==========
2017-12-31 17:00:20,843 :: GoPro :: DEBUG :: Sleeping for 1 minutes
2017-12-31 17:06:50,748 :: GoPro :: INFO :: Wake up GoPro...
2017-12-31 17:07:00,783 :: GoPro :: INFO :: - Taking a photo
2017-12-31 17:07:00,798 :: GoPro :: ERROR :: Failed to send command to GoPro: HTTP Error 410: Gone
2017-12-31 17:07:10,811 :: GoPro :: INFO :: - Download media
2017-12-31 17:07:20,824 :: GoPro :: ERROR :: <urlopen error timed out>
2017-12-31 17:07:20,826 :: GoPro :: INFO :: - Sleep
2017-12-31 18:00:20,257 :: GoPro :: DEBUG :: ========== Starting GoPro H3 Controller ==========
2017-12-31 18:00:20,273 :: GoPro :: DEBUG :: Sleeping for 1 minutes
2017-12-31 18:06:50,659 :: GoPro :: INFO :: Wake up GoPro...
2017-12-31 18:07:00,708 :: GoPro :: INFO :: - Taking a photo
2017-12-31 18:07:00,724 :: GoPro :: ERROR :: Failed to send command to GoPro: HTTP Error 410: Gone
2017-12-31 18:07:10,746 :: GoPro :: INFO :: - Download media
2017-12-31 18:07:20,760 :: GoPro :: ERROR :: <urlopen error timed out>
2017-12-31 18:07:20,761 :: GoPro :: INFO :: - Sleep
2017-12-31 19:00:20,478 :: GoPro :: DEBUG :: ========== Starting GoPro H3 Controller ==========
2017-12-31 19:00:20,506 :: GoPro :: DEBUG :: Sleeping for 1 minutes
2017-12-31 19:06:51,424 :: GoPro :: INFO :: Wake up GoPro...
2017-12-31 19:07:01,460 :: GoPro :: INFO :: - Taking a photo
2017-12-31 19:07:01,475 :: GoPro :: ERROR :: Failed to send command to GoPro: HTTP Error 410: Gone
2017-12-31 19:07:11,492 :: GoPro :: INFO :: - Download media
2017-12-31 19:07:21,505 :: GoPro :: ERROR :: <urlopen error timed out>
2017-12-31 19:07:21,507 :: GoPro :: INFO :: - Sleep
2018-01-01 07:00:22,390 :: GoPro :: DEBUG :: ========== Starting GoPro H3 Controller ==========
2018-01-01 07:00:22,397 :: GoPro :: DEBUG :: Sleeping for 1 minutes
2018-01-01 07:06:53,758 :: GoPro :: INFO :: Wake up GoPro...
2018-01-01 07:07:03,794 :: GoPro :: INFO :: - Taking a photo
2018-01-01 07:07:03,815 :: GoPro :: ERROR :: Failed to send command to GoPro: HTTP Error 410: Gone
2018-01-01 07:07:13,829 :: GoPro :: INFO :: - Download media
2018-01-01 07:07:23,842 :: GoPro :: ERROR :: <urlopen error timed out>
2018-01-01 07:07:23,844 :: GoPro :: INFO :: - Sleep
2018-01-01 08:00:20,259 :: GoPro :: DEBUG :: ========== Starting GoPro H3 Controller ==========
2018-01-01 08:00:20,278 :: GoPro :: DEBUG :: Sleeping for 1 minutes
2018-01-01 08:06:52,139 :: GoPro :: INFO :: Wake up GoPro...
2018-01-01 08:07:02,175 :: GoPro :: INFO :: - Taking a photo
2018-01-01 08:07:02,190 :: GoPro :: ERROR :: Failed to send command to GoPro: HTTP Error 410: Gone
2018-01-01 08:07:12,203 :: GoPro :: INFO :: - Download media
2018-01-01 08:07:22,217 :: GoPro :: ERROR :: <urlopen error timed out>
2018-01-01 08:07:22,218 :: GoPro :: INFO :: - Sleep
2018-01-01 09:00:20,675 :: GoPro :: DEBUG :: ========== Starting GoPro H3 Controller ==========
2018-01-01 09:00:20,686 :: GoPro :: DEBUG :: Sleeping for 1 minutes
2018-01-01 09:06:53,042 :: GoPro :: INFO :: Wake up GoPro...
2018-01-01 09:07:03,082 :: GoPro :: INFO :: - Taking a photo
2018-01-01 09:07:03,096 :: GoPro :: ERROR :: Failed to send command to GoPro: HTTP Error 410: Gone
2018-01-01 09:07:13,110 :: GoPro :: INFO :: - Download media
2018-01-01 09:07:23,123 :: GoPro :: ERROR :: <urlopen error timed out>
2018-01-01 09:07:23,125 :: GoPro :: INFO :: - Sleep
2018-01-01 10:00:20,594 :: GoPro :: DEBUG :: ========== Starting GoPro H3 Controller ==========
2018-01-01 10:00:20,619 :: GoPro :: DEBUG :: Sleeping for 1 minutes
2018-01-01 10:06:53,480 :: GoPro :: INFO :: Wake up GoPro...
2018-01-01 10:07:03,517 :: GoPro :: INFO :: - Taking a photo
2018-01-01 10:07:03,536 :: GoPro :: ERROR :: Failed to send command to GoPro: HTTP Error 410: Gone
2018-01-01 10:07:13,549 :: GoPro :: INFO :: - Download media
2018-01-01 10:07:23,563 :: GoPro :: ERROR :: <urlopen error timed out>
2018-01-01 10:07:23,564 :: GoPro :: INFO :: - Sleep
2018-01-01 11:00:20,489 :: GoPro :: DEBUG :: ========== Starting GoPro H3 Controller ==========
2018-01-01 11:00:20,498 :: GoPro :: DEBUG :: Sleeping for 1 minutes
2018-01-01 11:06:53,864 :: GoPro :: INFO :: Wake up GoPro...
2018-01-01 11:07:03,900 :: GoPro :: INFO :: - Taking a photo
2018-01-01 11:07:03,914 :: GoPro :: ERROR :: Failed to send command to GoPro: HTTP Error 410: Gone
2018-01-01 11:07:13,928 :: GoPro :: INFO :: - Download media
2018-01-01 11:07:23,941 :: GoPro :: ERROR :: <urlopen error timed out>
2018-01-01 11:07:23,943 :: GoPro :: INFO :: - Sleep
2018-01-01 12:00:20,327 :: GoPro :: DEBUG :: ========== Starting GoPro H3 Controller ==========
2018-01-01 12:00:20,343 :: GoPro :: DEBUG :: Sleeping for 1 minutes
2018-01-01 12:06:54,209 :: GoPro :: INFO :: Wake up GoPro...
2018-01-01 12:07:04,249 :: GoPro :: INFO :: - Taking a photo
2018-01-01 12:07:04,263 :: GoPro :: ERROR :: Failed to send command to GoPro: HTTP Error 410: Gone
2018-01-01 12:07:14,276 :: GoPro :: INFO :: - Download media
2018-01-01 12:07:24,289 :: GoPro :: ERROR :: <urlopen error timed out>
2018-01-01 12:07:24,291 :: GoPro :: INFO :: - Sleep
2018-01-01 13:00:20,027 :: GoPro :: DEBUG :: ========== Starting GoPro H3 Controller ==========
2018-01-01 13:00:20,064 :: GoPro :: DEBUG :: Sleeping for 1 minutes
2018-01-01 13:06:54,422 :: GoPro :: INFO :: Wake up GoPro...
2018-01-01 13:07:04,459 :: GoPro :: INFO :: - Taking a photo
2018-01-01 13:07:04,474 :: GoPro :: ERROR :: Failed to send command to GoPro: HTTP Error 410: Gone
2018-01-01 13:07:14,487 :: GoPro :: INFO :: - Download media
2018-01-01 13:07:24,500 :: GoPro :: ERROR :: <urlopen error timed out>
2018-01-01 13:07:24,502 :: GoPro :: INFO :: - Sleep
2018-01-01 14:00:20,814 :: GoPro :: DEBUG :: ========== Starting GoPro H3 Controller ==========
2018-01-01 14:00:20,842 :: GoPro :: DEBUG :: Sleeping for 1 minutes
2018-01-01 14:06:55,703 :: GoPro :: INFO :: Wake up GoPro...
2018-01-01 14:07:05,740 :: GoPro :: INFO :: - Taking a photo
2018-01-01 14:07:05,756 :: GoPro :: ERROR :: Failed to send command to GoPro: HTTP Error 410: Gone
2018-01-01 14:07:15,769 :: GoPro :: INFO :: - Download media
2018-01-01 14:07:25,783 :: GoPro :: ERROR :: <urlopen error timed out>
2018-01-01 14:07:25,785 :: GoPro :: INFO :: - Sleep
2018-01-01 15:00:20,865 :: GoPro :: DEBUG :: ========== Starting GoPro H3 Controller ==========
2018-01-01 15:00:20,882 :: GoPro :: DEBUG :: Sleeping for 1 minutes
2018-01-01 15:06:56,243 :: GoPro :: INFO :: Wake up GoPro...
2018-01-01 15:07:06,279 :: GoPro :: INFO :: - Taking a photo
2018-01-01 15:07:06,296 :: GoPro :: ERROR :: Failed to send command to GoPro: HTTP Error 410: Gone
2018-01-01 15:07:16,310 :: GoPro :: INFO :: - Download media
2018-01-01 15:07:26,323 :: GoPro :: ERROR :: <urlopen error timed out>
2018-01-01 15:07:26,325 :: GoPro :: INFO :: - Sleep
2018-01-01 16:00:20,764 :: GoPro :: DEBUG :: ========== Starting GoPro H3 Controller ==========
2018-01-01 16:00:20,779 :: GoPro :: DEBUG :: Sleeping for 1 minutes
2018-01-01 16:06:56,639 :: GoPro :: INFO :: Wake up GoPro...
2018-01-01 16:07:06,675 :: GoPro :: INFO :: - Taking a photo
2018-01-01 16:07:06,690 :: GoPro :: ERROR :: Failed to send command to GoPro: HTTP Error 410: Gone
2018-01-01 16:07:16,707 :: GoPro :: INFO :: - Download media
2018-01-01 16:07:26,725 :: GoPro :: ERROR :: <urlopen error timed out>
2018-01-01 16:07:26,727 :: GoPro :: INFO :: - Sleep
2018-01-01 17:00:20,745 :: GoPro :: DEBUG :: ========== Starting GoPro H3 Controller ==========
2018-01-01 17:00:20,782 :: GoPro :: DEBUG :: Sleeping for 1 minutes
2018-01-01 17:06:57,146 :: GoPro :: INFO :: Wake up GoPro...
2018-01-01 17:07:07,182 :: GoPro :: INFO :: - Taking a photo
2018-01-01 17:07:07,199 :: GoPro :: ERROR :: Failed to send command to GoPro: HTTP Error 410: Gone
2018-01-01 17:07:17,212 :: GoPro :: INFO :: - Download media
2018-01-01 17:07:27,226 :: GoPro :: ERROR :: <urlopen error timed out>
2018-01-01 17:07:27,227 :: GoPro :: INFO :: - Sleep
2018-01-01 18:00:20,559 :: GoPro :: DEBUG :: ========== Starting GoPro H3 Controller ==========
2018-01-01 18:00:20,589 :: GoPro :: DEBUG :: Sleeping for 1 minutes
2018-01-01 18:06:57,458 :: GoPro :: INFO :: Wake up GoPro...
2018-01-01 18:07:07,503 :: GoPro :: INFO :: - Taking a photo
2018-01-01 18:07:07,519 :: GoPro :: ERROR :: Failed to send command to GoPro: HTTP Error 410: Gone
2018-01-01 18:07:17,542 :: GoPro :: INFO :: - Download media
2018-01-01 18:07:27,555 :: GoPro :: ERROR :: <urlopen error timed out>
2018-01-01 18:07:27,557 :: GoPro :: INFO :: - Sleep
2018-01-01 19:00:20,650 :: GoPro :: DEBUG :: ========== Starting GoPro H3 Controller ==========
2018-01-01 19:00:20,673 :: GoPro :: DEBUG :: Sleeping for 1 minutes
2018-01-01 19:06:58,036 :: GoPro :: INFO :: Wake up GoPro...
2018-01-01 19:07:08,073 :: GoPro :: INFO :: - Taking a photo
2018-01-01 19:07:08,087 :: GoPro :: ERROR :: Failed to send command to GoPro: HTTP Error 410: Gone
2018-01-01 19:07:18,100 :: GoPro :: INFO :: - Download media
2018-01-01 19:07:28,114 :: GoPro :: ERROR :: <urlopen error timed out>
2018-01-01 19:07:28,116 :: GoPro :: INFO :: - Sleep
2018-01-02 07:00:21,821 :: GoPro :: DEBUG :: ========== Starting GoPro H3 Controller ==========
2018-01-02 07:00:21,836 :: GoPro :: DEBUG :: Sleeping for 1 minutes
2018-01-02 07:06:59,670 :: GoPro :: INFO :: Wake up GoPro...
2018-01-02 07:07:09,711 :: GoPro :: INFO :: - Taking a photo
2018-01-02 07:07:09,726 :: GoPro :: ERROR :: Failed to send command to GoPro: HTTP Error 410: Gone
2018-01-02 07:07:19,739 :: GoPro :: INFO :: - Download media
2018-01-02 07:07:29,752 :: GoPro :: ERROR :: <urlopen error timed out>
2018-01-02 07:07:29,754 :: GoPro :: INFO :: - Sleep
2018-01-02 08:00:20,710 :: GoPro :: DEBUG :: ========== Starting GoPro H3 Controller ==========
2018-01-02 08:00:20,717 :: GoPro :: DEBUG :: Sleeping for 1 minutes
2018-01-02 08:06:59,044 :: GoPro :: INFO :: Wake up GoPro...
2018-01-02 08:07:09,080 :: GoPro :: INFO :: - Taking a photo
2018-01-02 08:07:09,094 :: GoPro :: ERROR :: Failed to send command to GoPro: HTTP Error 410: Gone
2018-01-02 08:07:19,107 :: GoPro :: INFO :: - Download media
2018-01-02 08:07:29,121 :: GoPro :: ERROR :: <urlopen error timed out>
2018-01-02 08:07:29,122 :: GoPro :: INFO :: - Sleep
2018-01-02 09:00:21,742 :: GoPro :: DEBUG :: ========== Starting GoPro H3 Controller ==========
2018-01-02 09:00:21,751 :: GoPro :: DEBUG :: Sleeping for 1 minutes
2018-01-02 09:07:00,583 :: GoPro :: INFO :: Wake up GoPro...
2018-01-02 09:07:10,621 :: GoPro :: INFO :: - Taking a photo
2018-01-02 09:07:10,636 :: GoPro :: ERROR :: Failed to send command to GoPro: HTTP Error 410: Gone
2018-01-02 09:07:20,649 :: GoPro :: INFO :: - Download media
2018-01-02 09:07:30,662 :: GoPro :: ERROR :: <urlopen error timed out>
2018-01-02 09:07:30,664 :: GoPro :: INFO :: - Sleep
2018-01-02 10:00:20,474 :: GoPro :: DEBUG :: ========== Starting GoPro H3 Controller ==========
2018-01-02 10:00:20,485 :: GoPro :: DEBUG :: Sleeping for 1 minutes
2018-01-02 10:06:59,820 :: GoPro :: INFO :: Wake up GoPro...
2018-01-02 10:07:09,869 :: GoPro :: INFO :: - Taking a photo
2018-01-02 10:07:09,883 :: GoPro :: ERROR :: Failed to send command to GoPro: HTTP Error 410: Gone
2018-01-02 10:07:19,896 :: GoPro :: INFO :: - Download media
2018-01-02 10:07:29,910 :: GoPro :: ERROR :: <urlopen error timed out>
2018-01-02 10:07:29,911 :: GoPro :: INFO :: - Sleep
2018-01-02 11:00:20,584 :: GoPro :: DEBUG :: ========== Starting GoPro H3 Controller ==========
2018-01-02 11:00:20,615 :: GoPro :: DEBUG :: Sleeping for 1 minutes
2018-01-02 11:07:00,462 :: GoPro :: INFO :: Wake up GoPro...
2018-01-02 11:07:10,500 :: GoPro :: INFO :: - Taking a photo
2018-01-02 11:07:10,518 :: GoPro :: ERROR :: Failed to send command to GoPro: HTTP Error 410: Gone
2018-01-02 11:07:20,531 :: GoPro :: INFO :: - Download media
2018-01-02 11:07:30,545 :: GoPro :: ERROR :: <urlopen error timed out>
2018-01-02 11:07:30,546 :: GoPro :: INFO :: - Sleep
2018-01-02 12:00:20,183 :: GoPro :: DEBUG :: ========== Starting GoPro H3 Controller ==========
2018-01-02 12:00:20,198 :: GoPro :: DEBUG :: Sleeping for 1 minutes
2018-01-02 12:07:00,533 :: GoPro :: INFO :: Wake up GoPro...
2018-01-02 12:07:10,569 :: GoPro :: INFO :: - Taking a photo
2018-01-02 12:07:10,584 :: GoPro :: ERROR :: Failed to send command to GoPro: HTTP Error 410: Gone
2018-01-02 12:07:20,597 :: GoPro :: INFO :: - Download media
2018-01-02 12:07:30,611 :: GoPro :: ERROR :: <urlopen error timed out>
2018-01-02 12:07:30,613 :: GoPro :: INFO :: - Sleep
2018-01-02 13:00:20,628 :: GoPro :: DEBUG :: ========== Starting GoPro H3 Controller ==========
2018-01-02 13:00:20,637 :: GoPro :: DEBUG :: Sleeping for 1 minutes
2018-01-02 13:07:01,475 :: GoPro :: INFO :: Wake up GoPro...
2018-01-02 13:07:11,531 :: GoPro :: INFO :: - Taking a photo
2018-01-02 13:07:11,549 :: GoPro :: ERROR :: Failed to send command to GoPro: HTTP Error 410: Gone
2018-01-02 13:07:21,562 :: GoPro :: INFO :: - Download media
2018-01-02 13:07:31,575 :: GoPro :: ERROR :: <urlopen error timed out>
2018-01-02 13:07:31,577 :: GoPro :: INFO :: - Sleep
2018-01-02 14:00:20,164 :: GoPro :: DEBUG :: ========== Starting GoPro H3 Controller ==========
2018-01-02 14:00:20,173 :: GoPro :: DEBUG :: Sleeping for 1 minutes
2018-01-02 14:07:01,520 :: GoPro :: INFO :: Wake up GoPro...
2018-01-02 14:07:11,557 :: GoPro :: INFO :: - Taking a photo
2018-01-02 14:07:11,571 :: GoPro :: ERROR :: Failed to send command to GoPro: HTTP Error 410: Gone
2018-01-02 14:07:21,585 :: GoPro :: INFO :: - Download media
2018-01-02 14:07:31,591 :: GoPro :: ERROR :: <urlopen error timed out>
2018-01-02 14:07:31,592 :: GoPro :: INFO :: - Sleep
2018-01-02 15:00:20,398 :: GoPro :: DEBUG :: ========== Starting GoPro H3 Controller ==========
2018-01-02 15:00:20,416 :: GoPro :: DEBUG :: Sleeping for 1 minutes
2018-01-02 15:07:02,252 :: GoPro :: INFO :: Wake up GoPro...
2018-01-02 15:07:12,294 :: GoPro :: INFO :: - Taking a photo
2018-01-02 15:07:12,311 :: GoPro :: ERROR :: Failed to send command to GoPro: HTTP Error 410: Gone
2018-01-02 15:07:22,324 :: GoPro :: INFO :: - Download media
2018-01-02 15:07:32,337 :: GoPro :: ERROR :: <urlopen error timed out>
2018-01-02 15:07:32,339 :: GoPro :: INFO :: - Sleep
2018-01-02 16:00:20,225 :: GoPro :: DEBUG :: ========== Starting GoPro H3 Controller ==========
2018-01-02 16:00:20,246 :: GoPro :: DEBUG :: Sleeping for 1 minutes
2018-01-02 16:07:02,583 :: GoPro :: INFO :: Wake up GoPro...
2018-01-02 16:07:12,625 :: GoPro :: INFO :: - Taking a photo
2018-01-02 16:07:12,639 :: GoPro :: ERROR :: Failed to send command to GoPro: HTTP Error 410: Gone
2018-01-02 16:07:22,652 :: GoPro :: INFO :: - Download media
2018-01-02 16:07:32,666 :: GoPro :: ERROR :: <urlopen error timed out>
2018-01-02 16:07:32,667 :: GoPro :: INFO :: - Sleep
2018-01-02 17:00:20,678 :: GoPro :: DEBUG :: ========== Starting GoPro H3 Controller ==========
2018-01-02 17:00:20,694 :: GoPro :: DEBUG :: Sleeping for 1 minutes
2018-01-02 17:07:03,531 :: GoPro :: INFO :: Wake up GoPro...
2018-01-02 17:07:13,568 :: GoPro :: INFO :: - Taking a photo
2018-01-02 17:07:13,582 :: GoPro :: ERROR :: Failed to send command to GoPro: HTTP Error 410: Gone
2018-01-02 17:07:23,595 :: GoPro :: INFO :: - Download media
2018-01-02 17:07:33,609 :: GoPro :: ERROR :: <urlopen error timed out>
2018-01-02 17:07:33,610 :: GoPro :: INFO :: - Sleep
2018-01-02 18:00:20,704 :: GoPro :: DEBUG :: ========== Starting GoPro H3 Controller ==========
2018-01-02 18:00:20,720 :: GoPro :: DEBUG :: Sleeping for 1 minutes
2018-01-02 18:07:04,059 :: GoPro :: INFO :: Wake up GoPro...
2018-01-02 18:07:14,095 :: GoPro :: INFO :: - Taking a photo
2018-01-02 18:07:14,110 :: GoPro :: ERROR :: Failed to send command to GoPro: HTTP Error 410: Gone
2018-01-02 18:07:24,124 :: GoPro :: INFO :: - Download media
2018-01-02 18:07:34,138 :: GoPro :: ERROR :: <urlopen error timed out>
2018-01-02 18:07:34,139 :: GoPro :: INFO :: - Sleep
2018-01-02 19:00:19,960 :: GoPro :: DEBUG :: ========== Starting GoPro H3 Controller ==========
2018-01-02 19:00:19,982 :: GoPro :: DEBUG :: Sleeping for 1 minutes
2018-01-02 19:07:03,820 :: GoPro :: INFO :: Wake up GoPro...
2018-01-02 19:07:13,856 :: GoPro :: INFO :: - Taking a photo
2018-01-02 19:07:13,870 :: GoPro :: ERROR :: Failed to send command to GoPro: HTTP Error 410: Gone
2018-01-02 19:07:23,884 :: GoPro :: INFO :: - Download media
2018-01-02 19:07:33,897 :: GoPro :: ERROR :: <urlopen error timed out>
2018-01-02 19:07:33,899 :: GoPro :: INFO :: - Sleep
2018-01-03 07:00:22,214 :: GoPro :: DEBUG :: ========== Starting GoPro H3 Controller ==========
2018-01-03 07:00:22,231 :: GoPro :: DEBUG :: Sleeping for 1 minutes
2018-01-03 07:07:06,551 :: GoPro :: INFO :: Wake up GoPro...
2018-01-03 07:07:16,595 :: GoPro :: INFO :: - Taking a photo
2018-01-03 07:07:16,615 :: GoPro :: ERROR :: Failed to send command to GoPro: HTTP Error 410: Gone
2018-01-03 07:07:26,633 :: GoPro :: INFO :: - Download media
2018-01-03 07:07:36,644 :: GoPro :: ERROR :: <urlopen error timed out>
2018-01-03 07:07:36,646 :: GoPro :: INFO :: - Sleep
2018-01-03 08:00:20,081 :: GoPro :: DEBUG :: ========== Starting GoPro H3 Controller ==========
2018-01-03 08:00:20,100 :: GoPro :: DEBUG :: Sleeping for 1 minutes
2018-01-03 08:07:04,936 :: GoPro :: INFO :: Wake up GoPro...
2018-01-03 08:07:14,972 :: GoPro :: INFO :: - Taking a photo
2018-01-03 08:07:14,986 :: GoPro :: ERROR :: Failed to send command to GoPro: HTTP Error 410: Gone
2018-01-03 08:07:24,999 :: GoPro :: INFO :: - Download media
2018-01-03 08:07:35,013 :: GoPro :: ERROR :: <urlopen error timed out>
2018-01-03 08:07:35,014 :: GoPro :: INFO :: - Sleep
2018-01-03 09:00:20,452 :: GoPro :: DEBUG :: ========== Starting GoPro H3 Controller ==========
2018-01-03 09:00:20,478 :: GoPro :: DEBUG :: Sleeping for 1 minutes
2018-01-03 09:07:05,786 :: GoPro :: INFO :: Wake up GoPro...
2018-01-03 09:07:15,822 :: GoPro :: INFO :: - Taking a photo
2018-01-03 09:07:15,836 :: GoPro :: ERROR :: Failed to send command to GoPro: HTTP Error 410: Gone
2018-01-03 09:07:25,850 :: GoPro :: INFO :: - Download media
2018-01-03 09:07:35,863 :: GoPro :: ERROR :: <urlopen error timed out>
2018-01-03 09:07:35,865 :: GoPro :: INFO :: - Sleep
2018-01-03 10:00:20,196 :: GoPro :: DEBUG :: ========== Starting GoPro H3 Controller ==========
2018-01-03 10:00:20,222 :: GoPro :: DEBUG :: Sleeping for 1 minutes
2018-01-03 10:07:06,027 :: GoPro :: INFO :: Wake up GoPro...
2018-01-03 10:07:16,065 :: GoPro :: INFO :: - Taking a photo
2018-01-03 10:07:16,081 :: GoPro :: ERROR :: Failed to send command to GoPro: HTTP Error 410: Gone
2018-01-03 10:07:26,095 :: GoPro :: INFO :: - Download media
2018-01-03 10:07:36,107 :: GoPro :: ERROR :: <urlopen error timed out>
2018-01-03 10:07:36,109 :: GoPro :: INFO :: - Sleep
2018-01-03 11:00:20,287 :: GoPro :: DEBUG :: ========== Starting GoPro H3 Controller ==========
2018-01-03 11:00:20,303 :: GoPro :: DEBUG :: Sleeping for 1 minutes
2018-01-03 11:07:06,612 :: GoPro :: INFO :: Wake up GoPro...
2018-01-03 11:07:16,652 :: GoPro :: INFO :: - Taking a photo
2018-01-03 11:07:16,668 :: GoPro :: ERROR :: Failed to send command to GoPro: HTTP Error 410: Gone
2018-01-03 11:07:26,681 :: GoPro :: INFO :: - Download media
2018-01-03 11:07:36,695 :: GoPro :: ERROR :: <urlopen error timed out>
2018-01-03 11:07:36,697 :: GoPro :: INFO :: - Sleep
2018-01-03 12:00:20,730 :: GoPro :: DEBUG :: ========== Starting GoPro H3 Controller ==========
2018-01-03 12:00:20,738 :: GoPro :: DEBUG :: Sleeping for 1 minutes
2018-01-03 12:07:07,547 :: GoPro :: INFO :: Wake up GoPro...
2018-01-03 12:07:17,583 :: GoPro :: INFO :: - Taking a photo
2018-01-03 12:07:17,599 :: GoPro :: ERROR :: Failed to send command to GoPro: HTTP Error 410: Gone
2018-01-03 12:07:27,613 :: GoPro :: INFO :: - Download media
2018-01-03 12:07:37,626 :: GoPro :: ERROR :: <urlopen error timed out>
2018-01-03 12:07:37,628 :: GoPro :: INFO :: - Sleep
2018-01-03 13:00:20,249 :: GoPro :: DEBUG :: ========== Starting GoPro H3 Controller ==========
2018-01-03 13:00:20,255 :: GoPro :: DEBUG :: Sleeping for 1 minutes
2018-01-03 13:07:07,570 :: GoPro :: INFO :: Wake up GoPro...
2018-01-03 13:07:17,606 :: GoPro :: INFO :: - Taking a photo
2018-01-03 13:07:17,620 :: GoPro :: ERROR :: Failed to send command to GoPro: HTTP Error 410: Gone
2018-01-03 13:07:27,633 :: GoPro :: INFO :: - Download media
2018-01-03 13:07:37,647 :: GoPro :: ERROR :: <urlopen error timed out>
2018-01-03 13:07:37,648 :: GoPro :: INFO :: - Sleep
2018-01-03 14:00:20,725 :: GoPro :: DEBUG :: ========== Starting GoPro H3 Controller ==========
2018-01-03 14:00:20,739 :: GoPro :: DEBUG :: Sleeping for 1 minutes
2018-01-03 14:07:08,553 :: GoPro :: INFO :: Wake up GoPro...
2018-01-03 14:07:18,589 :: GoPro :: INFO :: - Taking a photo
2018-01-03 14:07:18,604 :: GoPro :: ERROR :: Failed to send command to GoPro: HTTP Error 410: Gone
2018-01-03 14:07:28,617 :: GoPro :: INFO :: - Download media
2018-01-03 14:07:38,624 :: GoPro :: ERROR :: <urlopen error timed out>
2018-01-03 14:07:38,625 :: GoPro :: INFO :: - Sleep
2018-01-03 15:00:20,350 :: GoPro :: DEBUG :: ========== Starting GoPro H3 Controller ==========
2018-01-03 15:00:20,373 :: GoPro :: DEBUG :: Sleeping for 1 minutes
2018-01-03 15:07:08,691 :: GoPro :: INFO :: Wake up GoPro...
2018-01-03 15:07:18,727 :: GoPro :: INFO :: - Taking a photo
2018-01-03 15:07:18,745 :: GoPro :: ERROR :: Failed to send command to GoPro: HTTP Error 410: Gone
2018-01-03 15:07:28,758 :: GoPro :: INFO :: - Download media
2018-01-03 15:07:38,771 :: GoPro :: ERROR :: <urlopen error timed out>
2018-01-03 15:07:38,773 :: GoPro :: INFO :: - Sleep
2018-01-03 16:00:20,499 :: GoPro :: DEBUG :: ========== Starting GoPro H3 Controller ==========
2018-01-03 16:00:20,517 :: GoPro :: DEBUG :: Sleeping for 1 minutes
2018-01-03 16:07:09,335 :: GoPro :: INFO :: Wake up GoPro...
2018-01-03 16:07:19,384 :: GoPro :: INFO :: - Taking a photo
2018-01-03 16:07:19,403 :: GoPro :: ERROR :: Failed to send command to GoPro: HTTP Error 410: Gone
2018-01-03 16:07:29,425 :: GoPro :: INFO :: - Download media
2018-01-03 16:07:39,439 :: GoPro :: ERROR :: <urlopen error timed out>
2018-01-03 16:07:39,440 :: GoPro :: INFO :: - Sleep
2018-01-03 17:00:20,654 :: GoPro :: DEBUG :: ========== Starting GoPro H3 Controller ==========
2018-01-03 17:00:20,666 :: GoPro :: DEBUG :: Sleeping for 1 minutes
2018-01-03 17:07:09,986 :: GoPro :: INFO :: Wake up GoPro...
2018-01-03 17:07:20,027 :: GoPro :: INFO :: - Taking a photo
2018-01-03 17:07:20,041 :: GoPro :: ERROR :: Failed to send command to GoPro: HTTP Error 410: Gone
2018-01-03 17:07:30,055 :: GoPro :: INFO :: - Download media
2018-01-03 17:07:40,068 :: GoPro :: ERROR :: <urlopen error timed out>
2018-01-03 17:07:40,070 :: GoPro :: INFO :: - Sleep
2018-01-03 18:00:20,563 :: GoPro :: DEBUG :: ========== Starting GoPro H3 Controller ==========
2018-01-03 18:00:20,570 :: GoPro :: DEBUG :: Sleeping for 1 minutes
2018-01-03 18:07:10,385 :: GoPro :: INFO :: Wake up GoPro...
2018-01-03 18:07:20,421 :: GoPro :: INFO :: - Taking a photo
2018-01-03 18:07:20,439 :: GoPro :: ERROR :: Failed to send command to GoPro: HTTP Error 410: Gone
2018-01-03 18:07:30,452 :: GoPro :: INFO :: - Download media
2018-01-03 18:07:40,466 :: GoPro :: ERROR :: <urlopen error timed out>
2018-01-03 18:07:40,467 :: GoPro :: INFO :: - Sleep
2018-01-03 19:00:20,286 :: GoPro :: DEBUG :: ========== Starting GoPro H3 Controller ==========
2018-01-03 19:00:20,303 :: GoPro :: DEBUG :: Sleeping for 1 minutes
2018-01-03 19:07:10,628 :: GoPro :: INFO :: Wake up GoPro...
2018-01-03 19:07:20,682 :: GoPro :: INFO :: - Taking a photo
2018-01-03 19:07:20,697 :: GoPro :: ERROR :: Failed to send command to GoPro: HTTP Error 410: Gone
2018-01-03 19:07:30,710 :: GoPro :: INFO :: - Download media
2018-01-03 19:07:40,723 :: GoPro :: ERROR :: <urlopen error timed out>
2018-01-03 19:07:40,725 :: GoPro :: INFO :: - Sleep
2018-01-04 07:00:21,867 :: GoPro :: DEBUG :: ========== Starting GoPro H3 Controller ==========
2018-01-04 07:00:21,881 :: GoPro :: DEBUG :: Sleeping for 1 minutes
2018-01-04 07:07:12,670 :: GoPro :: INFO :: Wake up GoPro...
2018-01-04 07:07:22,706 :: GoPro :: INFO :: - Taking a photo
2018-01-04 07:07:22,720 :: GoPro :: ERROR :: Failed to send command to GoPro: HTTP Error 410: Gone
2018-01-04 07:07:32,738 :: GoPro :: INFO :: - Download media
2018-01-04 07:07:42,751 :: GoPro :: ERROR :: <urlopen error timed out>
2018-01-04 07:07:42,753 :: GoPro :: INFO :: - Sleep
2018-01-04 08:00:20,587 :: GoPro :: DEBUG :: ========== Starting GoPro H3 Controller ==========
2018-01-04 08:00:20,605 :: GoPro :: DEBUG :: Sleeping for 1 minutes
2018-01-04 08:07:11,893 :: GoPro :: INFO :: Wake up GoPro...
2018-01-04 08:07:21,929 :: GoPro :: INFO :: - Taking a photo
2018-01-04 08:07:21,943 :: GoPro :: ERROR :: Failed to send command to GoPro: HTTP Error 410: Gone
2018-01-04 08:07:31,956 :: GoPro :: INFO :: - Download media
2018-01-04 08:07:41,970 :: GoPro :: ERROR :: <urlopen error timed out>
2018-01-04 08:07:41,971 :: GoPro :: INFO :: - Sleep
2018-01-04 09:00:20,111 :: GoPro :: DEBUG :: ========== Starting GoPro H3 Controller ==========
2018-01-04 09:00:20,126 :: GoPro :: DEBUG :: Sleeping for 1 minutes
2018-01-04 09:07:11,921 :: GoPro :: INFO :: Wake up GoPro...
2018-01-04 09:07:21,957 :: GoPro :: INFO :: - Taking a photo
2018-01-04 09:07:21,971 :: GoPro :: ERROR :: Failed to send command to GoPro: HTTP Error 410: Gone
2018-01-04 09:07:31,984 :: GoPro :: INFO :: - Download media
2018-01-04 09:07:41,998 :: GoPro :: ERROR :: <urlopen error timed out>
2018-01-04 09:07:41,999 :: GoPro :: INFO :: - Sleep
2018-01-04 10:00:20,621 :: GoPro :: DEBUG :: ========== Starting GoPro H3 Controller ==========
2018-01-04 10:00:20,636 :: GoPro :: DEBUG :: Sleeping for 1 minutes
2018-01-04 10:07:12,925 :: GoPro :: INFO :: Wake up GoPro...
2018-01-04 10:07:22,961 :: GoPro :: INFO :: - Taking a photo
2018-01-04 10:07:22,976 :: GoPro :: ERROR :: Failed to send command to GoPro: HTTP Error 410: Gone
2018-01-04 10:07:32,989 :: GoPro :: INFO :: - Download media
2018-01-04 10:07:43,003 :: GoPro :: ERROR :: <urlopen error timed out>
2018-01-04 10:07:43,004 :: GoPro :: INFO :: - Sleep
2018-01-04 11:00:20,090 :: GoPro :: DEBUG :: ========== Starting GoPro H3 Controller ==========
2018-01-04 11:00:20,106 :: GoPro :: DEBUG :: Sleeping for 1 minutes
2018-01-04 11:07:12,891 :: GoPro :: INFO :: Wake up GoPro...
2018-01-04 11:07:22,926 :: GoPro :: INFO :: - Taking a photo
2018-01-04 11:07:22,941 :: GoPro :: ERROR :: Failed to send command to GoPro: HTTP Error 410: Gone
2018-01-04 11:07:32,959 :: GoPro :: INFO :: - Download media
2018-01-04 11:07:42,972 :: GoPro :: ERROR :: <urlopen error timed out>
2018-01-04 11:07:42,974 :: GoPro :: INFO :: - Sleep
2018-01-04 12:00:20,329 :: GoPro :: DEBUG :: ========== Starting GoPro H3 Controller ==========
2018-01-04 12:00:20,338 :: GoPro :: DEBUG :: Sleeping for 1 minutes
2018-01-04 12:07:13,621 :: GoPro :: INFO :: Wake up GoPro...
2018-01-04 12:07:23,659 :: GoPro :: INFO :: - Taking a photo
2018-01-04 12:07:23,688 :: GoPro :: ERROR :: Failed to send command to GoPro: HTTP Error 410: Gone
2018-01-04 12:07:33,701 :: GoPro :: INFO :: - Download media
2018-01-04 12:07:43,715 :: GoPro :: ERROR :: <urlopen error timed out>
2018-01-04 12:07:43,716 :: GoPro :: INFO :: - Sleep
2018-01-04 13:00:20,252 :: GoPro :: DEBUG :: ========== Starting GoPro H3 Controller ==========
2018-01-04 13:00:20,261 :: GoPro :: DEBUG :: Sleeping for 1 minutes
2018-01-04 13:07:14,048 :: GoPro :: INFO :: Wake up GoPro...
2018-01-04 13:07:24,089 :: GoPro :: INFO :: - Taking a photo
2018-01-04 13:07:24,104 :: GoPro :: ERROR :: Failed to send command to GoPro: HTTP Error 410: Gone
2018-01-04 13:07:34,117 :: GoPro :: INFO :: - Download media
2018-01-04 13:07:44,131 :: GoPro :: ERROR :: <urlopen error timed out>
2018-01-04 13:07:44,132 :: GoPro :: INFO :: - Sleep
2018-01-04 14:00:20,714 :: GoPro :: DEBUG :: ========== Starting GoPro H3 Controller ==========
2018-01-04 14:00:20,736 :: GoPro :: DEBUG :: Sleeping for 1 minutes
2018-01-04 14:07:15,022 :: GoPro :: INFO :: Wake up GoPro...
2018-01-04 14:07:25,070 :: GoPro :: INFO :: - Taking a photo
2018-01-04 14:07:25,088 :: GoPro :: ERROR :: Failed to send command to GoPro: HTTP Error 410: Gone
2018-01-04 14:07:35,102 :: GoPro :: INFO :: - Download media
2018-01-04 14:07:45,116 :: GoPro :: ERROR :: <urlopen error timed out>
2018-01-04 14:07:45,117 :: GoPro :: INFO :: - Sleep
2018-01-04 15:00:20,789 :: GoPro :: DEBUG :: ========== Starting GoPro H3 Controller ==========
2018-01-04 15:00:20,807 :: GoPro :: DEBUG :: Sleeping for 1 minutes
2018-01-04 15:07:15,549 :: GoPro :: INFO :: Wake up GoPro...
2018-01-04 15:07:25,587 :: GoPro :: INFO :: - Taking a photo
2018-01-04 15:07:25,602 :: GoPro :: ERROR :: Failed to send command to GoPro: HTTP Error 410: Gone
2018-01-04 15:07:35,616 :: GoPro :: INFO :: - Download media
2018-01-04 15:07:45,630 :: GoPro :: ERROR :: <urlopen error timed out>
2018-01-04 15:07:45,631 :: GoPro :: INFO :: - Sleep
2018-01-04 16:00:20,439 :: GoPro :: DEBUG :: ========== Starting GoPro H3 Controller ==========
2018-01-04 16:00:20,445 :: GoPro :: DEBUG :: Sleeping for 1 minutes
2018-01-04 16:07:15,747 :: GoPro :: INFO :: Wake up GoPro...
2018-01-04 16:07:25,782 :: GoPro :: INFO :: - Taking a photo
2018-01-04 16:07:25,797 :: GoPro :: ERROR :: Failed to send command to GoPro: HTTP Error 410: Gone
2018-01-04 16:07:35,810 :: GoPro :: INFO :: - Download media
2018-01-04 16:07:45,824 :: GoPro :: ERROR :: <urlopen error timed out>
2018-01-04 16:07:45,826 :: GoPro :: INFO :: - Sleep
2018-01-04 17:00:20,635 :: GoPro :: DEBUG :: ========== Starting GoPro H3 Controller ==========
2018-01-04 17:00:20,649 :: GoPro :: DEBUG :: Sleeping for 1 minutes
2018-01-04 17:07:16,445 :: GoPro :: INFO :: Wake up GoPro...
2018-01-04 17:07:26,482 :: GoPro :: INFO :: - Taking a photo
2018-01-04 17:07:26,496 :: GoPro :: ERROR :: Failed to send command to GoPro: HTTP Error 410: Gone
2018-01-04 17:07:36,509 :: GoPro :: INFO :: - Download media
2018-01-04 17:07:46,522 :: GoPro :: ERROR :: <urlopen error timed out>
2018-01-04 17:07:46,524 :: GoPro :: INFO :: - Sleep
2018-01-04 18:00:20,276 :: GoPro :: DEBUG :: ========== Starting GoPro H3 Controller ==========
2018-01-04 18:00:20,290 :: GoPro :: DEBUG :: Sleeping for 1 minutes
2018-01-04 18:07:16,575 :: GoPro :: INFO :: Wake up GoPro...
2018-01-04 18:07:26,615 :: GoPro :: INFO :: - Taking a photo
2018-01-04 18:07:26,630 :: GoPro :: ERROR :: Failed to send command to GoPro: HTTP Error 410: Gone
2018-01-04 18:07:36,643 :: GoPro :: INFO :: - Download media
2018-01-04 18:07:46,656 :: GoPro :: ERROR :: <urlopen error timed out>
2018-01-04 18:07:46,658 :: GoPro :: INFO :: - Sleep
2018-01-04 19:00:20,755 :: GoPro :: DEBUG :: ========== Starting GoPro H3 Controller ==========
2018-01-04 19:00:20,767 :: GoPro :: DEBUG :: Sleeping for 1 minutes
2018-01-04 19:07:17,562 :: GoPro :: INFO :: Wake up GoPro...
2018-01-04 19:07:27,633 :: GoPro :: INFO :: - Taking a photo
2018-01-04 19:07:27,650 :: GoPro :: ERROR :: Failed to send command to GoPro: HTTP Error 410: Gone
2018-01-04 19:07:37,663 :: GoPro :: INFO :: - Download media
2018-01-04 19:07:47,677 :: GoPro :: ERROR :: <urlopen error timed out>
2018-01-04 19:07:47,678 :: GoPro :: INFO :: - Sleep
2018-01-05 07:00:22,219 :: GoPro :: DEBUG :: ========== Starting GoPro H3 Controller ==========
2018-01-05 07:00:22,246 :: GoPro :: DEBUG :: Sleeping for 1 minutes
2018-01-05 07:07:19,504 :: GoPro :: INFO :: Wake up GoPro...
2018-01-05 07:07:29,540 :: GoPro :: INFO :: - Taking a photo
2018-01-05 07:07:29,556 :: GoPro :: ERROR :: Failed to send command to GoPro: HTTP Error 410: Gone
2018-01-05 07:07:39,569 :: GoPro :: INFO :: - Download media
2018-01-05 07:07:49,583 :: GoPro :: ERROR :: <urlopen error timed out>
2018-01-05 07:07:49,584 :: GoPro :: INFO :: - Sleep
2018-01-05 08:00:20,413 :: GoPro :: DEBUG :: ========== Starting GoPro H3 Controller ==========
2018-01-05 08:00:20,430 :: GoPro :: DEBUG :: Sleeping for 1 minutes
2018-01-05 08:07:18,193 :: GoPro :: INFO :: Wake up GoPro...
2018-01-05 08:07:28,238 :: GoPro :: INFO :: - Taking a photo
2018-01-05 08:07:28,252 :: GoPro :: ERROR :: Failed to send command to GoPro: HTTP Error 410: Gone
2018-01-05 08:07:38,265 :: GoPro :: INFO :: - Download media
2018-01-05 08:07:48,279 :: GoPro :: ERROR :: <urlopen error timed out>
2018-01-05 08:07:48,281 :: GoPro :: INFO :: - Sleep
2018-01-05 09:00:20,354 :: GoPro :: DEBUG :: ========== Starting GoPro H3 Controller ==========
2018-01-05 09:00:20,366 :: GoPro :: DEBUG :: Sleeping for 1 minutes
2018-01-05 09:07:18,618 :: GoPro :: INFO :: Wake up GoPro...
2018-01-05 09:07:28,653 :: GoPro :: INFO :: - Taking a photo
2018-01-05 09:07:28,668 :: GoPro :: ERROR :: Failed to send command to GoPro: HTTP Error 410: Gone
2018-01-05 09:07:38,682 :: GoPro :: INFO :: - Download media
2018-01-05 09:07:48,695 :: GoPro :: ERROR :: <urlopen error timed out>
2018-01-05 09:07:48,697 :: GoPro :: INFO :: - Sleep
2018-01-05 10:00:20,644 :: GoPro :: DEBUG :: ========== Starting GoPro H3 Controller ==========
2018-01-05 10:00:20,666 :: GoPro :: DEBUG :: Sleeping for 1 minutes
2018-01-05 10:07:19,436 :: GoPro :: INFO :: Wake up GoPro...
2018-01-05 10:07:29,472 :: GoPro :: INFO :: - Taking a photo
2018-01-05 10:07:29,490 :: GoPro :: ERROR :: Failed to send command to GoPro: HTTP Error 410: Gone
2018-01-05 10:07:39,503 :: GoPro :: INFO :: - Download media
2018-01-05 10:07:49,517 :: GoPro :: ERROR :: <urlopen error timed out>
2018-01-05 10:07:49,518 :: GoPro :: INFO :: - Sleep
2018-01-05 11:00:20,612 :: GoPro :: DEBUG :: ========== Starting GoPro H3 Controller ==========
2018-01-05 11:00:20,628 :: GoPro :: DEBUG :: Sleeping for 1 minutes
2018-01-05 11:07:19,906 :: GoPro :: INFO :: Wake up GoPro...
2018-01-05 11:07:29,948 :: GoPro :: INFO :: - Taking a photo
2018-01-05 11:07:29,963 :: GoPro :: ERROR :: Failed to send command to GoPro: HTTP Error 410: Gone
2018-01-05 11:07:39,976 :: GoPro :: INFO :: - Download media
2018-01-05 11:07:49,989 :: GoPro :: ERROR :: <urlopen error timed out>
2018-01-05 11:07:49,991 :: GoPro :: INFO :: - Sleep
2018-01-05 12:00:20,734 :: GoPro :: DEBUG :: ========== Starting GoPro H3 Controller ==========
2018-01-05 12:00:20,797 :: GoPro :: DEBUG :: Sleeping for 1 minutes
2018-01-05 12:07:20,560 :: GoPro :: INFO :: Wake up GoPro...
2018-01-05 12:07:30,596 :: GoPro :: INFO :: - Taking a photo
2018-01-05 12:07:30,610 :: GoPro :: ERROR :: Failed to send command to GoPro: HTTP Error 410: Gone
2018-01-05 12:07:40,623 :: GoPro :: INFO :: - Download media
2018-01-05 12:07:50,637 :: GoPro :: ERROR :: <urlopen error timed out>
2018-01-05 12:07:50,638 :: GoPro :: INFO :: - Sleep
2018-01-05 13:00:20,130 :: GoPro :: DEBUG :: ========== Starting GoPro H3 Controller ==========
2018-01-05 13:00:20,140 :: GoPro :: DEBUG :: Sleeping for 1 minutes
2018-01-05 13:07:20,417 :: GoPro :: INFO :: Wake up GoPro...
2018-01-05 13:07:30,454 :: GoPro :: INFO :: - Taking a photo
2018-01-05 13:07:30,468 :: GoPro :: ERROR :: Failed to send command to GoPro: HTTP Error 410: Gone
2018-01-05 13:07:40,481 :: GoPro :: INFO :: - Download media
2018-01-05 13:07:50,494 :: GoPro :: ERROR :: <urlopen error timed out>
2018-01-05 13:07:50,496 :: GoPro :: INFO :: - Sleep
2018-01-05 14:00:20,419 :: GoPro :: DEBUG :: ========== Starting GoPro H3 Controller ==========
2018-01-05 14:00:20,442 :: GoPro :: DEBUG :: Sleeping for 1 minutes
2018-01-05 14:07:21,210 :: GoPro :: INFO :: Wake up GoPro...
2018-01-05 14:07:31,246 :: GoPro :: INFO :: - Taking a photo
2018-01-05 14:07:31,260 :: GoPro :: ERROR :: Failed to send command to GoPro: HTTP Error 410: Gone
2018-01-05 14:07:41,273 :: GoPro :: INFO :: - Download media
2018-01-05 14:07:51,287 :: GoPro :: ERROR :: <urlopen error timed out>
2018-01-05 14:07:51,288 :: GoPro :: INFO :: - Sleep
2018-01-05 15:00:20,254 :: GoPro :: DEBUG :: ========== Starting GoPro H3 Controller ==========
2018-01-05 15:00:20,269 :: GoPro :: DEBUG :: Sleeping for 1 minutes
2018-01-05 15:07:21,540 :: GoPro :: INFO :: Wake up GoPro...
2018-01-05 15:07:31,577 :: GoPro :: INFO :: - Taking a photo
2018-01-05 15:07:31,591 :: GoPro :: ERROR :: Failed to send command to GoPro: HTTP Error 410: Gone
2018-01-05 15:07:41,604 :: GoPro :: INFO :: - Download media
2018-01-05 15:07:51,618 :: GoPro :: ERROR :: <urlopen error timed out>
2018-01-05 15:07:51,619 :: GoPro :: INFO :: - Sleep
2018-01-05 16:00:21,195 :: GoPro :: DEBUG :: ========== Starting GoPro H3 Controller ==========
2018-01-05 16:00:21,213 :: GoPro :: DEBUG :: Sleeping for 1 minutes
2018-01-05 16:07:22,978 :: GoPro :: INFO :: Wake up GoPro...
2018-01-05 16:07:33,015 :: GoPro :: INFO :: - Taking a photo
2018-01-05 16:07:33,031 :: GoPro :: ERROR :: Failed to send command to GoPro: HTTP Error 410: Gone
2018-01-05 16:07:43,044 :: GoPro :: INFO :: - Download media
2018-01-05 16:07:53,058 :: GoPro :: ERROR :: <urlopen error timed out>
2018-01-05 16:07:53,059 :: GoPro :: INFO :: - Sleep
2018-01-05 17:00:20,564 :: GoPro :: DEBUG :: ========== Starting GoPro H3 Controller ==========
2018-01-05 17:00:20,582 :: GoPro :: DEBUG :: Sleeping for 1 minutes
2018-01-05 17:07:22,865 :: GoPro :: INFO :: Wake up GoPro...
2018-01-05 17:07:32,906 :: GoPro :: INFO :: - Taking a photo
2018-01-05 17:07:32,921 :: GoPro :: ERROR :: Failed to send command to GoPro: HTTP Error 410: Gone
2018-01-05 17:07:42,934 :: GoPro :: INFO :: - Download media
2018-01-05 17:07:52,948 :: GoPro :: ERROR :: <urlopen error timed out>
2018-01-05 17:07:52,949 :: GoPro :: INFO :: - Sleep
2018-01-05 18:00:20,086 :: GoPro :: DEBUG :: ========== Starting GoPro H3 Controller ==========
2018-01-05 18:00:20,110 :: GoPro :: DEBUG :: Sleeping for 1 minutes
2018-01-05 18:07:22,884 :: GoPro :: INFO :: Wake up GoPro...
2018-01-05 18:07:32,921 :: GoPro :: INFO :: - Taking a photo
2018-01-05 18:07:32,936 :: GoPro :: ERROR :: Failed to send command to GoPro: HTTP Error 410: Gone
2018-01-05 18:07:42,949 :: GoPro :: INFO :: - Download media
2018-01-05 18:07:52,962 :: GoPro :: ERROR :: <urlopen error timed out>
2018-01-05 18:07:52,964 :: GoPro :: INFO :: - Sleep
2018-01-05 19:00:20,374 :: GoPro :: DEBUG :: ========== Starting GoPro H3 Controller ==========
2018-01-05 19:00:20,392 :: GoPro :: DEBUG :: Sleeping for 1 minutes
2018-01-05 19:07:23,685 :: GoPro :: INFO :: Wake up GoPro...
2018-01-05 19:07:33,725 :: GoPro :: INFO :: - Taking a photo
2018-01-05 19:07:33,741 :: GoPro :: ERROR :: Failed to send command to GoPro: HTTP Error 410: Gone
2018-01-05 19:07:43,754 :: GoPro :: INFO :: - Download media
2018-01-05 19:07:53,768 :: GoPro :: ERROR :: <urlopen error timed out>
2018-01-05 19:07:53,769 :: GoPro :: INFO :: - Sleep
2018-01-06 07:00:22,227 :: GoPro :: DEBUG :: ========== Starting GoPro H3 Controller ==========
2018-01-06 07:00:22,238 :: GoPro :: DEBUG :: Sleeping for 1 minutes
2018-01-06 07:07:26,036 :: GoPro :: INFO :: Wake up GoPro...
2018-01-06 07:07:36,072 :: GoPro :: INFO :: - Taking a photo
2018-01-06 07:07:36,086 :: GoPro :: ERROR :: Failed to send command to GoPro: HTTP Error 410: Gone
2018-01-06 07:07:46,100 :: GoPro :: INFO :: - Download media
2018-01-06 07:07:56,114 :: GoPro :: ERROR :: <urlopen error timed out>
2018-01-06 07:07:56,115 :: GoPro :: INFO :: - Sleep
2018-01-06 08:00:20,323 :: GoPro :: DEBUG :: ========== Starting GoPro H3 Controller ==========
2018-01-06 08:00:20,341 :: GoPro :: DEBUG :: Sleeping for 1 minutes
2018-01-06 08:07:24,580 :: GoPro :: INFO :: Wake up GoPro...
2018-01-06 08:07:34,616 :: GoPro :: INFO :: - Taking a photo
2018-01-06 08:07:34,630 :: GoPro :: ERROR :: Failed to send command to GoPro: HTTP Error 410: Gone
2018-01-06 08:07:44,644 :: GoPro :: INFO :: - Download media
2018-01-06 08:07:54,657 :: GoPro :: ERROR :: <urlopen error timed out>
2018-01-06 08:07:54,659 :: GoPro :: INFO :: - Sleep
2018-01-06 09:00:20,208 :: GoPro :: DEBUG :: ========== Starting GoPro H3 Controller ==========
2018-01-06 09:00:20,222 :: GoPro :: DEBUG :: Sleeping for 1 minutes
2018-01-06 09:07:24,964 :: GoPro :: INFO :: Wake up GoPro...
2018-01-06 09:07:35,000 :: GoPro :: INFO :: - Taking a photo
2018-01-06 09:07:35,016 :: GoPro :: ERROR :: Failed to send command to GoPro: HTTP Error 410: Gone
2018-01-06 09:07:45,029 :: GoPro :: INFO :: - Download media
2018-01-06 09:07:55,043 :: GoPro :: ERROR :: <urlopen error timed out>
2018-01-06 09:07:55,044 :: GoPro :: INFO :: - Sleep
2018-01-06 10:00:20,644 :: GoPro :: DEBUG :: ========== Starting GoPro H3 Controller ==========
2018-01-06 10:00:20,659 :: GoPro :: DEBUG :: Sleeping for 1 minutes
2018-01-06 10:07:25,895 :: GoPro :: INFO :: Wake up GoPro...
2018-01-06 10:07:35,938 :: GoPro :: INFO :: - Taking a photo
2018-01-06 10:07:35,953 :: GoPro :: ERROR :: Failed to send command to GoPro: HTTP Error 410: Gone
2018-01-06 10:07:45,967 :: GoPro :: INFO :: - Download media
2018-01-06 10:07:55,980 :: GoPro :: ERROR :: <urlopen error timed out>
2018-01-06 10:07:55,982 :: GoPro :: INFO :: - Sleep
2018-01-06 11:00:20,258 :: GoPro :: DEBUG :: ========== Starting GoPro H3 Controller ==========
2018-01-06 11:00:20,276 :: GoPro :: DEBUG :: Sleeping for 1 minutes
2018-01-06 11:07:26,018 :: GoPro :: INFO :: Wake up GoPro...
2018-01-06 11:07:36,054 :: GoPro :: INFO :: - Taking a photo
2018-01-06 11:07:36,068 :: GoPro :: ERROR :: Failed to send command to GoPro: HTTP Error 410: Gone
2018-01-06 11:07:46,081 :: GoPro :: INFO :: - Download media
2018-01-06 11:07:56,095 :: GoPro :: ERROR :: <urlopen error timed out>
2018-01-06 11:07:56,096 :: GoPro :: INFO :: - Sleep
2018-01-06 12:00:20,521 :: GoPro :: DEBUG :: ========== Starting GoPro H3 Controller ==========
2018-01-06 12:00:20,541 :: GoPro :: DEBUG :: Sleeping for 1 minutes
2018-01-06 12:07:26,791 :: GoPro :: INFO :: Wake up GoPro...
2018-01-06 12:07:36,882 :: GoPro :: INFO :: - Taking a photo
2018-01-06 12:07:36,904 :: GoPro :: ERROR :: Failed to send command to GoPro: HTTP Error 410: Gone
2018-01-06 12:07:46,917 :: GoPro :: INFO :: - Download media
2018-01-06 12:07:56,930 :: GoPro :: ERROR :: <urlopen error timed out>
2018-01-06 12:07:56,932 :: GoPro :: INFO :: - Sleep
2018-01-06 13:00:20,342 :: GoPro :: DEBUG :: ========== Starting GoPro H3 Controller ==========
2018-01-06 13:00:20,348 :: GoPro :: DEBUG :: Sleeping for 1 minutes
2018-01-06 13:07:27,096 :: GoPro :: INFO :: Wake up GoPro...
2018-01-06 13:07:37,136 :: GoPro :: INFO :: - Taking a photo
2018-01-06 13:07:37,151 :: GoPro :: ERROR :: Failed to send command to GoPro: HTTP Error 410: Gone
2018-01-06 13:07:47,164 :: GoPro :: INFO :: - Download media
2018-01-06 13:07:57,178 :: GoPro :: ERROR :: <urlopen error timed out>
2018-01-06 13:07:57,179 :: GoPro :: INFO :: - Sleep
2018-01-06 14:00:20,433 :: GoPro :: DEBUG :: ========== Starting GoPro H3 Controller ==========
2018-01-06 14:00:20,471 :: GoPro :: DEBUG :: Sleeping for 1 minutes
2018-01-06 14:07:27,708 :: GoPro :: INFO :: Wake up GoPro...
2018-01-06 14:07:37,744 :: GoPro :: INFO :: - Taking a photo
2018-01-06 14:07:37,759 :: GoPro :: ERROR :: Failed to send command to GoPro: HTTP Error 410: Gone
2018-01-06 14:07:47,772 :: GoPro :: INFO :: - Download media
2018-01-06 14:07:57,785 :: GoPro :: ERROR :: <urlopen error timed out>
2018-01-06 14:07:57,787 :: GoPro :: INFO :: - Sleep
2018-01-06 15:00:20,564 :: GoPro :: DEBUG :: ========== Starting GoPro H3 Controller ==========
2018-01-06 15:00:20,580 :: GoPro :: DEBUG :: Sleeping for 1 minutes
2018-01-06 15:07:28,321 :: GoPro :: INFO :: Wake up GoPro...
2018-01-06 15:07:38,365 :: GoPro :: INFO :: - Taking a photo
2018-01-06 15:07:38,380 :: GoPro :: ERROR :: Failed to send command to GoPro: HTTP Error 410: Gone
2018-01-06 15:07:48,402 :: GoPro :: INFO :: - Download media
2018-01-06 15:07:58,416 :: GoPro :: ERROR :: <urlopen error timed out>
2018-01-06 15:07:58,417 :: GoPro :: INFO :: - Sleep
2018-01-06 16:00:20,212 :: GoPro :: DEBUG :: ========== Starting GoPro H3 Controller ==========
2018-01-06 16:00:20,233 :: GoPro :: DEBUG :: Sleeping for 1 minutes
2018-01-06 16:07:28,523 :: GoPro :: INFO :: Wake up GoPro...
2018-01-06 16:07:38,569 :: GoPro :: INFO :: - Taking a photo
2018-01-06 16:07:38,583 :: GoPro :: ERROR :: Failed to send command to GoPro: HTTP Error 410: Gone
2018-01-06 16:07:48,606 :: GoPro :: INFO :: - Download media
2018-01-06 16:07:58,619 :: GoPro :: ERROR :: <urlopen error timed out>
2018-01-06 16:07:58,621 :: GoPro :: INFO :: - Sleep
2018-01-06 17:00:20,113 :: GoPro :: DEBUG :: ========== Starting GoPro H3 Controller ==========
2018-01-06 17:00:20,135 :: GoPro :: DEBUG :: Sleeping for 1 minutes
2018-01-06 17:07:28,897 :: GoPro :: INFO :: Wake up GoPro...
2018-01-06 17:07:38,933 :: GoPro :: INFO :: - Taking a photo
2018-01-06 17:07:38,947 :: GoPro :: ERROR :: Failed to send command to GoPro: HTTP Error 410: Gone
2018-01-06 17:07:48,960 :: GoPro :: INFO :: - Download media
2018-01-06 17:07:58,974 :: GoPro :: ERROR :: <urlopen error timed out>
2018-01-06 17:07:58,976 :: GoPro :: INFO :: - Sleep
2018-01-06 18:00:20,709 :: GoPro :: DEBUG :: ========== Starting GoPro H3 Controller ==========
2018-01-06 18:00:20,729 :: GoPro :: DEBUG :: Sleeping for 1 minutes
2018-01-06 18:07:29,993 :: GoPro :: INFO :: Wake up GoPro...
2018-01-06 18:07:40,031 :: GoPro :: INFO :: - Taking a photo
2018-01-06 18:07:40,045 :: GoPro :: ERROR :: Failed to send command to GoPro: HTTP Error 410: Gone
2018-01-06 18:07:50,059 :: GoPro :: INFO :: - Download media
2018-01-06 18:08:00,072 :: GoPro :: ERROR :: <urlopen error timed out>
2018-01-06 18:08:00,074 :: GoPro :: INFO :: - Sleep
2018-01-06 19:00:20,436 :: GoPro :: DEBUG :: ========== Starting GoPro H3 Controller ==========
2018-01-06 19:00:20,452 :: GoPro :: DEBUG :: Sleeping for 1 minutes
2018-01-06 19:07:30,212 :: GoPro :: INFO :: Wake up GoPro...
2018-01-06 19:07:40,247 :: GoPro :: INFO :: - Taking a photo
2018-01-06 19:07:40,263 :: GoPro :: ERROR :: Failed to send command to GoPro: HTTP Error 410: Gone
2018-01-06 19:07:50,277 :: GoPro :: INFO :: - Download media
2018-01-06 19:08:00,290 :: GoPro :: ERROR :: <urlopen error timed out>
2018-01-06 19:08:00,292 :: GoPro :: INFO :: - Sleep
2018-01-07 07:00:22,198 :: GoPro :: DEBUG :: ========== Starting GoPro H3 Controller ==========
2018-01-07 07:00:22,229 :: GoPro :: DEBUG :: Sleeping for 1 minutes
2018-01-07 07:07:32,457 :: GoPro :: INFO :: Wake up GoPro...
2018-01-07 07:07:42,495 :: GoPro :: INFO :: - Taking a photo
2018-01-07 07:07:42,514 :: GoPro :: ERROR :: Failed to send command to GoPro: HTTP Error 410: Gone
2018-01-07 07:07:52,536 :: GoPro :: INFO :: - Download media
2018-01-07 07:08:02,549 :: GoPro :: ERROR :: <urlopen error timed out>
2018-01-07 07:08:02,551 :: GoPro :: INFO :: - Sleep
2018-01-07 08:00:20,298 :: GoPro :: DEBUG :: ========== Starting GoPro H3 Controller ==========
2018-01-07 08:00:20,322 :: GoPro :: DEBUG :: Sleeping for 1 minutes
2018-01-07 08:07:31,058 :: GoPro :: INFO :: Wake up GoPro...
2018-01-07 08:07:41,095 :: GoPro :: INFO :: - Taking a photo
2018-01-07 08:07:41,109 :: GoPro :: ERROR :: Failed to send command to GoPro: HTTP Error 410: Gone
2018-01-07 08:07:51,122 :: GoPro :: INFO :: - Download media
2018-01-07 08:08:01,136 :: GoPro :: ERROR :: <urlopen error timed out>
2018-01-07 08:08:01,137 :: GoPro :: INFO :: - Sleep
2018-01-07 09:00:20,646 :: GoPro :: DEBUG :: ========== Starting GoPro H3 Controller ==========
2018-01-07 09:00:20,655 :: GoPro :: DEBUG :: Sleeping for 1 minutes
2018-01-07 09:07:31,901 :: GoPro :: INFO :: Wake up GoPro...
2018-01-07 09:07:41,937 :: GoPro :: INFO :: - Taking a photo
2018-01-07 09:07:41,951 :: GoPro :: ERROR :: Failed to send command to GoPro: HTTP Error 410: Gone
2018-01-07 09:07:51,965 :: GoPro :: INFO :: - Download media
2018-01-07 09:08:01,977 :: GoPro :: ERROR :: <urlopen error timed out>
2018-01-07 09:08:01,979 :: GoPro :: INFO :: - Sleep
2018-01-07 10:00:20,162 :: GoPro :: DEBUG :: ========== Starting GoPro H3 Controller ==========
2018-01-07 10:00:20,178 :: GoPro :: DEBUG :: Sleeping for 1 minutes
2018-01-07 10:07:31,911 :: GoPro :: INFO :: Wake up GoPro...
2018-01-07 10:07:41,946 :: GoPro :: INFO :: - Taking a photo
2018-01-07 10:07:41,964 :: GoPro :: ERROR :: Failed to send command to GoPro: HTTP Error 410: Gone
2018-01-07 10:07:51,977 :: GoPro :: INFO :: - Download media
2018-01-07 10:08:01,990 :: GoPro :: ERROR :: <urlopen error timed out>
2018-01-07 10:08:01,992 :: GoPro :: INFO :: - Sleep
2018-01-07 11:00:20,520 :: GoPro :: DEBUG :: ========== Starting GoPro H3 Controller ==========
2018-01-07 11:00:20,531 :: GoPro :: DEBUG :: Sleeping for 1 minutes
2018-01-07 11:07:32,759 :: GoPro :: INFO :: Wake up GoPro...
2018-01-07 11:07:42,795 :: GoPro :: INFO :: - Taking a photo
2018-01-07 11:07:42,809 :: GoPro :: ERROR :: Failed to send command to GoPro: HTTP Error 410: Gone
2018-01-07 11:07:52,823 :: GoPro :: INFO :: - Download media
2018-01-07 11:08:02,836 :: GoPro :: ERROR :: <urlopen error timed out>
2018-01-07 11:08:02,838 :: GoPro :: INFO :: - Sleep
2018-01-07 12:00:20,771 :: GoPro :: DEBUG :: ========== Starting GoPro H3 Controller ==========
2018-01-07 12:00:20,795 :: GoPro :: DEBUG :: Sleeping for 1 minutes
2018-01-07 12:07:33,526 :: GoPro :: INFO :: Wake up GoPro...
2018-01-07 12:07:43,564 :: GoPro :: INFO :: - Taking a photo
2018-01-07 12:07:43,580 :: GoPro :: ERROR :: Failed to send command to GoPro: HTTP Error 410: Gone
2018-01-07 12:07:53,597 :: GoPro :: INFO :: - Download media
2018-01-07 12:08:03,608 :: GoPro :: ERROR :: <urlopen error timed out>
2018-01-07 12:08:03,609 :: GoPro :: INFO :: - Sleep
2018-01-07 13:00:20,573 :: GoPro :: DEBUG :: ========== Starting GoPro H3 Controller ==========
2018-01-07 13:00:20,592 :: GoPro :: DEBUG :: Sleeping for 1 minutes
2018-01-07 13:07:33,832 :: GoPro :: INFO :: Wake up GoPro...
2018-01-07 13:07:43,873 :: GoPro :: INFO :: - Taking a photo
2018-01-07 13:07:43,895 :: GoPro :: ERROR :: Failed to send command to GoPro: HTTP Error 410: Gone
2018-01-07 13:07:53,908 :: GoPro :: INFO :: - Download media
2018-01-07 13:08:03,921 :: GoPro :: ERROR :: <urlopen error timed out>
2018-01-07 13:08:03,923 :: GoPro :: INFO :: - Sleep
2018-01-07 14:00:20,633 :: GoPro :: DEBUG :: ========== Starting GoPro H3 Controller ==========
2018-01-07 14:00:20,645 :: GoPro :: DEBUG :: Sleeping for 1 minutes
2018-01-07 14:07:34,379 :: GoPro :: INFO :: Wake up GoPro...
2018-01-07 14:07:44,425 :: GoPro :: INFO :: - Taking a photo
2018-01-07 14:07:44,440 :: GoPro :: ERROR :: Failed to send command to GoPro: HTTP Error 410: Gone
2018-01-07 14:07:54,454 :: GoPro :: INFO :: - Download media
2018-01-07 14:08:04,467 :: GoPro :: ERROR :: <urlopen error timed out>
2018-01-07 14:08:04,469 :: GoPro :: INFO :: - Sleep
2018-01-07 15:00:20,380 :: GoPro :: DEBUG :: ========== Starting GoPro H3 Controller ==========
2018-01-07 15:00:20,401 :: GoPro :: DEBUG :: Sleeping for 1 minutes
2018-01-07 15:07:34,628 :: GoPro :: INFO :: Wake up GoPro...
2018-01-07 15:07:44,668 :: GoPro :: INFO :: - Taking a photo
2018-01-07 15:07:44,682 :: GoPro :: ERROR :: Failed to send command to GoPro: HTTP Error 410: Gone
2018-01-07 15:07:54,695 :: GoPro :: INFO :: - Download media
2018-01-07 15:08:04,708 :: GoPro :: ERROR :: <urlopen error timed out>
2018-01-07 15:08:04,710 :: GoPro :: INFO :: - Sleep
2018-01-07 16:00:20,377 :: GoPro :: DEBUG :: ========== Starting GoPro H3 Controller ==========
2018-01-07 16:00:20,392 :: GoPro :: DEBUG :: Sleeping for 1 minutes
2018-01-07 16:07:35,118 :: GoPro :: INFO :: Wake up GoPro...
2018-01-07 16:07:45,155 :: GoPro :: INFO :: - Taking a photo
2018-01-07 16:07:45,169 :: GoPro :: ERROR :: Failed to send command to GoPro: HTTP Error 410: Gone
2018-01-07 16:07:55,182 :: GoPro :: INFO :: - Download media
2018-01-07 16:08:05,195 :: GoPro :: ERROR :: <urlopen error timed out>
2018-01-07 16:08:05,197 :: GoPro :: INFO :: - Sleep
2018-01-07 17:00:20,680 :: GoPro :: DEBUG :: ========== Starting GoPro H3 Controller ==========
2018-01-07 17:00:20,705 :: GoPro :: DEBUG :: Sleeping for 1 minutes
2018-01-07 17:07:35,932 :: GoPro :: INFO :: Wake up GoPro...
2018-01-07 17:07:46,049 :: GoPro :: INFO :: - Taking a photo
2018-01-07 17:07:46,106 :: GoPro :: ERROR :: Failed to send command to GoPro: HTTP Error 410: Gone
2018-01-07 17:07:56,120 :: GoPro :: INFO :: - Download media
2018-01-07 17:08:06,133 :: GoPro :: ERROR :: <urlopen error timed out>
2018-01-07 17:08:06,135 :: GoPro :: INFO :: - Sleep
2018-01-07 18:00:20,174 :: GoPro :: DEBUG :: ========== Starting GoPro H3 Controller ==========
2018-01-07 18:00:20,190 :: GoPro :: DEBUG :: Sleeping for 1 minutes
2018-01-07 18:07:35,920 :: GoPro :: INFO :: Wake up GoPro...
2018-01-07 18:07:45,956 :: GoPro :: INFO :: - Taking a photo
2018-01-07 18:07:45,973 :: GoPro :: ERROR :: Failed to send command to GoPro: HTTP Error 410: Gone
2018-01-07 18:07:55,986 :: GoPro :: INFO :: - Download media
2018-01-07 18:08:05,999 :: GoPro :: ERROR :: <urlopen error timed out>
2018-01-07 18:08:06,001 :: GoPro :: INFO :: - Sleep
2018-01-07 19:00:21,040 :: GoPro :: DEBUG :: ========== Starting GoPro H3 Controller ==========
2018-01-07 19:00:21,055 :: GoPro :: DEBUG :: Sleeping for 1 minutes
2018-01-07 19:07:37,284 :: GoPro :: INFO :: Wake up GoPro...
2018-01-07 19:07:47,325 :: GoPro :: INFO :: - Taking a photo
2018-01-07 19:07:47,342 :: GoPro :: ERROR :: Failed to send command to GoPro: HTTP Error 410: Gone
2018-01-07 19:07:57,356 :: GoPro :: INFO :: - Download media
2018-01-07 19:08:07,369 :: GoPro :: ERROR :: <urlopen error timed out>
2018-01-07 19:08:07,371 :: GoPro :: INFO :: - Sleep
2018-01-08 07:00:22,821 :: GoPro :: DEBUG :: ========== Starting GoPro H3 Controller ==========
2018-01-08 07:00:22,868 :: GoPro :: DEBUG :: Sleeping for 1 minutes
2018-01-08 07:07:39,573 :: GoPro :: INFO :: Wake up GoPro...
2018-01-08 07:07:49,607 :: GoPro :: INFO :: - Taking a photo
2018-01-08 07:07:49,621 :: GoPro :: ERROR :: Failed to send command to GoPro: HTTP Error 410: Gone
2018-01-08 07:07:59,634 :: GoPro :: INFO :: - Download media
2018-01-08 07:08:09,647 :: GoPro :: ERROR :: <urlopen error timed out>
2018-01-08 07:08:09,649 :: GoPro :: INFO :: - Sleep
2018-01-08 08:00:20,354 :: GoPro :: DEBUG :: ========== Starting GoPro H3 Controller ==========
2018-01-08 08:00:20,359 :: GoPro :: DEBUG :: Sleeping for 1 minutes
2018-01-08 08:07:37,553 :: GoPro :: INFO :: Wake up GoPro...
2018-01-08 08:07:47,589 :: GoPro :: INFO :: - Taking a photo
2018-01-08 08:07:47,607 :: GoPro :: ERROR :: Failed to send command to GoPro: HTTP Error 410: Gone
2018-01-08 08:07:57,620 :: GoPro :: INFO :: - Download media
2018-01-08 08:08:07,634 :: GoPro :: ERROR :: <urlopen error timed out>
2018-01-08 08:08:07,635 :: GoPro :: INFO :: - Sleep
2018-01-08 09:00:20,668 :: GoPro :: DEBUG :: ========== Starting GoPro H3 Controller ==========
2018-01-08 09:00:20,681 :: GoPro :: DEBUG :: Sleeping for 1 minutes
2018-01-08 09:07:38,376 :: GoPro :: INFO :: Wake up GoPro...
2018-01-08 09:07:48,412 :: GoPro :: INFO :: - Taking a photo
2018-01-08 09:07:48,427 :: GoPro :: ERROR :: Failed to send command to GoPro: HTTP Error 410: Gone
2018-01-08 09:07:58,440 :: GoPro :: INFO :: - Download media
2018-01-08 09:08:08,454 :: GoPro :: ERROR :: <urlopen error timed out>
2018-01-08 09:08:08,456 :: GoPro :: INFO :: - Sleep
2018-01-08 10:00:20,160 :: GoPro :: DEBUG :: ========== Starting GoPro H3 Controller ==========
2018-01-08 10:00:20,175 :: GoPro :: DEBUG :: Sleeping for 1 minutes
2018-01-08 10:07:38,367 :: GoPro :: INFO :: Wake up GoPro...
2018-01-08 10:07:48,403 :: GoPro :: INFO :: - Taking a photo
2018-01-08 10:07:48,418 :: GoPro :: ERROR :: Failed to send command to GoPro: HTTP Error 410: Gone
2018-01-08 10:07:58,435 :: GoPro :: INFO :: - Download media
2018-01-08 10:08:08,449 :: GoPro :: ERROR :: <urlopen error timed out>
2018-01-08 10:08:08,450 :: GoPro :: INFO :: - Sleep
2018-01-08 11:00:20,541 :: GoPro :: DEBUG :: ========== Starting GoPro H3 Controller ==========
2018-01-08 11:00:20,557 :: GoPro :: DEBUG :: Sleeping for 1 minutes
2018-01-08 11:07:39,250 :: GoPro :: INFO :: Wake up GoPro...
2018-01-08 11:07:49,288 :: GoPro :: INFO :: - Taking a photo
2018-01-08 11:07:49,303 :: GoPro :: ERROR :: Failed to send command to GoPro: HTTP Error 410: Gone
2018-01-08 11:07:59,316 :: GoPro :: INFO :: - Download media
2018-01-08 11:08:09,325 :: GoPro :: ERROR :: <urlopen error timed out>
2018-01-08 11:08:09,327 :: GoPro :: INFO :: - Sleep
2018-01-08 12:00:20,338 :: GoPro :: DEBUG :: ========== Starting GoPro H3 Controller ==========
2018-01-08 12:00:20,357 :: GoPro :: DEBUG :: Sleeping for 1 minutes
2018-01-08 12:07:39,548 :: GoPro :: INFO :: Wake up GoPro...
2018-01-08 12:07:49,583 :: GoPro :: INFO :: - Taking a photo
2018-01-08 12:07:49,598 :: GoPro :: ERROR :: Failed to send command to GoPro: HTTP Error 410: Gone
2018-01-08 12:07:59,611 :: GoPro :: INFO :: - Download media
2018-01-08 12:08:09,624 :: GoPro :: ERROR :: <urlopen error timed out>
2018-01-08 12:08:09,626 :: GoPro :: INFO :: - Sleep
2018-01-08 13:00:20,388 :: GoPro :: DEBUG :: ========== Starting GoPro H3 Controller ==========
2018-01-08 13:00:20,403 :: GoPro :: DEBUG :: Sleeping for 1 minutes
2018-01-08 13:07:40,144 :: GoPro :: INFO :: Wake up GoPro...
2018-01-08 13:07:50,190 :: GoPro :: INFO :: - Taking a photo
2018-01-08 13:07:50,204 :: GoPro :: ERROR :: Failed to send command to GoPro: HTTP Error 410: Gone
2018-01-08 13:08:00,227 :: GoPro :: INFO :: - Download media
2018-01-08 13:08:10,232 :: GoPro :: ERROR :: <urlopen error timed out>
2018-01-08 13:08:10,234 :: GoPro :: INFO :: - Sleep
2018-01-08 14:00:20,426 :: GoPro :: DEBUG :: ========== Starting GoPro H3 Controller ==========
2018-01-08 14:00:20,449 :: GoPro :: DEBUG :: Sleeping for 1 minutes
2018-01-08 14:07:40,650 :: GoPro :: INFO :: Wake up GoPro...
2018-01-08 14:07:50,686 :: GoPro :: INFO :: - Taking a photo
2018-01-08 14:07:50,708 :: GoPro :: ERROR :: Failed to send command to GoPro: HTTP Error 410: Gone
2018-01-08 14:08:00,721 :: GoPro :: INFO :: - Download media
2018-01-08 14:08:10,735 :: GoPro :: ERROR :: <urlopen error timed out>
2018-01-08 14:08:10,736 :: GoPro :: INFO :: - Sleep
2018-01-08 15:00:20,553 :: GoPro :: DEBUG :: ========== Starting GoPro H3 Controller ==========
2018-01-08 15:00:20,569 :: GoPro :: DEBUG :: Sleeping for 1 minutes
2018-01-08 15:07:41,261 :: GoPro :: INFO :: Wake up GoPro...
2018-01-08 15:07:51,297 :: GoPro :: INFO :: - Taking a photo
2018-01-08 15:07:51,311 :: GoPro :: ERROR :: Failed to send command to GoPro: HTTP Error 410: Gone
2018-01-08 15:08:01,324 :: GoPro :: INFO :: - Download media
2018-01-08 15:08:11,338 :: GoPro :: ERROR :: <urlopen error timed out>
2018-01-08 15:08:11,339 :: GoPro :: INFO :: - Sleep
2018-01-08 16:00:20,257 :: GoPro :: DEBUG :: ========== Starting GoPro H3 Controller ==========
2018-01-08 16:00:20,273 :: GoPro :: DEBUG :: Sleeping for 1 minutes
2018-01-08 16:07:41,465 :: GoPro :: INFO :: Wake up GoPro...
2018-01-08 16:07:51,503 :: GoPro :: INFO :: - Taking a photo
2018-01-08 16:07:51,517 :: GoPro :: ERROR :: Failed to send command to GoPro: HTTP Error 410: Gone
2018-01-08 16:08:01,530 :: GoPro :: INFO :: - Download media
2018-01-08 16:08:11,544 :: GoPro :: ERROR :: <urlopen error timed out>
2018-01-08 16:08:11,546 :: GoPro :: INFO :: - Sleep
2018-01-08 17:00:20,470 :: GoPro :: DEBUG :: ========== Starting GoPro H3 Controller ==========
2018-01-08 17:00:20,484 :: GoPro :: DEBUG :: Sleeping for 1 minutes
2018-01-08 17:07:42,219 :: GoPro :: INFO :: Wake up GoPro...
2018-01-08 17:07:52,265 :: GoPro :: INFO :: - Taking a photo
2018-01-08 17:07:52,281 :: GoPro :: ERROR :: Failed to send command to GoPro: HTTP Error 410: Gone
2018-01-08 17:08:02,304 :: GoPro :: INFO :: - Download media
2018-01-08 17:08:12,317 :: GoPro :: ERROR :: <urlopen error timed out>
2018-01-08 17:08:12,319 :: GoPro :: INFO :: - Sleep
2018-01-08 18:00:20,575 :: GoPro :: DEBUG :: ========== Starting GoPro H3 Controller ==========
2018-01-08 18:00:20,582 :: GoPro :: DEBUG :: Sleeping for 1 minutes
2018-01-08 18:07:42,767 :: GoPro :: INFO :: Wake up GoPro...
2018-01-08 18:07:52,820 :: GoPro :: INFO :: - Taking a photo
2018-01-08 18:07:52,837 :: GoPro :: ERROR :: Failed to send command to GoPro: HTTP Error 410: Gone
2018-01-08 18:08:02,850 :: GoPro :: INFO :: - Download media
2018-01-08 18:08:12,864 :: GoPro :: ERROR :: <urlopen error timed out>
2018-01-08 18:08:12,866 :: GoPro :: INFO :: - Sleep
2018-01-08 19:00:22,106 :: GoPro :: DEBUG :: ========== Starting GoPro H3 Controller ==========
2018-01-08 19:00:22,122 :: GoPro :: DEBUG :: Sleeping for 1 minutes
2018-01-08 19:07:44,818 :: GoPro :: INFO :: Wake up GoPro...
2018-01-08 19:07:54,857 :: GoPro :: INFO :: - Taking a photo
2018-01-08 19:07:54,871 :: GoPro :: ERROR :: Failed to send command to GoPro: HTTP Error 410: Gone
2018-01-08 19:08:04,884 :: GoPro :: INFO :: - Download media
2018-01-08 19:08:14,897 :: GoPro :: ERROR :: <urlopen error timed out>
2018-01-08 19:08:14,898 :: GoPro :: INFO :: - Sleep
2018-01-09 07:00:22,305 :: GoPro :: DEBUG :: ========== Starting GoPro H3 Controller ==========
2018-01-09 07:00:22,320 :: GoPro :: DEBUG :: Sleeping for 1 minutes
2018-01-09 07:07:45,488 :: GoPro :: INFO :: Wake up GoPro...
2018-01-09 07:07:55,524 :: GoPro :: INFO :: - Taking a photo
2018-01-09 07:07:55,541 :: GoPro :: ERROR :: Failed to send command to GoPro: HTTP Error 410: Gone
2018-01-09 07:08:05,554 :: GoPro :: INFO :: - Download media
2018-01-09 07:08:15,568 :: GoPro :: ERROR :: <urlopen error timed out>
2018-01-09 07:08:15,569 :: GoPro :: INFO :: - Sleep
2018-01-09 08:00:20,319 :: GoPro :: DEBUG :: ========== Starting GoPro H3 Controller ==========
2018-01-09 08:00:20,346 :: GoPro :: DEBUG :: Sleeping for 1 minutes
2018-01-09 08:07:44,004 :: GoPro :: INFO :: Wake up GoPro...
2018-01-09 08:07:54,040 :: GoPro :: INFO :: - Taking a photo
2018-01-09 08:07:54,055 :: GoPro :: ERROR :: Failed to send command to GoPro: HTTP Error 410: Gone
2018-01-09 08:08:04,068 :: GoPro :: INFO :: - Download media
2018-01-09 08:08:14,081 :: GoPro :: ERROR :: <urlopen error timed out>
2018-01-09 08:08:14,083 :: GoPro :: INFO :: - Sleep
2018-01-09 09:00:21,795 :: GoPro :: DEBUG :: ========== Starting GoPro H3 Controller ==========
2018-01-09 09:00:21,814 :: GoPro :: DEBUG :: Sleeping for 1 minutes
2018-01-09 09:07:45,972 :: GoPro :: INFO :: Wake up GoPro...
2018-01-09 09:07:56,089 :: GoPro :: INFO :: - Taking a photo
2018-01-09 09:07:56,103 :: GoPro :: ERROR :: Failed to send command to GoPro: HTTP Error 410: Gone
2018-01-09 09:08:06,117 :: GoPro :: INFO :: - Download media
2018-01-09 09:08:16,130 :: GoPro :: ERROR :: <urlopen error timed out>
2018-01-09 09:08:16,132 :: GoPro :: INFO :: - Sleep
2018-01-09 10:00:20,422 :: GoPro :: DEBUG :: ========== Starting GoPro H3 Controller ==========
2018-01-09 10:00:20,444 :: GoPro :: DEBUG :: Sleeping for 1 minutes
2018-01-09 10:07:45,126 :: GoPro :: INFO :: Wake up GoPro...
2018-01-09 10:07:55,164 :: GoPro :: INFO :: - Taking a photo
2018-01-09 10:07:55,178 :: GoPro :: ERROR :: Failed to send command to GoPro: HTTP Error 410: Gone
2018-01-09 10:08:05,191 :: GoPro :: INFO :: - Download media
2018-01-09 10:08:15,205 :: GoPro :: ERROR :: <urlopen error timed out>
2018-01-09 10:08:15,206 :: GoPro :: INFO :: - Sleep
2018-01-09 11:00:20,313 :: GoPro :: DEBUG :: ========== Starting GoPro H3 Controller ==========
2018-01-09 11:00:20,336 :: GoPro :: DEBUG :: Sleeping for 1 minutes
2018-01-09 11:07:45,516 :: GoPro :: INFO :: Wake up GoPro...
2018-01-09 11:07:55,553 :: GoPro :: INFO :: - Taking a photo
2018-01-09 11:07:55,567 :: GoPro :: ERROR :: Failed to send command to GoPro: HTTP Error 410: Gone
2018-01-09 11:08:05,580 :: GoPro :: INFO :: - Download media
2018-01-09 11:08:15,594 :: GoPro :: ERROR :: <urlopen error timed out>
2018-01-09 11:08:15,596 :: GoPro :: INFO :: - Sleep
2018-01-09 12:00:20,522 :: GoPro :: DEBUG :: ========== Starting GoPro H3 Controller ==========
2018-01-09 12:00:20,530 :: GoPro :: DEBUG :: Sleeping for 1 minutes
2018-01-09 12:07:46,193 :: GoPro :: INFO :: Wake up GoPro...
2018-01-09 12:07:56,229 :: GoPro :: INFO :: - Taking a photo
2018-01-09 12:07:56,243 :: GoPro :: ERROR :: Failed to send command to GoPro: HTTP Error 410: Gone
2018-01-09 12:08:06,257 :: GoPro :: INFO :: - Download media
2018-01-09 12:08:16,270 :: GoPro :: ERROR :: <urlopen error timed out>
2018-01-09 12:08:16,272 :: GoPro :: INFO :: - Sleep
2018-01-09 13:00:20,165 :: GoPro :: DEBUG :: ========== Starting GoPro H3 Controller ==========
2018-01-09 13:00:20,180 :: GoPro :: DEBUG :: Sleeping for 1 minutes
2018-01-09 13:07:46,348 :: GoPro :: INFO :: Wake up GoPro...
2018-01-09 13:07:56,384 :: GoPro :: INFO :: - Taking a photo
2018-01-09 13:07:56,402 :: GoPro :: ERROR :: Failed to send command to GoPro: HTTP Error 410: Gone
2018-01-09 13:08:06,415 :: GoPro :: INFO :: - Download media
2018-01-09 13:08:16,428 :: GoPro :: ERROR :: <urlopen error timed out>
2018-01-09 13:08:16,430 :: GoPro :: INFO :: - Sleep
2018-01-09 14:00:20,368 :: GoPro :: DEBUG :: ========== Starting GoPro H3 Controller ==========
2018-01-09 14:00:20,392 :: GoPro :: DEBUG :: Sleeping for 1 minutes
2018-01-09 14:07:47,066 :: GoPro :: INFO :: Wake up GoPro...
2018-01-09 14:07:57,101 :: GoPro :: INFO :: - Taking a photo
2018-01-09 14:07:57,117 :: GoPro :: ERROR :: Failed to send command to GoPro: HTTP Error 410: Gone
2018-01-09 14:08:07,130 :: GoPro :: INFO :: - Download media
2018-01-09 14:08:17,143 :: GoPro :: ERROR :: <urlopen error timed out>
2018-01-09 14:08:17,145 :: GoPro :: INFO :: - Sleep
2018-01-09 15:00:20,435 :: GoPro :: DEBUG :: ========== Starting GoPro H3 Controller ==========
2018-01-09 15:00:20,446 :: GoPro :: DEBUG :: Sleeping for 1 minutes
2018-01-09 15:07:47,631 :: GoPro :: INFO :: Wake up GoPro...
2018-01-09 15:07:57,669 :: GoPro :: INFO :: - Taking a photo
2018-01-09 15:07:57,683 :: GoPro :: ERROR :: Failed to send command to GoPro: HTTP Error 410: Gone
2018-01-09 15:08:07,697 :: GoPro :: INFO :: - Download media
2018-01-09 15:08:17,710 :: GoPro :: ERROR :: <urlopen error timed out>
2018-01-09 15:08:17,712 :: GoPro :: INFO :: - Sleep
2018-01-09 16:00:20,434 :: GoPro :: DEBUG :: ========== Starting GoPro H3 Controller ==========
2018-01-09 16:00:20,453 :: GoPro :: DEBUG :: Sleeping for 1 minutes
2018-01-09 16:07:48,120 :: GoPro :: INFO :: Wake up GoPro...
2018-01-09 16:07:58,157 :: GoPro :: INFO :: - Taking a photo
2018-01-09 16:07:58,173 :: GoPro :: ERROR :: Failed to send command to GoPro: HTTP Error 410: Gone
2018-01-09 16:08:08,194 :: GoPro :: INFO :: - Download media
2018-01-09 16:08:18,208 :: GoPro :: ERROR :: <urlopen error timed out>
2018-01-09 16:08:18,209 :: GoPro :: INFO :: - Sleep
2018-01-09 17:00:20,384 :: GoPro :: DEBUG :: ========== Starting GoPro H3 Controller ==========
2018-01-09 17:00:20,394 :: GoPro :: DEBUG :: Sleeping for 1 minutes
2018-01-09 17:07:48,560 :: GoPro :: INFO :: Wake up GoPro...
2018-01-09 17:07:58,599 :: GoPro :: INFO :: - Taking a photo
2018-01-09 17:07:58,616 :: GoPro :: ERROR :: Failed to send command to GoPro: HTTP Error 410: Gone
2018-01-09 17:08:08,629 :: GoPro :: INFO :: - Download media
2018-01-09 17:08:18,642 :: GoPro :: ERROR :: <urlopen error timed out>
2018-01-09 17:08:18,644 :: GoPro :: INFO :: - Sleep
2018-01-09 18:00:20,368 :: GoPro :: DEBUG :: ========== Starting GoPro H3 Controller ==========
2018-01-09 18:00:20,383 :: GoPro :: DEBUG :: Sleeping for 1 minutes
2018-01-09 18:07:49,051 :: GoPro :: INFO :: Wake up GoPro...
2018-01-09 18:07:59,091 :: GoPro :: INFO :: - Taking a photo
2018-01-09 18:07:59,107 :: GoPro :: ERROR :: Failed to send command to GoPro: HTTP Error 410: Gone
2018-01-09 18:08:09,120 :: GoPro :: INFO :: - Download media
2018-01-09 18:08:19,133 :: GoPro :: ERROR :: <urlopen error timed out>
2018-01-09 18:08:19,135 :: GoPro :: INFO :: - Sleep
2018-01-09 19:00:20,507 :: GoPro :: DEBUG :: ========== Starting GoPro H3 Controller ==========
2018-01-09 19:00:20,526 :: GoPro :: DEBUG :: Sleeping for 1 minutes
2018-01-09 19:07:49,693 :: GoPro :: INFO :: Wake up GoPro...
2018-01-09 19:07:59,731 :: GoPro :: INFO :: - Taking a photo
2018-01-09 19:07:59,745 :: GoPro :: ERROR :: Failed to send command to GoPro: HTTP Error 410: Gone
2018-01-09 19:08:09,759 :: GoPro :: INFO :: - Download media
2018-01-09 19:08:19,772 :: GoPro :: ERROR :: <urlopen error timed out>
2018-01-09 19:08:19,774 :: GoPro :: INFO :: - Sleep
2018-01-10 07:00:22,498 :: GoPro :: DEBUG :: ========== Starting GoPro H3 Controller ==========
2018-01-10 07:00:22,522 :: GoPro :: DEBUG :: Sleeping for 1 minutes
2018-01-10 07:07:52,166 :: GoPro :: INFO :: Wake up GoPro...
2018-01-10 07:08:02,203 :: GoPro :: INFO :: - Taking a photo
2018-01-10 07:08:02,218 :: GoPro :: ERROR :: Failed to send command to GoPro: HTTP Error 410: Gone
2018-01-10 07:08:12,235 :: GoPro :: INFO :: - Download media
2018-01-10 07:08:22,249 :: GoPro :: ERROR :: <urlopen error timed out>
2018-01-10 07:08:22,250 :: GoPro :: INFO :: - Sleep
2018-01-10 08:00:20,939 :: GoPro :: DEBUG :: ========== Starting GoPro H3 Controller ==========
2018-01-10 08:00:20,947 :: GoPro :: DEBUG :: Sleeping for 1 minutes
2018-01-10 08:07:51,080 :: GoPro :: INFO :: Wake up GoPro...
2018-01-10 08:08:01,117 :: GoPro :: INFO :: - Taking a photo
2018-01-10 08:08:01,132 :: GoPro :: ERROR :: Failed to send command to GoPro: HTTP Error 410: Gone
2018-01-10 08:08:11,145 :: GoPro :: INFO :: - Download media
2018-01-10 08:08:21,158 :: GoPro :: ERROR :: <urlopen error timed out>
2018-01-10 08:08:21,160 :: GoPro :: INFO :: - Sleep
2018-01-10 09:00:20,682 :: GoPro :: DEBUG :: ========== Starting GoPro H3 Controller ==========
2018-01-10 09:00:20,690 :: GoPro :: DEBUG :: Sleeping for 1 minutes
2018-01-10 09:07:51,333 :: GoPro :: INFO :: Wake up GoPro...
2018-01-10 09:08:01,371 :: GoPro :: INFO :: - Taking a photo
2018-01-10 09:08:01,386 :: GoPro :: ERROR :: Failed to send command to GoPro: HTTP Error 410: Gone
2018-01-10 09:08:11,400 :: GoPro :: INFO :: - Download media
2018-01-10 09:08:21,413 :: GoPro :: ERROR :: <urlopen error timed out>
2018-01-10 09:08:21,415 :: GoPro :: INFO :: - Sleep
2018-01-10 10:00:20,312 :: GoPro :: DEBUG :: ========== Starting GoPro H3 Controller ==========
2018-01-10 10:00:20,329 :: GoPro :: DEBUG :: Sleeping for 1 minutes
2018-01-10 10:07:51,460 :: GoPro :: INFO :: Wake up GoPro...
2018-01-10 10:08:01,497 :: GoPro :: INFO :: - Taking a photo
2018-01-10 10:08:01,514 :: GoPro :: ERROR :: Failed to send command to GoPro: HTTP Error 410: Gone
2018-01-10 10:08:11,527 :: GoPro :: INFO :: - Download media
2018-01-10 10:08:21,540 :: GoPro :: ERROR :: <urlopen error timed out>
2018-01-10 10:08:21,542 :: GoPro :: INFO :: - Sleep
2018-01-10 11:00:20,630 :: GoPro :: DEBUG :: ========== Starting GoPro H3 Controller ==========
2018-01-10 11:00:20,642 :: GoPro :: DEBUG :: Sleeping for 1 minutes
2018-01-10 11:07:52,283 :: GoPro :: INFO :: Wake up GoPro...
2018-01-10 11:08:02,321 :: GoPro :: INFO :: - Taking a photo
2018-01-10 11:08:02,337 :: GoPro :: ERROR :: Failed to send command to GoPro: HTTP Error 410: Gone
2018-01-10 11:08:12,350 :: GoPro :: INFO :: - Download media
2018-01-10 11:08:22,364 :: GoPro :: ERROR :: <urlopen error timed out>
2018-01-10 11:08:22,366 :: GoPro :: INFO :: - Sleep
2018-01-10 12:00:20,551 :: GoPro :: DEBUG :: ========== Starting GoPro H3 Controller ==========
2018-01-10 12:00:20,579 :: GoPro :: DEBUG :: Sleeping for 1 minutes
2018-01-10 12:07:52,722 :: GoPro :: INFO :: Wake up GoPro...
2018-01-10 12:08:02,759 :: GoPro :: INFO :: - Taking a photo
2018-01-10 12:08:02,774 :: GoPro :: ERROR :: Failed to send command to GoPro: HTTP Error 410: Gone
2018-01-10 12:08:12,786 :: GoPro :: INFO :: - Download media
2018-01-10 12:08:22,800 :: GoPro :: ERROR :: <urlopen error timed out>
2018-01-10 12:08:22,801 :: GoPro :: INFO :: - Sleep
2018-01-10 13:00:20,861 :: GoPro :: DEBUG :: ========== Starting GoPro H3 Controller ==========
2018-01-10 13:00:20,890 :: GoPro :: DEBUG :: Sleeping for 1 minutes
2018-01-10 13:07:53,534 :: GoPro :: INFO :: Wake up GoPro...
2018-01-10 13:08:03,571 :: GoPro :: INFO :: - Taking a photo
2018-01-10 13:08:03,585 :: GoPro :: ERROR :: Failed to send command to GoPro: HTTP Error 410: Gone
2018-01-10 13:08:13,598 :: GoPro :: INFO :: - Download media
2018-01-10 13:08:23,612 :: GoPro :: ERROR :: <urlopen error timed out>
2018-01-10 13:08:23,613 :: GoPro :: INFO :: - Sleep
2018-01-10 14:00:20,542 :: GoPro :: DEBUG :: ========== Starting GoPro H3 Controller ==========
2018-01-10 14:00:20,560 :: GoPro :: DEBUG :: Sleeping for 1 minutes
2018-01-10 14:07:53,703 :: GoPro :: INFO :: Wake up GoPro...
2018-01-10 14:08:03,739 :: GoPro :: INFO :: - Taking a photo
2018-01-10 14:08:03,754 :: GoPro :: ERROR :: Failed to send command to GoPro: HTTP Error 410: Gone
2018-01-10 14:08:13,767 :: GoPro :: INFO :: - Download media
2018-01-10 14:08:23,772 :: GoPro :: ERROR :: <urlopen error timed out>
2018-01-10 14:08:23,774 :: GoPro :: INFO :: - Sleep
2018-01-10 15:00:20,549 :: GoPro :: DEBUG :: ========== Starting GoPro H3 Controller ==========
2018-01-10 15:00:20,558 :: GoPro :: DEBUG :: Sleeping for 1 minutes
2018-01-10 15:07:54,190 :: GoPro :: INFO :: Wake up GoPro...
2018-01-10 15:08:04,234 :: GoPro :: INFO :: - Taking a photo
2018-01-10 15:08:04,249 :: GoPro :: ERROR :: Failed to send command to GoPro: HTTP Error 410: Gone
2018-01-10 15:08:14,262 :: GoPro :: INFO :: - Download media
2018-01-10 15:08:24,275 :: GoPro :: ERROR :: <urlopen error timed out>
2018-01-10 15:08:24,277 :: GoPro :: INFO :: - Sleep
2018-01-10 16:00:20,064 :: GoPro :: DEBUG :: ========== Starting GoPro H3 Controller ==========
2018-01-10 16:00:20,087 :: GoPro :: DEBUG :: Sleeping for 1 minutes
2018-01-10 16:07:54,223 :: GoPro :: INFO :: Wake up GoPro...
2018-01-10 16:08:04,262 :: GoPro :: INFO :: - Taking a photo
2018-01-10 16:08:04,279 :: GoPro :: ERROR :: Failed to send command to GoPro: HTTP Error 410: Gone
2018-01-10 16:08:14,292 :: GoPro :: INFO :: - Download media
2018-01-10 16:08:24,306 :: GoPro :: ERROR :: <urlopen error timed out>
2018-01-10 16:08:24,307 :: GoPro :: INFO :: - Sleep
2018-01-10 17:00:20,251 :: GoPro :: DEBUG :: ========== Starting GoPro H3 Controller ==========
2018-01-10 17:00:20,268 :: GoPro :: DEBUG :: Sleeping for 1 minutes
2018-01-10 17:07:54,940 :: GoPro :: INFO :: Wake up GoPro...
2018-01-10 17:08:04,985 :: GoPro :: INFO :: - Taking a photo
2018-01-10 17:08:05,000 :: GoPro :: ERROR :: Failed to send command to GoPro: HTTP Error 410: Gone
2018-01-10 17:08:15,022 :: GoPro :: INFO :: - Download media
2018-01-10 17:08:25,027 :: GoPro :: ERROR :: <urlopen error timed out>
2018-01-10 17:08:25,028 :: GoPro :: INFO :: - Sleep
2018-01-10 18:00:20,196 :: GoPro :: DEBUG :: ========== Starting GoPro H3 Controller ==========
2018-01-10 18:00:20,209 :: GoPro :: DEBUG :: Sleeping for 1 minutes
2018-01-10 18:07:55,355 :: GoPro :: INFO :: Wake up GoPro...
2018-01-10 18:08:05,396 :: GoPro :: INFO :: - Taking a photo
2018-01-10 18:08:05,410 :: GoPro :: ERROR :: Failed to send command to GoPro: HTTP Error 410: Gone
2018-01-10 18:08:15,423 :: GoPro :: INFO :: - Download media
2018-01-10 18:08:25,437 :: GoPro :: ERROR :: <urlopen error timed out>
2018-01-10 18:08:25,438 :: GoPro :: INFO :: - Sleep
2018-01-10 19:00:20,576 :: GoPro :: DEBUG :: ========== Starting GoPro H3 Controller ==========
2018-01-10 19:00:20,590 :: GoPro :: DEBUG :: Sleeping for 1 minutes
2018-01-10 19:07:56,226 :: GoPro :: INFO :: Wake up GoPro...
2018-01-10 19:08:06,262 :: GoPro :: INFO :: - Taking a photo
2018-01-10 19:08:06,276 :: GoPro :: ERROR :: Failed to send command to GoPro: HTTP Error 410: Gone
2018-01-10 19:08:16,290 :: GoPro :: INFO :: - Download media
2018-01-10 19:08:26,303 :: GoPro :: ERROR :: <urlopen error timed out>
2018-01-10 19:08:26,305 :: GoPro :: INFO :: - Sleep
2018-01-11 07:00:21,813 :: GoPro :: DEBUG :: ========== Starting GoPro H3 Controller ==========
2018-01-11 07:00:21,834 :: GoPro :: DEBUG :: Sleeping for 1 minutes
2018-01-11 07:07:57,941 :: GoPro :: INFO :: Wake up GoPro...
2018-01-11 07:08:07,981 :: GoPro :: INFO :: - Taking a photo
2018-01-11 07:08:07,997 :: GoPro :: ERROR :: Failed to send command to GoPro: HTTP Error 410: Gone
2018-01-11 07:08:18,010 :: GoPro :: INFO :: - Download media
2018-01-11 07:08:28,024 :: GoPro :: ERROR :: <urlopen error timed out>
2018-01-11 07:08:28,025 :: GoPro :: INFO :: - Sleep
2018-01-11 08:00:20,466 :: GoPro :: DEBUG :: ========== Starting GoPro H3 Controller ==========
2018-01-11 08:00:20,486 :: GoPro :: DEBUG :: Sleeping for 1 minutes
2018-01-11 08:07:57,109 :: GoPro :: INFO :: Wake up GoPro...
2018-01-11 08:08:07,148 :: GoPro :: INFO :: - Taking a photo
2018-01-11 08:08:07,162 :: GoPro :: ERROR :: Failed to send command to GoPro: HTTP Error 410: Gone
2018-01-11 08:08:17,175 :: GoPro :: INFO :: - Download media
2018-01-11 08:08:27,189 :: GoPro :: ERROR :: <urlopen error timed out>
2018-01-11 08:08:27,190 :: GoPro :: INFO :: - Sleep
2018-01-11 09:00:20,731 :: GoPro :: DEBUG :: ========== Starting GoPro H3 Controller ==========
2018-01-11 09:00:20,745 :: GoPro :: DEBUG :: Sleeping for 1 minutes
2018-01-11 09:07:57,847 :: GoPro :: INFO :: Wake up GoPro...
2018-01-11 09:08:07,884 :: GoPro :: INFO :: - Taking a photo
2018-01-11 09:08:07,898 :: GoPro :: ERROR :: Failed to send command to GoPro: HTTP Error 410: Gone
2018-01-11 09:08:17,912 :: GoPro :: INFO :: - Download media
2018-01-11 09:08:27,925 :: GoPro :: ERROR :: <urlopen error timed out>
2018-01-11 09:08:27,926 :: GoPro :: INFO :: - Sleep
2018-01-11 10:00:21,707 :: GoPro :: DEBUG :: ========== Starting GoPro H3 Controller ==========
2018-01-11 10:00:21,742 :: GoPro :: DEBUG :: Sleeping for 1 minutes
2018-01-11 10:07:59,351 :: GoPro :: INFO :: Wake up GoPro...
2018-01-11 10:08:09,408 :: GoPro :: INFO :: - Taking a photo
2018-01-11 10:08:09,423 :: GoPro :: ERROR :: Failed to send command to GoPro: HTTP Error 410: Gone
2018-01-11 10:08:19,436 :: GoPro :: INFO :: - Download media
2018-01-11 10:08:29,450 :: GoPro :: ERROR :: <urlopen error timed out>
2018-01-11 10:08:29,451 :: GoPro :: INFO :: - Sleep
2018-01-11 11:00:20,092 :: GoPro :: DEBUG :: ========== Starting GoPro H3 Controller ==========
2018-01-11 11:00:20,107 :: GoPro :: DEBUG :: Sleeping for 1 minutes
2018-01-11 11:07:58,220 :: GoPro :: INFO :: Wake up GoPro...
2018-01-11 11:08:08,261 :: GoPro :: INFO :: - Taking a photo
2018-01-11 11:08:08,276 :: GoPro :: ERROR :: Failed to send command to GoPro: HTTP Error 410: Gone
2018-01-11 11:08:18,289 :: GoPro :: INFO :: - Download media
2018-01-11 11:08:28,303 :: GoPro :: ERROR :: <urlopen error timed out>
2018-01-11 11:08:28,304 :: GoPro :: INFO :: - Sleep
2018-01-11 12:00:20,494 :: GoPro :: DEBUG :: ========== Starting GoPro H3 Controller ==========
2018-01-11 12:00:20,503 :: GoPro :: DEBUG :: Sleeping for 1 minutes
2018-01-11 12:07:59,117 :: GoPro :: INFO :: Wake up GoPro...
2018-01-11 12:08:09,158 :: GoPro :: INFO :: - Taking a photo
2018-01-11 12:08:09,174 :: GoPro :: ERROR :: Failed to send command to GoPro: HTTP Error 410: Gone
2018-01-11 12:08:19,187 :: GoPro :: INFO :: - Download media
2018-01-11 12:08:29,201 :: GoPro :: ERROR :: <urlopen error timed out>
2018-01-11 12:08:29,202 :: GoPro :: INFO :: - Sleep
2018-01-11 13:00:20,524 :: GoPro :: DEBUG :: ========== Starting GoPro H3 Controller ==========
2018-01-11 13:00:20,541 :: GoPro :: DEBUG :: Sleeping for 1 minutes
2018-01-11 13:07:59,654 :: GoPro :: INFO :: Wake up GoPro...
2018-01-11 13:08:09,691 :: GoPro :: INFO :: - Taking a photo
2018-01-11 13:08:09,705 :: GoPro :: ERROR :: Failed to send command to GoPro: HTTP Error 410: Gone
2018-01-11 13:08:19,719 :: GoPro :: INFO :: - Download media
2018-01-11 13:08:29,732 :: GoPro :: ERROR :: <urlopen error timed out>
2018-01-11 13:08:29,734 :: GoPro :: INFO :: - Sleep
2018-01-11 14:00:20,630 :: GoPro :: DEBUG :: ========== Starting GoPro H3 Controller ==========
2018-01-11 14:00:20,663 :: GoPro :: DEBUG :: Sleeping for 1 minutes
2018-01-11 14:08:00,278 :: GoPro :: INFO :: Wake up GoPro...
2018-01-11 14:08:10,314 :: GoPro :: INFO :: - Taking a photo
2018-01-11 14:08:10,328 :: GoPro :: ERROR :: Failed to send command to GoPro: HTTP Error 410: Gone
2018-01-11 14:08:20,342 :: GoPro :: INFO :: - Download media
2018-01-11 14:08:30,355 :: GoPro :: ERROR :: <urlopen error timed out>
2018-01-11 14:08:30,357 :: GoPro :: INFO :: - Sleep
2018-01-11 15:00:20,370 :: GoPro :: DEBUG :: ========== Starting GoPro H3 Controller ==========
2018-01-11 15:00:20,382 :: GoPro :: DEBUG :: Sleeping for 1 minutes
2018-01-11 15:08:00,499 :: GoPro :: INFO :: Wake up GoPro...
2018-01-11 15:08:10,544 :: GoPro :: INFO :: - Taking a photo
2018-01-11 15:08:10,558 :: GoPro :: ERROR :: Failed to send command to GoPro: HTTP Error 410: Gone
2018-01-11 15:08:20,581 :: GoPro :: INFO :: - Download media
2018-01-11 15:08:30,594 :: GoPro :: ERROR :: <urlopen error timed out>
2018-01-11 15:08:30,596 :: GoPro :: INFO :: - Sleep
2018-01-11 16:00:20,697 :: GoPro :: DEBUG :: ========== Starting GoPro H3 Controller ==========
2018-01-11 16:00:20,717 :: GoPro :: DEBUG :: Sleeping for 1 minutes
2018-01-11 16:08:01,329 :: GoPro :: INFO :: Wake up GoPro...
2018-01-11 16:08:11,365 :: GoPro :: INFO :: - Taking a photo
2018-01-11 16:08:11,379 :: GoPro :: ERROR :: Failed to send command to GoPro: HTTP Error 410: Gone
2018-01-11 16:08:21,393 :: GoPro :: INFO :: - Download media
2018-01-11 16:08:31,406 :: GoPro :: ERROR :: <urlopen error timed out>
2018-01-11 16:08:31,408 :: GoPro :: INFO :: - Sleep
2018-01-11 17:00:20,884 :: GoPro :: DEBUG :: ========== Starting GoPro H3 Controller ==========
2018-01-11 17:00:20,906 :: GoPro :: DEBUG :: Sleeping for 1 minutes
2018-01-11 17:08:02,016 :: GoPro :: INFO :: Wake up GoPro...
2018-01-11 17:08:12,052 :: GoPro :: INFO :: - Taking a photo
2018-01-11 17:08:12,081 :: GoPro :: ERROR :: Failed to send command to GoPro: HTTP Error 410: Gone
2018-01-11 17:08:22,095 :: GoPro :: INFO :: - Download media
2018-01-11 17:08:32,108 :: GoPro :: ERROR :: <urlopen error timed out>
2018-01-11 17:08:32,110 :: GoPro :: INFO :: - Sleep
2018-01-11 18:00:20,535 :: GoPro :: DEBUG :: ========== Starting GoPro H3 Controller ==========
2018-01-11 18:00:20,595 :: GoPro :: DEBUG :: Sleeping for 1 minutes
2018-01-11 18:08:02,204 :: GoPro :: INFO :: Wake up GoPro...
2018-01-11 18:08:12,245 :: GoPro :: INFO :: - Taking a photo
2018-01-11 18:08:12,259 :: GoPro :: ERROR :: Failed to send command to GoPro: HTTP Error 410: Gone
2018-01-11 18:08:22,273 :: GoPro :: INFO :: - Download media
2018-01-11 18:08:32,286 :: GoPro :: ERROR :: <urlopen error timed out>
2018-01-11 18:08:32,288 :: GoPro :: INFO :: - Sleep
2018-01-11 19:00:20,411 :: GoPro :: DEBUG :: ========== Starting GoPro H3 Controller ==========
2018-01-11 19:00:20,417 :: GoPro :: DEBUG :: Sleeping for 1 minutes
2018-01-11 19:08:02,527 :: GoPro :: INFO :: Wake up GoPro...
2018-01-11 19:08:12,563 :: GoPro :: INFO :: - Taking a photo
2018-01-11 19:08:12,579 :: GoPro :: ERROR :: Failed to send command to GoPro: HTTP Error 410: Gone
2018-01-11 19:08:22,592 :: GoPro :: INFO :: - Download media
2018-01-11 19:08:32,606 :: GoPro :: ERROR :: <urlopen error timed out>
2018-01-11 19:08:32,607 :: GoPro :: INFO :: - Sleep
2018-01-12 07:00:21,919 :: GoPro :: DEBUG :: ========== Starting GoPro H3 Controller ==========
2018-01-12 07:00:21,937 :: GoPro :: DEBUG :: Sleeping for 1 minutes
2018-01-12 07:08:04,518 :: GoPro :: INFO :: Wake up GoPro...
2018-01-12 07:08:14,554 :: GoPro :: INFO :: - Taking a photo
2018-01-12 07:08:14,570 :: GoPro :: ERROR :: Failed to send command to GoPro: HTTP Error 410: Gone
2018-01-12 07:08:24,583 :: GoPro :: INFO :: - Download media
2018-01-12 07:08:34,594 :: GoPro :: ERROR :: <urlopen error timed out>
2018-01-12 07:08:34,595 :: GoPro :: INFO :: - Sleep
2018-01-12 08:00:20,568 :: GoPro :: DEBUG :: ========== Starting GoPro H3 Controller ==========
2018-01-12 08:00:20,588 :: GoPro :: DEBUG :: Sleeping for 1 minutes
2018-01-12 08:08:03,671 :: GoPro :: INFO :: Wake up GoPro...
2018-01-12 08:08:13,721 :: GoPro :: INFO :: - Taking a photo
2018-01-12 08:08:13,738 :: GoPro :: ERROR :: Failed to send command to GoPro: HTTP Error 410: Gone
2018-01-12 08:08:23,760 :: GoPro :: INFO :: - Download media
2018-01-12 08:08:33,774 :: GoPro :: ERROR :: <urlopen error timed out>
2018-01-12 08:08:33,776 :: GoPro :: INFO :: - Sleep
2018-01-12 09:00:20,264 :: GoPro :: DEBUG :: ========== Starting GoPro H3 Controller ==========
2018-01-12 09:00:20,291 :: GoPro :: DEBUG :: Sleeping for 1 minutes
2018-01-12 09:08:03,887 :: GoPro :: INFO :: Wake up GoPro...
2018-01-12 09:08:13,924 :: GoPro :: INFO :: - Taking a photo
2018-01-12 09:08:13,939 :: GoPro :: ERROR :: Failed to send command to GoPro: HTTP Error 410: Gone
2018-01-12 09:08:23,952 :: GoPro :: INFO :: - Download media
2018-01-12 09:08:33,965 :: GoPro :: ERROR :: <urlopen error timed out>
2018-01-12 09:08:33,967 :: GoPro :: INFO :: - Sleep
2018-01-12 10:00:20,957 :: GoPro :: DEBUG :: ========== Starting GoPro H3 Controller ==========
2018-01-12 10:00:20,977 :: GoPro :: DEBUG :: Sleeping for 1 minutes
2018-01-12 10:08:05,056 :: GoPro :: INFO :: Wake up GoPro...
2018-01-12 10:08:15,093 :: GoPro :: INFO :: - Taking a photo
2018-01-12 10:08:15,107 :: GoPro :: ERROR :: Failed to send command to GoPro: HTTP Error 410: Gone
2018-01-12 10:08:25,121 :: GoPro :: INFO :: - Download media
2018-01-12 10:08:35,134 :: GoPro :: ERROR :: <urlopen error timed out>
2018-01-12 10:08:35,136 :: GoPro :: INFO :: - Sleep
2018-01-12 11:00:20,611 :: GoPro :: DEBUG :: ========== Starting GoPro H3 Controller ==========
2018-01-12 11:00:20,616 :: GoPro :: DEBUG :: Sleeping for 1 minutes
2018-01-12 11:08:05,195 :: GoPro :: INFO :: Wake up GoPro...
2018-01-12 11:08:15,231 :: GoPro :: INFO :: - Taking a photo
2018-01-12 11:08:15,248 :: GoPro :: ERROR :: Failed to send command to GoPro: HTTP Error 410: Gone
2018-01-12 11:08:25,261 :: GoPro :: INFO :: - Download media
2018-01-12 11:08:35,274 :: GoPro :: ERROR :: <urlopen error timed out>
2018-01-12 11:08:35,276 :: GoPro :: INFO :: - Sleep
2018-01-12 12:00:20,539 :: GoPro :: DEBUG :: ========== Starting GoPro H3 Controller ==========
2018-01-12 12:00:20,549 :: GoPro :: DEBUG :: Sleeping for 1 minutes
2018-01-12 12:08:05,627 :: GoPro :: INFO :: Wake up GoPro...
2018-01-12 12:08:15,669 :: GoPro :: INFO :: - Taking a photo
2018-01-12 12:08:15,688 :: GoPro :: ERROR :: Failed to send command to GoPro: HTTP Error 410: Gone
2018-01-12 12:08:25,702 :: GoPro :: INFO :: - Download media
2018-01-12 12:08:35,715 :: GoPro :: ERROR :: <urlopen error timed out>
2018-01-12 12:08:35,717 :: GoPro :: INFO :: - Sleep
2018-01-12 13:00:20,525 :: GoPro :: DEBUG :: ========== Starting GoPro H3 Controller ==========
2018-01-12 13:00:20,550 :: GoPro :: DEBUG :: Sleeping for 1 minutes
2018-01-12 13:08:06,130 :: GoPro :: INFO :: Wake up GoPro...
2018-01-12 13:08:16,166 :: GoPro :: INFO :: - Taking a photo
2018-01-12 13:08:16,183 :: GoPro :: ERROR :: Failed to send command to GoPro: HTTP Error 410: Gone
2018-01-12 13:08:26,197 :: GoPro :: INFO :: - Download media
2018-01-12 13:08:36,210 :: GoPro :: ERROR :: <urlopen error timed out>
2018-01-12 13:08:36,212 :: GoPro :: INFO :: - Sleep
2018-01-12 14:00:20,314 :: GoPro :: DEBUG :: ========== Starting GoPro H3 Controller ==========
2018-01-12 14:00:20,325 :: GoPro :: DEBUG :: Sleeping for 1 minutes
2018-01-12 14:08:06,419 :: GoPro :: INFO :: Wake up GoPro...
2018-01-12 14:08:16,455 :: GoPro :: INFO :: - Taking a photo
2018-01-12 14:08:16,472 :: GoPro :: ERROR :: Failed to send command to GoPro: HTTP Error 410: Gone
2018-01-12 14:08:26,485 :: GoPro :: INFO :: - Download media
2018-01-12 14:08:36,499 :: GoPro :: ERROR :: <urlopen error timed out>
2018-01-12 14:08:36,500 :: GoPro :: INFO :: - Sleep
2018-01-12 15:00:20,888 :: GoPro :: DEBUG :: ========== Starting GoPro H3 Controller ==========
2018-01-12 15:00:20,896 :: GoPro :: DEBUG :: Sleeping for 1 minutes
2018-01-12 15:08:07,473 :: GoPro :: INFO :: Wake up GoPro...
2018-01-12 15:08:17,518 :: GoPro :: INFO :: - Taking a photo
2018-01-12 15:08:17,532 :: GoPro :: ERROR :: Failed to send command to GoPro: HTTP Error 410: Gone
2018-01-12 15:08:27,546 :: GoPro :: INFO :: - Download media
2018-01-12 15:08:37,559 :: GoPro :: ERROR :: <urlopen error timed out>
2018-01-12 15:08:37,561 :: GoPro :: INFO :: - Sleep
2018-01-12 16:00:20,294 :: GoPro :: DEBUG :: ========== Starting GoPro H3 Controller ==========
2018-01-12 16:00:20,310 :: GoPro :: DEBUG :: Sleeping for 1 minutes
2018-01-12 16:08:07,390 :: GoPro :: INFO :: Wake up GoPro...
2018-01-12 16:08:17,426 :: GoPro :: INFO :: - Taking a photo
2018-01-12 16:08:17,440 :: GoPro :: ERROR :: Failed to send command to GoPro: HTTP Error 410: Gone
2018-01-12 16:08:27,453 :: GoPro :: INFO :: - Download media
2018-01-12 16:08:37,465 :: GoPro :: ERROR :: <urlopen error timed out>
2018-01-12 16:08:37,466 :: GoPro :: INFO :: - Sleep
2018-01-12 17:00:20,218 :: GoPro :: DEBUG :: ========== Starting GoPro H3 Controller ==========
2018-01-12 17:00:20,234 :: GoPro :: DEBUG :: Sleeping for 1 minutes
2018-01-12 17:08:07,825 :: GoPro :: INFO :: Wake up GoPro...
2018-01-12 17:08:17,865 :: GoPro :: INFO :: - Taking a photo
2018-01-12 17:08:17,880 :: GoPro :: ERROR :: Failed to send command to GoPro: HTTP Error 410: Gone
2018-01-12 17:08:27,893 :: GoPro :: INFO :: - Download media
2018-01-12 17:08:37,905 :: GoPro :: ERROR :: <urlopen error timed out>
2018-01-12 17:08:37,906 :: GoPro :: INFO :: - Sleep
2018-01-12 18:00:20,252 :: GoPro :: DEBUG :: ========== Starting GoPro H3 Controller ==========
2018-01-12 18:00:20,267 :: GoPro :: DEBUG :: Sleeping for 1 minutes
2018-01-12 18:08:08,346 :: GoPro :: INFO :: Wake up GoPro...
2018-01-12 18:08:18,382 :: GoPro :: INFO :: - Taking a photo
2018-01-12 18:08:18,397 :: GoPro :: ERROR :: Failed to send command to GoPro: HTTP Error 410: Gone
2018-01-12 18:08:28,410 :: GoPro :: INFO :: - Download media
2018-01-12 18:08:38,424 :: GoPro :: ERROR :: <urlopen error timed out>
2018-01-12 18:08:38,425 :: GoPro :: INFO :: - Sleep
2018-01-12 19:00:21,442 :: GoPro :: DEBUG :: ========== Starting GoPro H3 Controller ==========
2018-01-12 19:00:21,467 :: GoPro :: DEBUG :: Sleeping for 1 minutes
2018-01-12 19:08:10,044 :: GoPro :: INFO :: Wake up GoPro...
2018-01-12 19:08:20,090 :: GoPro :: INFO :: - Taking a photo
2018-01-12 19:08:20,105 :: GoPro :: ERROR :: Failed to send command to GoPro: HTTP Error 410: Gone
2018-01-12 19:08:30,127 :: GoPro :: INFO :: - Download media
2018-01-12 19:08:40,140 :: GoPro :: ERROR :: <urlopen error timed out>
2018-01-12 19:08:40,142 :: GoPro :: INFO :: - Sleep
2018-01-13 07:00:21,785 :: GoPro :: DEBUG :: ========== Starting GoPro H3 Controller ==========
2018-01-13 07:00:21,801 :: GoPro :: DEBUG :: Sleeping for 1 minutes
2018-01-13 07:08:10,846 :: GoPro :: INFO :: Wake up GoPro...
2018-01-13 07:08:20,944 :: GoPro :: INFO :: - Taking a photo
2018-01-13 07:08:20,959 :: GoPro :: ERROR :: Failed to send command to GoPro: HTTP Error 410: Gone
2018-01-13 07:08:30,973 :: GoPro :: INFO :: - Download media
2018-01-13 07:08:40,986 :: GoPro :: ERROR :: <urlopen error timed out>
2018-01-13 07:08:40,988 :: GoPro :: INFO :: - Sleep
2018-01-13 08:00:20,151 :: GoPro :: DEBUG :: ========== Starting GoPro H3 Controller ==========
2018-01-13 08:00:20,157 :: GoPro :: DEBUG :: Sleeping for 1 minutes
2018-01-13 08:08:09,701 :: GoPro :: INFO :: Wake up GoPro...
2018-01-13 08:08:19,742 :: GoPro :: INFO :: - Taking a photo
2018-01-13 08:08:19,757 :: GoPro :: ERROR :: Failed to send command to GoPro: HTTP Error 410: Gone
2018-01-13 08:08:29,770 :: GoPro :: INFO :: - Download media
2018-01-13 08:08:39,784 :: GoPro :: ERROR :: <urlopen error timed out>
2018-01-13 08:08:39,785 :: GoPro :: INFO :: - Sleep
2018-01-13 09:00:20,334 :: GoPro :: DEBUG :: ========== Starting GoPro H3 Controller ==========
2018-01-13 09:00:20,355 :: GoPro :: DEBUG :: Sleeping for 1 minutes
2018-01-13 09:08:10,398 :: GoPro :: INFO :: Wake up GoPro...
2018-01-13 09:08:20,434 :: GoPro :: INFO :: - Taking a photo
2018-01-13 09:08:20,454 :: GoPro :: ERROR :: Failed to send command to GoPro: HTTP Error 410: Gone
2018-01-13 09:08:30,468 :: GoPro :: INFO :: - Download media
2018-01-13 09:08:40,473 :: GoPro :: ERROR :: <urlopen error timed out>
2018-01-13 09:08:40,474 :: GoPro :: INFO :: - Sleep
2018-01-13 10:00:20,465 :: GoPro :: DEBUG :: ========== Starting GoPro H3 Controller ==========
2018-01-13 10:00:20,474 :: GoPro :: DEBUG :: Sleeping for 1 minutes
2018-01-13 10:08:11,038 :: GoPro :: INFO :: Wake up GoPro...
2018-01-13 10:08:21,074 :: GoPro :: INFO :: - Taking a photo
2018-01-13 10:08:21,089 :: GoPro :: ERROR :: Failed to send command to GoPro: HTTP Error 410: Gone
2018-01-13 10:08:31,102 :: GoPro :: INFO :: - Download media
2018-01-13 10:08:41,116 :: GoPro :: ERROR :: <urlopen error timed out>
2018-01-13 10:08:41,118 :: GoPro :: INFO :: - Sleep
2018-01-13 11:00:20,515 :: GoPro :: DEBUG :: ========== Starting GoPro H3 Controller ==========
2018-01-13 11:00:20,541 :: GoPro :: DEBUG :: Sleeping for 1 minutes
2018-01-13 11:08:11,582 :: GoPro :: INFO :: Wake up GoPro...
2018-01-13 11:08:21,693 :: GoPro :: INFO :: - Taking a photo
2018-01-13 11:08:21,707 :: GoPro :: ERROR :: Failed to send command to GoPro: HTTP Error 410: Gone
2018-01-13 11:08:31,721 :: GoPro :: INFO :: - Download media
2018-01-13 11:08:41,734 :: GoPro :: ERROR :: <urlopen error timed out>
2018-01-13 11:08:41,736 :: GoPro :: INFO :: - Sleep
2018-01-13 12:00:20,461 :: GoPro :: DEBUG :: ========== Starting GoPro H3 Controller ==========
2018-01-13 12:00:20,486 :: GoPro :: DEBUG :: Sleeping for 1 minutes
2018-01-13 12:08:12,028 :: GoPro :: INFO :: Wake up GoPro...
2018-01-13 12:08:22,067 :: GoPro :: INFO :: - Taking a photo
2018-01-13 12:08:22,081 :: GoPro :: ERROR :: Failed to send command to GoPro: HTTP Error 410: Gone
2018-01-13 12:08:32,094 :: GoPro :: INFO :: - Download media
2018-01-13 12:08:42,108 :: GoPro :: ERROR :: <urlopen error timed out>
2018-01-13 12:08:42,109 :: GoPro :: INFO :: - Sleep
2018-01-13 13:00:20,437 :: GoPro :: DEBUG :: ========== Starting GoPro H3 Controller ==========
2018-01-13 13:00:20,448 :: GoPro :: DEBUG :: Sleeping for 1 minutes
2018-01-13 13:08:12,493 :: GoPro :: INFO :: Wake up GoPro...
2018-01-13 13:08:22,615 :: GoPro :: INFO :: - Taking a photo
2018-01-13 13:08:22,629 :: GoPro :: ERROR :: Failed to send command to GoPro: HTTP Error 410: Gone
2018-01-13 13:08:32,643 :: GoPro :: INFO :: - Download media
2018-01-13 13:08:42,656 :: GoPro :: ERROR :: <urlopen error timed out>
2018-01-13 13:08:42,658 :: GoPro :: INFO :: - Sleep
2018-01-13 14:00:20,389 :: GoPro :: DEBUG :: ========== Starting GoPro H3 Controller ==========
2018-01-13 14:00:20,410 :: GoPro :: DEBUG :: Sleeping for 1 minutes
2018-01-13 14:08:12,962 :: GoPro :: INFO :: Wake up GoPro...
2018-01-13 14:08:22,998 :: GoPro :: INFO :: - Taking a photo
2018-01-13 14:08:23,012 :: GoPro :: ERROR :: Failed to send command to GoPro: HTTP Error 410: Gone
2018-01-13 14:08:33,026 :: GoPro :: INFO :: - Download media
2018-01-13 14:08:43,039 :: GoPro :: ERROR :: <urlopen error timed out>
2018-01-13 14:08:43,041 :: GoPro :: INFO :: - Sleep
2018-01-13 15:00:20,326 :: GoPro :: DEBUG :: ========== Starting GoPro H3 Controller ==========
2018-01-13 15:00:20,382 :: GoPro :: DEBUG :: Sleeping for 1 minutes
2018-01-13 15:08:13,427 :: GoPro :: INFO :: Wake up GoPro...
2018-01-13 15:08:23,476 :: GoPro :: INFO :: - Taking a photo
2018-01-13 15:08:23,490 :: GoPro :: ERROR :: Failed to send command to GoPro: HTTP Error 410: Gone
2018-01-13 15:08:33,512 :: GoPro :: INFO :: - Download media
2018-01-13 15:08:43,525 :: GoPro :: ERROR :: <urlopen error timed out>
2018-01-13 15:08:43,527 :: GoPro :: INFO :: - Sleep
2018-01-13 16:00:20,501 :: GoPro :: DEBUG :: ========== Starting GoPro H3 Controller ==========
2018-01-13 16:00:20,524 :: GoPro :: DEBUG :: Sleeping for 1 minutes
2018-01-13 16:08:14,089 :: GoPro :: INFO :: Wake up GoPro...
2018-01-13 16:08:24,133 :: GoPro :: INFO :: - Taking a photo
2018-01-13 16:08:24,148 :: GoPro :: ERROR :: Failed to send command to GoPro: HTTP Error 410: Gone
2018-01-13 16:08:34,170 :: GoPro :: INFO :: - Download media
2018-01-13 16:08:44,183 :: GoPro :: ERROR :: <urlopen error timed out>
2018-01-13 16:08:44,185 :: GoPro :: INFO :: - Sleep
2018-01-13 17:00:20,196 :: GoPro :: DEBUG :: ========== Starting GoPro H3 Controller ==========
2018-01-13 17:00:20,211 :: GoPro :: DEBUG :: Sleeping for 1 minutes
2018-01-13 17:08:14,255 :: GoPro :: INFO :: Wake up GoPro...
2018-01-13 17:08:24,296 :: GoPro :: INFO :: - Taking a photo
2018-01-13 17:08:24,310 :: GoPro :: ERROR :: Failed to send command to GoPro: HTTP Error 410: Gone
2018-01-13 17:08:34,323 :: GoPro :: INFO :: - Download media
2018-01-13 17:08:44,337 :: GoPro :: ERROR :: <urlopen error timed out>
2018-01-13 17:08:44,338 :: GoPro :: INFO :: - Sleep
2018-01-13 18:00:20,533 :: GoPro :: DEBUG :: ========== Starting GoPro H3 Controller ==========
2018-01-13 18:00:20,544 :: GoPro :: DEBUG :: Sleeping for 1 minutes
2018-01-13 18:08:15,092 :: GoPro :: INFO :: Wake up GoPro...
2018-01-13 18:08:25,131 :: GoPro :: INFO :: - Taking a photo
2018-01-13 18:08:25,149 :: GoPro :: ERROR :: Failed to send command to GoPro: HTTP Error 410: Gone
2018-01-13 18:08:35,163 :: GoPro :: INFO :: - Download media
2018-01-13 18:08:45,176 :: GoPro :: ERROR :: <urlopen error timed out>
2018-01-13 18:08:45,178 :: GoPro :: INFO :: - Sleep
2018-01-13 19:00:20,387 :: GoPro :: DEBUG :: ========== Starting GoPro H3 Controller ==========
2018-01-13 19:00:20,395 :: GoPro :: DEBUG :: Sleeping for 1 minutes
2018-01-13 19:08:15,435 :: GoPro :: INFO :: Wake up GoPro...
2018-01-13 19:08:25,472 :: GoPro :: INFO :: - Taking a photo
2018-01-13 19:08:25,488 :: GoPro :: ERROR :: Failed to send command to GoPro: HTTP Error 410: Gone
2018-01-13 19:08:35,501 :: GoPro :: INFO :: - Download media
2018-01-13 19:08:45,515 :: GoPro :: ERROR :: <urlopen error timed out>
2018-01-13 19:08:45,516 :: GoPro :: INFO :: - Sleep
2018-01-14 07:00:22,236 :: GoPro :: DEBUG :: ========== Starting GoPro H3 Controller ==========
2018-01-14 07:00:22,256 :: GoPro :: DEBUG :: Sleeping for 1 minutes
2018-01-14 07:08:17,769 :: GoPro :: INFO :: Wake up GoPro...
2018-01-14 07:08:27,810 :: GoPro :: INFO :: - Taking a photo
2018-01-14 07:08:27,834 :: GoPro :: ERROR :: Failed to send command to GoPro: HTTP Error 410: Gone
2018-01-14 07:08:37,847 :: GoPro :: INFO :: - Download media
2018-01-14 07:08:47,852 :: GoPro :: ERROR :: <urlopen error timed out>
2018-01-14 07:08:47,853 :: GoPro :: INFO :: - Sleep
2018-01-14 08:00:20,745 :: GoPro :: DEBUG :: ========== Starting GoPro H3 Controller ==========
2018-01-14 08:00:20,770 :: GoPro :: DEBUG :: Sleeping for 1 minutes
2018-01-14 08:08:16,782 :: GoPro :: INFO :: Wake up GoPro...
2018-01-14 08:08:26,891 :: GoPro :: INFO :: - Taking a photo
2018-01-14 08:08:26,906 :: GoPro :: ERROR :: Failed to send command to GoPro: HTTP Error 410: Gone
2018-01-14 08:08:36,919 :: GoPro :: INFO :: - Download media
2018-01-14 08:08:46,933 :: GoPro :: ERROR :: <urlopen error timed out>
2018-01-14 08:08:46,934 :: GoPro :: INFO :: - Sleep
2018-01-14 09:00:20,777 :: GoPro :: DEBUG :: ========== Starting GoPro H3 Controller ==========
2018-01-14 09:00:20,786 :: GoPro :: DEBUG :: Sleeping for 1 minutes
2018-01-14 09:08:17,295 :: GoPro :: INFO :: Wake up GoPro...
2018-01-14 09:08:27,339 :: GoPro :: INFO :: - Taking a photo
2018-01-14 09:08:27,357 :: GoPro :: ERROR :: Failed to send command to GoPro: HTTP Error 410: Gone
2018-01-14 09:08:37,370 :: GoPro :: INFO :: - Download media
2018-01-14 09:08:47,377 :: GoPro :: ERROR :: <urlopen error timed out>
2018-01-14 09:08:47,379 :: GoPro :: INFO :: - Sleep
2018-01-14 10:00:20,536 :: GoPro :: DEBUG :: ========== Starting GoPro H3 Controller ==========
2018-01-14 10:00:20,556 :: GoPro :: DEBUG :: Sleeping for 1 minutes
2018-01-14 10:08:17,566 :: GoPro :: INFO :: Wake up GoPro...
2018-01-14 10:08:27,604 :: GoPro :: INFO :: - Taking a photo
2018-01-14 10:08:27,621 :: GoPro :: ERROR :: Failed to send command to GoPro: HTTP Error 410: Gone
2018-01-14 10:08:37,634 :: GoPro :: INFO :: - Download media
2018-01-14 10:08:47,648 :: GoPro :: ERROR :: <urlopen error timed out>
2018-01-14 10:08:47,649 :: GoPro :: INFO :: - Sleep
2018-01-14 11:00:20,544 :: GoPro :: DEBUG :: ========== Starting GoPro H3 Controller ==========
2018-01-14 11:00:20,559 :: GoPro :: DEBUG :: Sleeping for 1 minutes
2018-01-14 11:08:18,068 :: GoPro :: INFO :: Wake up GoPro...
2018-01-14 11:08:28,104 :: GoPro :: INFO :: - Taking a photo
2018-01-14 11:08:28,123 :: GoPro :: ERROR :: Failed to send command to GoPro: HTTP Error 410: Gone
2018-01-14 11:08:38,136 :: GoPro :: INFO :: - Download media
2018-01-14 11:08:48,150 :: GoPro :: ERROR :: <urlopen error timed out>
2018-01-14 11:08:48,151 :: GoPro :: INFO :: - Sleep
2018-01-14 12:00:20,733 :: GoPro :: DEBUG :: ========== Starting GoPro H3 Controller ==========
2018-01-14 12:00:20,754 :: GoPro :: DEBUG :: Sleeping for 1 minutes
2018-01-14 12:08:18,768 :: GoPro :: INFO :: Wake up GoPro...
2018-01-14 12:08:28,791 :: GoPro :: ERROR :: Failed to send command to GoPro: <urlopen error timed out>
2018-01-14 12:08:38,806 :: GoPro :: INFO :: - Taking a photo
2018-01-14 12:08:48,820 :: GoPro :: ERROR :: Failed to send command to GoPro: <urlopen error timed out>
2018-01-14 12:08:58,834 :: GoPro :: INFO :: - Download media
2018-01-14 12:09:08,847 :: GoPro :: ERROR :: <urlopen error timed out>
2018-01-14 12:09:08,849 :: GoPro :: INFO :: - Sleep
2018-01-14 12:09:18,863 :: GoPro :: ERROR :: Failed to send command to GoPro: <urlopen error timed out>
2018-01-14 13:00:20,348 :: GoPro :: DEBUG :: ========== Starting GoPro H3 Controller ==========
2018-01-14 13:00:20,359 :: GoPro :: DEBUG :: Sleeping for 1 minutes
2018-01-14 13:08:18,882 :: GoPro :: INFO :: Wake up GoPro...
2018-01-14 13:08:28,905 :: GoPro :: ERROR :: Failed to send command to GoPro: <urlopen error timed out>
2018-01-14 13:08:38,919 :: GoPro :: INFO :: - Taking a photo
2018-01-14 13:08:48,934 :: GoPro :: ERROR :: Failed to send command to GoPro: <urlopen error timed out>
2018-01-14 13:08:58,947 :: GoPro :: INFO :: - Download media
2018-01-14 13:09:08,961 :: GoPro :: ERROR :: <urlopen error timed out>
2018-01-14 13:09:08,962 :: GoPro :: INFO :: - Sleep
2018-01-14 13:09:18,977 :: GoPro :: ERROR :: Failed to send command to GoPro: <urlopen error timed out>
2018-01-14 14:00:20,347 :: GoPro :: DEBUG :: ========== Starting GoPro H3 Controller ==========
2018-01-14 14:00:20,375 :: GoPro :: DEBUG :: Sleeping for 1 minutes
2018-01-14 14:08:19,406 :: GoPro :: INFO :: Wake up GoPro...
2018-01-14 14:08:29,428 :: GoPro :: ERROR :: Failed to send command to GoPro: <urlopen error timed out>
2018-01-14 14:08:39,443 :: GoPro :: INFO :: - Taking a photo
2018-01-14 14:08:49,457 :: GoPro :: ERROR :: Failed to send command to GoPro: <urlopen error timed out>
2018-01-14 14:08:59,471 :: GoPro :: INFO :: - Download media
2018-01-14 14:09:09,484 :: GoPro :: ERROR :: <urlopen error timed out>
2018-01-14 14:09:09,486 :: GoPro :: INFO :: - Sleep
2018-01-14 14:09:19,500 :: GoPro :: ERROR :: Failed to send command to GoPro: <urlopen error timed out>
2018-01-14 15:00:20,183 :: GoPro :: DEBUG :: ========== Starting GoPro H3 Controller ==========
2018-01-14 15:00:20,189 :: GoPro :: DEBUG :: Sleeping for 1 minutes
2018-01-14 15:08:19,710 :: GoPro :: INFO :: Wake up GoPro...
2018-01-14 15:08:29,732 :: GoPro :: ERROR :: Failed to send command to GoPro: <urlopen error timed out>
2018-01-14 15:08:39,747 :: GoPro :: INFO :: - Taking a photo
2018-01-14 15:08:49,762 :: GoPro :: ERROR :: Failed to send command to GoPro: <urlopen error timed out>
2018-01-14 15:08:59,775 :: GoPro :: INFO :: - Download media
2018-01-14 15:09:09,788 :: GoPro :: ERROR :: <urlopen error timed out>
2018-01-14 15:09:09,790 :: GoPro :: INFO :: - Sleep
2018-01-14 15:09:19,804 :: GoPro :: ERROR :: Failed to send command to GoPro: <urlopen error timed out>
2018-01-14 16:00:20,451 :: GoPro :: DEBUG :: ========== Starting GoPro H3 Controller ==========
2018-01-14 16:00:20,468 :: GoPro :: DEBUG :: Sleeping for 1 minutes
2018-01-14 16:08:20,477 :: GoPro :: INFO :: Wake up GoPro...
2018-01-14 16:08:30,500 :: GoPro :: ERROR :: Failed to send command to GoPro: <urlopen error timed out>
2018-01-14 16:08:40,515 :: GoPro :: INFO :: - Taking a photo
2018-01-14 16:08:50,529 :: GoPro :: ERROR :: Failed to send command to GoPro: <urlopen error timed out>
2018-01-14 16:09:00,543 :: GoPro :: INFO :: - Download media
2018-01-14 16:09:10,556 :: GoPro :: ERROR :: <urlopen error timed out>
2018-01-14 16:09:10,558 :: GoPro :: INFO :: - Sleep
2018-01-14 16:09:20,572 :: GoPro :: ERROR :: Failed to send command to GoPro: <urlopen error timed out>
2018-01-14 17:00:20,072 :: GoPro :: DEBUG :: ========== Starting GoPro H3 Controller ==========
2018-01-14 17:00:20,079 :: GoPro :: DEBUG :: Sleeping for 1 minutes
2018-01-14 17:08:20,597 :: GoPro :: INFO :: Wake up GoPro...
2018-01-14 17:08:30,620 :: GoPro :: ERROR :: Failed to send command to GoPro: <urlopen error timed out>
2018-01-14 17:08:40,635 :: GoPro :: INFO :: - Taking a photo
2018-01-14 17:08:50,649 :: GoPro :: ERROR :: Failed to send command to GoPro: <urlopen error timed out>
2018-01-14 17:09:00,663 :: GoPro :: INFO :: - Download media
2018-01-14 17:09:10,676 :: GoPro :: ERROR :: <urlopen error timed out>
2018-01-14 17:09:10,678 :: GoPro :: INFO :: - Sleep
2018-01-14 17:09:20,692 :: GoPro :: ERROR :: Failed to send command to GoPro: <urlopen error timed out>
2018-01-14 18:00:20,249 :: GoPro :: DEBUG :: ========== Starting GoPro H3 Controller ==========
2018-01-14 18:00:20,270 :: GoPro :: DEBUG :: Sleeping for 1 minutes
2018-01-14 18:08:21,301 :: GoPro :: INFO :: Wake up GoPro...
2018-01-14 18:08:31,324 :: GoPro :: ERROR :: Failed to send command to GoPro: <urlopen error timed out>
2018-01-14 18:08:41,339 :: GoPro :: INFO :: - Taking a photo
2018-01-14 18:08:51,354 :: GoPro :: ERROR :: Failed to send command to GoPro: <urlopen error timed out>
2018-01-14 18:09:01,367 :: GoPro :: INFO :: - Download media
2018-01-14 18:09:11,380 :: GoPro :: ERROR :: <urlopen error timed out>
2018-01-14 18:09:11,382 :: GoPro :: INFO :: - Sleep
2018-01-14 18:09:21,396 :: GoPro :: ERROR :: Failed to send command to GoPro: <urlopen error timed out>
2018-01-14 19:00:20,370 :: GoPro :: DEBUG :: ========== Starting GoPro H3 Controller ==========
2018-01-14 19:00:20,393 :: GoPro :: DEBUG :: Sleeping for 1 minutes
2018-01-14 19:08:21,899 :: GoPro :: INFO :: Wake up GoPro...
2018-01-14 19:08:31,921 :: GoPro :: ERROR :: Failed to send command to GoPro: <urlopen error timed out>
2018-01-14 19:08:41,936 :: GoPro :: INFO :: - Taking a photo
2018-01-14 19:08:51,950 :: GoPro :: ERROR :: Failed to send command to GoPro: <urlopen error timed out>
2018-01-14 19:09:01,964 :: GoPro :: INFO :: - Download media
2018-01-14 19:09:11,977 :: GoPro :: ERROR :: <urlopen error timed out>
2018-01-14 19:09:11,979 :: GoPro :: INFO :: - Sleep
2018-01-14 19:09:21,993 :: GoPro :: ERROR :: Failed to send command to GoPro: <urlopen error timed out>
2018-01-15 07:00:21,818 :: GoPro :: DEBUG :: ========== Starting GoPro H3 Controller ==========
2018-01-15 07:00:21,831 :: GoPro :: DEBUG :: Sleeping for 1 minutes
2018-01-15 07:08:23,809 :: GoPro :: INFO :: Wake up GoPro...
2018-01-15 07:08:33,831 :: GoPro :: ERROR :: Failed to send command to GoPro: <urlopen error timed out>
2018-01-15 07:08:43,846 :: GoPro :: INFO :: - Taking a photo
2018-01-15 07:08:53,861 :: GoPro :: ERROR :: Failed to send command to GoPro: <urlopen error timed out>
2018-01-15 07:09:03,874 :: GoPro :: INFO :: - Download media
2018-01-15 07:09:13,887 :: GoPro :: ERROR :: <urlopen error timed out>
2018-01-15 07:09:13,889 :: GoPro :: INFO :: - Sleep
2018-01-15 07:09:23,903 :: GoPro :: ERROR :: Failed to send command to GoPro: <urlopen error timed out>
2018-01-15 08:00:20,467 :: GoPro :: DEBUG :: ========== Starting GoPro H3 Controller ==========
2018-01-15 08:00:20,476 :: GoPro :: DEBUG :: Sleeping for 1 minutes
2018-01-15 08:08:22,958 :: GoPro :: INFO :: Wake up GoPro...
2018-01-15 08:08:32,981 :: GoPro :: ERROR :: Failed to send command to GoPro: <urlopen error timed out>
2018-01-15 08:08:42,995 :: GoPro :: INFO :: - Taking a photo
2018-01-15 08:08:53,010 :: GoPro :: ERROR :: Failed to send command to GoPro: <urlopen error timed out>
2018-01-15 08:09:03,023 :: GoPro :: INFO :: - Download media
2018-01-15 08:09:13,037 :: GoPro :: ERROR :: <urlopen error timed out>
2018-01-15 08:09:13,038 :: GoPro :: INFO :: - Sleep
2018-01-15 08:09:23,053 :: GoPro :: ERROR :: Failed to send command to GoPro: <urlopen error timed out>
2018-01-15 09:00:20,334 :: GoPro :: DEBUG :: ========== Starting GoPro H3 Controller ==========
2018-01-15 09:00:20,339 :: GoPro :: DEBUG :: Sleeping for 1 minutes
2018-01-15 09:08:23,319 :: GoPro :: INFO :: Wake up GoPro...
2018-01-15 09:08:33,342 :: GoPro :: ERROR :: Failed to send command to GoPro: <urlopen error timed out>
2018-01-15 09:08:43,356 :: GoPro :: INFO :: - Taking a photo
2018-01-15 09:08:53,362 :: GoPro :: ERROR :: Failed to send command to GoPro: <urlopen error timed out>
2018-01-15 09:09:03,375 :: GoPro :: INFO :: - Download media
2018-01-15 09:09:13,388 :: GoPro :: ERROR :: <urlopen error timed out>
2018-01-15 09:09:13,390 :: GoPro :: INFO :: - Sleep
2018-01-15 09:09:23,404 :: GoPro :: ERROR :: Failed to send command to GoPro: <urlopen error timed out>
2018-01-15 10:00:20,230 :: GoPro :: DEBUG :: ========== Starting GoPro H3 Controller ==========
2018-01-15 10:00:20,249 :: GoPro :: DEBUG :: Sleeping for 1 minutes
2018-01-15 10:08:23,725 :: GoPro :: INFO :: Wake up GoPro...
2018-01-15 10:08:33,748 :: GoPro :: ERROR :: Failed to send command to GoPro: <urlopen error timed out>
2018-01-15 10:08:43,763 :: GoPro :: INFO :: - Taking a photo
2018-01-15 10:08:53,776 :: GoPro :: ERROR :: Failed to send command to GoPro: <urlopen error timed out>
2018-01-15 10:09:03,789 :: GoPro :: INFO :: - Download media
2018-01-15 10:09:13,802 :: GoPro :: ERROR :: <urlopen error timed out>
2018-01-15 10:09:13,804 :: GoPro :: INFO :: - Sleep
2018-01-15 10:09:23,818 :: GoPro :: ERROR :: Failed to send command to GoPro: <urlopen error timed out>
2018-01-15 11:00:20,437 :: GoPro :: DEBUG :: ========== Starting GoPro H3 Controller ==========
2018-01-15 11:00:20,503 :: GoPro :: DEBUG :: Sleeping for 1 minutes
2018-01-15 11:08:24,485 :: GoPro :: INFO :: Wake up GoPro...
2018-01-15 11:08:34,508 :: GoPro :: ERROR :: Failed to send command to GoPro: <urlopen error timed out>
2018-01-15 11:08:44,523 :: GoPro :: INFO :: - Taking a photo
2018-01-15 11:08:54,538 :: GoPro :: ERROR :: Failed to send command to GoPro: <urlopen error timed out>
2018-01-15 11:09:04,551 :: GoPro :: INFO :: - Download media
2018-01-15 11:09:14,565 :: GoPro :: ERROR :: <urlopen error timed out>
2018-01-15 11:09:14,566 :: GoPro :: INFO :: - Sleep
2018-01-15 11:09:24,581 :: GoPro :: ERROR :: Failed to send command to GoPro: <urlopen error timed out>
2018-01-15 11:15:54,363 :: GoPro :: DEBUG :: ========== Starting GoPro H3 Controller ==========
2018-01-15 11:15:54,384 :: GoPro :: DEBUG :: Sleeping for 1 minutes
2018-01-15 11:23:58,864 :: GoPro :: INFO :: Wake up GoPro...
2018-01-15 11:24:08,887 :: GoPro :: ERROR :: Failed to send command to GoPro: <urlopen error timed out>
2018-01-15 11:24:18,902 :: GoPro :: INFO :: - Taking a photo
2018-01-15 11:24:28,910 :: GoPro :: ERROR :: Failed to send command to GoPro: <urlopen error timed out>
2018-01-15 11:24:38,924 :: GoPro :: INFO :: - Download media
2018-01-15 11:24:48,937 :: GoPro :: ERROR :: <urlopen error timed out>
2018-01-15 11:24:48,939 :: GoPro :: INFO :: - Sleep
2018-01-15 11:24:58,950 :: GoPro :: ERROR :: Failed to send command to GoPro: <urlopen error timed out>
2018-01-15 12:00:20,435 :: GoPro :: DEBUG :: ========== Starting GoPro H3 Controller ==========
2018-01-15 12:00:20,463 :: GoPro :: DEBUG :: Sleeping for 1 minutes
2018-01-15 12:08:25,450 :: GoPro :: INFO :: Wake up GoPro...
2018-01-15 12:08:35,473 :: GoPro :: ERROR :: Failed to send command to GoPro: <urlopen error timed out>
2018-01-15 12:08:45,492 :: GoPro :: INFO :: - Taking a photo
2018-01-15 12:08:55,507 :: GoPro :: ERROR :: Failed to send command to GoPro: <urlopen error timed out>
2018-01-15 12:09:05,520 :: GoPro :: INFO :: - Download media
2018-01-15 12:09:15,533 :: GoPro :: ERROR :: <urlopen error timed out>
2018-01-15 12:09:15,535 :: GoPro :: INFO :: - Sleep
2018-01-15 12:09:25,549 :: GoPro :: ERROR :: Failed to send command to GoPro: <urlopen error timed out>
2018-01-15 13:00:20,578 :: GoPro :: DEBUG :: ========== Starting GoPro H3 Controller ==========
2018-01-15 13:00:20,597 :: GoPro :: DEBUG :: Sleeping for 1 minutes
2018-01-15 13:08:26,085 :: GoPro :: INFO :: Wake up GoPro...
2018-01-15 13:08:36,108 :: GoPro :: ERROR :: Failed to send command to GoPro: <urlopen error timed out>
2018-01-15 13:08:46,122 :: GoPro :: INFO :: - Taking a photo
2018-01-15 13:08:56,137 :: GoPro :: ERROR :: Failed to send command to GoPro: <urlopen error timed out>
2018-01-15 13:09:06,150 :: GoPro :: INFO :: - Download media
2018-01-15 13:09:16,163 :: GoPro :: ERROR :: <urlopen error timed out>
2018-01-15 13:09:16,165 :: GoPro :: INFO :: - Sleep
2018-01-15 13:09:26,179 :: GoPro :: ERROR :: Failed to send command to GoPro: <urlopen error timed out>
2018-01-15 14:00:20,324 :: GoPro :: DEBUG :: ========== Starting GoPro H3 Controller ==========
2018-01-15 14:00:20,364 :: GoPro :: DEBUG :: Sleeping for 1 minutes
2018-01-15 14:08:26,367 :: GoPro :: INFO :: Wake up GoPro...
2018-01-15 14:08:36,389 :: GoPro :: ERROR :: Failed to send command to GoPro: <urlopen error timed out>
2018-01-15 14:08:46,409 :: GoPro :: INFO :: - Taking a photo
2018-01-15 14:08:56,424 :: GoPro :: ERROR :: Failed to send command to GoPro: <urlopen error timed out>
2018-01-15 14:09:06,437 :: GoPro :: INFO :: - Download media
2018-01-15 14:09:16,451 :: GoPro :: ERROR :: <urlopen error timed out>
2018-01-15 14:09:16,452 :: GoPro :: INFO :: - Sleep
2018-01-15 14:09:26,467 :: GoPro :: ERROR :: Failed to send command to GoPro: <urlopen error timed out>
2018-01-15 15:00:20,117 :: GoPro :: DEBUG :: ========== Starting GoPro H3 Controller ==========
2018-01-15 15:00:20,134 :: GoPro :: DEBUG :: Sleeping for 1 minutes
2018-01-15 15:08:26,616 :: GoPro :: INFO :: Wake up GoPro...
2018-01-15 15:08:36,638 :: GoPro :: ERROR :: Failed to send command to GoPro: <urlopen error timed out>
2018-01-15 15:08:46,653 :: GoPro :: INFO :: - Taking a photo
2018-01-15 15:08:56,668 :: GoPro :: ERROR :: Failed to send command to GoPro: <urlopen error timed out>
2018-01-15 15:09:06,681 :: GoPro :: INFO :: - Download media
2018-01-15 15:09:16,694 :: GoPro :: ERROR :: <urlopen error timed out>
2018-01-15 15:09:16,696 :: GoPro :: INFO :: - Sleep
2018-01-15 15:09:26,710 :: GoPro :: ERROR :: Failed to send command to GoPro: <urlopen error timed out>
2018-01-15 16:00:20,647 :: GoPro :: DEBUG :: ========== Starting GoPro H3 Controller ==========
2018-01-15 16:00:20,665 :: GoPro :: DEBUG :: Sleeping for 1 minutes
2018-01-15 16:08:27,644 :: GoPro :: INFO :: Wake up GoPro...
2018-01-15 16:08:37,667 :: GoPro :: ERROR :: Failed to send command to GoPro: <urlopen error timed out>
2018-01-15 16:08:47,682 :: GoPro :: INFO :: - Taking a photo
2018-01-15 16:08:57,696 :: GoPro :: ERROR :: Failed to send command to GoPro: <urlopen error timed out>
2018-01-15 16:09:07,710 :: GoPro :: INFO :: - Download media
2018-01-15 16:09:17,723 :: GoPro :: ERROR :: <urlopen error timed out>
2018-01-15 16:09:17,725 :: GoPro :: INFO :: - Sleep
2018-01-15 16:09:27,739 :: GoPro :: ERROR :: Failed to send command to GoPro: <urlopen error timed out>
2018-01-15 17:00:20,027 :: GoPro :: DEBUG :: ========== Starting GoPro H3 Controller ==========
2018-01-15 17:00:20,045 :: GoPro :: DEBUG :: Sleeping for 1 minutes
2018-01-15 17:08:27,528 :: GoPro :: INFO :: Wake up GoPro...
2018-01-15 17:08:37,551 :: GoPro :: ERROR :: Failed to send command to GoPro: <urlopen error timed out>
2018-01-15 17:08:47,565 :: GoPro :: INFO :: - Taking a photo
2018-01-15 17:08:57,580 :: GoPro :: ERROR :: Failed to send command to GoPro: <urlopen error timed out>
2018-01-15 17:09:07,593 :: GoPro :: INFO :: - Download media
2018-01-15 17:09:17,607 :: GoPro :: ERROR :: <urlopen error timed out>
2018-01-15 17:09:17,608 :: GoPro :: INFO :: - Sleep
2018-01-15 17:09:27,626 :: GoPro :: ERROR :: Failed to send command to GoPro: <urlopen error timed out>
2018-01-15 18:00:20,136 :: GoPro :: DEBUG :: ========== Starting GoPro H3 Controller ==========
2018-01-15 18:00:20,162 :: GoPro :: DEBUG :: Sleeping for 1 minutes
2018-01-15 18:08:28,151 :: GoPro :: INFO :: Wake up GoPro...
2018-01-15 18:08:38,174 :: GoPro :: ERROR :: Failed to send command to GoPro: <urlopen error timed out>
2018-01-15 18:08:48,188 :: GoPro :: INFO :: - Taking a photo
2018-01-15 18:08:58,203 :: GoPro :: ERROR :: Failed to send command to GoPro: <urlopen error timed out>
2018-01-15 18:09:08,216 :: GoPro :: INFO :: - Download media
2018-01-15 18:09:18,229 :: GoPro :: ERROR :: <urlopen error timed out>
2018-01-15 18:09:18,231 :: GoPro :: INFO :: - Sleep
2018-01-15 18:09:28,246 :: GoPro :: ERROR :: Failed to send command to GoPro: <urlopen error timed out>
2018-01-15 19:00:20,575 :: GoPro :: DEBUG :: ========== Starting GoPro H3 Controller ==========
2018-01-15 19:00:20,605 :: GoPro :: DEBUG :: Sleeping for 1 minutes
2018-01-15 19:08:29,084 :: GoPro :: INFO :: Wake up GoPro...
2018-01-15 19:08:39,107 :: GoPro :: ERROR :: Failed to send command to GoPro: <urlopen error timed out>
2018-01-15 19:08:49,121 :: GoPro :: INFO :: - Taking a photo
2018-01-15 19:08:59,136 :: GoPro :: ERROR :: Failed to send command to GoPro: <urlopen error timed out>
2018-01-15 19:09:09,148 :: GoPro :: INFO :: - Download media
2018-01-15 19:09:19,162 :: GoPro :: ERROR :: <urlopen error timed out>
2018-01-15 19:09:19,163 :: GoPro :: INFO :: - Sleep
2018-01-15 19:09:29,177 :: GoPro :: ERROR :: Failed to send command to GoPro: <urlopen error timed out>
2018-01-16 07:00:22,097 :: GoPro :: DEBUG :: ========== Starting GoPro H3 Controller ==========
2018-01-16 07:00:22,111 :: GoPro :: DEBUG :: Sleeping for 1 minutes
2018-01-16 07:08:31,068 :: GoPro :: INFO :: Wake up GoPro...
2018-01-16 07:08:41,091 :: GoPro :: ERROR :: Failed to send command to GoPro: <urlopen error timed out>
2018-01-16 07:08:51,106 :: GoPro :: INFO :: - Taking a photo
2018-01-16 07:09:01,121 :: GoPro :: ERROR :: Failed to send command to GoPro: <urlopen error timed out>
2018-01-16 07:09:11,134 :: GoPro :: INFO :: - Download media
2018-01-16 07:09:21,148 :: GoPro :: ERROR :: <urlopen error timed out>
2018-01-16 07:09:21,149 :: GoPro :: INFO :: - Sleep
2018-01-16 07:09:31,164 :: GoPro :: ERROR :: Failed to send command to GoPro: <urlopen error timed out>
2018-01-16 08:00:20,353 :: GoPro :: DEBUG :: ========== Starting GoPro H3 Controller ==========
2018-01-16 08:00:20,364 :: GoPro :: DEBUG :: Sleeping for 1 minutes
2018-01-16 08:08:29,864 :: GoPro :: INFO :: Wake up GoPro...
2018-01-16 08:08:39,886 :: GoPro :: ERROR :: Failed to send command to GoPro: <urlopen error timed out>
2018-01-16 08:08:49,901 :: GoPro :: INFO :: - Taking a photo
2018-01-16 08:08:59,916 :: GoPro :: ERROR :: Failed to send command to GoPro: <urlopen error timed out>
2018-01-16 08:09:09,929 :: GoPro :: INFO :: - Download media
2018-01-16 08:09:19,942 :: GoPro :: ERROR :: <urlopen error timed out>
2018-01-16 08:09:19,944 :: GoPro :: INFO :: - Sleep
2018-01-16 08:09:29,958 :: GoPro :: ERROR :: Failed to send command to GoPro: <urlopen error timed out>
2018-01-16 09:00:20,444 :: GoPro :: DEBUG :: ========== Starting GoPro H3 Controller ==========
2018-01-16 09:00:20,466 :: GoPro :: DEBUG :: Sleeping for 1 minutes
2018-01-16 09:08:30,465 :: GoPro :: INFO :: Wake up GoPro...
2018-01-16 09:08:40,488 :: GoPro :: ERROR :: Failed to send command to GoPro: <urlopen error timed out>
2018-01-16 09:08:50,502 :: GoPro :: INFO :: - Taking a photo
2018-01-16 09:09:00,517 :: GoPro :: ERROR :: Failed to send command to GoPro: <urlopen error timed out>
2018-01-16 09:09:10,530 :: GoPro :: INFO :: - Download media
2018-01-16 09:09:20,544 :: GoPro :: ERROR :: <urlopen error timed out>
2018-01-16 09:09:20,545 :: GoPro :: INFO :: - Sleep
2018-01-16 09:09:30,560 :: GoPro :: ERROR :: Failed to send command to GoPro: <urlopen error timed out>
2018-01-16 10:00:19,916 :: GoPro :: DEBUG :: ========== Starting GoPro H3 Controller ==========
2018-01-16 10:00:19,931 :: GoPro :: DEBUG :: Sleeping for 1 minutes
2018-01-16 10:08:30,384 :: GoPro :: INFO :: Wake up GoPro...
2018-01-16 10:08:40,406 :: GoPro :: ERROR :: Failed to send command to GoPro: <urlopen error timed out>
2018-01-16 10:08:50,421 :: GoPro :: INFO :: - Taking a photo
2018-01-16 10:09:00,435 :: GoPro :: ERROR :: Failed to send command to GoPro: <urlopen error timed out>
2018-01-16 10:09:10,449 :: GoPro :: INFO :: - Download media
2018-01-16 10:09:20,462 :: GoPro :: ERROR :: <urlopen error timed out>
2018-01-16 10:09:20,464 :: GoPro :: INFO :: - Sleep
2018-01-16 10:09:30,481 :: GoPro :: ERROR :: Failed to send command to GoPro: <urlopen error timed out>
2018-01-16 11:00:20,942 :: GoPro :: DEBUG :: ========== Starting GoPro H3 Controller ==========
2018-01-16 11:00:20,960 :: GoPro :: DEBUG :: Sleeping for 1 minutes
2018-01-16 11:08:31,904 :: GoPro :: INFO :: Wake up GoPro...
2018-01-16 11:08:41,926 :: GoPro :: ERROR :: Failed to send command to GoPro: <urlopen error timed out>
2018-01-16 11:08:51,941 :: GoPro :: INFO :: - Taking a photo
2018-01-16 11:09:01,953 :: GoPro :: ERROR :: Failed to send command to GoPro: <urlopen error timed out>
2018-01-16 11:09:11,966 :: GoPro :: INFO :: - Download media
2018-01-16 11:09:21,979 :: GoPro :: ERROR :: <urlopen error timed out>
2018-01-16 11:09:21,981 :: GoPro :: INFO :: - Sleep
2018-01-16 11:09:31,995 :: GoPro :: ERROR :: Failed to send command to GoPro: <urlopen error timed out>
2018-01-16 12:00:20,637 :: GoPro :: DEBUG :: ========== Starting GoPro H3 Controller ==========
2018-01-16 12:00:20,645 :: GoPro :: DEBUG :: Sleeping for 1 minutes
2018-01-16 12:08:32,092 :: GoPro :: INFO :: Wake up GoPro...
2018-01-16 12:08:42,115 :: GoPro :: ERROR :: Failed to send command to GoPro: <urlopen error timed out>
2018-01-16 12:08:52,130 :: GoPro :: INFO :: - Taking a photo
2018-01-16 12:09:02,145 :: GoPro :: ERROR :: Failed to send command to GoPro: <urlopen error timed out>
2018-01-16 12:09:12,158 :: GoPro :: INFO :: - Download media
2018-01-16 12:09:22,171 :: GoPro :: ERROR :: <urlopen error timed out>
2018-01-16 12:09:22,173 :: GoPro :: INFO :: - Sleep
2018-01-16 12:09:32,187 :: GoPro :: ERROR :: Failed to send command to GoPro: <urlopen error timed out>
2018-01-16 13:00:20,568 :: GoPro :: DEBUG :: ========== Starting GoPro H3 Controller ==========
2018-01-16 13:00:20,591 :: GoPro :: DEBUG :: Sleeping for 1 minutes
2018-01-16 13:08:32,548 :: GoPro :: INFO :: Wake up GoPro...
2018-01-16 13:08:42,571 :: GoPro :: ERROR :: Failed to send command to GoPro: <urlopen error timed out>
2018-01-16 13:08:52,585 :: GoPro :: INFO :: - Taking a photo
2018-01-16 13:09:02,600 :: GoPro :: ERROR :: Failed to send command to GoPro: <urlopen error timed out>
2018-01-16 13:09:12,613 :: GoPro :: INFO :: - Download media
2018-01-16 13:09:22,627 :: GoPro :: ERROR :: <urlopen error timed out>
2018-01-16 13:09:22,628 :: GoPro :: INFO :: - Sleep
2018-01-16 13:09:32,643 :: GoPro :: ERROR :: Failed to send command to GoPro: <urlopen error timed out>
2018-01-16 14:00:20,369 :: GoPro :: DEBUG :: ========== Starting GoPro H3 Controller ==========
2018-01-16 14:00:20,376 :: GoPro :: DEBUG :: Sleeping for 1 minutes
2018-01-16 14:08:32,821 :: GoPro :: INFO :: Wake up GoPro...
2018-01-16 14:08:42,844 :: GoPro :: ERROR :: Failed to send command to GoPro: <urlopen error timed out>
2018-01-16 14:08:52,859 :: GoPro :: INFO :: - Taking a photo
2018-01-16 14:09:02,873 :: GoPro :: ERROR :: Failed to send command to GoPro: <urlopen error timed out>
2018-01-16 14:09:12,886 :: GoPro :: INFO :: - Download media
2018-01-16 14:09:22,900 :: GoPro :: ERROR :: <urlopen error timed out>
2018-01-16 14:09:22,901 :: GoPro :: INFO :: - Sleep
2018-01-16 14:09:32,916 :: GoPro :: ERROR :: Failed to send command to GoPro: <urlopen error timed out>
2018-01-16 15:00:20,708 :: GoPro :: DEBUG :: ========== Starting GoPro H3 Controller ==========
2018-01-16 15:00:20,733 :: GoPro :: DEBUG :: Sleeping for 1 minutes
2018-01-16 15:08:33,678 :: GoPro :: INFO :: Wake up GoPro...
2018-01-16 15:08:43,701 :: GoPro :: ERROR :: Failed to send command to GoPro: <urlopen error timed out>
2018-01-16 15:08:53,716 :: GoPro :: INFO :: - Taking a photo
2018-01-16 15:09:03,730 :: GoPro :: ERROR :: Failed to send command to GoPro: <urlopen error timed out>
2018-01-16 15:09:13,744 :: GoPro :: INFO :: - Download media
2018-01-16 15:09:23,757 :: GoPro :: ERROR :: <urlopen error timed out>
2018-01-16 15:09:23,759 :: GoPro :: INFO :: - Sleep
2018-01-16 15:09:33,773 :: GoPro :: ERROR :: Failed to send command to GoPro: <urlopen error timed out>
2018-01-16 16:00:20,384 :: GoPro :: DEBUG :: ========== Starting GoPro H3 Controller ==========
2018-01-16 16:00:20,401 :: GoPro :: DEBUG :: Sleeping for 1 minutes
2018-01-16 16:08:33,846 :: GoPro :: INFO :: Wake up GoPro...
2018-01-16 16:08:43,869 :: GoPro :: ERROR :: Failed to send command to GoPro: <urlopen error timed out>
2018-01-16 16:08:53,888 :: GoPro :: INFO :: - Taking a photo
2018-01-16 16:09:03,900 :: GoPro :: ERROR :: Failed to send command to GoPro: <urlopen error timed out>
2018-01-16 16:09:13,912 :: GoPro :: INFO :: - Download media
2018-01-16 16:09:23,926 :: GoPro :: ERROR :: <urlopen error timed out>
2018-01-16 16:09:23,928 :: GoPro :: INFO :: - Sleep
2018-01-16 16:09:33,942 :: GoPro :: ERROR :: Failed to send command to GoPro: <urlopen error timed out>
2018-01-16 17:00:20,445 :: GoPro :: DEBUG :: ========== Starting GoPro H3 Controller ==========
2018-01-16 17:00:20,451 :: GoPro :: DEBUG :: Sleeping for 1 minutes
2018-01-16 17:08:34,408 :: GoPro :: INFO :: Wake up GoPro...
2018-01-16 17:08:44,431 :: GoPro :: ERROR :: Failed to send command to GoPro: <urlopen error timed out>
2018-01-16 17:08:54,445 :: GoPro :: INFO :: - Taking a photo
2018-01-16 17:09:04,460 :: GoPro :: ERROR :: Failed to send command to GoPro: <urlopen error timed out>
2018-01-16 17:09:14,473 :: GoPro :: INFO :: - Download media
2018-01-16 17:09:24,486 :: GoPro :: ERROR :: <urlopen error timed out>
2018-01-16 17:09:24,488 :: GoPro :: INFO :: - Sleep
2018-01-16 17:09:34,502 :: GoPro :: ERROR :: Failed to send command to GoPro: <urlopen error timed out>
2018-01-16 18:00:20,248 :: GoPro :: DEBUG :: ========== Starting GoPro H3 Controller ==========
2018-01-16 18:00:20,265 :: GoPro :: DEBUG :: Sleeping for 1 minutes
2018-01-16 18:08:34,727 :: GoPro :: INFO :: Wake up GoPro...
2018-01-16 18:08:44,750 :: GoPro :: ERROR :: Failed to send command to GoPro: <urlopen error timed out>
2018-01-16 18:08:54,765 :: GoPro :: INFO :: - Taking a photo
2018-01-16 18:09:04,779 :: GoPro :: ERROR :: Failed to send command to GoPro: <urlopen error timed out>
2018-01-16 18:09:14,796 :: GoPro :: INFO :: - Download media
2018-01-16 18:09:24,809 :: GoPro :: ERROR :: <urlopen error timed out>
2018-01-16 18:09:24,811 :: GoPro :: INFO :: - Sleep
2018-01-16 18:09:34,825 :: GoPro :: ERROR :: Failed to send command to GoPro: <urlopen error timed out>
2018-01-16 19:00:20,646 :: GoPro :: DEBUG :: ========== Starting GoPro H3 Controller ==========
2018-01-16 19:00:20,667 :: GoPro :: DEBUG :: Sleeping for 1 minutes
2018-01-16 19:08:35,615 :: GoPro :: INFO :: Wake up GoPro...
2018-01-16 19:08:45,638 :: GoPro :: ERROR :: Failed to send command to GoPro: <urlopen error timed out>
2018-01-16 19:08:55,652 :: GoPro :: INFO :: - Taking a photo
2018-01-16 19:09:05,667 :: GoPro :: ERROR :: Failed to send command to GoPro: <urlopen error timed out>
2018-01-16 19:09:15,685 :: GoPro :: INFO :: - Download media
2018-01-16 19:09:25,698 :: GoPro :: ERROR :: <urlopen error timed out>
2018-01-16 19:09:25,700 :: GoPro :: INFO :: - Sleep
2018-01-16 19:09:35,715 :: GoPro :: ERROR :: Failed to send command to GoPro: <urlopen error timed out>
2018-01-17 07:00:21,891 :: GoPro :: DEBUG :: ========== Starting GoPro H3 Controller ==========
2018-01-17 07:00:21,926 :: GoPro :: DEBUG :: Sleeping for 1 minutes
2018-01-17 07:08:37,341 :: GoPro :: INFO :: Wake up GoPro...
2018-01-17 07:08:47,364 :: GoPro :: ERROR :: Failed to send command to GoPro: <urlopen error timed out>
2018-01-17 07:08:57,378 :: GoPro :: INFO :: - Taking a photo
2018-01-17 07:09:07,393 :: GoPro :: ERROR :: Failed to send command to GoPro: <urlopen error timed out>
2018-01-17 07:09:17,406 :: GoPro :: INFO :: - Download media
2018-01-17 07:09:27,420 :: GoPro :: ERROR :: <urlopen error timed out>
2018-01-17 07:09:27,421 :: GoPro :: INFO :: - Sleep
2018-01-17 07:09:37,436 :: GoPro :: ERROR :: Failed to send command to GoPro: <urlopen error timed out>
2018-01-17 08:00:20,420 :: GoPro :: DEBUG :: ========== Starting GoPro H3 Controller ==========
2018-01-17 08:00:20,435 :: GoPro :: DEBUG :: Sleeping for 1 minutes
2018-01-17 08:08:36,446 :: GoPro :: INFO :: Wake up GoPro...
2018-01-17 08:08:46,469 :: GoPro :: ERROR :: Failed to send command to GoPro: <urlopen error timed out>
2018-01-17 08:08:56,484 :: GoPro :: INFO :: - Taking a photo
2018-01-17 08:09:06,498 :: GoPro :: ERROR :: Failed to send command to GoPro: <urlopen error timed out>
2018-01-17 08:09:16,512 :: GoPro :: INFO :: - Download media
2018-01-17 08:09:26,525 :: GoPro :: ERROR :: <urlopen error timed out>
2018-01-17 08:09:26,527 :: GoPro :: INFO :: - Sleep
2018-01-17 08:09:36,538 :: GoPro :: ERROR :: Failed to send command to GoPro: <urlopen error timed out>
2018-01-17 09:00:21,851 :: GoPro :: DEBUG :: ========== Starting GoPro H3 Controller ==========
2018-01-17 09:00:21,859 :: GoPro :: DEBUG :: Sleeping for 1 minutes
2018-01-17 09:08:38,291 :: GoPro :: INFO :: Wake up GoPro...
2018-01-17 09:08:48,313 :: GoPro :: ERROR :: Failed to send command to GoPro: <urlopen error timed out>
2018-01-17 09:08:58,328 :: GoPro :: INFO :: - Taking a photo
2018-01-17 09:09:08,343 :: GoPro :: ERROR :: Failed to send command to GoPro: <urlopen error timed out>
2018-01-17 09:09:18,356 :: GoPro :: INFO :: - Download media
2018-01-17 09:09:28,370 :: GoPro :: ERROR :: <urlopen error timed out>
2018-01-17 09:09:28,371 :: GoPro :: INFO :: - Sleep
2018-01-17 09:09:38,386 :: GoPro :: ERROR :: Failed to send command to GoPro: <urlopen error timed out>
2018-01-17 10:00:20,535 :: GoPro :: DEBUG :: ========== Starting GoPro H3 Controller ==========
2018-01-17 10:00:20,545 :: GoPro :: DEBUG :: Sleeping for 1 minutes
2018-01-17 10:08:37,470 :: GoPro :: INFO :: Wake up GoPro...
2018-01-17 10:08:47,492 :: GoPro :: ERROR :: Failed to send command to GoPro: <urlopen error timed out>
2018-01-17 10:08:57,507 :: GoPro :: INFO :: - Taking a photo
2018-01-17 10:09:07,522 :: GoPro :: ERROR :: Failed to send command to GoPro: <urlopen error timed out>
2018-01-17 10:09:17,535 :: GoPro :: INFO :: - Download media
2018-01-17 10:09:27,549 :: GoPro :: ERROR :: <urlopen error timed out>
2018-01-17 10:09:27,550 :: GoPro :: INFO :: - Sleep
2018-01-17 10:09:37,561 :: GoPro :: ERROR :: Failed to send command to GoPro: <urlopen error timed out>
2018-01-17 11:00:20,175 :: GoPro :: DEBUG :: ========== Starting GoPro H3 Controller ==========
2018-01-17 11:00:20,204 :: GoPro :: DEBUG :: Sleeping for 1 minutes
2018-01-17 11:08:37,637 :: GoPro :: INFO :: Wake up GoPro...
2018-01-17 11:08:47,659 :: GoPro :: ERROR :: Failed to send command to GoPro: <urlopen error timed out>
2018-01-17 11:08:57,674 :: GoPro :: INFO :: - Taking a photo
2018-01-17 11:09:07,688 :: GoPro :: ERROR :: Failed to send command to GoPro: <urlopen error timed out>
2018-01-17 11:09:17,701 :: GoPro :: INFO :: - Download media
2018-01-17 11:09:27,715 :: GoPro :: ERROR :: <urlopen error timed out>
2018-01-17 11:09:27,716 :: GoPro :: INFO :: - Sleep
2018-01-17 11:09:37,731 :: GoPro :: ERROR :: Failed to send command to GoPro: <urlopen error timed out>
2018-01-17 12:00:20,136 :: GoPro :: DEBUG :: ========== Starting GoPro H3 Controller ==========
2018-01-17 12:00:20,160 :: GoPro :: DEBUG :: Sleeping for 1 minutes
2018-01-17 12:08:38,093 :: GoPro :: INFO :: Wake up GoPro...
2018-01-17 12:08:48,116 :: GoPro :: ERROR :: Failed to send command to GoPro: <urlopen error timed out>
2018-01-17 12:08:58,135 :: GoPro :: INFO :: - Taking a photo
2018-01-17 12:09:08,150 :: GoPro :: ERROR :: Failed to send command to GoPro: <urlopen error timed out>
2018-01-17 12:09:18,164 :: GoPro :: INFO :: - Download media
2018-01-17 12:09:28,177 :: GoPro :: ERROR :: <urlopen error timed out>
2018-01-17 12:09:28,179 :: GoPro :: INFO :: - Sleep
2018-01-17 12:09:38,193 :: GoPro :: ERROR :: Failed to send command to GoPro: <urlopen error timed out>
2018-01-17 13:00:20,461 :: GoPro :: DEBUG :: ========== Starting GoPro H3 Controller ==========
2018-01-17 13:00:20,508 :: GoPro :: DEBUG :: Sleeping for 1 minutes
2018-01-17 13:08:38,956 :: GoPro :: INFO :: Wake up GoPro...
2018-01-17 13:08:48,979 :: GoPro :: ERROR :: Failed to send command to GoPro: <urlopen error timed out>
2018-01-17 13:08:58,998 :: GoPro :: INFO :: - Taking a photo
2018-01-17 13:09:09,011 :: GoPro :: ERROR :: Failed to send command to GoPro: <urlopen error timed out>
2018-01-17 13:09:19,028 :: GoPro :: INFO :: - Download media
2018-01-17 13:09:29,041 :: GoPro :: ERROR :: <urlopen error timed out>
2018-01-17 13:09:29,043 :: GoPro :: INFO :: - Sleep
2018-01-17 13:09:39,057 :: GoPro :: ERROR :: Failed to send command to GoPro: <urlopen error timed out>
2018-01-17 14:00:20,580 :: GoPro :: DEBUG :: ========== Starting GoPro H3 Controller ==========
2018-01-17 14:00:20,611 :: GoPro :: DEBUG :: Sleeping for 1 minutes
2018-01-17 14:08:39,541 :: GoPro :: INFO :: Wake up GoPro...
2018-01-17 14:08:49,564 :: GoPro :: ERROR :: Failed to send command to GoPro: <urlopen error timed out>
2018-01-17 14:08:59,579 :: GoPro :: INFO :: - Taking a photo
2018-01-17 14:09:09,593 :: GoPro :: ERROR :: Failed to send command to GoPro: <urlopen error timed out>
2018-01-17 14:09:19,606 :: GoPro :: INFO :: - Download media
2018-01-17 14:09:29,620 :: GoPro :: ERROR :: <urlopen error timed out>
2018-01-17 14:09:29,621 :: GoPro :: INFO :: - Sleep
2018-01-17 14:09:39,627 :: GoPro :: ERROR :: Failed to send command to GoPro: <urlopen error timed out>
2018-01-17 15:00:20,462 :: GoPro :: DEBUG :: ========== Starting GoPro H3 Controller ==========
2018-01-17 15:00:20,480 :: GoPro :: DEBUG :: Sleeping for 1 minutes
2018-01-17 15:08:39,905 :: GoPro :: INFO :: Wake up GoPro...
2018-01-17 15:08:49,927 :: GoPro :: ERROR :: Failed to send command to GoPro: <urlopen error timed out>
2018-01-17 15:08:59,942 :: GoPro :: INFO :: - Taking a photo
2018-01-17 15:09:09,956 :: GoPro :: ERROR :: Failed to send command to GoPro: <urlopen error timed out>
2018-01-17 15:09:19,970 :: GoPro :: INFO :: - Download media
2018-01-17 15:09:29,983 :: GoPro :: ERROR :: <urlopen error timed out>
2018-01-17 15:09:29,985 :: GoPro :: INFO :: - Sleep
2018-01-17 15:09:39,999 :: GoPro :: ERROR :: Failed to send command to GoPro: <urlopen error timed out>
2018-01-17 16:00:20,642 :: GoPro :: DEBUG :: ========== Starting GoPro H3 Controller ==========
2018-01-17 16:00:20,668 :: GoPro :: DEBUG :: Sleeping for 1 minutes
2018-01-17 16:08:40,599 :: GoPro :: INFO :: Wake up GoPro...
2018-01-17 16:08:50,622 :: GoPro :: ERROR :: Failed to send command to GoPro: <urlopen error timed out>
2018-01-17 16:09:00,637 :: GoPro :: INFO :: - Taking a photo
2018-01-17 16:09:10,652 :: GoPro :: ERROR :: Failed to send command to GoPro: <urlopen error timed out>
2018-01-17 16:09:20,665 :: GoPro :: INFO :: - Download media
2018-01-17 16:09:30,678 :: GoPro :: ERROR :: <urlopen error timed out>
2018-01-17 16:09:30,680 :: GoPro :: INFO :: - Sleep
2018-01-17 16:09:40,694 :: GoPro :: ERROR :: Failed to send command to GoPro: <urlopen error timed out>
2018-01-17 17:00:20,762 :: GoPro :: DEBUG :: ========== Starting GoPro H3 Controller ==========
2018-01-17 17:00:20,783 :: GoPro :: DEBUG :: Sleeping for 1 minutes
2018-01-17 17:08:41,249 :: GoPro :: INFO :: Wake up GoPro...
2018-01-17 17:08:51,272 :: GoPro :: ERROR :: Failed to send command to GoPro: <urlopen error timed out>
2018-01-17 17:09:01,287 :: GoPro :: INFO :: - Taking a photo
2018-01-17 17:09:11,302 :: GoPro :: ERROR :: Failed to send command to GoPro: <urlopen error timed out>
2018-01-17 17:09:21,313 :: GoPro :: INFO :: - Download media
2018-01-17 17:09:31,327 :: GoPro :: ERROR :: <urlopen error timed out>
2018-01-17 17:09:31,328 :: GoPro :: INFO :: - Sleep
2018-01-17 17:09:41,343 :: GoPro :: ERROR :: Failed to send command to GoPro: <urlopen error timed out>
2018-01-17 18:00:20,042 :: GoPro :: DEBUG :: ========== Starting GoPro H3 Controller ==========
2018-01-17 18:00:20,060 :: GoPro :: DEBUG :: Sleeping for 1 minutes
2018-01-17 18:08:40,992 :: GoPro :: INFO :: Wake up GoPro...
2018-01-17 18:08:51,014 :: GoPro :: ERROR :: Failed to send command to GoPro: <urlopen error timed out>
2018-01-17 18:09:01,033 :: GoPro :: INFO :: - Taking a photo
2018-01-17 18:09:11,053 :: GoPro :: ERROR :: Failed to send command to GoPro: <urlopen error timed out>
2018-01-17 18:09:21,071 :: GoPro :: INFO :: - Download media
2018-01-17 18:09:31,089 :: GoPro :: ERROR :: <urlopen error timed out>
2018-01-17 18:09:31,091 :: GoPro :: INFO :: - Sleep
2018-01-17 18:09:41,105 :: GoPro :: ERROR :: Failed to send command to GoPro: <urlopen error timed out>
2018-01-17 19:00:20,195 :: GoPro :: DEBUG :: ========== Starting GoPro H3 Controller ==========
2018-01-17 19:00:20,216 :: GoPro :: DEBUG :: Sleeping for 1 minutes
2018-01-17 19:08:41,657 :: GoPro :: INFO :: Wake up GoPro...
2018-01-17 19:08:51,680 :: GoPro :: ERROR :: Failed to send command to GoPro: <urlopen error timed out>
2018-01-17 19:09:01,699 :: GoPro :: INFO :: - Taking a photo
2018-01-17 19:09:11,713 :: GoPro :: ERROR :: Failed to send command to GoPro: <urlopen error timed out>
2018-01-17 19:09:21,727 :: GoPro :: INFO :: - Download media
2018-01-17 19:09:31,740 :: GoPro :: ERROR :: <urlopen error timed out>
2018-01-17 19:09:31,742 :: GoPro :: INFO :: - Sleep
2018-01-17 19:09:41,756 :: GoPro :: ERROR :: Failed to send command to GoPro: <urlopen error timed out>
2018-01-18 07:00:21,482 :: GoPro :: DEBUG :: ========== Starting GoPro H3 Controller ==========
2018-01-18 07:00:21,511 :: GoPro :: DEBUG :: Sleeping for 1 minutes
2018-01-18 07:08:43,402 :: GoPro :: INFO :: Wake up GoPro...
2018-01-18 07:08:53,425 :: GoPro :: ERROR :: Failed to send command to GoPro: <urlopen error timed out>
2018-01-18 07:09:03,444 :: GoPro :: INFO :: - Taking a photo
2018-01-18 07:09:13,459 :: GoPro :: ERROR :: Failed to send command to GoPro: <urlopen error timed out>
2018-01-18 07:09:23,472 :: GoPro :: INFO :: - Download media
2018-01-18 07:09:33,485 :: GoPro :: ERROR :: <urlopen error timed out>
2018-01-18 07:09:33,487 :: GoPro :: INFO :: - Sleep
2018-01-18 07:09:43,501 :: GoPro :: ERROR :: Failed to send command to GoPro: <urlopen error timed out>
2018-01-18 08:00:20,060 :: GoPro :: DEBUG :: ========== Starting GoPro H3 Controller ==========
2018-01-18 08:00:20,070 :: GoPro :: DEBUG :: Sleeping for 1 minutes
2018-01-18 08:08:42,477 :: GoPro :: INFO :: Wake up GoPro...
2018-01-18 08:08:52,494 :: GoPro :: ERROR :: Failed to send command to GoPro: <urlopen error timed out>
2018-01-18 08:09:02,508 :: GoPro :: INFO :: - Taking a photo
2018-01-18 08:09:12,523 :: GoPro :: ERROR :: Failed to send command to GoPro: <urlopen error timed out>
2018-01-18 08:09:22,536 :: GoPro :: INFO :: - Download media
2018-01-18 08:09:32,550 :: GoPro :: ERROR :: <urlopen error timed out>
2018-01-18 08:09:32,551 :: GoPro :: INFO :: - Sleep
2018-01-18 08:09:42,566 :: GoPro :: ERROR :: Failed to send command to GoPro: <urlopen error timed out>
2018-01-18 09:00:21,341 :: GoPro :: DEBUG :: ========== Starting GoPro H3 Controller ==========
2018-01-18 09:00:21,354 :: GoPro :: DEBUG :: Sleeping for 1 minutes
2018-01-18 09:08:44,249 :: GoPro :: INFO :: Wake up GoPro...
2018-01-18 09:08:54,272 :: GoPro :: ERROR :: Failed to send command to GoPro: <urlopen error timed out>
2018-01-18 09:09:04,286 :: GoPro :: INFO :: - Taking a photo
2018-01-18 09:09:14,301 :: GoPro :: ERROR :: Failed to send command to GoPro: <urlopen error timed out>
2018-01-18 09:09:24,314 :: GoPro :: INFO :: - Download media
2018-01-18 09:09:34,327 :: GoPro :: ERROR :: <urlopen error timed out>
2018-01-18 09:09:34,329 :: GoPro :: INFO :: - Sleep
2018-01-18 09:09:44,343 :: GoPro :: ERROR :: Failed to send command to GoPro: <urlopen error timed out>
2018-01-18 10:00:20,511 :: GoPro :: DEBUG :: ========== Starting GoPro H3 Controller ==========
2018-01-18 10:00:20,535 :: GoPro :: DEBUG :: Sleeping for 1 minutes
2018-01-18 10:08:43,977 :: GoPro :: INFO :: Wake up GoPro...
2018-01-18 10:08:54,001 :: GoPro :: ERROR :: Failed to send command to GoPro: <urlopen error timed out>
2018-01-18 10:09:04,020 :: GoPro :: INFO :: - Taking a photo
2018-01-18 10:09:14,040 :: GoPro :: ERROR :: Failed to send command to GoPro: <urlopen error timed out>
2018-01-18 10:09:24,058 :: GoPro :: INFO :: - Download media
2018-01-18 10:09:34,076 :: GoPro :: ERROR :: <urlopen error timed out>
2018-01-18 10:09:34,078 :: GoPro :: INFO :: - Sleep
2018-01-18 10:09:44,092 :: GoPro :: ERROR :: Failed to send command to GoPro: <urlopen error timed out>
2018-01-18 11:00:20,469 :: GoPro :: DEBUG :: ========== Starting GoPro H3 Controller ==========
2018-01-18 11:00:20,474 :: GoPro :: DEBUG :: Sleeping for 1 minutes
2018-01-18 11:08:44,378 :: GoPro :: INFO :: Wake up GoPro...
2018-01-18 11:08:54,397 :: GoPro :: ERROR :: Failed to send command to GoPro: <urlopen error timed out>
2018-01-18 11:09:04,412 :: GoPro :: INFO :: - Taking a photo
2018-01-18 11:09:14,426 :: GoPro :: ERROR :: Failed to send command to GoPro: <urlopen error timed out>
2018-01-18 11:09:24,443 :: GoPro :: INFO :: - Download media
2018-01-18 11:09:34,451 :: GoPro :: ERROR :: <urlopen error timed out>
2018-01-18 11:09:34,452 :: GoPro :: INFO :: - Sleep
2018-01-18 11:09:44,467 :: GoPro :: ERROR :: Failed to send command to GoPro: <urlopen error timed out>
2018-01-18 12:00:20,029 :: GoPro :: DEBUG :: ========== Starting GoPro H3 Controller ==========
2018-01-18 12:00:20,044 :: GoPro :: DEBUG :: Sleeping for 1 minutes
2018-01-18 12:08:44,431 :: GoPro :: INFO :: Wake up GoPro...
2018-01-18 12:08:54,454 :: GoPro :: ERROR :: Failed to send command to GoPro: <urlopen error timed out>
2018-01-18 12:09:04,469 :: GoPro :: INFO :: - Taking a photo
2018-01-18 12:09:14,483 :: GoPro :: ERROR :: Failed to send command to GoPro: <urlopen error timed out>
2018-01-18 12:09:24,497 :: GoPro :: INFO :: - Download media
2018-01-18 12:09:34,510 :: GoPro :: ERROR :: <urlopen error timed out>
2018-01-18 12:09:34,512 :: GoPro :: INFO :: - Sleep
2018-01-18 12:09:44,529 :: GoPro :: ERROR :: Failed to send command to GoPro: <urlopen error timed out>
2018-01-18 13:00:20,391 :: GoPro :: DEBUG :: ========== Starting GoPro H3 Controller ==========
2018-01-18 13:00:20,398 :: GoPro :: DEBUG :: Sleeping for 1 minutes
2018-01-18 13:08:45,291 :: GoPro :: INFO :: Wake up GoPro...
2018-01-18 13:08:55,313 :: GoPro :: ERROR :: Failed to send command to GoPro: <urlopen error timed out>
2018-01-18 13:09:05,328 :: GoPro :: INFO :: - Taking a photo
2018-01-18 13:09:15,342 :: GoPro :: ERROR :: Failed to send command to GoPro: <urlopen error timed out>
2018-01-18 13:09:25,356 :: GoPro :: INFO :: - Download media
2018-01-18 13:09:35,369 :: GoPro :: ERROR :: <urlopen error timed out>
2018-01-18 13:09:35,371 :: GoPro :: INFO :: - Sleep
2018-01-18 13:09:45,385 :: GoPro :: ERROR :: Failed to send command to GoPro: <urlopen error timed out>
2018-01-18 14:00:20,226 :: GoPro :: DEBUG :: ========== Starting GoPro H3 Controller ==========
2018-01-18 14:00:20,233 :: GoPro :: DEBUG :: Sleeping for 1 minutes
2018-01-18 14:08:45,620 :: GoPro :: INFO :: Wake up GoPro...
2018-01-18 14:08:55,643 :: GoPro :: ERROR :: Failed to send command to GoPro: <urlopen error timed out>
2018-01-18 14:09:05,658 :: GoPro :: INFO :: - Taking a photo
2018-01-18 14:09:15,672 :: GoPro :: ERROR :: Failed to send command to GoPro: <urlopen error timed out>
2018-01-18 14:09:25,685 :: GoPro :: INFO :: - Download media
2018-01-18 14:09:35,694 :: GoPro :: ERROR :: <urlopen error timed out>
2018-01-18 14:09:35,695 :: GoPro :: INFO :: - Sleep
2018-01-18 14:09:45,710 :: GoPro :: ERROR :: Failed to send command to GoPro: <urlopen error timed out>
2018-01-18 15:00:20,441 :: GoPro :: DEBUG :: ========== Starting GoPro H3 Controller ==========
2018-01-18 15:00:20,457 :: GoPro :: DEBUG :: Sleeping for 1 minutes
2018-01-18 15:08:46,342 :: GoPro :: INFO :: Wake up GoPro...
2018-01-18 15:08:56,365 :: GoPro :: ERROR :: Failed to send command to GoPro: <urlopen error timed out>
2018-01-18 15:09:06,379 :: GoPro :: INFO :: - Taking a photo
2018-01-18 15:09:16,394 :: GoPro :: ERROR :: Failed to send command to GoPro: <urlopen error timed out>
2018-01-18 15:09:26,408 :: GoPro :: INFO :: - Download media
2018-01-18 15:09:36,421 :: GoPro :: ERROR :: <urlopen error timed out>
2018-01-18 15:09:36,423 :: GoPro :: INFO :: - Sleep
2018-01-18 15:09:46,437 :: GoPro :: ERROR :: Failed to send command to GoPro: <urlopen error timed out>
2018-01-18 16:00:20,173 :: GoPro :: DEBUG :: ========== Starting GoPro H3 Controller ==========
2018-01-18 16:00:20,186 :: GoPro :: DEBUG :: Sleeping for 1 minutes
2018-01-18 16:08:46,572 :: GoPro :: INFO :: Wake up GoPro...
2018-01-18 16:08:56,587 :: GoPro :: ERROR :: Failed to send command to GoPro: <urlopen error timed out>
2018-01-18 16:09:06,602 :: GoPro :: INFO :: - Taking a photo
2018-01-18 16:09:16,616 :: GoPro :: ERROR :: Failed to send command to GoPro: <urlopen error timed out>
2018-01-18 16:09:26,629 :: GoPro :: INFO :: - Download media
2018-01-18 16:09:36,642 :: GoPro :: ERROR :: <urlopen error timed out>
2018-01-18 16:09:36,643 :: GoPro :: INFO :: - Sleep
2018-01-18 16:09:46,658 :: GoPro :: ERROR :: Failed to send command to GoPro: <urlopen error timed out>
2018-01-18 17:00:20,744 :: GoPro :: DEBUG :: ========== Starting GoPro H3 Controller ==========
2018-01-18 17:00:20,759 :: GoPro :: DEBUG :: Sleeping for 1 minutes
2018-01-18 17:08:47,649 :: GoPro :: INFO :: Wake up GoPro...
2018-01-18 17:08:57,671 :: GoPro :: ERROR :: Failed to send command to GoPro: <urlopen error timed out>
2018-01-18 17:09:07,686 :: GoPro :: INFO :: - Taking a photo
2018-01-18 17:09:17,701 :: GoPro :: ERROR :: Failed to send command to GoPro: <urlopen error timed out>
2018-01-18 17:09:27,714 :: GoPro :: INFO :: - Download media
2018-01-18 17:09:37,727 :: GoPro :: ERROR :: <urlopen error timed out>
2018-01-18 17:09:37,729 :: GoPro :: INFO :: - Sleep
2018-01-18 17:09:47,743 :: GoPro :: ERROR :: Failed to send command to GoPro: <urlopen error timed out>
2018-01-18 18:00:20,549 :: GoPro :: DEBUG :: ========== Starting GoPro H3 Controller ==========
2018-01-18 18:00:20,594 :: GoPro :: DEBUG :: Sleeping for 1 minutes
2018-01-18 18:08:47,991 :: GoPro :: INFO :: Wake up GoPro...
2018-01-18 18:08:58,014 :: GoPro :: ERROR :: Failed to send command to GoPro: <urlopen error timed out>
2018-01-18 18:09:08,029 :: GoPro :: INFO :: - Taking a photo
2018-01-18 18:09:18,043 :: GoPro :: ERROR :: Failed to send command to GoPro: <urlopen error timed out>
2018-01-18 18:09:28,056 :: GoPro :: INFO :: - Download media
2018-01-18 18:09:38,070 :: GoPro :: ERROR :: <urlopen error timed out>
2018-01-18 18:09:38,071 :: GoPro :: INFO :: - Sleep
2018-01-18 18:09:48,086 :: GoPro :: ERROR :: Failed to send command to GoPro: <urlopen error timed out>
2018-01-18 19:00:20,446 :: GoPro :: DEBUG :: ========== Starting GoPro H3 Controller ==========
2018-01-18 19:00:20,460 :: GoPro :: DEBUG :: Sleeping for 1 minutes
2018-01-18 19:08:48,343 :: GoPro :: INFO :: Wake up GoPro...
2018-01-18 19:08:58,366 :: GoPro :: ERROR :: Failed to send command to GoPro: <urlopen error timed out>
2018-01-18 19:09:08,380 :: GoPro :: INFO :: - Taking a photo
2018-01-18 19:09:18,395 :: GoPro :: ERROR :: Failed to send command to GoPro: <urlopen error timed out>
2018-01-18 19:09:28,408 :: GoPro :: INFO :: - Download media
2018-01-18 19:09:38,422 :: GoPro :: ERROR :: <urlopen error timed out>
2018-01-18 19:09:38,424 :: GoPro :: INFO :: - Sleep
2018-01-18 19:09:48,438 :: GoPro :: ERROR :: Failed to send command to GoPro: <urlopen error timed out>
2018-01-19 07:00:22,322 :: GoPro :: DEBUG :: ========== Starting GoPro H3 Controller ==========
2018-01-19 07:00:22,342 :: GoPro :: DEBUG :: Sleeping for 1 minutes
2018-01-19 07:08:50,725 :: GoPro :: INFO :: Wake up GoPro...
2018-01-19 07:09:00,749 :: GoPro :: ERROR :: Failed to send command to GoPro: <urlopen error timed out>
2018-01-19 07:09:10,769 :: GoPro :: INFO :: - Taking a photo
2018-01-19 07:09:20,788 :: GoPro :: ERROR :: Failed to send command to GoPro: <urlopen error timed out>
2018-01-19 07:09:30,806 :: GoPro :: INFO :: - Download media
2018-01-19 07:09:40,824 :: GoPro :: ERROR :: <urlopen error timed out>
2018-01-19 07:09:40,825 :: GoPro :: INFO :: - Sleep
2018-01-19 07:09:50,840 :: GoPro :: ERROR :: Failed to send command to GoPro: <urlopen error timed out>
2018-01-19 08:00:20,526 :: GoPro :: DEBUG :: ========== Starting GoPro H3 Controller ==========
2018-01-19 08:00:20,550 :: GoPro :: DEBUG :: Sleeping for 1 minutes
2018-01-19 08:08:49,410 :: GoPro :: INFO :: Wake up GoPro...
2018-01-19 08:08:59,432 :: GoPro :: ERROR :: Failed to send command to GoPro: <urlopen error timed out>
2018-01-19 08:09:09,447 :: GoPro :: INFO :: - Taking a photo
2018-01-19 08:09:19,454 :: GoPro :: ERROR :: Failed to send command to GoPro: <urlopen error timed out>
2018-01-19 08:09:29,468 :: GoPro :: INFO :: - Download media
2018-01-19 08:09:39,481 :: GoPro :: ERROR :: <urlopen error timed out>
2018-01-19 08:09:39,483 :: GoPro :: INFO :: - Sleep
2018-01-19 08:09:49,500 :: GoPro :: ERROR :: Failed to send command to GoPro: <urlopen error timed out>
2018-01-19 09:00:20,717 :: GoPro :: DEBUG :: ========== Starting GoPro H3 Controller ==========
2018-01-19 09:00:20,757 :: GoPro :: DEBUG :: Sleeping for 1 minutes
2018-01-19 09:08:50,117 :: GoPro :: INFO :: Wake up GoPro...
2018-01-19 09:09:00,139 :: GoPro :: ERROR :: Failed to send command to GoPro: <urlopen error timed out>
2018-01-19 09:09:10,154 :: GoPro :: INFO :: - Taking a photo
2018-01-19 09:09:20,169 :: GoPro :: ERROR :: Failed to send command to GoPro: <urlopen error timed out>
2018-01-19 09:09:30,182 :: GoPro :: INFO :: - Download media
2018-01-19 09:09:40,195 :: GoPro :: ERROR :: <urlopen error timed out>
2018-01-19 09:09:40,197 :: GoPro :: INFO :: - Sleep
2018-01-19 09:09:50,211 :: GoPro :: ERROR :: Failed to send command to GoPro: <urlopen error timed out>
2018-01-19 10:00:20,470 :: GoPro :: DEBUG :: ========== Starting GoPro H3 Controller ==========
2018-01-19 10:00:20,487 :: GoPro :: DEBUG :: Sleeping for 1 minutes
2018-01-19 10:08:50,340 :: GoPro :: INFO :: Wake up GoPro...
2018-01-19 10:09:00,362 :: GoPro :: ERROR :: Failed to send command to GoPro: <urlopen error timed out>
2018-01-19 10:09:10,377 :: GoPro :: INFO :: - Taking a photo
2018-01-19 10:09:20,392 :: GoPro :: ERROR :: Failed to send command to GoPro: <urlopen error timed out>
2018-01-19 10:09:30,405 :: GoPro :: INFO :: - Download media
2018-01-19 10:09:40,418 :: GoPro :: ERROR :: <urlopen error timed out>
2018-01-19 10:09:40,420 :: GoPro :: INFO :: - Sleep
2018-01-19 10:09:50,434 :: GoPro :: ERROR :: Failed to send command to GoPro: <urlopen error timed out>
2018-01-19 11:00:20,555 :: GoPro :: DEBUG :: ========== Starting GoPro H3 Controller ==========
2018-01-19 11:00:20,572 :: GoPro :: DEBUG :: Sleeping for 1 minutes
2018-01-19 11:08:50,929 :: GoPro :: INFO :: Wake up GoPro...
2018-01-19 11:09:00,952 :: GoPro :: ERROR :: Failed to send command to GoPro: <urlopen error timed out>
2018-01-19 11:09:10,967 :: GoPro :: INFO :: - Taking a photo
2018-01-19 11:09:20,978 :: GoPro :: ERROR :: Failed to send command to GoPro: <urlopen error timed out>
2018-01-19 11:09:30,991 :: GoPro :: INFO :: - Download media
2018-01-19 11:09:41,005 :: GoPro :: ERROR :: <urlopen error timed out>
2018-01-19 11:09:41,006 :: GoPro :: INFO :: - Sleep
2018-01-19 11:09:51,021 :: GoPro :: ERROR :: Failed to send command to GoPro: <urlopen error timed out>
2018-01-19 12:00:20,844 :: GoPro :: DEBUG :: ========== Starting GoPro H3 Controller ==========
2018-01-19 12:00:20,867 :: GoPro :: DEBUG :: Sleeping for 1 minutes
2018-01-19 12:08:51,727 :: GoPro :: INFO :: Wake up GoPro...
2018-01-19 12:09:01,749 :: GoPro :: ERROR :: Failed to send command to GoPro: <urlopen error timed out>
2018-01-19 12:09:11,769 :: GoPro :: INFO :: - Taking a photo
2018-01-19 12:09:21,783 :: GoPro :: ERROR :: Failed to send command to GoPro: <urlopen error timed out>
2018-01-19 12:09:31,797 :: GoPro :: INFO :: - Download media
2018-01-19 12:09:41,810 :: GoPro :: ERROR :: <urlopen error timed out>
2018-01-19 12:09:41,812 :: GoPro :: INFO :: - Sleep
2018-01-19 12:09:51,826 :: GoPro :: ERROR :: Failed to send command to GoPro: <urlopen error timed out>
2018-01-19 13:00:20,523 :: GoPro :: DEBUG :: ========== Starting GoPro H3 Controller ==========
2018-01-19 13:00:20,542 :: GoPro :: DEBUG :: Sleeping for 1 minutes
2018-01-19 13:08:51,894 :: GoPro :: INFO :: Wake up GoPro...
2018-01-19 13:09:01,917 :: GoPro :: ERROR :: Failed to send command to GoPro: <urlopen error timed out>
2018-01-19 13:09:11,932 :: GoPro :: INFO :: - Taking a photo
2018-01-19 13:09:21,946 :: GoPro :: ERROR :: Failed to send command to GoPro: <urlopen error timed out>
2018-01-19 13:09:31,959 :: GoPro :: INFO :: - Download media
2018-01-19 13:09:41,973 :: GoPro :: ERROR :: <urlopen error timed out>
2018-01-19 13:09:41,974 :: GoPro :: INFO :: - Sleep
2018-01-19 13:09:51,989 :: GoPro :: ERROR :: Failed to send command to GoPro: <urlopen error timed out>
2018-01-19 14:00:20,620 :: GoPro :: DEBUG :: ========== Starting GoPro H3 Controller ==========
2018-01-19 14:00:20,637 :: GoPro :: DEBUG :: Sleeping for 1 minutes
2018-01-19 14:08:52,521 :: GoPro :: INFO :: Wake up GoPro...
2018-01-19 14:09:02,544 :: GoPro :: ERROR :: Failed to send command to GoPro: <urlopen error timed out>
2018-01-19 14:09:12,558 :: GoPro :: INFO :: - Taking a photo
2018-01-19 14:09:22,573 :: GoPro :: ERROR :: Failed to send command to GoPro: <urlopen error timed out>
2018-01-19 14:09:32,586 :: GoPro :: INFO :: - Download media
2018-01-19 14:09:42,599 :: GoPro :: ERROR :: <urlopen error timed out>
2018-01-19 14:09:42,601 :: GoPro :: INFO :: - Sleep
2018-01-19 14:09:52,607 :: GoPro :: ERROR :: Failed to send command to GoPro: <urlopen error timed out>
2018-01-19 15:00:20,658 :: GoPro :: DEBUG :: ========== Starting GoPro H3 Controller ==========
2018-01-19 15:00:20,674 :: GoPro :: DEBUG :: Sleeping for 1 minutes
2018-01-19 15:08:53,021 :: GoPro :: INFO :: Wake up GoPro...
2018-01-19 15:09:03,044 :: GoPro :: ERROR :: Failed to send command to GoPro: <urlopen error timed out>
2018-01-19 15:09:13,059 :: GoPro :: INFO :: - Taking a photo
2018-01-19 15:09:23,068 :: GoPro :: ERROR :: Failed to send command to GoPro: <urlopen error timed out>
2018-01-19 15:09:33,084 :: GoPro :: INFO :: - Download media
2018-01-19 15:09:43,097 :: GoPro :: ERROR :: <urlopen error timed out>
2018-01-19 15:09:43,099 :: GoPro :: INFO :: - Sleep
2018-01-19 15:09:53,113 :: GoPro :: ERROR :: Failed to send command to GoPro: <urlopen error timed out>
2018-01-19 16:00:20,233 :: GoPro :: DEBUG :: ========== Starting GoPro H3 Controller ==========
2018-01-19 16:00:20,254 :: GoPro :: DEBUG :: Sleeping for 1 minutes
2018-01-19 16:08:53,104 :: GoPro :: INFO :: Wake up GoPro...
2018-01-19 16:09:03,127 :: GoPro :: ERROR :: Failed to send command to GoPro: <urlopen error timed out>
2018-01-19 16:09:13,142 :: GoPro :: INFO :: - Taking a photo
2018-01-19 16:09:23,157 :: GoPro :: ERROR :: Failed to send command to GoPro: <urlopen error timed out>
2018-01-19 16:09:33,170 :: GoPro :: INFO :: - Download media
2018-01-19 16:09:43,183 :: GoPro :: ERROR :: <urlopen error timed out>
2018-01-19 16:09:43,185 :: GoPro :: INFO :: - Sleep
2018-01-19 16:09:53,200 :: GoPro :: ERROR :: Failed to send command to GoPro: <urlopen error timed out>
2018-01-19 17:00:20,021 :: GoPro :: DEBUG :: ========== Starting GoPro H3 Controller ==========
2018-01-19 17:00:20,042 :: GoPro :: DEBUG :: Sleeping for 1 minutes
2018-01-19 17:08:53,388 :: GoPro :: INFO :: Wake up GoPro...
2018-01-19 17:09:03,411 :: GoPro :: ERROR :: Failed to send command to GoPro: <urlopen error timed out>
2018-01-19 17:09:13,425 :: GoPro :: INFO :: - Taking a photo
2018-01-19 17:09:23,440 :: GoPro :: ERROR :: Failed to send command to GoPro: <urlopen error timed out>
2018-01-19 17:09:33,453 :: GoPro :: INFO :: - Download media
2018-01-19 17:09:43,467 :: GoPro :: ERROR :: <urlopen error timed out>
2018-01-19 17:09:43,468 :: GoPro :: INFO :: - Sleep
2018-01-19 17:09:53,486 :: GoPro :: ERROR :: Failed to send command to GoPro: <urlopen error timed out>
2018-01-19 18:00:20,622 :: GoPro :: DEBUG :: ========== Starting GoPro H3 Controller ==========
2018-01-19 18:00:20,658 :: GoPro :: DEBUG :: Sleeping for 1 minutes
2018-01-19 18:08:54,503 :: GoPro :: INFO :: Wake up GoPro...
2018-01-19 18:09:04,526 :: GoPro :: ERROR :: Failed to send command to GoPro: <urlopen error timed out>
2018-01-19 18:09:14,541 :: GoPro :: INFO :: - Taking a photo
2018-01-19 18:09:24,555 :: GoPro :: ERROR :: Failed to send command to GoPro: <urlopen error timed out>
2018-01-19 18:09:34,569 :: GoPro :: INFO :: - Download media
2018-01-19 18:09:44,582 :: GoPro :: ERROR :: <urlopen error timed out>
2018-01-19 18:09:44,584 :: GoPro :: INFO :: - Sleep
2018-01-19 18:09:54,598 :: GoPro :: ERROR :: Failed to send command to GoPro: <urlopen error timed out>
2018-01-19 19:00:20,727 :: GoPro :: DEBUG :: ========== Starting GoPro H3 Controller ==========
2018-01-19 19:00:20,735 :: GoPro :: DEBUG :: Sleeping for 1 minutes
2018-01-19 19:08:55,095 :: GoPro :: INFO :: Wake up GoPro...
2018-01-19 19:09:05,117 :: GoPro :: ERROR :: Failed to send command to GoPro: <urlopen error timed out>
2018-01-19 19:09:15,132 :: GoPro :: INFO :: - Taking a photo
2018-01-19 19:09:25,147 :: GoPro :: ERROR :: Failed to send command to GoPro: <urlopen error timed out>
2018-01-19 19:09:35,160 :: GoPro :: INFO :: - Download media
2018-01-19 19:09:45,173 :: GoPro :: ERROR :: <urlopen error timed out>
2018-01-19 19:09:45,175 :: GoPro :: INFO :: - Sleep
2018-01-19 19:09:55,189 :: GoPro :: ERROR :: Failed to send command to GoPro: <urlopen error timed out>
2018-01-20 07:00:21,280 :: GoPro :: DEBUG :: ========== Starting GoPro H3 Controller ==========
2018-01-20 07:00:21,288 :: GoPro :: DEBUG :: Sleeping for 1 minutes
2018-01-20 07:08:56,105 :: GoPro :: INFO :: Wake up GoPro...
2018-01-20 07:09:06,127 :: GoPro :: ERROR :: Failed to send command to GoPro: <urlopen error timed out>
2018-01-20 07:09:16,142 :: GoPro :: INFO :: - Taking a photo
2018-01-20 07:09:26,147 :: GoPro :: ERROR :: Failed to send command to GoPro: <urlopen error timed out>
2018-01-20 07:09:36,160 :: GoPro :: INFO :: - Download media
2018-01-20 07:09:46,173 :: GoPro :: ERROR :: <urlopen error timed out>
2018-01-20 07:09:46,175 :: GoPro :: INFO :: - Sleep
2018-01-20 07:09:56,189 :: GoPro :: ERROR :: Failed to send command to GoPro: <urlopen error timed out>
2018-01-20 08:00:20,115 :: GoPro :: DEBUG :: ========== Starting GoPro H3 Controller ==========
2018-01-20 08:00:20,137 :: GoPro :: DEBUG :: Sleeping for 1 minutes
2018-01-20 08:08:55,459 :: GoPro :: INFO :: Wake up GoPro...
2018-01-20 08:09:05,481 :: GoPro :: ERROR :: Failed to send command to GoPro: <urlopen error timed out>
2018-01-20 08:09:15,496 :: GoPro :: INFO :: - Taking a photo
2018-01-20 08:09:25,511 :: GoPro :: ERROR :: Failed to send command to GoPro: <urlopen error timed out>
2018-01-20 08:09:35,524 :: GoPro :: INFO :: - Download media
2018-01-20 08:09:45,536 :: GoPro :: ERROR :: <urlopen error timed out>
2018-01-20 08:09:45,538 :: GoPro :: INFO :: - Sleep
2018-01-20 08:09:55,552 :: GoPro :: ERROR :: Failed to send command to GoPro: <urlopen error timed out>
2018-01-20 09:00:21,828 :: GoPro :: DEBUG :: ========== Starting GoPro H3 Controller ==========
2018-01-20 09:00:21,850 :: GoPro :: DEBUG :: Sleeping for 1 minutes
2018-01-20 09:08:57,673 :: GoPro :: INFO :: Wake up GoPro...
2018-01-20 09:09:07,695 :: GoPro :: ERROR :: Failed to send command to GoPro: <urlopen error timed out>
2018-01-20 09:09:17,710 :: GoPro :: INFO :: - Taking a photo
2018-01-20 09:09:27,725 :: GoPro :: ERROR :: Failed to send command to GoPro: <urlopen error timed out>
2018-01-20 09:09:37,738 :: GoPro :: INFO :: - Download media
2018-01-20 09:09:47,752 :: GoPro :: ERROR :: <urlopen error timed out>
2018-01-20 09:09:47,753 :: GoPro :: INFO :: - Sleep
2018-01-20 09:09:57,768 :: GoPro :: ERROR :: Failed to send command to GoPro: <urlopen error timed out>
2018-01-20 10:00:20,512 :: GoPro :: DEBUG :: ========== Starting GoPro H3 Controller ==========
2018-01-20 10:00:20,526 :: GoPro :: DEBUG :: Sleeping for 1 minutes
2018-01-20 10:08:56,837 :: GoPro :: INFO :: Wake up GoPro...
2018-01-20 10:09:06,860 :: GoPro :: ERROR :: Failed to send command to GoPro: <urlopen error timed out>
2018-01-20 10:09:16,875 :: GoPro :: INFO :: - Taking a photo
2018-01-20 10:09:26,890 :: GoPro :: ERROR :: Failed to send command to GoPro: <urlopen error timed out>
2018-01-20 10:09:36,903 :: GoPro :: INFO :: - Download media
2018-01-20 10:09:46,916 :: GoPro :: ERROR :: <urlopen error timed out>
2018-01-20 10:09:46,918 :: GoPro :: INFO :: - Sleep
2018-01-20 10:09:56,933 :: GoPro :: ERROR :: Failed to send command to GoPro: <urlopen error timed out>
2018-01-20 11:00:20,102 :: GoPro :: DEBUG :: ========== Starting GoPro H3 Controller ==========
2018-01-20 11:00:20,123 :: GoPro :: DEBUG :: Sleeping for 1 minutes
2018-01-20 11:08:56,937 :: GoPro :: INFO :: Wake up GoPro...
2018-01-20 11:09:06,960 :: GoPro :: ERROR :: Failed to send command to GoPro: <urlopen error timed out>
2018-01-20 11:09:16,974 :: GoPro :: INFO :: - Taking a photo
2018-01-20 11:09:26,989 :: GoPro :: ERROR :: Failed to send command to GoPro: <urlopen error timed out>
2018-01-20 11:09:37,002 :: GoPro :: INFO :: - Download media
2018-01-20 11:09:47,016 :: GoPro :: ERROR :: <urlopen error timed out>
2018-01-20 11:09:47,017 :: GoPro :: INFO :: - Sleep
2018-01-20 11:09:57,032 :: GoPro :: ERROR :: Failed to send command to GoPro: <urlopen error timed out>
2018-01-20 12:00:20,674 :: GoPro :: DEBUG :: ========== Starting GoPro H3 Controller ==========
2018-01-20 12:00:20,700 :: GoPro :: DEBUG :: Sleeping for 1 minutes
2018-01-20 12:08:58,030 :: GoPro :: INFO :: Wake up GoPro...
2018-01-20 12:09:08,052 :: GoPro :: ERROR :: Failed to send command to GoPro: <urlopen error timed out>
2018-01-20 12:09:18,067 :: GoPro :: INFO :: - Taking a photo
2018-01-20 12:09:28,082 :: GoPro :: ERROR :: Failed to send command to GoPro: <urlopen error timed out>
2018-01-20 12:09:38,095 :: GoPro :: INFO :: - Download media
2018-01-20 12:09:48,109 :: GoPro :: ERROR :: <urlopen error timed out>
2018-01-20 12:09:48,110 :: GoPro :: INFO :: - Sleep
2018-01-20 12:09:58,125 :: GoPro :: ERROR :: Failed to send command to GoPro: <urlopen error timed out>
2018-01-20 13:00:20,008 :: GoPro :: DEBUG :: ========== Starting GoPro H3 Controller ==========
2018-01-20 13:00:20,024 :: GoPro :: DEBUG :: Sleeping for 1 minutes
2018-01-20 13:08:57,861 :: GoPro :: INFO :: Wake up GoPro...
2018-01-20 13:09:07,884 :: GoPro :: ERROR :: Failed to send command to GoPro: <urlopen error timed out>
2018-01-20 13:09:17,903 :: GoPro :: INFO :: - Taking a photo
2018-01-20 13:09:27,923 :: GoPro :: ERROR :: Failed to send command to GoPro: <urlopen error timed out>
2018-01-20 13:09:37,941 :: GoPro :: INFO :: - Download media
2018-01-20 13:09:47,958 :: GoPro :: ERROR :: <urlopen error timed out>
2018-01-20 13:09:47,960 :: GoPro :: INFO :: - Sleep
2018-01-20 13:09:57,974 :: GoPro :: ERROR :: Failed to send command to GoPro: <urlopen error timed out>
2018-01-20 14:00:20,262 :: GoPro :: DEBUG :: ========== Starting GoPro H3 Controller ==========
2018-01-20 14:00:20,274 :: GoPro :: DEBUG :: Sleeping for 1 minutes
2018-01-20 14:08:58,590 :: GoPro :: INFO :: Wake up GoPro...
2018-01-20 14:09:08,613 :: GoPro :: ERROR :: Failed to send command to GoPro: <urlopen error timed out>
2018-01-20 14:09:18,627 :: GoPro :: INFO :: - Taking a photo
2018-01-20 14:09:28,642 :: GoPro :: ERROR :: Failed to send command to GoPro: <urlopen error timed out>
2018-01-20 14:09:38,655 :: GoPro :: INFO :: - Download media
2018-01-20 14:09:48,668 :: GoPro :: ERROR :: <urlopen error timed out>
2018-01-20 14:09:48,670 :: GoPro :: INFO :: - Sleep
2018-01-20 14:09:58,684 :: GoPro :: ERROR :: Failed to send command to GoPro: <urlopen error timed out>
2018-01-20 15:00:20,051 :: GoPro :: DEBUG :: ========== Starting GoPro H3 Controller ==========
2018-01-20 15:00:20,064 :: GoPro :: DEBUG :: Sleeping for 1 minutes
2018-01-20 15:08:58,878 :: GoPro :: INFO :: Wake up GoPro...
2018-01-20 15:09:08,900 :: GoPro :: ERROR :: Failed to send command to GoPro: <urlopen error timed out>
2018-01-20 15:09:18,915 :: GoPro :: INFO :: - Taking a photo
2018-01-20 15:09:28,930 :: GoPro :: ERROR :: Failed to send command to GoPro: <urlopen error timed out>
2018-01-20 15:09:38,943 :: GoPro :: INFO :: - Download media
2018-01-20 15:09:48,956 :: GoPro :: ERROR :: <urlopen error timed out>
2018-01-20 15:09:48,958 :: GoPro :: INFO :: - Sleep
2018-01-20 15:09:58,975 :: GoPro :: ERROR :: Failed to send command to GoPro: <urlopen error timed out>
2018-01-20 16:00:19,997 :: GoPro :: DEBUG :: ========== Starting GoPro H3 Controller ==========
2018-01-20 16:00:20,006 :: GoPro :: DEBUG :: Sleeping for 1 minutes
2018-01-20 16:08:59,327 :: GoPro :: INFO :: Wake up GoPro...
2018-01-20 16:09:09,350 :: GoPro :: ERROR :: Failed to send command to GoPro: <urlopen error timed out>
2018-01-20 16:09:19,369 :: GoPro :: INFO :: - Taking a photo
2018-01-20 16:09:29,389 :: GoPro :: ERROR :: Failed to send command to GoPro: <urlopen error timed out>
2018-01-20 16:09:39,402 :: GoPro :: INFO :: - Download media
2018-01-20 16:09:49,416 :: GoPro :: ERROR :: <urlopen error timed out>
2018-01-20 16:09:49,417 :: GoPro :: INFO :: - Sleep
2018-01-20 16:09:59,432 :: GoPro :: ERROR :: Failed to send command to GoPro: <urlopen error timed out>
2018-01-20 17:00:19,962 :: GoPro :: DEBUG :: ========== Starting GoPro H3 Controller ==========
2018-01-20 17:00:19,986 :: GoPro :: DEBUG :: Sleeping for 1 minutes
2018-01-20 17:08:59,800 :: GoPro :: INFO :: Wake up GoPro...
2018-01-20 17:09:09,823 :: GoPro :: ERROR :: Failed to send command to GoPro: <urlopen error timed out>
2018-01-20 17:09:19,838 :: GoPro :: INFO :: - Taking a photo
2018-01-20 17:09:29,853 :: GoPro :: ERROR :: Failed to send command to GoPro: <urlopen error timed out>
2018-01-20 17:09:39,866 :: GoPro :: INFO :: - Download media
2018-01-20 17:09:49,879 :: GoPro :: ERROR :: <urlopen error timed out>
2018-01-20 17:09:49,881 :: GoPro :: INFO :: - Sleep
2018-01-20 17:09:59,898 :: GoPro :: ERROR :: Failed to send command to GoPro: <urlopen error timed out>
2018-01-20 18:00:20,330 :: GoPro :: DEBUG :: ========== Starting GoPro H3 Controller ==========
2018-01-20 18:00:20,355 :: GoPro :: DEBUG :: Sleeping for 1 minutes
2018-01-20 18:09:00,669 :: GoPro :: INFO :: Wake up GoPro...
2018-01-20 18:09:10,691 :: GoPro :: ERROR :: Failed to send command to GoPro: <urlopen error timed out>
2018-01-20 18:09:20,706 :: GoPro :: INFO :: - Taking a photo
2018-01-20 18:09:30,721 :: GoPro :: ERROR :: Failed to send command to GoPro: <urlopen error timed out>
2018-01-20 18:09:40,734 :: GoPro :: INFO :: - Download media
2018-01-20 18:09:50,747 :: GoPro :: ERROR :: <urlopen error timed out>
2018-01-20 18:09:50,749 :: GoPro :: INFO :: - Sleep
2018-01-20 18:10:00,763 :: GoPro :: ERROR :: Failed to send command to GoPro: <urlopen error timed out>
2018-01-20 19:00:20,185 :: GoPro :: DEBUG :: ========== Starting GoPro H3 Controller ==========
2018-01-20 19:00:20,193 :: GoPro :: DEBUG :: Sleeping for 1 minutes
2018-01-20 19:09:01,005 :: GoPro :: INFO :: Wake up GoPro...
2018-01-20 19:09:11,028 :: GoPro :: ERROR :: Failed to send command to GoPro: <urlopen error timed out>
2018-01-20 19:09:21,043 :: GoPro :: INFO :: - Taking a photo
2018-01-20 19:09:31,058 :: GoPro :: ERROR :: Failed to send command to GoPro: <urlopen error timed out>
2018-01-20 19:09:41,074 :: GoPro :: INFO :: - Download media
2018-01-20 19:09:51,088 :: GoPro :: ERROR :: <urlopen error timed out>
2018-01-20 19:09:51,089 :: GoPro :: INFO :: - Sleep
2018-01-20 19:10:01,104 :: GoPro :: ERROR :: Failed to send command to GoPro: <urlopen error timed out>
2018-01-21 07:00:22,812 :: GoPro :: DEBUG :: ========== Starting GoPro H3 Controller ==========
2018-01-21 07:00:22,877 :: GoPro :: DEBUG :: Sleeping for 1 minutes
2018-01-21 07:09:04,174 :: GoPro :: INFO :: Wake up GoPro...
2018-01-21 07:09:14,196 :: GoPro :: ERROR :: Failed to send command to GoPro: <urlopen error timed out>
2018-01-21 07:09:24,211 :: GoPro :: INFO :: - Taking a photo
2018-01-21 07:09:34,226 :: GoPro :: ERROR :: Failed to send command to GoPro: <urlopen error timed out>
2018-01-21 07:09:44,239 :: GoPro :: INFO :: - Download media
2018-01-21 07:09:54,253 :: GoPro :: ERROR :: <urlopen error timed out>
2018-01-21 07:09:54,254 :: GoPro :: INFO :: - Sleep
2018-01-21 07:10:04,268 :: GoPro :: ERROR :: Failed to send command to GoPro: <urlopen error timed out>
2018-01-21 08:00:20,371 :: GoPro :: DEBUG :: ========== Starting GoPro H3 Controller ==========
2018-01-21 08:00:20,384 :: GoPro :: DEBUG :: Sleeping for 1 minutes
2018-01-21 08:09:02,162 :: GoPro :: INFO :: Wake up GoPro...
2018-01-21 08:09:12,185 :: GoPro :: ERROR :: Failed to send command to GoPro: <urlopen error timed out>
2018-01-21 08:09:22,199 :: GoPro :: INFO :: - Taking a photo
2018-01-21 08:09:32,214 :: GoPro :: ERROR :: Failed to send command to GoPro: <urlopen error timed out>
2018-01-21 08:09:42,227 :: GoPro :: INFO :: - Download media
2018-01-21 08:09:52,240 :: GoPro :: ERROR :: <urlopen error timed out>
2018-01-21 08:09:52,242 :: GoPro :: INFO :: - Sleep
2018-01-21 08:10:02,256 :: GoPro :: ERROR :: Failed to send command to GoPro: <urlopen error timed out>
2018-01-21 09:00:20,456 :: GoPro :: DEBUG :: ========== Starting GoPro H3 Controller ==========
2018-01-21 09:00:20,472 :: GoPro :: DEBUG :: Sleeping for 1 minutes
2018-01-21 09:09:02,757 :: GoPro :: INFO :: Wake up GoPro...
2018-01-21 09:09:12,780 :: GoPro :: ERROR :: Failed to send command to GoPro: <urlopen error timed out>
2018-01-21 09:09:22,794 :: GoPro :: INFO :: - Taking a photo
2018-01-21 09:09:32,809 :: GoPro :: ERROR :: Failed to send command to GoPro: <urlopen error timed out>
2018-01-21 09:09:42,822 :: GoPro :: INFO :: - Download media
2018-01-21 09:09:52,836 :: GoPro :: ERROR :: <urlopen error timed out>
2018-01-21 09:09:52,837 :: GoPro :: INFO :: - Sleep
2018-01-21 09:10:02,847 :: GoPro :: ERROR :: Failed to send command to GoPro: <urlopen error timed out>
2018-01-21 10:00:20,410 :: GoPro :: DEBUG :: ========== Starting GoPro H3 Controller ==========
2018-01-21 10:00:20,426 :: GoPro :: DEBUG :: Sleeping for 1 minutes
2018-01-21 10:09:03,221 :: GoPro :: INFO :: Wake up GoPro...
2018-01-21 10:09:13,244 :: GoPro :: ERROR :: Failed to send command to GoPro: <urlopen error timed out>
2018-01-21 10:09:23,263 :: GoPro :: INFO :: - Taking a photo
2018-01-21 10:09:33,278 :: GoPro :: ERROR :: Failed to send command to GoPro: <urlopen error timed out>
2018-01-21 10:09:43,290 :: GoPro :: INFO :: - Download media
2018-01-21 10:09:53,304 :: GoPro :: ERROR :: <urlopen error timed out>
2018-01-21 10:09:53,305 :: GoPro :: INFO :: - Sleep
2018-01-21 10:10:03,320 :: GoPro :: ERROR :: Failed to send command to GoPro: <urlopen error timed out>
2018-01-21 11:00:20,186 :: GoPro :: DEBUG :: ========== Starting GoPro H3 Controller ==========
2018-01-21 11:00:20,206 :: GoPro :: DEBUG :: Sleeping for 1 minutes
2018-01-21 11:09:03,484 :: GoPro :: INFO :: Wake up GoPro...
2018-01-21 11:09:13,501 :: GoPro :: ERROR :: Failed to send command to GoPro: <urlopen error timed out>
2018-01-21 11:09:23,515 :: GoPro :: INFO :: - Taking a photo
2018-01-21 11:09:33,530 :: GoPro :: ERROR :: Failed to send command to GoPro: <urlopen error timed out>
2018-01-21 11:09:43,543 :: GoPro :: INFO :: - Download media
2018-01-21 11:09:53,557 :: GoPro :: ERROR :: <urlopen error timed out>
2018-01-21 11:09:53,558 :: GoPro :: INFO :: - Sleep
2018-01-21 11:10:03,573 :: GoPro :: ERROR :: Failed to send command to GoPro: <urlopen error timed out>
2018-01-21 12:00:20,216 :: GoPro :: DEBUG :: ========== Starting GoPro H3 Controller ==========
2018-01-21 12:00:20,231 :: GoPro :: DEBUG :: Sleeping for 1 minutes
2018-01-21 12:09:04,012 :: GoPro :: INFO :: Wake up GoPro...
2018-01-21 12:09:14,035 :: GoPro :: ERROR :: Failed to send command to GoPro: <urlopen error timed out>
2018-01-21 12:09:24,049 :: GoPro :: INFO :: - Taking a photo
2018-01-21 12:09:34,064 :: GoPro :: ERROR :: Failed to send command to GoPro: <urlopen error timed out>
2018-01-21 12:09:44,077 :: GoPro :: INFO :: - Download media
2018-01-21 12:09:54,091 :: GoPro :: ERROR :: <urlopen error timed out>
2018-01-21 12:09:54,092 :: GoPro :: INFO :: - Sleep
2018-01-21 12:10:04,099 :: GoPro :: ERROR :: Failed to send command to GoPro: <urlopen error timed out>
2018-01-21 13:00:20,572 :: GoPro :: DEBUG :: ========== Starting GoPro H3 Controller ==========
2018-01-21 13:00:20,580 :: GoPro :: DEBUG :: Sleeping for 1 minutes
2018-01-21 13:09:04,861 :: GoPro :: INFO :: Wake up GoPro...
2018-01-21 13:09:14,884 :: GoPro :: ERROR :: Failed to send command to GoPro: <urlopen error timed out>
2018-01-21 13:09:24,898 :: GoPro :: INFO :: - Taking a photo
2018-01-21 13:09:34,907 :: GoPro :: ERROR :: Failed to send command to GoPro: <urlopen error timed out>
2018-01-21 13:09:44,923 :: GoPro :: INFO :: - Download media
2018-01-21 13:09:54,937 :: GoPro :: ERROR :: <urlopen error timed out>
2018-01-21 13:09:54,938 :: GoPro :: INFO :: - Sleep
2018-01-21 13:10:04,947 :: GoPro :: ERROR :: Failed to send command to GoPro: <urlopen error timed out>
2018-01-21 14:00:20,371 :: GoPro :: DEBUG :: ========== Starting GoPro H3 Controller ==========
2018-01-21 14:00:20,379 :: GoPro :: DEBUG :: Sleeping for 1 minutes
2018-01-21 14:09:05,172 :: GoPro :: INFO :: Wake up GoPro...
2018-01-21 14:09:15,195 :: GoPro :: ERROR :: Failed to send command to GoPro: <urlopen error timed out>
2018-01-21 14:09:25,210 :: GoPro :: INFO :: - Taking a photo
2018-01-21 14:09:35,224 :: GoPro :: ERROR :: Failed to send command to GoPro: <urlopen error timed out>
2018-01-21 14:09:45,238 :: GoPro :: INFO :: - Download media
2018-01-21 14:09:55,251 :: GoPro :: ERROR :: <urlopen error timed out>
2018-01-21 14:09:55,253 :: GoPro :: INFO :: - Sleep
2018-01-21 14:10:05,267 :: GoPro :: ERROR :: Failed to send command to GoPro: <urlopen error timed out>
2018-01-21 15:00:20,741 :: GoPro :: DEBUG :: ========== Starting GoPro H3 Controller ==========
2018-01-21 15:00:20,749 :: GoPro :: DEBUG :: Sleeping for 1 minutes
2018-01-21 15:09:06,025 :: GoPro :: INFO :: Wake up GoPro...
2018-01-21 15:09:16,048 :: GoPro :: ERROR :: Failed to send command to GoPro: <urlopen error timed out>
2018-01-21 15:09:26,063 :: GoPro :: INFO :: - Taking a photo
2018-01-21 15:09:36,077 :: GoPro :: ERROR :: Failed to send command to GoPro: <urlopen error timed out>
2018-01-21 15:09:46,091 :: GoPro :: INFO :: - Download media
2018-01-21 15:09:56,104 :: GoPro :: ERROR :: <urlopen error timed out>
2018-01-21 15:09:56,106 :: GoPro :: INFO :: - Sleep
2018-01-21 15:10:06,120 :: GoPro :: ERROR :: Failed to send command to GoPro: <urlopen error timed out>
2018-01-21 16:00:20,225 :: GoPro :: DEBUG :: ========== Starting GoPro H3 Controller ==========
2018-01-21 16:00:20,237 :: GoPro :: DEBUG :: Sleeping for 1 minutes
2018-01-21 16:09:06,015 :: GoPro :: INFO :: Wake up GoPro...
2018-01-21 16:09:16,030 :: GoPro :: ERROR :: Failed to send command to GoPro: <urlopen error timed out>
2018-01-21 16:09:26,045 :: GoPro :: INFO :: - Taking a photo
2018-01-21 16:09:36,059 :: GoPro :: ERROR :: Failed to send command to GoPro: <urlopen error timed out>
2018-01-21 16:09:46,073 :: GoPro :: INFO :: - Download media
2018-01-21 16:09:56,086 :: GoPro :: ERROR :: <urlopen error timed out>
2018-01-21 16:09:56,088 :: GoPro :: INFO :: - Sleep
2018-01-21 16:10:06,102 :: GoPro :: ERROR :: Failed to send command to GoPro: <urlopen error timed out>
2018-01-21 17:00:20,539 :: GoPro :: DEBUG :: ========== Starting GoPro H3 Controller ==========
2018-01-21 17:00:20,548 :: GoPro :: DEBUG :: Sleeping for 1 minutes
2018-01-21 17:09:06,829 :: GoPro :: INFO :: Wake up GoPro...
2018-01-21 17:09:16,848 :: GoPro :: ERROR :: Failed to send command to GoPro: <urlopen error timed out>
2018-01-21 17:09:26,863 :: GoPro :: INFO :: - Taking a photo
2018-01-21 17:09:36,878 :: GoPro :: ERROR :: Failed to send command to GoPro: <urlopen error timed out>
2018-01-21 17:09:46,891 :: GoPro :: INFO :: - Download media
2018-01-21 17:09:56,902 :: GoPro :: ERROR :: <urlopen error timed out>
2018-01-21 17:09:56,904 :: GoPro :: INFO :: - Sleep
2018-01-21 17:10:06,918 :: GoPro :: ERROR :: Failed to send command to GoPro: <urlopen error timed out>
2018-01-21 18:00:20,513 :: GoPro :: DEBUG :: ========== Starting GoPro H3 Controller ==========
2018-01-21 18:00:20,523 :: GoPro :: DEBUG :: Sleeping for 1 minutes
2018-01-21 18:09:07,295 :: GoPro :: INFO :: Wake up GoPro...
2018-01-21 18:09:17,318 :: GoPro :: ERROR :: Failed to send command to GoPro: <urlopen error timed out>
2018-01-21 18:09:27,332 :: GoPro :: INFO :: - Taking a photo
2018-01-21 18:09:37,347 :: GoPro :: ERROR :: Failed to send command to GoPro: <urlopen error timed out>
2018-01-21 18:09:47,360 :: GoPro :: INFO :: - Download media
2018-01-21 18:09:57,374 :: GoPro :: ERROR :: <urlopen error timed out>
2018-01-21 18:09:57,375 :: GoPro :: INFO :: - Sleep
2018-01-21 18:10:07,390 :: GoPro :: ERROR :: Failed to send command to GoPro: <urlopen error timed out>
2018-01-21 19:00:20,176 :: GoPro :: DEBUG :: ========== Starting GoPro H3 Controller ==========
2018-01-21 19:00:20,189 :: GoPro :: DEBUG :: Sleeping for 1 minutes
2018-01-21 19:09:07,464 :: GoPro :: INFO :: Wake up GoPro...
2018-01-21 19:09:17,486 :: GoPro :: ERROR :: Failed to send command to GoPro: <urlopen error timed out>
2018-01-21 19:09:27,501 :: GoPro :: INFO :: - Taking a photo
2018-01-21 19:09:37,515 :: GoPro :: ERROR :: Failed to send command to GoPro: <urlopen error timed out>
2018-01-21 19:09:47,529 :: GoPro :: INFO :: - Download media
2018-01-21 19:09:57,542 :: GoPro :: ERROR :: <urlopen error timed out>
2018-01-21 19:09:57,544 :: GoPro :: INFO :: - Sleep
2018-01-21 19:10:07,558 :: GoPro :: ERROR :: Failed to send command to GoPro: <urlopen error timed out>
2018-01-22 07:00:22,061 :: GoPro :: DEBUG :: ========== Starting GoPro H3 Controller ==========
2018-01-22 07:00:22,070 :: GoPro :: DEBUG :: Sleeping for 1 minutes
2018-01-22 07:09:09,810 :: GoPro :: INFO :: Wake up GoPro...
2018-01-22 07:09:19,832 :: GoPro :: ERROR :: Failed to send command to GoPro: <urlopen error timed out>
2018-01-22 07:09:29,847 :: GoPro :: INFO :: - Taking a photo
2018-01-22 07:09:39,862 :: GoPro :: ERROR :: Failed to send command to GoPro: <urlopen error timed out>
2018-01-22 07:09:49,875 :: GoPro :: INFO :: - Download media
2018-01-22 07:09:59,889 :: GoPro :: ERROR :: <urlopen error timed out>
2018-01-22 07:09:59,890 :: GoPro :: INFO :: - Sleep
2018-01-22 07:10:09,905 :: GoPro :: ERROR :: Failed to send command to GoPro: <urlopen error timed out>
2018-01-22 08:00:20,070 :: GoPro :: DEBUG :: ========== Starting GoPro H3 Controller ==========
2018-01-22 08:00:20,086 :: GoPro :: DEBUG :: Sleeping for 1 minutes
2018-01-22 08:09:08,373 :: GoPro :: INFO :: Wake up GoPro...
2018-01-22 08:09:18,392 :: GoPro :: ERROR :: Failed to send command to GoPro: <urlopen error timed out>
2018-01-22 08:09:28,407 :: GoPro :: INFO :: - Taking a photo
2018-01-22 08:09:38,422 :: GoPro :: ERROR :: Failed to send command to GoPro: <urlopen error timed out>
2018-01-22 08:09:48,435 :: GoPro :: INFO :: - Download media
2018-01-22 08:09:58,448 :: GoPro :: ERROR :: <urlopen error timed out>
2018-01-22 08:09:58,450 :: GoPro :: INFO :: - Sleep
2018-01-22 08:10:08,465 :: GoPro :: ERROR :: Failed to send command to GoPro: <urlopen error timed out>
2018-01-22 09:00:20,131 :: GoPro :: DEBUG :: ========== Starting GoPro H3 Controller ==========
2018-01-22 09:00:20,137 :: GoPro :: DEBUG :: Sleeping for 1 minutes
2018-01-22 09:09:08,869 :: GoPro :: INFO :: Wake up GoPro...
2018-01-22 09:09:18,892 :: GoPro :: ERROR :: Failed to send command to GoPro: <urlopen error timed out>
2018-01-22 09:09:28,907 :: GoPro :: INFO :: - Taking a photo
2018-01-22 09:09:38,918 :: GoPro :: ERROR :: Failed to send command to GoPro: <urlopen error timed out>
2018-01-22 09:09:48,933 :: GoPro :: INFO :: - Download media
2018-01-22 09:09:58,947 :: GoPro :: ERROR :: <urlopen error timed out>
2018-01-22 09:09:58,948 :: GoPro :: INFO :: - Sleep
2018-01-22 09:10:08,962 :: GoPro :: ERROR :: Failed to send command to GoPro: <urlopen error timed out>
2018-01-22 10:00:20,348 :: GoPro :: DEBUG :: ========== Starting GoPro H3 Controller ==========
2018-01-22 10:00:20,355 :: GoPro :: DEBUG :: Sleeping for 1 minutes
2018-01-22 10:09:09,604 :: GoPro :: INFO :: Wake up GoPro...
2018-01-22 10:09:19,618 :: GoPro :: ERROR :: Failed to send command to GoPro: <urlopen error timed out>
2018-01-22 10:09:29,633 :: GoPro :: INFO :: - Taking a photo
2018-01-22 10:09:39,647 :: GoPro :: ERROR :: Failed to send command to GoPro: <urlopen error timed out>
2018-01-22 10:09:49,661 :: GoPro :: INFO :: - Download media
2018-01-22 10:09:59,674 :: GoPro :: ERROR :: <urlopen error timed out>
2018-01-22 10:09:59,676 :: GoPro :: INFO :: - Sleep
2018-01-22 10:10:09,690 :: GoPro :: ERROR :: Failed to send command to GoPro: <urlopen error timed out>
2018-01-22 11:00:20,503 :: GoPro :: DEBUG :: ========== Starting GoPro H3 Controller ==========
2018-01-22 11:00:20,521 :: GoPro :: DEBUG :: Sleeping for 1 minutes
2018-01-22 11:09:10,269 :: GoPro :: INFO :: Wake up GoPro...
2018-01-22 11:09:20,291 :: GoPro :: ERROR :: Failed to send command to GoPro: <urlopen error timed out>
2018-01-22 11:09:30,306 :: GoPro :: INFO :: - Taking a photo
2018-01-22 11:09:40,321 :: GoPro :: ERROR :: Failed to send command to GoPro: <urlopen error timed out>
2018-01-22 11:09:50,334 :: GoPro :: INFO :: - Download media
2018-01-22 11:10:00,347 :: GoPro :: ERROR :: <urlopen error timed out>
2018-01-22 11:10:00,349 :: GoPro :: INFO :: - Sleep
2018-01-22 11:10:10,363 :: GoPro :: ERROR :: Failed to send command to GoPro: <urlopen error timed out>
2018-01-22 12:00:20,392 :: GoPro :: DEBUG :: ========== Starting GoPro H3 Controller ==========
2018-01-22 12:00:20,412 :: GoPro :: DEBUG :: Sleeping for 1 minutes
2018-01-22 12:09:10,647 :: GoPro :: INFO :: Wake up GoPro...
2018-01-22 12:09:20,670 :: GoPro :: ERROR :: Failed to send command to GoPro: <urlopen error timed out>
2018-01-22 12:09:30,684 :: GoPro :: INFO :: - Taking a photo
2018-01-22 12:09:40,699 :: GoPro :: ERROR :: Failed to send command to GoPro: <urlopen error timed out>
2018-01-22 12:09:50,712 :: GoPro :: INFO :: - Download media
2018-01-22 12:10:00,726 :: GoPro :: ERROR :: <urlopen error timed out>
2018-01-22 12:10:00,728 :: GoPro :: INFO :: - Sleep
2018-01-22 12:10:10,735 :: GoPro :: ERROR :: Failed to send command to GoPro: <urlopen error timed out>
2018-01-22 13:00:20,474 :: GoPro :: DEBUG :: ========== Starting GoPro H3 Controller ==========
2018-01-22 13:00:20,495 :: GoPro :: DEBUG :: Sleeping for 1 minutes
2018-01-22 13:09:11,237 :: GoPro :: INFO :: Wake up GoPro...
2018-01-22 13:09:21,260 :: GoPro :: ERROR :: Failed to send command to GoPro: <urlopen error timed out>
2018-01-22 13:09:31,274 :: GoPro :: INFO :: - Taking a photo
2018-01-22 13:09:41,289 :: GoPro :: ERROR :: Failed to send command to GoPro: <urlopen error timed out>
2018-01-22 13:09:51,302 :: GoPro :: INFO :: - Download media
2018-01-22 13:10:01,315 :: GoPro :: ERROR :: <urlopen error timed out>
2018-01-22 13:10:01,317 :: GoPro :: INFO :: - Sleep
2018-01-22 13:10:11,331 :: GoPro :: ERROR :: Failed to send command to GoPro: <urlopen error timed out>
2018-01-22 14:00:20,697 :: GoPro :: DEBUG :: ========== Starting GoPro H3 Controller ==========
2018-01-22 14:00:20,714 :: GoPro :: DEBUG :: Sleeping for 1 minutes
2018-01-22 14:09:11,955 :: GoPro :: INFO :: Wake up GoPro...
2018-01-22 14:09:21,971 :: GoPro :: ERROR :: Failed to send command to GoPro: <urlopen error timed out>
2018-01-22 14:09:31,990 :: GoPro :: INFO :: - Taking a photo
2018-01-22 14:09:42,004 :: GoPro :: ERROR :: Failed to send command to GoPro: <urlopen error timed out>
2018-01-22 14:09:52,018 :: GoPro :: INFO :: - Download media
2018-01-22 14:10:02,031 :: GoPro :: ERROR :: <urlopen error timed out>
2018-01-22 14:10:02,033 :: GoPro :: INFO :: - Sleep
2018-01-22 14:10:12,047 :: GoPro :: ERROR :: Failed to send command to GoPro: <urlopen error timed out>
2018-01-22 15:00:20,553 :: GoPro :: DEBUG :: ========== Starting GoPro H3 Controller ==========
2018-01-22 15:00:20,567 :: GoPro :: DEBUG :: Sleeping for 1 minutes
2018-01-22 15:09:12,312 :: GoPro :: INFO :: Wake up GoPro...
2018-01-22 15:09:22,334 :: GoPro :: ERROR :: Failed to send command to GoPro: <urlopen error timed out>
2018-01-22 15:09:32,348 :: GoPro :: INFO :: - Taking a photo
2018-01-22 15:09:42,363 :: GoPro :: ERROR :: Failed to send command to GoPro: <urlopen error timed out>
2018-01-22 15:09:52,376 :: GoPro :: INFO :: - Download media
2018-01-22 15:10:02,388 :: GoPro :: ERROR :: <urlopen error timed out>
2018-01-22 15:10:02,390 :: GoPro :: INFO :: - Sleep
2018-01-22 15:10:12,404 :: GoPro :: ERROR :: Failed to send command to GoPro: <urlopen error timed out>
2018-01-22 16:00:20,167 :: GoPro :: DEBUG :: ========== Starting GoPro H3 Controller ==========
2018-01-22 16:00:20,182 :: GoPro :: DEBUG :: Sleeping for 1 minutes
2018-01-22 16:09:12,417 :: GoPro :: INFO :: Wake up GoPro...
2018-01-22 16:09:22,439 :: GoPro :: ERROR :: Failed to send command to GoPro: <urlopen error timed out>
2018-01-22 16:09:32,454 :: GoPro :: INFO :: - Taking a photo
2018-01-22 16:09:42,468 :: GoPro :: ERROR :: Failed to send command to GoPro: <urlopen error timed out>
2018-01-22 16:09:52,481 :: GoPro :: INFO :: - Download media
2018-01-22 16:10:02,495 :: GoPro :: ERROR :: <urlopen error timed out>
2018-01-22 16:10:02,496 :: GoPro :: INFO :: - Sleep
2018-01-22 16:10:12,511 :: GoPro :: ERROR :: Failed to send command to GoPro: <urlopen error timed out>
2018-01-22 17:00:20,745 :: GoPro :: DEBUG :: ========== Starting GoPro H3 Controller ==========
2018-01-22 17:00:20,768 :: GoPro :: DEBUG :: Sleeping for 1 minutes
2018-01-22 17:09:13,512 :: GoPro :: INFO :: Wake up GoPro...
2018-01-22 17:09:23,534 :: GoPro :: ERROR :: Failed to send command to GoPro: <urlopen error timed out>
2018-01-22 17:09:33,549 :: GoPro :: INFO :: - Taking a photo
2018-01-22 17:09:43,563 :: GoPro :: ERROR :: Failed to send command to GoPro: <urlopen error timed out>
2018-01-22 17:09:53,576 :: GoPro :: INFO :: - Download media
2018-01-22 17:10:03,590 :: GoPro :: ERROR :: <urlopen error timed out>
2018-01-22 17:10:03,591 :: GoPro :: INFO :: - Sleep
2018-01-22 17:10:13,606 :: GoPro :: ERROR :: Failed to send command to GoPro: <urlopen error timed out>
2018-01-22 18:00:21,225 :: GoPro :: DEBUG :: ========== Starting GoPro H3 Controller ==========
2018-01-22 18:00:21,231 :: GoPro :: DEBUG :: Sleeping for 1 minutes
2018-01-22 18:09:14,473 :: GoPro :: INFO :: Wake up GoPro...
2018-01-22 18:09:24,495 :: GoPro :: ERROR :: Failed to send command to GoPro: <urlopen error timed out>
2018-01-22 18:09:34,509 :: GoPro :: INFO :: - Taking a photo
2018-01-22 18:09:44,524 :: GoPro :: ERROR :: Failed to send command to GoPro: <urlopen error timed out>
2018-01-22 18:09:54,537 :: GoPro :: INFO :: - Download media
2018-01-22 18:10:04,551 :: GoPro :: ERROR :: <urlopen error timed out>
2018-01-22 18:10:04,552 :: GoPro :: INFO :: - Sleep
2018-01-22 18:10:14,567 :: GoPro :: ERROR :: Failed to send command to GoPro: <urlopen error timed out>
2018-01-22 19:00:20,633 :: GoPro :: DEBUG :: ========== Starting GoPro H3 Controller ==========
2018-01-22 19:00:20,653 :: GoPro :: DEBUG :: Sleeping for 1 minutes
2018-01-22 19:09:14,400 :: GoPro :: INFO :: Wake up GoPro...
2018-01-22 19:09:24,423 :: GoPro :: ERROR :: Failed to send command to GoPro: <urlopen error timed out>
2018-01-22 19:09:34,437 :: GoPro :: INFO :: - Taking a photo
2018-01-22 19:09:44,452 :: GoPro :: ERROR :: Failed to send command to GoPro: <urlopen error timed out>
2018-01-22 19:09:54,465 :: GoPro :: INFO :: - Download media
2018-01-22 19:10:04,478 :: GoPro :: ERROR :: <urlopen error timed out>
2018-01-22 19:10:04,480 :: GoPro :: INFO :: - Sleep
2018-01-22 19:10:14,494 :: GoPro :: ERROR :: Failed to send command to GoPro: <urlopen error timed out>
2018-01-23 07:00:21,590 :: GoPro :: DEBUG :: ========== Starting GoPro H3 Controller ==========
2018-01-23 07:00:21,600 :: GoPro :: DEBUG :: Sleeping for 1 minutes
2018-01-23 07:09:15,799 :: GoPro :: INFO :: Wake up GoPro...
2018-01-23 07:09:25,821 :: GoPro :: ERROR :: Failed to send command to GoPro: <urlopen error timed out>
2018-01-23 07:09:35,836 :: GoPro :: INFO :: - Taking a photo
2018-01-23 07:09:45,850 :: GoPro :: ERROR :: Failed to send command to GoPro: <urlopen error timed out>
2018-01-23 07:09:55,864 :: GoPro :: INFO :: - Download media
2018-01-23 07:10:05,877 :: GoPro :: ERROR :: <urlopen error timed out>
2018-01-23 07:10:05,878 :: GoPro :: INFO :: - Sleep
2018-01-23 07:10:15,893 :: GoPro :: ERROR :: Failed to send command to GoPro: <urlopen error timed out>
2018-01-23 08:00:20,245 :: GoPro :: DEBUG :: ========== Starting GoPro H3 Controller ==========
2018-01-23 08:00:20,266 :: GoPro :: DEBUG :: Sleeping for 1 minutes
2018-01-23 08:09:15,010 :: GoPro :: INFO :: Wake up GoPro...
2018-01-23 08:09:25,033 :: GoPro :: ERROR :: Failed to send command to GoPro: <urlopen error timed out>
2018-01-23 08:09:35,048 :: GoPro :: INFO :: - Taking a photo
2018-01-23 08:09:45,062 :: GoPro :: ERROR :: Failed to send command to GoPro: <urlopen error timed out>
2018-01-23 08:09:55,076 :: GoPro :: INFO :: - Download media
2018-01-23 08:10:05,089 :: GoPro :: ERROR :: <urlopen error timed out>
2018-01-23 08:10:05,091 :: GoPro :: INFO :: - Sleep
2018-01-23 08:10:15,105 :: GoPro :: ERROR :: Failed to send command to GoPro: <urlopen error timed out>
2018-01-23 09:00:20,583 :: GoPro :: DEBUG :: ========== Starting GoPro H3 Controller ==========
2018-01-23 09:00:20,588 :: GoPro :: DEBUG :: Sleeping for 1 minutes
2018-01-23 09:09:15,798 :: GoPro :: INFO :: Wake up GoPro...
2018-01-23 09:09:25,821 :: GoPro :: ERROR :: Failed to send command to GoPro: <urlopen error timed out>
2018-01-23 09:09:35,835 :: GoPro :: INFO :: - Taking a photo
2018-01-23 09:09:45,850 :: GoPro :: ERROR :: Failed to send command to GoPro: <urlopen error timed out>
2018-01-23 09:09:55,863 :: GoPro :: INFO :: - Download media
2018-01-23 09:10:05,877 :: GoPro :: ERROR :: <urlopen error timed out>
2018-01-23 09:10:05,878 :: GoPro :: INFO :: - Sleep
2018-01-23 09:10:15,893 :: GoPro :: ERROR :: Failed to send command to GoPro: <urlopen error timed out>
2018-01-23 10:00:21,641 :: GoPro :: DEBUG :: ========== Starting GoPro H3 Controller ==========
2018-01-23 10:00:21,677 :: GoPro :: DEBUG :: Sleeping for 1 minutes
2018-01-23 10:09:17,382 :: GoPro :: INFO :: Wake up GoPro...
2018-01-23 10:09:27,405 :: GoPro :: ERROR :: Failed to send command to GoPro: <urlopen error timed out>
2018-01-23 10:09:37,420 :: GoPro :: INFO :: - Taking a photo
2018-01-23 10:09:47,434 :: GoPro :: ERROR :: Failed to send command to GoPro: <urlopen error timed out>
2018-01-23 10:09:57,447 :: GoPro :: INFO :: - Download media
2018-01-23 10:10:07,461 :: GoPro :: ERROR :: <urlopen error timed out>
2018-01-23 10:10:07,462 :: GoPro :: INFO :: - Sleep
2018-01-23 10:10:17,469 :: GoPro :: ERROR :: Failed to send command to GoPro: <urlopen error timed out>
2018-01-23 11:00:20,734 :: GoPro :: DEBUG :: ========== Starting GoPro H3 Controller ==========
2018-01-23 11:00:20,739 :: GoPro :: DEBUG :: Sleeping for 1 minutes
2018-01-23 11:09:16,942 :: GoPro :: INFO :: Wake up GoPro...
2018-01-23 11:09:26,955 :: GoPro :: ERROR :: Failed to send command to GoPro: <urlopen error timed out>
2018-01-23 11:09:36,969 :: GoPro :: INFO :: - Taking a photo
2018-01-23 11:09:46,984 :: GoPro :: ERROR :: Failed to send command to GoPro: <urlopen error timed out>
2018-01-23 11:09:56,997 :: GoPro :: INFO :: - Download media
2018-01-23 11:10:07,011 :: GoPro :: ERROR :: <urlopen error timed out>
2018-01-23 11:10:07,012 :: GoPro :: INFO :: - Sleep
2018-01-23 11:10:17,027 :: GoPro :: ERROR :: Failed to send command to GoPro: <urlopen error timed out>
2018-01-23 12:00:20,307 :: GoPro :: DEBUG :: ========== Starting GoPro H3 Controller ==========
2018-01-23 12:00:20,325 :: GoPro :: DEBUG :: Sleeping for 1 minutes
2018-01-23 12:09:17,045 :: GoPro :: INFO :: Wake up GoPro...
2018-01-23 12:09:27,068 :: GoPro :: ERROR :: Failed to send command to GoPro: <urlopen error timed out>
2018-01-23 12:09:37,083 :: GoPro :: INFO :: - Taking a photo
2018-01-23 12:09:47,098 :: GoPro :: ERROR :: Failed to send command to GoPro: <urlopen error timed out>
2018-01-23 12:09:57,111 :: GoPro :: INFO :: - Download media
2018-01-23 12:10:07,124 :: GoPro :: ERROR :: <urlopen error timed out>
2018-01-23 12:10:07,126 :: GoPro :: INFO :: - Sleep
2018-01-23 12:10:17,140 :: GoPro :: ERROR :: Failed to send command to GoPro: <urlopen error timed out>
2018-01-23 13:00:20,596 :: GoPro :: DEBUG :: ========== Starting GoPro H3 Controller ==========
2018-01-23 13:00:20,621 :: GoPro :: DEBUG :: Sleeping for 1 minutes
2018-01-23 13:09:17,827 :: GoPro :: INFO :: Wake up GoPro...
2018-01-23 13:09:27,850 :: GoPro :: ERROR :: Failed to send command to GoPro: <urlopen error timed out>
2018-01-23 13:09:37,864 :: GoPro :: INFO :: - Taking a photo
2018-01-23 13:09:47,879 :: GoPro :: ERROR :: Failed to send command to GoPro: <urlopen error timed out>
2018-01-23 13:09:57,892 :: GoPro :: INFO :: - Download media
2018-01-23 13:10:07,905 :: GoPro :: ERROR :: <urlopen error timed out>
2018-01-23 13:10:07,907 :: GoPro :: INFO :: - Sleep
2018-01-23 13:10:17,922 :: GoPro :: ERROR :: Failed to send command to GoPro: <urlopen error timed out>
2018-01-23 14:00:20,848 :: GoPro :: DEBUG :: ========== Starting GoPro H3 Controller ==========
2018-01-23 14:00:20,862 :: GoPro :: DEBUG :: Sleeping for 1 minutes
2018-01-23 14:09:18,571 :: GoPro :: INFO :: Wake up GoPro...
2018-01-23 14:09:28,593 :: GoPro :: ERROR :: Failed to send command to GoPro: <urlopen error timed out>
2018-01-23 14:09:38,612 :: GoPro :: INFO :: - Taking a photo
2018-01-23 14:09:48,627 :: GoPro :: ERROR :: Failed to send command to GoPro: <urlopen error timed out>
2018-01-23 14:09:58,640 :: GoPro :: INFO :: - Download media
2018-01-23 14:10:08,653 :: GoPro :: ERROR :: <urlopen error timed out>
2018-01-23 14:10:08,654 :: GoPro :: INFO :: - Sleep
2018-01-23 14:10:18,668 :: GoPro :: ERROR :: Failed to send command to GoPro: <urlopen error timed out>
2018-01-23 15:00:20,365 :: GoPro :: DEBUG :: ========== Starting GoPro H3 Controller ==========
2018-01-23 15:00:20,382 :: GoPro :: DEBUG :: Sleeping for 1 minutes
2018-01-23 15:09:18,598 :: GoPro :: INFO :: Wake up GoPro...
2018-01-23 15:09:28,621 :: GoPro :: ERROR :: Failed to send command to GoPro: <urlopen error timed out>
2018-01-23 15:09:38,636 :: GoPro :: INFO :: - Taking a photo
2018-01-23 15:09:48,650 :: GoPro :: ERROR :: Failed to send command to GoPro: <urlopen error timed out>
2018-01-23 15:09:58,664 :: GoPro :: INFO :: - Download media
2018-01-23 15:10:08,677 :: GoPro :: ERROR :: <urlopen error timed out>
2018-01-23 15:10:08,679 :: GoPro :: INFO :: - Sleep
2018-01-23 15:10:18,693 :: GoPro :: ERROR :: Failed to send command to GoPro: <urlopen error timed out>
2018-01-23 16:00:20,838 :: GoPro :: DEBUG :: ========== Starting GoPro H3 Controller ==========
2018-01-23 16:00:20,864 :: GoPro :: DEBUG :: Sleeping for 1 minutes
2018-01-23 16:09:19,572 :: GoPro :: INFO :: Wake up GoPro...
2018-01-23 16:09:29,591 :: GoPro :: ERROR :: Failed to send command to GoPro: <urlopen error timed out>
2018-01-23 16:09:39,605 :: GoPro :: INFO :: - Taking a photo
2018-01-23 16:09:49,619 :: GoPro :: ERROR :: Failed to send command to GoPro: <urlopen error timed out>
2018-01-23 16:09:59,633 :: GoPro :: INFO :: - Download media
2018-01-23 16:10:09,637 :: GoPro :: ERROR :: <urlopen error timed out>
2018-01-23 16:10:09,639 :: GoPro :: INFO :: - Sleep
2018-01-23 16:10:19,653 :: GoPro :: ERROR :: Failed to send command to GoPro: <urlopen error timed out>
2018-01-23 17:00:20,592 :: GoPro :: DEBUG :: ========== Starting GoPro H3 Controller ==========
2018-01-23 17:00:20,610 :: GoPro :: DEBUG :: Sleeping for 1 minutes
2018-01-23 17:09:19,812 :: GoPro :: INFO :: Wake up GoPro...
2018-01-23 17:09:29,830 :: GoPro :: ERROR :: Failed to send command to GoPro: <urlopen error timed out>
2018-01-23 17:09:39,843 :: GoPro :: INFO :: - Taking a photo
2018-01-23 17:09:49,858 :: GoPro :: ERROR :: Failed to send command to GoPro: <urlopen error timed out>
2018-01-23 17:09:59,871 :: GoPro :: INFO :: - Download media
2018-01-23 17:10:09,885 :: GoPro :: ERROR :: <urlopen error timed out>
2018-01-23 17:10:09,886 :: GoPro :: INFO :: - Sleep
2018-01-23 17:10:19,901 :: GoPro :: ERROR :: Failed to send command to GoPro: <urlopen error timed out>
2018-01-23 18:00:20,165 :: GoPro :: DEBUG :: ========== Starting GoPro H3 Controller ==========
2018-01-23 18:00:20,202 :: GoPro :: DEBUG :: Sleeping for 1 minutes
2018-01-23 18:09:19,913 :: GoPro :: INFO :: Wake up GoPro...
2018-01-23 18:09:29,935 :: GoPro :: ERROR :: Failed to send command to GoPro: <urlopen error timed out>
2018-01-23 18:09:39,950 :: GoPro :: INFO :: - Taking a photo
2018-01-23 18:09:49,964 :: GoPro :: ERROR :: Failed to send command to GoPro: <urlopen error timed out>
2018-01-23 18:09:59,978 :: GoPro :: INFO :: - Download media
2018-01-23 18:10:09,991 :: GoPro :: ERROR :: <urlopen error timed out>
2018-01-23 18:10:09,993 :: GoPro :: INFO :: - Sleep
2018-01-23 18:10:20,007 :: GoPro :: ERROR :: Failed to send command to GoPro: <urlopen error timed out>
2018-01-23 19:00:20,494 :: GoPro :: DEBUG :: ========== Starting GoPro H3 Controller ==========
2018-01-23 19:00:20,503 :: GoPro :: DEBUG :: Sleeping for 1 minutes
2018-01-23 19:09:20,721 :: GoPro :: INFO :: Wake up GoPro...
2018-01-23 19:09:30,744 :: GoPro :: ERROR :: Failed to send command to GoPro: <urlopen error timed out>
2018-01-23 19:09:40,758 :: GoPro :: INFO :: - Taking a photo
2018-01-23 19:09:50,773 :: GoPro :: ERROR :: Failed to send command to GoPro: <urlopen error timed out>
2018-01-23 19:10:00,786 :: GoPro :: INFO :: - Download media
2018-01-23 19:10:10,800 :: GoPro :: ERROR :: <urlopen error timed out>
2018-01-23 19:10:10,801 :: GoPro :: INFO :: - Sleep
2018-01-23 19:10:20,816 :: GoPro :: ERROR :: Failed to send command to GoPro: <urlopen error timed out>
2018-01-24 07:00:22,506 :: GoPro :: DEBUG :: ========== Starting GoPro H3 Controller ==========
2018-01-24 07:00:22,516 :: GoPro :: DEBUG :: Sleeping for 1 minutes
2018-01-24 07:09:23,190 :: GoPro :: INFO :: Wake up GoPro...
2018-01-24 07:09:33,213 :: GoPro :: ERROR :: Failed to send command to GoPro: <urlopen error timed out>
2018-01-24 07:09:43,228 :: GoPro :: INFO :: - Taking a photo
2018-01-24 07:09:53,233 :: GoPro :: ERROR :: Failed to send command to GoPro: <urlopen error timed out>
2018-01-24 07:10:03,247 :: GoPro :: INFO :: - Download media
2018-01-24 07:10:13,260 :: GoPro :: ERROR :: <urlopen error timed out>
2018-01-24 07:10:13,261 :: GoPro :: INFO :: - Sleep
2018-01-24 07:10:23,276 :: GoPro :: ERROR :: Failed to send command to GoPro: <urlopen error timed out>
2018-01-24 08:00:20,574 :: GoPro :: DEBUG :: ========== Starting GoPro H3 Controller ==========
2018-01-24 08:00:20,596 :: GoPro :: DEBUG :: Sleeping for 1 minutes
2018-01-24 08:09:21,768 :: GoPro :: INFO :: Wake up GoPro...
2018-01-24 08:09:31,791 :: GoPro :: ERROR :: Failed to send command to GoPro: <urlopen error timed out>
2018-01-24 08:09:41,805 :: GoPro :: INFO :: - Taking a photo
2018-01-24 08:09:51,820 :: GoPro :: ERROR :: Failed to send command to GoPro: <urlopen error timed out>
2018-01-24 08:10:01,833 :: GoPro :: INFO :: - Download media
2018-01-24 08:10:11,847 :: GoPro :: ERROR :: <urlopen error timed out>
2018-01-24 08:10:11,848 :: GoPro :: INFO :: - Sleep
2018-01-24 08:10:21,863 :: GoPro :: ERROR :: Failed to send command to GoPro: <urlopen error timed out>
2018-01-24 09:00:20,347 :: GoPro :: DEBUG :: ========== Starting GoPro H3 Controller ==========
2018-01-24 09:00:20,352 :: GoPro :: DEBUG :: Sleeping for 1 minutes
2018-01-24 09:09:22,026 :: GoPro :: INFO :: Wake up GoPro...
2018-01-24 09:09:32,049 :: GoPro :: ERROR :: Failed to send command to GoPro: <urlopen error timed out>
2018-01-24 09:09:42,063 :: GoPro :: INFO :: - Taking a photo
2018-01-24 09:09:52,078 :: GoPro :: ERROR :: Failed to send command to GoPro: <urlopen error timed out>
2018-01-24 09:10:02,091 :: GoPro :: INFO :: - Download media
2018-01-24 09:10:12,105 :: GoPro :: ERROR :: <urlopen error timed out>
2018-01-24 09:10:12,106 :: GoPro :: INFO :: - Sleep
2018-01-24 09:10:22,121 :: GoPro :: ERROR :: Failed to send command to GoPro: <urlopen error timed out>
2018-01-24 10:00:20,245 :: GoPro :: DEBUG :: ========== Starting GoPro H3 Controller ==========
2018-01-24 10:00:20,262 :: GoPro :: DEBUG :: Sleeping for 1 minutes
2018-01-24 10:09:22,428 :: GoPro :: INFO :: Wake up GoPro...
2018-01-24 10:09:32,451 :: GoPro :: ERROR :: Failed to send command to GoPro: <urlopen error timed out>
2018-01-24 10:09:42,466 :: GoPro :: INFO :: - Taking a photo
2018-01-24 10:09:52,481 :: GoPro :: ERROR :: Failed to send command to GoPro: <urlopen error timed out>
2018-01-24 10:10:02,494 :: GoPro :: INFO :: - Download media
2018-01-24 10:10:12,507 :: GoPro :: ERROR :: <urlopen error timed out>
2018-01-24 10:10:12,509 :: GoPro :: INFO :: - Sleep
2018-01-24 10:10:22,524 :: GoPro :: ERROR :: Failed to send command to GoPro: <urlopen error timed out>
2018-01-24 11:00:20,413 :: GoPro :: DEBUG :: ========== Starting GoPro H3 Controller ==========
2018-01-24 11:00:20,440 :: GoPro :: DEBUG :: Sleeping for 1 minutes
2018-01-24 11:09:23,118 :: GoPro :: INFO :: Wake up GoPro...
2018-01-24 11:09:33,141 :: GoPro :: ERROR :: Failed to send command to GoPro: <urlopen error timed out>
2018-01-24 11:09:43,155 :: GoPro :: INFO :: - Taking a photo
2018-01-24 11:09:53,170 :: GoPro :: ERROR :: Failed to send command to GoPro: <urlopen error timed out>
2018-01-24 11:10:03,183 :: GoPro :: INFO :: - Download media
2018-01-24 11:10:13,197 :: GoPro :: ERROR :: <urlopen error timed out>
2018-01-24 11:10:13,198 :: GoPro :: INFO :: - Sleep
2018-01-24 11:10:23,212 :: GoPro :: ERROR :: Failed to send command to GoPro: <urlopen error timed out>
2018-01-24 12:00:20,021 :: GoPro :: DEBUG :: ========== Starting GoPro H3 Controller ==========
2018-01-24 12:00:20,036 :: GoPro :: DEBUG :: Sleeping for 1 minutes
2018-01-24 12:09:23,207 :: GoPro :: INFO :: Wake up GoPro...
2018-01-24 12:09:33,229 :: GoPro :: ERROR :: Failed to send command to GoPro: <urlopen error timed out>
2018-01-24 12:09:43,244 :: GoPro :: INFO :: - Taking a photo
2018-01-24 12:09:53,258 :: GoPro :: ERROR :: Failed to send command to GoPro: <urlopen error timed out>
2018-01-24 12:10:03,272 :: GoPro :: INFO :: - Download media
2018-01-24 12:10:13,285 :: GoPro :: ERROR :: <urlopen error timed out>
2018-01-24 12:10:13,287 :: GoPro :: INFO :: - Sleep
2018-01-24 12:10:23,301 :: GoPro :: ERROR :: Failed to send command to GoPro: <urlopen error timed out>
2018-01-24 13:00:20,439 :: GoPro :: DEBUG :: ========== Starting GoPro H3 Controller ==========
2018-01-24 13:00:20,453 :: GoPro :: DEBUG :: Sleeping for 1 minutes
2018-01-24 13:09:24,122 :: GoPro :: INFO :: Wake up GoPro...
2018-01-24 13:09:34,144 :: GoPro :: ERROR :: Failed to send command to GoPro: <urlopen error timed out>
2018-01-24 13:09:44,164 :: GoPro :: INFO :: - Taking a photo
2018-01-24 13:09:54,179 :: GoPro :: ERROR :: Failed to send command to GoPro: <urlopen error timed out>
2018-01-24 13:10:04,192 :: GoPro :: INFO :: - Download media
2018-01-24 13:10:14,205 :: GoPro :: ERROR :: <urlopen error timed out>
2018-01-24 13:10:14,207 :: GoPro :: INFO :: - Sleep
2018-01-24 13:10:24,222 :: GoPro :: ERROR :: Failed to send command to GoPro: <urlopen error timed out>
2018-01-24 14:00:20,625 :: GoPro :: DEBUG :: ========== Starting GoPro H3 Controller ==========
2018-01-24 14:00:20,642 :: GoPro :: DEBUG :: Sleeping for 1 minutes
2018-01-24 14:09:24,805 :: GoPro :: INFO :: Wake up GoPro...
2018-01-24 14:09:34,827 :: GoPro :: ERROR :: Failed to send command to GoPro: <urlopen error timed out>
2018-01-24 14:09:44,842 :: GoPro :: INFO :: - Taking a photo
2018-01-24 14:09:54,857 :: GoPro :: ERROR :: Failed to send command to GoPro: <urlopen error timed out>
2018-01-24 14:10:04,870 :: GoPro :: INFO :: - Download media
2018-01-24 14:10:14,883 :: GoPro :: ERROR :: <urlopen error timed out>
2018-01-24 14:10:14,885 :: GoPro :: INFO :: - Sleep
2018-01-24 14:10:24,899 :: GoPro :: ERROR :: Failed to send command to GoPro: <urlopen error timed out>
2018-01-24 15:00:20,565 :: GoPro :: DEBUG :: ========== Starting GoPro H3 Controller ==========
2018-01-24 15:00:20,588 :: GoPro :: DEBUG :: Sleeping for 1 minutes
2018-01-24 15:09:25,257 :: GoPro :: INFO :: Wake up GoPro...
2018-01-24 15:09:35,280 :: GoPro :: ERROR :: Failed to send command to GoPro: <urlopen error timed out>
2018-01-24 15:09:45,299 :: GoPro :: INFO :: - Taking a photo
2018-01-24 15:09:55,319 :: GoPro :: ERROR :: Failed to send command to GoPro: <urlopen error timed out>
2018-01-24 15:10:05,336 :: GoPro :: INFO :: - Download media
2018-01-24 15:10:15,349 :: GoPro :: ERROR :: <urlopen error timed out>
2018-01-24 15:10:15,351 :: GoPro :: INFO :: - Sleep
2018-01-24 15:10:25,360 :: GoPro :: ERROR :: Failed to send command to GoPro: <urlopen error timed out>
2018-01-24 16:00:20,542 :: GoPro :: DEBUG :: ========== Starting GoPro H3 Controller ==========
2018-01-24 16:00:20,566 :: GoPro :: DEBUG :: Sleeping for 1 minutes
2018-01-24 16:09:25,735 :: GoPro :: INFO :: Wake up GoPro...
2018-01-24 16:09:35,758 :: GoPro :: ERROR :: Failed to send command to GoPro: <urlopen error timed out>
2018-01-24 16:09:45,782 :: GoPro :: INFO :: - Taking a photo
2018-01-24 16:09:55,799 :: GoPro :: ERROR :: Failed to send command to GoPro: <urlopen error timed out>
2018-01-24 16:10:05,817 :: GoPro :: INFO :: - Download media
2018-01-24 16:10:15,835 :: GoPro :: ERROR :: <urlopen error timed out>
2018-01-24 16:10:15,837 :: GoPro :: INFO :: - Sleep
2018-01-24 16:10:25,851 :: GoPro :: ERROR :: Failed to send command to GoPro: <urlopen error timed out>
2018-01-24 17:00:20,271 :: GoPro :: DEBUG :: ========== Starting GoPro H3 Controller ==========
2018-01-24 17:00:20,298 :: GoPro :: DEBUG :: Sleeping for 1 minutes
2018-01-24 17:09:25,969 :: GoPro :: INFO :: Wake up GoPro...
2018-01-24 17:09:35,991 :: GoPro :: ERROR :: Failed to send command to GoPro: <urlopen error timed out>
2018-01-24 17:09:46,006 :: GoPro :: INFO :: - Taking a photo
2018-01-24 17:09:56,021 :: GoPro :: ERROR :: Failed to send command to GoPro: <urlopen error timed out>
2018-01-24 17:10:06,034 :: GoPro :: INFO :: - Download media
2018-01-24 17:10:16,045 :: GoPro :: ERROR :: <urlopen error timed out>
2018-01-24 17:10:16,046 :: GoPro :: INFO :: - Sleep
2018-01-24 17:10:26,061 :: GoPro :: ERROR :: Failed to send command to GoPro: <urlopen error timed out>
2018-01-24 18:00:19,924 :: GoPro :: DEBUG :: ========== Starting GoPro H3 Controller ==========
2018-01-24 18:00:19,937 :: GoPro :: DEBUG :: Sleeping for 1 minutes
2018-01-24 18:09:26,107 :: GoPro :: INFO :: Wake up GoPro...
2018-01-24 18:09:36,129 :: GoPro :: ERROR :: Failed to send command to GoPro: <urlopen error timed out>
2018-01-24 18:09:46,144 :: GoPro :: INFO :: - Taking a photo
2018-01-24 18:09:56,159 :: GoPro :: ERROR :: Failed to send command to GoPro: <urlopen error timed out>
2018-01-24 18:10:06,172 :: GoPro :: INFO :: - Download media
2018-01-24 18:10:16,185 :: GoPro :: ERROR :: <urlopen error timed out>
2018-01-24 18:10:16,187 :: GoPro :: INFO :: - Sleep
2018-01-24 18:10:26,204 :: GoPro :: ERROR :: Failed to send command to GoPro: <urlopen error timed out>
2018-01-24 19:00:20,157 :: GoPro :: DEBUG :: ========== Starting GoPro H3 Controller ==========
2018-01-24 19:00:20,199 :: GoPro :: DEBUG :: Sleeping for 1 minutes
2018-01-24 19:09:26,864 :: GoPro :: INFO :: Wake up GoPro...
2018-01-24 19:09:36,887 :: GoPro :: ERROR :: Failed to send command to GoPro: <urlopen error timed out>
2018-01-24 19:09:46,901 :: GoPro :: INFO :: - Taking a photo
2018-01-24 19:09:56,916 :: GoPro :: ERROR :: Failed to send command to GoPro: <urlopen error timed out>
2018-01-24 19:10:06,929 :: GoPro :: INFO :: - Download media
2018-01-24 19:10:16,943 :: GoPro :: ERROR :: <urlopen error timed out>
2018-01-24 19:10:16,944 :: GoPro :: INFO :: - Sleep
2018-01-24 19:10:26,959 :: GoPro :: ERROR :: Failed to send command to GoPro: <urlopen error timed out>
2018-01-25 07:00:22,769 :: GoPro :: DEBUG :: ========== Starting GoPro H3 Controller ==========
2018-01-25 07:00:22,784 :: GoPro :: DEBUG :: Sleeping for 1 minutes
2018-01-25 07:09:29,927 :: GoPro :: INFO :: Wake up GoPro...
2018-01-25 07:09:39,949 :: GoPro :: ERROR :: Failed to send command to GoPro: <urlopen error timed out>
2018-01-25 07:09:49,964 :: GoPro :: INFO :: - Taking a photo
2018-01-25 07:09:59,978 :: GoPro :: ERROR :: Failed to send command to GoPro: <urlopen error timed out>
2018-01-25 07:10:09,991 :: GoPro :: INFO :: - Download media
2018-01-25 07:10:20,005 :: GoPro :: ERROR :: <urlopen error timed out>
2018-01-25 07:10:20,006 :: GoPro :: INFO :: - Sleep
2018-01-25 07:10:30,021 :: GoPro :: ERROR :: Failed to send command to GoPro: <urlopen error timed out>
2018-01-25 08:00:20,086 :: GoPro :: DEBUG :: ========== Starting GoPro H3 Controller ==========
2018-01-25 08:00:20,114 :: GoPro :: DEBUG :: Sleeping for 1 minutes
2018-01-25 08:09:27,750 :: GoPro :: INFO :: Wake up GoPro...
2018-01-25 08:09:37,772 :: GoPro :: ERROR :: Failed to send command to GoPro: <urlopen error timed out>
2018-01-25 08:09:47,791 :: GoPro :: INFO :: - Taking a photo
2018-01-25 08:09:57,806 :: GoPro :: ERROR :: Failed to send command to GoPro: <urlopen error timed out>
2018-01-25 08:10:07,819 :: GoPro :: INFO :: - Download media
2018-01-25 08:10:17,833 :: GoPro :: ERROR :: <urlopen error timed out>
2018-01-25 08:10:17,834 :: GoPro :: INFO :: - Sleep
2018-01-25 08:10:27,849 :: GoPro :: ERROR :: Failed to send command to GoPro: <urlopen error timed out>
2018-01-25 09:00:20,566 :: GoPro :: DEBUG :: ========== Starting GoPro H3 Controller ==========
2018-01-25 09:00:20,590 :: GoPro :: DEBUG :: Sleeping for 1 minutes
2018-01-25 09:09:28,721 :: GoPro :: INFO :: Wake up GoPro...
2018-01-25 09:09:38,744 :: GoPro :: ERROR :: Failed to send command to GoPro: <urlopen error timed out>
2018-01-25 09:09:48,758 :: GoPro :: INFO :: - Taking a photo
2018-01-25 09:09:58,773 :: GoPro :: ERROR :: Failed to send command to GoPro: <urlopen error timed out>
2018-01-25 09:10:08,786 :: GoPro :: INFO :: - Download media
2018-01-25 09:10:18,800 :: GoPro :: ERROR :: <urlopen error timed out>
2018-01-25 09:10:18,801 :: GoPro :: INFO :: - Sleep
2018-01-25 09:10:28,816 :: GoPro :: ERROR :: Failed to send command to GoPro: <urlopen error timed out>
2018-01-25 10:00:19,900 :: GoPro :: DEBUG :: ========== Starting GoPro H3 Controller ==========
2018-01-25 10:00:19,915 :: GoPro :: DEBUG :: Sleeping for 1 minutes
2018-01-25 10:09:28,551 :: GoPro :: INFO :: Wake up GoPro...
2018-01-25 10:09:38,574 :: GoPro :: ERROR :: Failed to send command to GoPro: <urlopen error timed out>
2018-01-25 10:09:48,588 :: GoPro :: INFO :: - Taking a photo
2018-01-25 10:09:58,603 :: GoPro :: ERROR :: Failed to send command to GoPro: <urlopen error timed out>
2018-01-25 10:10:08,616 :: GoPro :: INFO :: - Download media
2018-01-25 10:10:18,630 :: GoPro :: ERROR :: <urlopen error timed out>
2018-01-25 10:10:18,631 :: GoPro :: INFO :: - Sleep
2018-01-25 10:10:28,646 :: GoPro :: ERROR :: Failed to send command to GoPro: <urlopen error timed out>
2018-01-25 11:00:20,254 :: GoPro :: DEBUG :: ========== Starting GoPro H3 Controller ==========
2018-01-25 11:00:20,275 :: GoPro :: DEBUG :: Sleeping for 1 minutes
2018-01-25 11:09:29,412 :: GoPro :: INFO :: Wake up GoPro...
2018-01-25 11:09:39,434 :: GoPro :: ERROR :: Failed to send command to GoPro: <urlopen error timed out>
2018-01-25 11:09:49,449 :: GoPro :: INFO :: - Taking a photo
2018-01-25 11:09:59,463 :: GoPro :: ERROR :: Failed to send command to GoPro: <urlopen error timed out>
2018-01-25 11:10:09,476 :: GoPro :: INFO :: - Download media
2018-01-25 11:10:19,490 :: GoPro :: ERROR :: <urlopen error timed out>
2018-01-25 11:10:19,491 :: GoPro :: INFO :: - Sleep
2018-01-25 11:10:29,506 :: GoPro :: ERROR :: Failed to send command to GoPro: <urlopen error timed out>
2018-01-25 12:00:20,371 :: GoPro :: DEBUG :: ========== Starting GoPro H3 Controller ==========
2018-01-25 12:00:20,381 :: GoPro :: DEBUG :: Sleeping for 1 minutes
2018-01-25 12:09:30,019 :: GoPro :: INFO :: Wake up GoPro...
2018-01-25 12:09:40,041 :: GoPro :: ERROR :: Failed to send command to GoPro: <urlopen error timed out>
2018-01-25 12:09:50,060 :: GoPro :: INFO :: - Taking a photo
2018-01-25 12:10:00,075 :: GoPro :: ERROR :: Failed to send command to GoPro: <urlopen error timed out>
2018-01-25 12:10:10,088 :: GoPro :: INFO :: - Download media
2018-01-25 12:10:20,101 :: GoPro :: ERROR :: <urlopen error timed out>
2018-01-25 12:10:20,103 :: GoPro :: INFO :: - Sleep
2018-01-25 12:10:30,117 :: GoPro :: ERROR :: Failed to send command to GoPro: <urlopen error timed out>
2018-01-25 13:00:20,619 :: GoPro :: DEBUG :: ========== Starting GoPro H3 Controller ==========
2018-01-25 13:00:20,649 :: GoPro :: DEBUG :: Sleeping for 1 minutes
2018-01-25 13:09:30,785 :: GoPro :: INFO :: Wake up GoPro...
2018-01-25 13:09:40,808 :: GoPro :: ERROR :: Failed to send command to GoPro: <urlopen error timed out>
2018-01-25 13:09:50,823 :: GoPro :: INFO :: - Taking a photo
2018-01-25 13:10:00,837 :: GoPro :: ERROR :: Failed to send command to GoPro: <urlopen error timed out>
2018-01-25 13:10:10,851 :: GoPro :: INFO :: - Download media
2018-01-25 13:10:20,864 :: GoPro :: ERROR :: <urlopen error timed out>
2018-01-25 13:10:20,866 :: GoPro :: INFO :: - Sleep
2018-01-25 13:10:30,880 :: GoPro :: ERROR :: Failed to send command to GoPro: <urlopen error timed out>
2018-01-25 14:00:20,102 :: GoPro :: DEBUG :: ========== Starting GoPro H3 Controller ==========
2018-01-25 14:00:20,125 :: GoPro :: DEBUG :: Sleeping for 1 minutes
2018-01-25 14:09:30,768 :: GoPro :: INFO :: Wake up GoPro...
2018-01-25 14:09:40,787 :: GoPro :: ERROR :: Failed to send command to GoPro: <urlopen error timed out>
2018-01-25 14:09:50,800 :: GoPro :: INFO :: - Taking a photo
2018-01-25 14:10:00,815 :: GoPro :: ERROR :: Failed to send command to GoPro: <urlopen error timed out>
2018-01-25 14:10:10,828 :: GoPro :: INFO :: - Download media
2018-01-25 14:10:20,842 :: GoPro :: ERROR :: <urlopen error timed out>
2018-01-25 14:10:20,843 :: GoPro :: INFO :: - Sleep
2018-01-25 14:10:30,858 :: GoPro :: ERROR :: Failed to send command to GoPro: <urlopen error timed out>
2018-01-25 15:00:20,579 :: GoPro :: DEBUG :: ========== Starting GoPro H3 Controller ==========
2018-01-25 15:00:20,597 :: GoPro :: DEBUG :: Sleeping for 1 minutes
2018-01-25 15:09:31,730 :: GoPro :: INFO :: Wake up GoPro...
2018-01-25 15:09:41,752 :: GoPro :: ERROR :: Failed to send command to GoPro: <urlopen error timed out>
2018-01-25 15:09:51,766 :: GoPro :: INFO :: - Taking a photo
2018-01-25 15:10:01,781 :: GoPro :: ERROR :: Failed to send command to GoPro: <urlopen error timed out>
2018-01-25 15:10:11,794 :: GoPro :: INFO :: - Download media
2018-01-25 15:10:21,808 :: GoPro :: ERROR :: <urlopen error timed out>
2018-01-25 15:10:21,809 :: GoPro :: INFO :: - Sleep
2018-01-25 15:10:31,824 :: GoPro :: ERROR :: Failed to send command to GoPro: <urlopen error timed out>
2018-01-25 16:00:20,059 :: GoPro :: DEBUG :: ========== Starting GoPro H3 Controller ==========
2018-01-25 16:00:20,067 :: GoPro :: DEBUG :: Sleeping for 1 minutes
2018-01-25 16:09:31,771 :: GoPro :: INFO :: Wake up GoPro...
2018-01-25 16:09:41,785 :: GoPro :: ERROR :: Failed to send command to GoPro: <urlopen error timed out>
2018-01-25 16:09:51,799 :: GoPro :: INFO :: - Taking a photo
2018-01-25 16:10:01,814 :: GoPro :: ERROR :: Failed to send command to GoPro: <urlopen error timed out>
2018-01-25 16:10:11,827 :: GoPro :: INFO :: - Download media
2018-01-25 16:10:21,841 :: GoPro :: ERROR :: <urlopen error timed out>
2018-01-25 16:10:21,842 :: GoPro :: INFO :: - Sleep
2018-01-25 16:10:31,857 :: GoPro :: ERROR :: Failed to send command to GoPro: <urlopen error timed out>
2018-01-25 17:00:20,447 :: GoPro :: DEBUG :: ========== Starting GoPro H3 Controller ==========
2018-01-25 17:00:20,465 :: GoPro :: DEBUG :: Sleeping for 1 minutes
2018-01-25 17:09:32,597 :: GoPro :: INFO :: Wake up GoPro...
2018-01-25 17:09:42,620 :: GoPro :: ERROR :: Failed to send command to GoPro: <urlopen error timed out>
2018-01-25 17:09:52,635 :: GoPro :: INFO :: - Taking a photo
2018-01-25 17:10:02,650 :: GoPro :: ERROR :: Failed to send command to GoPro: <urlopen error timed out>
2018-01-25 17:10:12,663 :: GoPro :: INFO :: - Download media
2018-01-25 17:10:22,677 :: GoPro :: ERROR :: <urlopen error timed out>
2018-01-25 17:10:22,678 :: GoPro :: INFO :: - Sleep
2018-01-25 17:10:32,693 :: GoPro :: ERROR :: Failed to send command to GoPro: <urlopen error timed out>
2018-01-25 18:00:20,189 :: GoPro :: DEBUG :: ========== Starting GoPro H3 Controller ==========
2018-01-25 18:00:20,205 :: GoPro :: DEBUG :: Sleeping for 1 minutes
2018-01-25 18:09:32,836 :: GoPro :: INFO :: Wake up GoPro...
2018-01-25 18:09:42,854 :: GoPro :: ERROR :: Failed to send command to GoPro: <urlopen error timed out>
2018-01-25 18:09:52,873 :: GoPro :: INFO :: - Taking a photo
2018-01-25 18:10:02,888 :: GoPro :: ERROR :: Failed to send command to GoPro: <urlopen error timed out>
2018-01-25 18:10:12,901 :: GoPro :: INFO :: - Download media
2018-01-25 18:10:22,914 :: GoPro :: ERROR :: <urlopen error timed out>
2018-01-25 18:10:22,916 :: GoPro :: INFO :: - Sleep
2018-01-25 18:10:32,930 :: GoPro :: ERROR :: Failed to send command to GoPro: <urlopen error timed out>
2018-01-25 19:00:20,376 :: GoPro :: DEBUG :: ========== Starting GoPro H3 Controller ==========
2018-01-25 19:00:20,384 :: GoPro :: DEBUG :: Sleeping for 1 minutes
2018-01-25 19:09:33,518 :: GoPro :: INFO :: Wake up GoPro...
2018-01-25 19:09:43,541 :: GoPro :: ERROR :: Failed to send command to GoPro: <urlopen error timed out>
2018-01-25 19:09:53,556 :: GoPro :: INFO :: - Taking a photo
2018-01-25 19:10:03,570 :: GoPro :: ERROR :: Failed to send command to GoPro: <urlopen error timed out>
2018-01-25 19:10:13,584 :: GoPro :: INFO :: - Download media
2018-01-25 19:10:23,597 :: GoPro :: ERROR :: <urlopen error timed out>
2018-01-25 19:10:23,599 :: GoPro :: INFO :: - Sleep
2018-01-25 19:10:33,613 :: GoPro :: ERROR :: Failed to send command to GoPro: <urlopen error timed out>
2018-01-26 07:00:22,497 :: GoPro :: DEBUG :: ========== Starting GoPro H3 Controller ==========
2018-01-26 07:00:22,505 :: GoPro :: DEBUG :: Sleeping for 1 minutes
2018-01-26 07:09:36,104 :: GoPro :: INFO :: Wake up GoPro...
2018-01-26 07:09:46,126 :: GoPro :: ERROR :: Failed to send command to GoPro: <urlopen error timed out>
2018-01-26 07:09:56,145 :: GoPro :: INFO :: - Taking a photo
2018-01-26 07:10:06,164 :: GoPro :: ERROR :: Failed to send command to GoPro: <urlopen error timed out>
2018-01-26 07:10:16,182 :: GoPro :: INFO :: - Download media
2018-01-26 07:10:26,200 :: GoPro :: ERROR :: <urlopen error timed out>
2018-01-26 07:10:26,201 :: GoPro :: INFO :: - Sleep
2018-01-26 07:10:36,216 :: GoPro :: ERROR :: Failed to send command to GoPro: <urlopen error timed out>
2018-01-26 08:00:20,243 :: GoPro :: DEBUG :: ========== Starting GoPro H3 Controller ==========
2018-01-26 08:00:20,266 :: GoPro :: DEBUG :: Sleeping for 1 minutes
2018-01-26 08:09:34,363 :: GoPro :: INFO :: Wake up GoPro...
2018-01-26 08:09:44,377 :: GoPro :: ERROR :: Failed to send command to GoPro: <urlopen error timed out>
2018-01-26 08:09:54,391 :: GoPro :: INFO :: - Taking a photo
2018-01-26 08:10:04,406 :: GoPro :: ERROR :: Failed to send command to GoPro: <urlopen error timed out>
2018-01-26 08:10:14,419 :: GoPro :: INFO :: - Download media
2018-01-26 08:10:24,433 :: GoPro :: ERROR :: <urlopen error timed out>
2018-01-26 08:10:24,434 :: GoPro :: INFO :: - Sleep
2018-01-26 08:10:34,449 :: GoPro :: ERROR :: Failed to send command to GoPro: <urlopen error timed out>
2018-01-26 09:00:20,144 :: GoPro :: DEBUG :: ========== Starting GoPro H3 Controller ==========
2018-01-26 09:00:20,157 :: GoPro :: DEBUG :: Sleeping for 1 minutes
2018-01-26 09:09:34,773 :: GoPro :: INFO :: Wake up GoPro...
2018-01-26 09:09:44,792 :: GoPro :: ERROR :: Failed to send command to GoPro: <urlopen error timed out>
2018-01-26 09:09:54,807 :: GoPro :: INFO :: - Taking a photo
2018-01-26 09:10:04,822 :: GoPro :: ERROR :: Failed to send command to GoPro: <urlopen error timed out>
2018-01-26 09:10:14,835 :: GoPro :: INFO :: - Download media
2018-01-26 09:10:24,848 :: GoPro :: ERROR :: <urlopen error timed out>
2018-01-26 09:10:24,850 :: GoPro :: INFO :: - Sleep
2018-01-26 09:10:34,864 :: GoPro :: ERROR :: Failed to send command to GoPro: <urlopen error timed out>
2018-01-26 10:00:20,875 :: GoPro :: DEBUG :: ========== Starting GoPro H3 Controller ==========
2018-01-26 10:00:20,896 :: GoPro :: DEBUG :: Sleeping for 1 minutes
2018-01-26 10:09:36,006 :: GoPro :: INFO :: Wake up GoPro...
2018-01-26 10:09:46,029 :: GoPro :: ERROR :: Failed to send command to GoPro: <urlopen error timed out>
2018-01-26 10:09:56,047 :: GoPro :: INFO :: - Taking a photo
2018-01-26 10:10:06,061 :: GoPro :: ERROR :: Failed to send command to GoPro: <urlopen error timed out>
2018-01-26 10:10:16,075 :: GoPro :: INFO :: - Download media
2018-01-26 10:10:26,088 :: GoPro :: ERROR :: <urlopen error timed out>
2018-01-26 10:10:26,090 :: GoPro :: INFO :: - Sleep
2018-01-26 10:10:36,096 :: GoPro :: ERROR :: Failed to send command to GoPro: <urlopen error timed out>
2018-01-26 11:00:20,379 :: GoPro :: DEBUG :: ========== Starting GoPro H3 Controller ==========
2018-01-26 11:00:20,418 :: GoPro :: DEBUG :: Sleeping for 1 minutes
2018-01-26 11:09:36,017 :: GoPro :: INFO :: Wake up GoPro...
2018-01-26 11:09:46,030 :: GoPro :: ERROR :: Failed to send command to GoPro: <urlopen error timed out>
2018-01-26 11:09:56,044 :: GoPro :: INFO :: - Taking a photo
2018-01-26 11:10:06,059 :: GoPro :: ERROR :: Failed to send command to GoPro: <urlopen error timed out>
2018-01-26 11:10:16,072 :: GoPro :: INFO :: - Download media
2018-01-26 11:10:26,085 :: GoPro :: ERROR :: <urlopen error timed out>
2018-01-26 11:10:26,087 :: GoPro :: INFO :: - Sleep
2018-01-26 11:10:36,101 :: GoPro :: ERROR :: Failed to send command to GoPro: <urlopen error timed out>
2018-01-26 12:00:20,180 :: GoPro :: DEBUG :: ========== Starting GoPro H3 Controller ==========
2018-01-26 12:00:20,197 :: GoPro :: DEBUG :: Sleeping for 1 minutes
2018-01-26 12:09:36,329 :: GoPro :: INFO :: Wake up GoPro...
2018-01-26 12:09:46,352 :: GoPro :: ERROR :: Failed to send command to GoPro: <urlopen error timed out>
2018-01-26 12:09:56,366 :: GoPro :: INFO :: - Taking a photo
2018-01-26 12:10:06,381 :: GoPro :: ERROR :: Failed to send command to GoPro: <urlopen error timed out>
2018-01-26 12:10:16,394 :: GoPro :: INFO :: - Download media
2018-01-26 12:10:26,408 :: GoPro :: ERROR :: <urlopen error timed out>
2018-01-26 12:10:26,409 :: GoPro :: INFO :: - Sleep
2018-01-26 12:10:36,424 :: GoPro :: ERROR :: Failed to send command to GoPro: <urlopen error timed out>
2018-01-26 13:00:20,591 :: GoPro :: DEBUG :: ========== Starting GoPro H3 Controller ==========
2018-01-26 13:00:20,611 :: GoPro :: DEBUG :: Sleeping for 1 minutes
2018-01-26 13:09:37,222 :: GoPro :: INFO :: Wake up GoPro...
2018-01-26 13:09:47,237 :: GoPro :: ERROR :: Failed to send command to GoPro: <urlopen error timed out>
2018-01-26 13:09:57,252 :: GoPro :: INFO :: - Taking a photo
2018-01-26 13:10:07,266 :: GoPro :: ERROR :: Failed to send command to GoPro: <urlopen error timed out>
2018-01-26 13:10:17,280 :: GoPro :: INFO :: - Download media
2018-01-26 13:10:27,289 :: GoPro :: ERROR :: <urlopen error timed out>
2018-01-26 13:10:27,290 :: GoPro :: INFO :: - Sleep
2018-01-26 13:10:37,305 :: GoPro :: ERROR :: Failed to send command to GoPro: <urlopen error timed out>
2018-01-26 14:00:20,331 :: GoPro :: DEBUG :: ========== Starting GoPro H3 Controller ==========
2018-01-26 14:00:20,351 :: GoPro :: DEBUG :: Sleeping for 1 minutes
2018-01-26 14:09:37,469 :: GoPro :: INFO :: Wake up GoPro...
2018-01-26 14:09:47,492 :: GoPro :: ERROR :: Failed to send command to GoPro: <urlopen error timed out>
2018-01-26 14:09:57,506 :: GoPro :: INFO :: - Taking a photo
2018-01-26 14:10:07,520 :: GoPro :: ERROR :: Failed to send command to GoPro: <urlopen error timed out>
2018-01-26 14:10:17,534 :: GoPro :: INFO :: - Download media
2018-01-26 14:10:27,547 :: GoPro :: ERROR :: <urlopen error timed out>
2018-01-26 14:10:27,549 :: GoPro :: INFO :: - Sleep
2018-01-26 14:10:37,563 :: GoPro :: ERROR :: Failed to send command to GoPro: <urlopen error timed out>
2018-01-26 15:00:20,244 :: GoPro :: DEBUG :: ========== Starting GoPro H3 Controller ==========
2018-01-26 15:00:20,290 :: GoPro :: DEBUG :: Sleeping for 1 minutes
2018-01-26 15:09:37,898 :: GoPro :: INFO :: Wake up GoPro...
2018-01-26 15:09:47,921 :: GoPro :: ERROR :: Failed to send command to GoPro: <urlopen error timed out>
2018-01-26 15:09:57,936 :: GoPro :: INFO :: - Taking a photo
2018-01-26 15:10:07,950 :: GoPro :: ERROR :: Failed to send command to GoPro: <urlopen error timed out>
2018-01-26 15:10:17,964 :: GoPro :: INFO :: - Download media
2018-01-26 15:10:27,977 :: GoPro :: ERROR :: <urlopen error timed out>
2018-01-26 15:10:27,979 :: GoPro :: INFO :: - Sleep
2018-01-26 15:10:37,993 :: GoPro :: ERROR :: Failed to send command to GoPro: <urlopen error timed out>
2018-01-26 16:00:20,999 :: GoPro :: DEBUG :: ========== Starting GoPro H3 Controller ==========
2018-01-26 16:00:21,017 :: GoPro :: DEBUG :: Sleeping for 1 minutes
2018-01-26 16:09:39,122 :: GoPro :: INFO :: Wake up GoPro...
2018-01-26 16:09:49,144 :: GoPro :: ERROR :: Failed to send command to GoPro: <urlopen error timed out>
2018-01-26 16:09:59,159 :: GoPro :: INFO :: - Taking a photo
2018-01-26 16:10:09,174 :: GoPro :: ERROR :: Failed to send command to GoPro: <urlopen error timed out>
2018-01-26 16:10:19,187 :: GoPro :: INFO :: - Download media
2018-01-26 16:10:29,200 :: GoPro :: ERROR :: <urlopen error timed out>
2018-01-26 16:10:29,202 :: GoPro :: INFO :: - Sleep
2018-01-26 16:10:39,217 :: GoPro :: ERROR :: Failed to send command to GoPro: <urlopen error timed out>
2018-01-26 17:00:20,387 :: GoPro :: DEBUG :: ========== Starting GoPro H3 Controller ==========
2018-01-26 17:00:20,409 :: GoPro :: DEBUG :: Sleeping for 1 minutes
2018-01-26 17:09:39,023 :: GoPro :: INFO :: Wake up GoPro...
2018-01-26 17:09:49,045 :: GoPro :: ERROR :: Failed to send command to GoPro: <urlopen error timed out>
2018-01-26 17:09:59,060 :: GoPro :: INFO :: - Taking a photo
2018-01-26 17:10:09,075 :: GoPro :: ERROR :: Failed to send command to GoPro: <urlopen error timed out>
2018-01-26 17:10:19,088 :: GoPro :: INFO :: - Download media
2018-01-26 17:10:29,102 :: GoPro :: ERROR :: <urlopen error timed out>
2018-01-26 17:10:29,103 :: GoPro :: INFO :: - Sleep
2018-01-26 17:10:39,118 :: GoPro :: ERROR :: Failed to send command to GoPro: <urlopen error timed out>
2018-01-26 18:00:20,312 :: GoPro :: DEBUG :: ========== Starting GoPro H3 Controller ==========
2018-01-26 18:00:20,333 :: GoPro :: DEBUG :: Sleeping for 1 minutes
2018-01-26 18:09:39,442 :: GoPro :: INFO :: Wake up GoPro...
2018-01-26 18:09:49,465 :: GoPro :: ERROR :: Failed to send command to GoPro: <urlopen error timed out>
2018-01-26 18:09:59,479 :: GoPro :: INFO :: - Taking a photo
2018-01-26 18:10:09,485 :: GoPro :: ERROR :: Failed to send command to GoPro: <urlopen error timed out>
2018-01-26 18:10:19,498 :: GoPro :: INFO :: - Download media
2018-01-26 18:10:29,512 :: GoPro :: ERROR :: <urlopen error timed out>
2018-01-26 18:10:29,514 :: GoPro :: INFO :: - Sleep
2018-01-26 18:10:39,528 :: GoPro :: ERROR :: Failed to send command to GoPro: <urlopen error timed out>
2018-01-26 19:00:20,146 :: GoPro :: DEBUG :: ========== Starting GoPro H3 Controller ==========
2018-01-26 19:00:20,165 :: GoPro :: DEBUG :: Sleeping for 1 minutes
2018-01-26 19:09:39,769 :: GoPro :: INFO :: Wake up GoPro...
2018-01-26 19:09:49,791 :: GoPro :: ERROR :: Failed to send command to GoPro: <urlopen error timed out>
2018-01-26 19:09:59,805 :: GoPro :: INFO :: - Taking a photo
2018-01-26 19:10:09,820 :: GoPro :: ERROR :: Failed to send command to GoPro: <urlopen error timed out>
2018-01-26 19:10:19,833 :: GoPro :: INFO :: - Download media
2018-01-26 19:10:29,846 :: GoPro :: ERROR :: <urlopen error timed out>
2018-01-26 19:10:29,848 :: GoPro :: INFO :: - Sleep
2018-01-26 19:10:39,862 :: GoPro :: ERROR :: Failed to send command to GoPro: <urlopen error timed out>
2018-01-27 07:00:22,341 :: GoPro :: DEBUG :: ========== Starting GoPro H3 Controller ==========
2018-01-27 07:00:22,350 :: GoPro :: DEBUG :: Sleeping for 1 minutes
2018-01-27 07:09:42,431 :: GoPro :: INFO :: Wake up GoPro...
2018-01-27 07:09:52,454 :: GoPro :: ERROR :: Failed to send command to GoPro: <urlopen error timed out>
2018-01-27 07:10:02,468 :: GoPro :: INFO :: - Taking a photo
2018-01-27 07:10:12,483 :: GoPro :: ERROR :: Failed to send command to GoPro: <urlopen error timed out>
2018-01-27 07:10:22,496 :: GoPro :: INFO :: - Download media
2018-01-27 07:10:32,510 :: GoPro :: ERROR :: <urlopen error timed out>
2018-01-27 07:10:32,511 :: GoPro :: INFO :: - Sleep
2018-01-27 07:10:42,526 :: GoPro :: ERROR :: Failed to send command to GoPro: <urlopen error timed out>
2018-01-27 08:00:20,392 :: GoPro :: DEBUG :: ========== Starting GoPro H3 Controller ==========
2018-01-27 08:00:20,416 :: GoPro :: DEBUG :: Sleeping for 1 minutes
2018-01-27 08:09:40,987 :: GoPro :: INFO :: Wake up GoPro...
2018-01-27 08:09:51,010 :: GoPro :: ERROR :: Failed to send command to GoPro: <urlopen error timed out>
2018-01-27 08:10:01,024 :: GoPro :: INFO :: - Taking a photo
2018-01-27 08:10:11,039 :: GoPro :: ERROR :: Failed to send command to GoPro: <urlopen error timed out>
2018-01-27 08:10:21,052 :: GoPro :: INFO :: - Download media
2018-01-27 08:10:31,066 :: GoPro :: ERROR :: <urlopen error timed out>
2018-01-27 08:10:31,068 :: GoPro :: INFO :: - Sleep
2018-01-27 08:10:41,082 :: GoPro :: ERROR :: Failed to send command to GoPro: <urlopen error timed out>
2018-01-27 09:00:20,242 :: GoPro :: DEBUG :: ========== Starting GoPro H3 Controller ==========
2018-01-27 09:00:20,257 :: GoPro :: DEBUG :: Sleeping for 1 minutes
2018-01-27 09:09:41,332 :: GoPro :: INFO :: Wake up GoPro...
2018-01-27 09:09:51,355 :: GoPro :: ERROR :: Failed to send command to GoPro: <urlopen error timed out>
2018-01-27 09:10:01,369 :: GoPro :: INFO :: - Taking a photo
2018-01-27 09:10:11,378 :: GoPro :: ERROR :: Failed to send command to GoPro: <urlopen error timed out>
2018-01-27 09:10:21,391 :: GoPro :: INFO :: - Download media
2018-01-27 09:10:31,405 :: GoPro :: ERROR :: <urlopen error timed out>
2018-01-27 09:10:31,406 :: GoPro :: INFO :: - Sleep
2018-01-27 09:10:41,421 :: GoPro :: ERROR :: Failed to send command to GoPro: <urlopen error timed out>
2018-01-27 10:00:20,585 :: GoPro :: DEBUG :: ========== Starting GoPro H3 Controller ==========
2018-01-27 10:00:20,590 :: GoPro :: DEBUG :: Sleeping for 1 minutes
2018-01-27 10:09:42,163 :: GoPro :: INFO :: Wake up GoPro...
2018-01-27 10:09:52,186 :: GoPro :: ERROR :: Failed to send command to GoPro: <urlopen error timed out>
2018-01-27 10:10:02,200 :: GoPro :: INFO :: - Taking a photo
2018-01-27 10:10:12,215 :: GoPro :: ERROR :: Failed to send command to GoPro: <urlopen error timed out>
2018-01-27 10:10:22,228 :: GoPro :: INFO :: - Download media
2018-01-27 10:10:32,242 :: GoPro :: ERROR :: <urlopen error timed out>
2018-01-27 10:10:32,243 :: GoPro :: INFO :: - Sleep
2018-01-27 10:10:42,258 :: GoPro :: ERROR :: Failed to send command to GoPro: <urlopen error timed out>
2018-01-27 11:00:20,251 :: GoPro :: DEBUG :: ========== Starting GoPro H3 Controller ==========
2018-01-27 11:00:20,263 :: GoPro :: DEBUG :: Sleeping for 1 minutes
2018-01-27 11:09:42,329 :: GoPro :: INFO :: Wake up GoPro...
2018-01-27 11:09:52,351 :: GoPro :: ERROR :: Failed to send command to GoPro: <urlopen error timed out>
2018-01-27 11:10:02,366 :: GoPro :: INFO :: - Taking a photo
2018-01-27 11:10:12,381 :: GoPro :: ERROR :: Failed to send command to GoPro: <urlopen error timed out>
2018-01-27 11:10:22,394 :: GoPro :: INFO :: - Download media
2018-01-27 11:10:32,407 :: GoPro :: ERROR :: <urlopen error timed out>
2018-01-27 11:10:32,409 :: GoPro :: INFO :: - Sleep
2018-01-27 11:10:42,423 :: GoPro :: ERROR :: Failed to send command to GoPro: <urlopen error timed out>
2018-01-27 12:00:19,965 :: GoPro :: DEBUG :: ========== Starting GoPro H3 Controller ==========
2018-01-27 12:00:19,980 :: GoPro :: DEBUG :: Sleeping for 1 minutes
2018-01-27 12:09:42,545 :: GoPro :: INFO :: Wake up GoPro...
2018-01-27 12:09:52,567 :: GoPro :: ERROR :: Failed to send command to GoPro: <urlopen error timed out>
2018-01-27 12:10:02,582 :: GoPro :: INFO :: - Taking a photo
2018-01-27 12:10:12,596 :: GoPro :: ERROR :: Failed to send command to GoPro: <urlopen error timed out>
2018-01-27 12:10:22,610 :: GoPro :: INFO :: - Download media
2018-01-27 12:10:32,623 :: GoPro :: ERROR :: <urlopen error timed out>
2018-01-27 12:10:32,625 :: GoPro :: INFO :: - Sleep
2018-01-27 12:10:42,639 :: GoPro :: ERROR :: Failed to send command to GoPro: <urlopen error timed out>
2018-01-27 13:00:20,694 :: GoPro :: DEBUG :: ========== Starting GoPro H3 Controller ==========
2018-01-27 13:00:20,714 :: GoPro :: DEBUG :: Sleeping for 1 minutes
2018-01-27 13:09:43,785 :: GoPro :: INFO :: Wake up GoPro...
2018-01-27 13:09:53,808 :: GoPro :: ERROR :: Failed to send command to GoPro: <urlopen error timed out>
2018-01-27 13:10:03,822 :: GoPro :: INFO :: - Taking a photo
2018-01-27 13:10:13,837 :: GoPro :: ERROR :: Failed to send command to GoPro: <urlopen error timed out>
2018-01-27 13:10:23,850 :: GoPro :: INFO :: - Download media
2018-01-27 13:10:33,863 :: GoPro :: ERROR :: <urlopen error timed out>
2018-01-27 13:10:33,865 :: GoPro :: INFO :: - Sleep
2018-01-27 13:10:43,879 :: GoPro :: ERROR :: Failed to send command to GoPro: <urlopen error timed out>
2018-01-27 14:00:20,538 :: GoPro :: DEBUG :: ========== Starting GoPro H3 Controller ==========
2018-01-27 14:00:20,558 :: GoPro :: DEBUG :: Sleeping for 1 minutes
2018-01-27 14:09:44,135 :: GoPro :: INFO :: Wake up GoPro...
2018-01-27 14:09:54,158 :: GoPro :: ERROR :: Failed to send command to GoPro: <urlopen error timed out>
2018-01-27 14:10:04,172 :: GoPro :: INFO :: - Taking a photo
2018-01-27 14:10:14,187 :: GoPro :: ERROR :: Failed to send command to GoPro: <urlopen error timed out>
2018-01-27 14:10:24,200 :: GoPro :: INFO :: - Download media
2018-01-27 14:10:34,214 :: GoPro :: ERROR :: <urlopen error timed out>
2018-01-27 14:10:34,215 :: GoPro :: INFO :: - Sleep
2018-01-27 14:10:44,230 :: GoPro :: ERROR :: Failed to send command to GoPro: <urlopen error timed out>
2018-01-27 15:00:20,676 :: GoPro :: DEBUG :: ========== Starting GoPro H3 Controller ==========
2018-01-27 15:00:20,692 :: GoPro :: DEBUG :: Sleeping for 1 minutes
2018-01-27 15:09:44,763 :: GoPro :: INFO :: Wake up GoPro...
2018-01-27 15:09:54,785 :: GoPro :: ERROR :: Failed to send command to GoPro: <urlopen error timed out>
2018-01-27 15:10:04,800 :: GoPro :: INFO :: - Taking a photo
2018-01-27 15:10:14,815 :: GoPro :: ERROR :: Failed to send command to GoPro: <urlopen error timed out>
2018-01-27 15:10:24,828 :: GoPro :: INFO :: - Download media
2018-01-27 15:10:34,840 :: GoPro :: ERROR :: <urlopen error timed out>
2018-01-27 15:10:34,842 :: GoPro :: INFO :: - Sleep
2018-01-27 15:10:44,856 :: GoPro :: ERROR :: Failed to send command to GoPro: <urlopen error timed out>
2018-01-27 16:00:20,741 :: GoPro :: DEBUG :: ========== Starting GoPro H3 Controller ==========
2018-01-27 16:00:20,773 :: GoPro :: DEBUG :: Sleeping for 1 minutes
2018-01-27 16:09:45,348 :: GoPro :: INFO :: Wake up GoPro...
2018-01-27 16:09:55,370 :: GoPro :: ERROR :: Failed to send command to GoPro: <urlopen error timed out>
2018-01-27 16:10:05,385 :: GoPro :: INFO :: - Taking a photo
2018-01-27 16:10:15,400 :: GoPro :: ERROR :: Failed to send command to GoPro: <urlopen error timed out>
2018-01-27 16:10:25,413 :: GoPro :: INFO :: - Download media
2018-01-27 16:10:35,426 :: GoPro :: ERROR :: <urlopen error timed out>
2018-01-27 16:10:35,428 :: GoPro :: INFO :: - Sleep
2018-01-27 16:10:45,437 :: GoPro :: ERROR :: Failed to send command to GoPro: <urlopen error timed out>
2018-01-27 17:00:20,757 :: GoPro :: DEBUG :: ========== Starting GoPro H3 Controller ==========
2018-01-27 17:00:20,765 :: GoPro :: DEBUG :: Sleeping for 1 minutes
2018-01-27 17:09:45,836 :: GoPro :: INFO :: Wake up GoPro...
2018-01-27 17:09:55,858 :: GoPro :: ERROR :: Failed to send command to GoPro: <urlopen error timed out>
2018-01-27 17:10:05,873 :: GoPro :: INFO :: - Taking a photo
2018-01-27 17:10:15,888 :: GoPro :: ERROR :: Failed to send command to GoPro: <urlopen error timed out>
2018-01-27 17:10:25,901 :: GoPro :: INFO :: - Download media
2018-01-27 17:10:35,914 :: GoPro :: ERROR :: <urlopen error timed out>
2018-01-27 17:10:35,916 :: GoPro :: INFO :: - Sleep
2018-01-27 17:10:45,930 :: GoPro :: ERROR :: Failed to send command to GoPro: <urlopen error timed out>
2018-01-27 18:00:20,295 :: GoPro :: DEBUG :: ========== Starting GoPro H3 Controller ==========
2018-01-27 18:00:20,305 :: GoPro :: DEBUG :: Sleeping for 1 minutes
2018-01-27 18:09:45,884 :: GoPro :: INFO :: Wake up GoPro...
2018-01-27 18:09:55,906 :: GoPro :: ERROR :: Failed to send command to GoPro: <urlopen error timed out>
2018-01-27 18:10:05,921 :: GoPro :: INFO :: - Taking a photo
2018-01-27 18:10:15,935 :: GoPro :: ERROR :: Failed to send command to GoPro: <urlopen error timed out>
2018-01-27 18:10:25,949 :: GoPro :: INFO :: - Download media
2018-01-27 18:10:35,956 :: GoPro :: ERROR :: <urlopen error timed out>
2018-01-27 18:10:35,958 :: GoPro :: INFO :: - Sleep
2018-01-27 18:10:45,972 :: GoPro :: ERROR :: Failed to send command to GoPro: <urlopen error timed out>
2018-01-27 19:00:20,388 :: GoPro :: DEBUG :: ========== Starting GoPro H3 Controller ==========
2018-01-27 19:00:20,420 :: GoPro :: DEBUG :: Sleeping for 1 minutes
2018-01-27 19:09:46,497 :: GoPro :: INFO :: Wake up GoPro...
2018-01-27 19:09:56,519 :: GoPro :: ERROR :: Failed to send command to GoPro: <urlopen error timed out>
2018-01-27 19:10:06,534 :: GoPro :: INFO :: - Taking a photo
2018-01-27 19:10:16,548 :: GoPro :: ERROR :: Failed to send command to GoPro: <urlopen error timed out>
2018-01-27 19:10:26,561 :: GoPro :: INFO :: - Download media
2018-01-27 19:10:36,567 :: GoPro :: ERROR :: <urlopen error timed out>
2018-01-27 19:10:36,568 :: GoPro :: INFO :: - Sleep
2018-01-27 19:10:46,583 :: GoPro :: ERROR :: Failed to send command to GoPro: <urlopen error timed out>
2018-01-28 07:00:22,445 :: GoPro :: DEBUG :: ========== Starting GoPro H3 Controller ==========
2018-01-28 07:00:22,478 :: GoPro :: DEBUG :: Sleeping for 1 minutes
2018-01-28 07:09:49,060 :: GoPro :: INFO :: Wake up GoPro...
2018-01-28 07:09:59,083 :: GoPro :: ERROR :: Failed to send command to GoPro: <urlopen error timed out>
2018-01-28 07:10:09,098 :: GoPro :: INFO :: - Taking a photo
2018-01-28 07:10:19,113 :: GoPro :: ERROR :: Failed to send command to GoPro: <urlopen error timed out>
2018-01-28 07:10:29,126 :: GoPro :: INFO :: - Download media
2018-01-28 07:10:39,139 :: GoPro :: ERROR :: <urlopen error timed out>
2018-01-28 07:10:39,141 :: GoPro :: INFO :: - Sleep
2018-01-28 07:10:49,156 :: GoPro :: ERROR :: Failed to send command to GoPro: <urlopen error timed out>
2018-01-28 08:00:20,062 :: GoPro :: DEBUG :: ========== Starting GoPro H3 Controller ==========
2018-01-28 08:00:20,076 :: GoPro :: DEBUG :: Sleeping for 1 minutes
2018-01-28 08:09:47,121 :: GoPro :: INFO :: Wake up GoPro...
2018-01-28 08:09:57,144 :: GoPro :: ERROR :: Failed to send command to GoPro: <urlopen error timed out>
2018-01-28 08:10:07,158 :: GoPro :: INFO :: - Taking a photo
2018-01-28 08:10:17,172 :: GoPro :: ERROR :: Failed to send command to GoPro: <urlopen error timed out>
2018-01-28 08:10:27,185 :: GoPro :: INFO :: - Download media
2018-01-28 08:10:37,199 :: GoPro :: ERROR :: <urlopen error timed out>
2018-01-28 08:10:37,200 :: GoPro :: INFO :: - Sleep
2018-01-28 08:10:47,215 :: GoPro :: ERROR :: Failed to send command to GoPro: <urlopen error timed out>
2018-01-28 09:00:20,025 :: GoPro :: DEBUG :: ========== Starting GoPro H3 Controller ==========
2018-01-28 09:00:20,039 :: GoPro :: DEBUG :: Sleeping for 1 minutes
2018-01-28 09:09:47,601 :: GoPro :: INFO :: Wake up GoPro...
2018-01-28 09:09:57,623 :: GoPro :: ERROR :: Failed to send command to GoPro: <urlopen error timed out>
2018-01-28 09:10:07,638 :: GoPro :: INFO :: - Taking a photo
2018-01-28 09:10:17,653 :: GoPro :: ERROR :: Failed to send command to GoPro: <urlopen error timed out>
2018-01-28 09:10:27,666 :: GoPro :: INFO :: - Download media
2018-01-28 09:10:37,679 :: GoPro :: ERROR :: <urlopen error timed out>
2018-01-28 09:10:37,681 :: GoPro :: INFO :: - Sleep
2018-01-28 09:10:47,699 :: GoPro :: ERROR :: Failed to send command to GoPro: <urlopen error timed out>
2018-01-28 10:00:20,309 :: GoPro :: DEBUG :: ========== Starting GoPro H3 Controller ==========
2018-01-28 10:00:20,332 :: GoPro :: DEBUG :: Sleeping for 1 minutes
2018-01-28 10:09:48,406 :: GoPro :: INFO :: Wake up GoPro...
2018-01-28 10:09:58,428 :: GoPro :: ERROR :: Failed to send command to GoPro: <urlopen error timed out>
2018-01-28 10:10:08,442 :: GoPro :: INFO :: - Taking a photo
2018-01-28 10:10:18,457 :: GoPro :: ERROR :: Failed to send command to GoPro: <urlopen error timed out>
2018-01-28 10:10:28,470 :: GoPro :: INFO :: - Download media
2018-01-28 10:10:38,483 :: GoPro :: ERROR :: <urlopen error timed out>
2018-01-28 10:10:38,485 :: GoPro :: INFO :: - Sleep
2018-01-28 10:10:48,499 :: GoPro :: ERROR :: Failed to send command to GoPro: <urlopen error timed out>
2018-01-28 11:00:20,720 :: GoPro :: DEBUG :: ========== Starting GoPro H3 Controller ==========
2018-01-28 11:00:20,728 :: GoPro :: DEBUG :: Sleeping for 1 minutes
2018-01-28 11:09:49,278 :: GoPro :: INFO :: Wake up GoPro...
2018-01-28 11:09:59,301 :: GoPro :: ERROR :: Failed to send command to GoPro: <urlopen error timed out>
2018-01-28 11:10:09,316 :: GoPro :: INFO :: - Taking a photo
2018-01-28 11:10:19,331 :: GoPro :: ERROR :: Failed to send command to GoPro: <urlopen error timed out>
2018-01-28 11:10:29,344 :: GoPro :: INFO :: - Download media
2018-01-28 11:10:39,357 :: GoPro :: ERROR :: <urlopen error timed out>
2018-01-28 11:10:39,359 :: GoPro :: INFO :: - Sleep
2018-01-28 11:10:49,373 :: GoPro :: ERROR :: Failed to send command to GoPro: <urlopen error timed out>
2018-01-28 12:00:20,590 :: GoPro :: DEBUG :: ========== Starting GoPro H3 Controller ==========
2018-01-28 12:00:20,598 :: GoPro :: DEBUG :: Sleeping for 1 minutes
2018-01-28 12:09:49,651 :: GoPro :: INFO :: Wake up GoPro...
2018-01-28 12:09:59,674 :: GoPro :: ERROR :: Failed to send command to GoPro: <urlopen error timed out>
2018-01-28 12:10:09,688 :: GoPro :: INFO :: - Taking a photo
2018-01-28 12:10:19,703 :: GoPro :: ERROR :: Failed to send command to GoPro: <urlopen error timed out>
2018-01-28 12:10:29,716 :: GoPro :: INFO :: - Download media
2018-01-28 12:10:39,730 :: GoPro :: ERROR :: <urlopen error timed out>
2018-01-28 12:10:39,731 :: GoPro :: INFO :: - Sleep
2018-01-28 12:10:49,746 :: GoPro :: ERROR :: Failed to send command to GoPro: <urlopen error timed out>
2018-01-28 13:00:20,689 :: GoPro :: DEBUG :: ========== Starting GoPro H3 Controller ==========
2018-01-28 13:00:20,718 :: GoPro :: DEBUG :: Sleeping for 1 minutes
2018-01-28 13:09:50,282 :: GoPro :: INFO :: Wake up GoPro...
2018-01-28 13:10:00,305 :: GoPro :: ERROR :: Failed to send command to GoPro: <urlopen error timed out>
2018-01-28 13:10:10,319 :: GoPro :: INFO :: - Taking a photo
2018-01-28 13:10:20,334 :: GoPro :: ERROR :: Failed to send command to GoPro: <urlopen error timed out>
2018-01-28 13:10:30,347 :: GoPro :: INFO :: - Download media
2018-01-28 13:10:40,361 :: GoPro :: ERROR :: <urlopen error timed out>
2018-01-28 13:10:40,362 :: GoPro :: INFO :: - Sleep
2018-01-28 13:10:50,377 :: GoPro :: ERROR :: Failed to send command to GoPro: <urlopen error timed out>
2018-01-28 14:00:20,329 :: GoPro :: DEBUG :: ========== Starting GoPro H3 Controller ==========
2018-01-28 14:00:20,353 :: GoPro :: DEBUG :: Sleeping for 1 minutes
2018-01-28 14:09:50,412 :: GoPro :: INFO :: Wake up GoPro...
2018-01-28 14:10:00,434 :: GoPro :: ERROR :: Failed to send command to GoPro: <urlopen error timed out>
2018-01-28 14:10:10,449 :: GoPro :: INFO :: - Taking a photo
2018-01-28 14:10:20,463 :: GoPro :: ERROR :: Failed to send command to GoPro: <urlopen error timed out>
2018-01-28 14:10:30,477 :: GoPro :: INFO :: - Download media
2018-01-28 14:10:40,490 :: GoPro :: ERROR :: <urlopen error timed out>
2018-01-28 14:10:40,492 :: GoPro :: INFO :: - Sleep
2018-01-28 14:10:50,506 :: GoPro :: ERROR :: Failed to send command to GoPro: <urlopen error timed out>
2018-01-28 15:00:20,494 :: GoPro :: DEBUG :: ========== Starting GoPro H3 Controller ==========
2018-01-28 15:00:20,514 :: GoPro :: DEBUG :: Sleeping for 1 minutes
2018-01-28 15:09:51,076 :: GoPro :: INFO :: Wake up GoPro...
2018-01-28 15:10:01,099 :: GoPro :: ERROR :: Failed to send command to GoPro: <urlopen error timed out>
2018-01-28 15:10:11,113 :: GoPro :: INFO :: - Taking a photo
2018-01-28 15:10:21,128 :: GoPro :: ERROR :: Failed to send command to GoPro: <urlopen error timed out>
2018-01-28 15:10:31,141 :: GoPro :: INFO :: - Download media
2018-01-28 15:10:41,155 :: GoPro :: ERROR :: <urlopen error timed out>
2018-01-28 15:10:41,157 :: GoPro :: INFO :: - Sleep
2018-01-28 15:10:51,171 :: GoPro :: ERROR :: Failed to send command to GoPro: <urlopen error timed out>
2018-01-28 16:00:20,239 :: GoPro :: DEBUG :: ========== Starting GoPro H3 Controller ==========
2018-01-28 16:00:20,257 :: GoPro :: DEBUG :: Sleeping for 1 minutes
2018-01-28 16:09:51,306 :: GoPro :: INFO :: Wake up GoPro...
2018-01-28 16:10:01,329 :: GoPro :: ERROR :: Failed to send command to GoPro: <urlopen error timed out>
2018-01-28 16:10:11,348 :: GoPro :: INFO :: - Taking a photo
2018-01-28 16:10:21,367 :: GoPro :: ERROR :: Failed to send command to GoPro: <urlopen error timed out>
2018-01-28 16:10:31,380 :: GoPro :: INFO :: - Download media
2018-01-28 16:10:41,393 :: GoPro :: ERROR :: <urlopen error timed out>
2018-01-28 16:10:41,395 :: GoPro :: INFO :: - Sleep
2018-01-28 16:10:51,410 :: GoPro :: ERROR :: Failed to send command to GoPro: <urlopen error timed out>
2018-01-28 17:00:20,116 :: GoPro :: DEBUG :: ========== Starting GoPro H3 Controller ==========
2018-01-28 17:00:20,133 :: GoPro :: DEBUG :: Sleeping for 1 minutes
2018-01-28 17:09:51,688 :: GoPro :: INFO :: Wake up GoPro...
2018-01-28 17:10:01,710 :: GoPro :: ERROR :: Failed to send command to GoPro: <urlopen error timed out>
2018-01-28 17:10:11,725 :: GoPro :: INFO :: - Taking a photo
2018-01-28 17:10:21,740 :: GoPro :: ERROR :: Failed to send command to GoPro: <urlopen error timed out>
2018-01-28 17:10:31,753 :: GoPro :: INFO :: - Download media
2018-01-28 17:10:41,766 :: GoPro :: ERROR :: <urlopen error timed out>
2018-01-28 17:10:41,768 :: GoPro :: INFO :: - Sleep
2018-01-28 17:10:51,782 :: GoPro :: ERROR :: Failed to send command to GoPro: <urlopen error timed out>
2018-01-28 18:00:20,835 :: GoPro :: DEBUG :: ========== Starting GoPro H3 Controller ==========
2018-01-28 18:00:20,866 :: GoPro :: DEBUG :: Sleeping for 1 minutes
2018-01-28 18:09:52,925 :: GoPro :: INFO :: Wake up GoPro...
2018-01-28 18:10:02,948 :: GoPro :: ERROR :: Failed to send command to GoPro: <urlopen error timed out>
2018-01-28 18:10:12,962 :: GoPro :: INFO :: - Taking a photo
2018-01-28 18:10:22,977 :: GoPro :: ERROR :: Failed to send command to GoPro: <urlopen error timed out>
2018-01-28 18:10:32,990 :: GoPro :: INFO :: - Download media
2018-01-28 18:10:43,003 :: GoPro :: ERROR :: <urlopen error timed out>
2018-01-28 18:10:43,005 :: GoPro :: INFO :: - Sleep
2018-01-28 18:10:53,019 :: GoPro :: ERROR :: Failed to send command to GoPro: <urlopen error timed out>
2018-01-28 19:00:20,676 :: GoPro :: DEBUG :: ========== Starting GoPro H3 Controller ==========
2018-01-28 19:00:20,699 :: GoPro :: DEBUG :: Sleeping for 1 minutes
2018-01-28 19:09:53,252 :: GoPro :: INFO :: Wake up GoPro...
2018-01-28 19:10:03,275 :: GoPro :: ERROR :: Failed to send command to GoPro: <urlopen error timed out>
2018-01-28 19:10:13,290 :: GoPro :: INFO :: - Taking a photo
2018-01-28 19:10:23,304 :: GoPro :: ERROR :: Failed to send command to GoPro: <urlopen error timed out>
2018-01-28 19:10:33,318 :: GoPro :: INFO :: - Download media
2018-01-28 19:10:43,331 :: GoPro :: ERROR :: <urlopen error timed out>
2018-01-28 19:10:43,332 :: GoPro :: INFO :: - Sleep
2018-01-28 19:10:53,347 :: GoPro :: ERROR :: Failed to send command to GoPro: <urlopen error timed out>
2018-01-29 07:00:22,218 :: GoPro :: DEBUG :: ========== Starting GoPro H3 Controller ==========
2018-01-29 07:00:22,257 :: GoPro :: DEBUG :: Sleeping for 1 minutes
2018-01-29 07:09:55,281 :: GoPro :: INFO :: Wake up GoPro...
2018-01-29 07:10:05,303 :: GoPro :: ERROR :: Failed to send command to GoPro: <urlopen error timed out>
2018-01-29 07:10:15,318 :: GoPro :: INFO :: - Taking a photo
2018-01-29 07:10:25,333 :: GoPro :: ERROR :: Failed to send command to GoPro: <urlopen error timed out>
2018-01-29 07:10:35,346 :: GoPro :: INFO :: - Download media
2018-01-29 07:10:45,359 :: GoPro :: ERROR :: <urlopen error timed out>
2018-01-29 07:10:45,361 :: GoPro :: INFO :: - Sleep
2018-01-29 07:10:55,375 :: GoPro :: ERROR :: Failed to send command to GoPro: <urlopen error timed out>
2018-01-29 08:00:20,316 :: GoPro :: DEBUG :: ========== Starting GoPro H3 Controller ==========
2018-01-29 08:00:20,329 :: GoPro :: DEBUG :: Sleeping for 1 minutes
2018-01-29 08:09:53,874 :: GoPro :: INFO :: Wake up GoPro...
2018-01-29 08:10:03,897 :: GoPro :: ERROR :: Failed to send command to GoPro: <urlopen error timed out>
2018-01-29 08:10:13,912 :: GoPro :: INFO :: - Taking a photo
2018-01-29 08:10:23,926 :: GoPro :: ERROR :: Failed to send command to GoPro: <urlopen error timed out>
2018-01-29 08:10:33,943 :: GoPro :: INFO :: - Download media
2018-01-29 08:10:43,956 :: GoPro :: ERROR :: <urlopen error timed out>
2018-01-29 08:10:43,958 :: GoPro :: INFO :: - Sleep
2018-01-29 08:10:53,972 :: GoPro :: ERROR :: Failed to send command to GoPro: <urlopen error timed out>
2018-01-29 09:00:20,492 :: GoPro :: DEBUG :: ========== Starting GoPro H3 Controller ==========
2018-01-29 09:00:20,516 :: GoPro :: DEBUG :: Sleeping for 1 minutes
2018-01-29 09:09:54,548 :: GoPro :: INFO :: Wake up GoPro...
2018-01-29 09:10:04,566 :: GoPro :: ERROR :: Failed to send command to GoPro: <urlopen error timed out>
2018-01-29 09:10:14,581 :: GoPro :: INFO :: - Taking a photo
2018-01-29 09:10:24,587 :: GoPro :: ERROR :: Failed to send command to GoPro: <urlopen error timed out>
2018-01-29 09:10:34,601 :: GoPro :: INFO :: - Download media
2018-01-29 09:10:44,609 :: GoPro :: ERROR :: <urlopen error timed out>
2018-01-29 09:10:44,610 :: GoPro :: INFO :: - Sleep
2018-01-29 09:10:54,619 :: GoPro :: ERROR :: Failed to send command to GoPro: <urlopen error timed out>
2018-01-29 10:00:20,518 :: GoPro :: DEBUG :: ========== Starting GoPro H3 Controller ==========
2018-01-29 10:00:20,526 :: GoPro :: DEBUG :: Sleeping for 1 minutes
2018-01-29 10:09:55,065 :: GoPro :: INFO :: Wake up GoPro...
2018-01-29 10:10:05,088 :: GoPro :: ERROR :: Failed to send command to GoPro: <urlopen error timed out>
2018-01-29 10:10:15,102 :: GoPro :: INFO :: - Taking a photo
2018-01-29 10:10:25,117 :: GoPro :: ERROR :: Failed to send command to GoPro: <urlopen error timed out>
2018-01-29 10:10:35,130 :: GoPro :: INFO :: - Download media
2018-01-29 10:10:45,143 :: GoPro :: ERROR :: <urlopen error timed out>
2018-01-29 10:10:45,145 :: GoPro :: INFO :: - Sleep
2018-01-29 10:10:55,159 :: GoPro :: ERROR :: Failed to send command to GoPro: <urlopen error timed out>
2018-01-29 11:00:20,516 :: GoPro :: DEBUG :: ========== Starting GoPro H3 Controller ==========
2018-01-29 11:00:20,527 :: GoPro :: DEBUG :: Sleeping for 1 minutes
2018-01-29 11:09:55,554 :: GoPro :: INFO :: Wake up GoPro...
2018-01-29 11:10:05,576 :: GoPro :: ERROR :: Failed to send command to GoPro: <urlopen error timed out>
2018-01-29 11:10:15,591 :: GoPro :: INFO :: - Taking a photo
2018-01-29 11:10:25,606 :: GoPro :: ERROR :: Failed to send command to GoPro: <urlopen error timed out>
2018-01-29 11:10:35,619 :: GoPro :: INFO :: - Download media
2018-01-29 11:10:45,633 :: GoPro :: ERROR :: <urlopen error timed out>
2018-01-29 11:10:45,634 :: GoPro :: INFO :: - Sleep
2018-01-29 11:10:55,649 :: GoPro :: ERROR :: Failed to send command to GoPro: <urlopen error timed out>
2018-01-29 12:00:20,277 :: GoPro :: DEBUG :: ========== Starting GoPro H3 Controller ==========
2018-01-29 12:00:20,293 :: GoPro :: DEBUG :: Sleeping for 1 minutes
2018-01-29 12:09:55,831 :: GoPro :: INFO :: Wake up GoPro...
2018-01-29 12:10:05,854 :: GoPro :: ERROR :: Failed to send command to GoPro: <urlopen error timed out>
2018-01-29 12:10:15,869 :: GoPro :: INFO :: - Taking a photo
2018-01-29 12:10:25,883 :: GoPro :: ERROR :: Failed to send command to GoPro: <urlopen error timed out>
2018-01-29 12:10:35,897 :: GoPro :: INFO :: - Download media
2018-01-29 12:10:45,906 :: GoPro :: ERROR :: <urlopen error timed out>
2018-01-29 12:10:45,907 :: GoPro :: INFO :: - Sleep
2018-01-29 12:10:55,922 :: GoPro :: ERROR :: Failed to send command to GoPro: <urlopen error timed out>
2018-01-29 13:00:20,436 :: GoPro :: DEBUG :: ========== Starting GoPro H3 Controller ==========
2018-01-29 13:00:20,444 :: GoPro :: DEBUG :: Sleeping for 1 minutes
2018-01-29 13:09:56,469 :: GoPro :: INFO :: Wake up GoPro...
2018-01-29 13:10:06,492 :: GoPro :: ERROR :: Failed to send command to GoPro: <urlopen error timed out>
2018-01-29 13:10:16,506 :: GoPro :: INFO :: - Taking a photo
2018-01-29 13:10:26,521 :: GoPro :: ERROR :: Failed to send command to GoPro: <urlopen error timed out>
2018-01-29 13:10:36,538 :: GoPro :: INFO :: - Download media
2018-01-29 13:10:46,548 :: GoPro :: ERROR :: <urlopen error timed out>
2018-01-29 13:10:46,550 :: GoPro :: INFO :: - Sleep
2018-01-29 13:10:56,564 :: GoPro :: ERROR :: Failed to send command to GoPro: <urlopen error timed out>
2018-01-29 14:00:20,423 :: GoPro :: DEBUG :: ========== Starting GoPro H3 Controller ==========
2018-01-29 14:00:20,431 :: GoPro :: DEBUG :: Sleeping for 1 minutes
2018-01-29 14:09:56,954 :: GoPro :: INFO :: Wake up GoPro...
2018-01-29 14:10:06,977 :: GoPro :: ERROR :: Failed to send command to GoPro: <urlopen error timed out>
2018-01-29 14:10:16,996 :: GoPro :: INFO :: - Taking a photo
2018-01-29 14:10:27,011 :: GoPro :: ERROR :: Failed to send command to GoPro: <urlopen error timed out>
2018-01-29 14:10:37,024 :: GoPro :: INFO :: - Download media
2018-01-29 14:10:47,037 :: GoPro :: ERROR :: <urlopen error timed out>
2018-01-29 14:10:47,039 :: GoPro :: INFO :: - Sleep
2018-01-29 14:10:57,053 :: GoPro :: ERROR :: Failed to send command to GoPro: <urlopen error timed out>
2018-01-29 15:00:20,315 :: GoPro :: DEBUG :: ========== Starting GoPro H3 Controller ==========
2018-01-29 15:00:20,343 :: GoPro :: DEBUG :: Sleeping for 1 minutes
2018-01-29 15:09:57,366 :: GoPro :: INFO :: Wake up GoPro...
2018-01-29 15:10:07,389 :: GoPro :: ERROR :: Failed to send command to GoPro: <urlopen error timed out>
2018-01-29 15:10:17,403 :: GoPro :: INFO :: - Taking a photo
2018-01-29 15:10:27,418 :: GoPro :: ERROR :: Failed to send command to GoPro: <urlopen error timed out>
2018-01-29 15:10:37,431 :: GoPro :: INFO :: - Download media
2018-01-29 15:10:47,445 :: GoPro :: ERROR :: <urlopen error timed out>
2018-01-29 15:10:47,447 :: GoPro :: INFO :: - Sleep
2018-01-29 15:10:57,461 :: GoPro :: ERROR :: Failed to send command to GoPro: <urlopen error timed out>
2018-01-29 16:00:20,401 :: GoPro :: DEBUG :: ========== Starting GoPro H3 Controller ==========
2018-01-29 16:00:20,423 :: GoPro :: DEBUG :: Sleeping for 1 minutes
2018-01-29 16:09:57,952 :: GoPro :: INFO :: Wake up GoPro...
2018-01-29 16:10:07,974 :: GoPro :: ERROR :: Failed to send command to GoPro: <urlopen error timed out>
2018-01-29 16:10:17,988 :: GoPro :: INFO :: - Taking a photo
2018-01-29 16:10:27,997 :: GoPro :: ERROR :: Failed to send command to GoPro: <urlopen error timed out>
2018-01-29 16:10:38,011 :: GoPro :: INFO :: - Download media
2018-01-29 16:10:48,019 :: GoPro :: ERROR :: <urlopen error timed out>
2018-01-29 16:10:48,020 :: GoPro :: INFO :: - Sleep
2018-01-29 16:10:58,029 :: GoPro :: ERROR :: Failed to send command to GoPro: <urlopen error timed out>
2018-01-29 17:00:20,623 :: GoPro :: DEBUG :: ========== Starting GoPro H3 Controller ==========
2018-01-29 17:00:20,640 :: GoPro :: DEBUG :: Sleeping for 1 minutes
2018-01-29 17:09:58,666 :: GoPro :: INFO :: Wake up GoPro...
2018-01-29 17:10:08,689 :: GoPro :: ERROR :: Failed to send command to GoPro: <urlopen error timed out>
2018-01-29 17:10:18,703 :: GoPro :: INFO :: - Taking a photo
2018-01-29 17:10:28,718 :: GoPro :: ERROR :: Failed to send command to GoPro: <urlopen error timed out>
2018-01-29 17:10:38,735 :: GoPro :: INFO :: - Download media
2018-01-29 17:10:48,749 :: GoPro :: ERROR :: <urlopen error timed out>
2018-01-29 17:10:48,751 :: GoPro :: INFO :: - Sleep
2018-01-29 17:10:58,765 :: GoPro :: ERROR :: Failed to send command to GoPro: <urlopen error timed out>
2018-01-29 18:00:20,561 :: GoPro :: DEBUG :: ========== Starting GoPro H3 Controller ==========
2018-01-29 18:00:20,576 :: GoPro :: DEBUG :: Sleeping for 1 minutes
2018-01-29 18:09:59,100 :: GoPro :: INFO :: Wake up GoPro...
2018-01-29 18:10:09,123 :: GoPro :: ERROR :: Failed to send command to GoPro: <urlopen error timed out>
2018-01-29 18:10:19,138 :: GoPro :: INFO :: - Taking a photo
2018-01-29 18:10:29,147 :: GoPro :: ERROR :: Failed to send command to GoPro: <urlopen error timed out>
2018-01-29 18:10:39,160 :: GoPro :: INFO :: - Download media
2018-01-29 18:10:49,174 :: GoPro :: ERROR :: <urlopen error timed out>
2018-01-29 18:10:49,175 :: GoPro :: INFO :: - Sleep
2018-01-29 18:10:59,190 :: GoPro :: ERROR :: Failed to send command to GoPro: <urlopen error timed out>
2018-01-29 19:00:20,448 :: GoPro :: DEBUG :: ========== Starting GoPro H3 Controller ==========
2018-01-29 19:00:20,468 :: GoPro :: DEBUG :: Sleeping for 1 minutes
2018-01-29 19:09:59,485 :: GoPro :: INFO :: Wake up GoPro...
2018-01-29 19:10:09,508 :: GoPro :: ERROR :: Failed to send command to GoPro: <urlopen error timed out>
2018-01-29 19:10:19,522 :: GoPro :: INFO :: - Taking a photo
2018-01-29 19:10:29,537 :: GoPro :: ERROR :: Failed to send command to GoPro: <urlopen error timed out>
2018-01-29 19:10:39,550 :: GoPro :: INFO :: - Download media
2018-01-29 19:10:49,564 :: GoPro :: ERROR :: <urlopen error timed out>
2018-01-29 19:10:49,565 :: GoPro :: INFO :: - Sleep
2018-01-29 19:10:59,580 :: GoPro :: ERROR :: Failed to send command to GoPro: <urlopen error timed out>
2018-01-30 07:00:22,478 :: GoPro :: DEBUG :: ========== Starting GoPro H3 Controller ==========
2018-01-30 07:00:22,498 :: GoPro :: DEBUG :: Sleeping for 1 minutes
2018-01-30 07:10:01,988 :: GoPro :: INFO :: Wake up GoPro...
2018-01-30 07:10:12,012 :: GoPro :: ERROR :: Failed to send command to GoPro: <urlopen error timed out>
2018-01-30 07:10:22,026 :: GoPro :: INFO :: - Taking a photo
2018-01-30 07:10:32,041 :: GoPro :: ERROR :: Failed to send command to GoPro: <urlopen error timed out>
2018-01-30 07:10:42,054 :: GoPro :: INFO :: - Download media
2018-01-30 07:10:52,067 :: GoPro :: ERROR :: <urlopen error timed out>
2018-01-30 07:10:52,069 :: GoPro :: INFO :: - Sleep
2018-01-30 07:11:02,083 :: GoPro :: ERROR :: Failed to send command to GoPro: <urlopen error timed out>
2018-01-30 08:00:20,114 :: GoPro :: DEBUG :: ========== Starting GoPro H3 Controller ==========
2018-01-30 08:00:20,136 :: GoPro :: DEBUG :: Sleeping for 1 minutes
2018-01-30 08:10:00,151 :: GoPro :: INFO :: Wake up GoPro...
2018-01-30 08:10:10,173 :: GoPro :: ERROR :: Failed to send command to GoPro: <urlopen error timed out>
2018-01-30 08:10:20,192 :: GoPro :: INFO :: - Taking a photo
2018-01-30 08:10:30,207 :: GoPro :: ERROR :: Failed to send command to GoPro: <urlopen error timed out>
2018-01-30 08:10:40,220 :: GoPro :: INFO :: - Download media
2018-01-30 08:10:50,231 :: GoPro :: ERROR :: <urlopen error timed out>
2018-01-30 08:10:50,233 :: GoPro :: INFO :: - Sleep
2018-01-30 08:11:00,247 :: GoPro :: ERROR :: Failed to send command to GoPro: <urlopen error timed out>
2018-01-30 09:00:20,584 :: GoPro :: DEBUG :: ========== Starting GoPro H3 Controller ==========
2018-01-30 09:00:20,607 :: GoPro :: DEBUG :: Sleeping for 1 minutes
2018-01-30 09:10:01,110 :: GoPro :: INFO :: Wake up GoPro...
2018-01-30 09:10:11,133 :: GoPro :: ERROR :: Failed to send command to GoPro: <urlopen error timed out>
2018-01-30 09:10:21,147 :: GoPro :: INFO :: - Taking a photo
2018-01-30 09:10:31,162 :: GoPro :: ERROR :: Failed to send command to GoPro: <urlopen error timed out>
2018-01-30 09:10:41,175 :: GoPro :: INFO :: - Download media
2018-01-30 09:10:51,189 :: GoPro :: ERROR :: <urlopen error timed out>
2018-01-30 09:10:51,190 :: GoPro :: INFO :: - Sleep
2018-01-30 09:11:01,197 :: GoPro :: ERROR :: Failed to send command to GoPro: <urlopen error timed out>
2018-01-30 10:00:20,385 :: GoPro :: DEBUG :: ========== Starting GoPro H3 Controller ==========
2018-01-30 10:00:20,403 :: GoPro :: DEBUG :: Sleeping for 1 minutes
2018-01-30 10:10:01,406 :: GoPro :: INFO :: Wake up GoPro...
2018-01-30 10:10:11,428 :: GoPro :: ERROR :: Failed to send command to GoPro: <urlopen error timed out>
2018-01-30 10:10:21,447 :: GoPro :: INFO :: - Taking a photo
2018-01-30 10:10:31,466 :: GoPro :: ERROR :: Failed to send command to GoPro: <urlopen error timed out>
2018-01-30 10:10:41,483 :: GoPro :: INFO :: - Download media
2018-01-30 10:10:51,497 :: GoPro :: ERROR :: <urlopen error timed out>
2018-01-30 10:10:51,498 :: GoPro :: INFO :: - Sleep
2018-01-30 10:11:01,513 :: GoPro :: ERROR :: Failed to send command to GoPro: <urlopen error timed out>
2018-01-30 11:00:20,511 :: GoPro :: DEBUG :: ========== Starting GoPro H3 Controller ==========
2018-01-30 11:00:20,525 :: GoPro :: DEBUG :: Sleeping for 1 minutes
2018-01-30 11:10:02,018 :: GoPro :: INFO :: Wake up GoPro...
2018-01-30 11:10:12,040 :: GoPro :: ERROR :: Failed to send command to GoPro: <urlopen error timed out>
2018-01-30 11:10:22,055 :: GoPro :: INFO :: - Taking a photo
2018-01-30 11:10:32,069 :: GoPro :: ERROR :: Failed to send command to GoPro: <urlopen error timed out>
2018-01-30 11:10:42,082 :: GoPro :: INFO :: - Download media
2018-01-30 11:10:52,096 :: GoPro :: ERROR :: <urlopen error timed out>
2018-01-30 11:10:52,097 :: GoPro :: INFO :: - Sleep
2018-01-30 11:11:02,112 :: GoPro :: ERROR :: Failed to send command to GoPro: <urlopen error timed out>
2018-01-30 12:00:20,259 :: GoPro :: DEBUG :: ========== Starting GoPro H3 Controller ==========
2018-01-30 12:00:20,283 :: GoPro :: DEBUG :: Sleeping for 1 minutes
2018-01-30 12:10:02,272 :: GoPro :: INFO :: Wake up GoPro...
2018-01-30 12:10:12,295 :: GoPro :: ERROR :: Failed to send command to GoPro: <urlopen error timed out>
2018-01-30 12:10:22,310 :: GoPro :: INFO :: - Taking a photo
2018-01-30 12:10:32,324 :: GoPro :: ERROR :: Failed to send command to GoPro: <urlopen error timed out>
2018-01-30 12:10:42,337 :: GoPro :: INFO :: - Download media
2018-01-30 12:10:52,351 :: GoPro :: ERROR :: <urlopen error timed out>
2018-01-30 12:10:52,352 :: GoPro :: INFO :: - Sleep
2018-01-30 12:11:02,367 :: GoPro :: ERROR :: Failed to send command to GoPro: <urlopen error timed out>
2018-01-30 13:00:20,789 :: GoPro :: DEBUG :: ========== Starting GoPro H3 Controller ==========
2018-01-30 13:00:20,798 :: GoPro :: DEBUG :: Sleeping for 1 minutes
2018-01-30 13:10:03,307 :: GoPro :: INFO :: Wake up GoPro...
2018-01-30 13:10:13,330 :: GoPro :: ERROR :: Failed to send command to GoPro: <urlopen error timed out>
2018-01-30 13:10:23,345 :: GoPro :: INFO :: - Taking a photo
2018-01-30 13:10:33,359 :: GoPro :: ERROR :: Failed to send command to GoPro: <urlopen error timed out>
2018-01-30 13:10:43,373 :: GoPro :: INFO :: - Download media
2018-01-30 13:10:53,386 :: GoPro :: ERROR :: <urlopen error timed out>
2018-01-30 13:10:53,388 :: GoPro :: INFO :: - Sleep
2018-01-30 13:11:03,402 :: GoPro :: ERROR :: Failed to send command to GoPro: <urlopen error timed out>
2018-01-30 14:00:20,859 :: GoPro :: DEBUG :: ========== Starting GoPro H3 Controller ==========
2018-01-30 14:00:20,880 :: GoPro :: DEBUG :: Sleeping for 1 minutes
2018-01-30 14:10:03,880 :: GoPro :: INFO :: Wake up GoPro...
2018-01-30 14:10:13,902 :: GoPro :: ERROR :: Failed to send command to GoPro: <urlopen error timed out>
2018-01-30 14:10:23,917 :: GoPro :: INFO :: - Taking a photo
2018-01-30 14:10:33,932 :: GoPro :: ERROR :: Failed to send command to GoPro: <urlopen error timed out>
2018-01-30 14:10:43,945 :: GoPro :: INFO :: - Download media
2018-01-30 14:10:53,958 :: GoPro :: ERROR :: <urlopen error timed out>
2018-01-30 14:10:53,960 :: GoPro :: INFO :: - Sleep
2018-01-30 14:11:03,968 :: GoPro :: ERROR :: Failed to send command to GoPro: <urlopen error timed out>
2018-01-30 15:00:20,744 :: GoPro :: DEBUG :: ========== Starting GoPro H3 Controller ==========
2018-01-30 15:00:20,756 :: GoPro :: DEBUG :: Sleeping for 1 minutes
2018-01-30 15:10:04,274 :: GoPro :: INFO :: Wake up GoPro...
2018-01-30 15:10:14,296 :: GoPro :: ERROR :: Failed to send command to GoPro: <urlopen error timed out>
2018-01-30 15:10:24,315 :: GoPro :: INFO :: - Taking a photo
2018-01-30 15:10:34,330 :: GoPro :: ERROR :: Failed to send command to GoPro: <urlopen error timed out>
2018-01-30 15:10:44,343 :: GoPro :: INFO :: - Download media
2018-01-30 15:10:54,357 :: GoPro :: ERROR :: <urlopen error timed out>
2018-01-30 15:10:54,358 :: GoPro :: INFO :: - Sleep
2018-01-30 15:11:04,373 :: GoPro :: ERROR :: Failed to send command to GoPro: <urlopen error timed out>
2018-01-30 16:00:20,156 :: GoPro :: DEBUG :: ========== Starting GoPro H3 Controller ==========
2018-01-30 16:00:20,173 :: GoPro :: DEBUG :: Sleeping for 1 minutes
2018-01-30 16:10:04,171 :: GoPro :: INFO :: Wake up GoPro...
2018-01-30 16:10:14,193 :: GoPro :: ERROR :: Failed to send command to GoPro: <urlopen error timed out>
2018-01-30 16:10:24,208 :: GoPro :: INFO :: - Taking a photo
2018-01-30 16:10:34,223 :: GoPro :: ERROR :: Failed to send command to GoPro: <urlopen error timed out>
2018-01-30 16:10:44,236 :: GoPro :: INFO :: - Download media
2018-01-30 16:10:54,249 :: GoPro :: ERROR :: <urlopen error timed out>
2018-01-30 16:10:54,251 :: GoPro :: INFO :: - Sleep
2018-01-30 16:11:04,266 :: GoPro :: ERROR :: Failed to send command to GoPro: <urlopen error timed out>
2018-01-30 17:00:20,406 :: GoPro :: DEBUG :: ========== Starting GoPro H3 Controller ==========
2018-01-30 17:00:20,412 :: GoPro :: DEBUG :: Sleeping for 1 minutes
2018-01-30 17:10:04,918 :: GoPro :: INFO :: Wake up GoPro...
2018-01-30 17:10:14,941 :: GoPro :: ERROR :: Failed to send command to GoPro: <urlopen error timed out>
2018-01-30 17:10:24,959 :: GoPro :: INFO :: - Taking a photo
2018-01-30 17:10:34,979 :: GoPro :: ERROR :: Failed to send command to GoPro: <urlopen error timed out>
2018-01-30 17:10:44,996 :: GoPro :: INFO :: - Download media
2018-01-30 17:10:55,014 :: GoPro :: ERROR :: <urlopen error timed out>
2018-01-30 17:10:55,016 :: GoPro :: INFO :: - Sleep
2018-01-30 17:11:05,030 :: GoPro :: ERROR :: Failed to send command to GoPro: <urlopen error timed out>
2018-01-30 18:00:20,575 :: GoPro :: DEBUG :: ========== Starting GoPro H3 Controller ==========
2018-01-30 18:00:20,595 :: GoPro :: DEBUG :: Sleeping for 1 minutes
2018-01-30 18:10:05,591 :: GoPro :: INFO :: Wake up GoPro...
2018-01-30 18:10:15,614 :: GoPro :: ERROR :: Failed to send command to GoPro: <urlopen error timed out>
2018-01-30 18:10:25,629 :: GoPro :: INFO :: - Taking a photo
2018-01-30 18:10:35,643 :: GoPro :: ERROR :: Failed to send command to GoPro: <urlopen error timed out>
2018-01-30 18:10:45,657 :: GoPro :: INFO :: - Download media
2018-01-30 18:10:55,670 :: GoPro :: ERROR :: <urlopen error timed out>
2018-01-30 18:10:55,671 :: GoPro :: INFO :: - Sleep
2018-01-30 18:11:05,686 :: GoPro :: ERROR :: Failed to send command to GoPro: <urlopen error timed out>
2018-01-30 19:00:20,212 :: GoPro :: DEBUG :: ========== Starting GoPro H3 Controller ==========
2018-01-30 19:00:20,228 :: GoPro :: DEBUG :: Sleeping for 1 minutes
2018-01-30 19:10:05,714 :: GoPro :: INFO :: Wake up GoPro...
2018-01-30 19:10:15,736 :: GoPro :: ERROR :: Failed to send command to GoPro: <urlopen error timed out>
2018-01-30 19:10:25,756 :: GoPro :: INFO :: - Taking a photo
2018-01-30 19:10:35,770 :: GoPro :: ERROR :: Failed to send command to GoPro: <urlopen error timed out>
2018-01-30 19:10:45,784 :: GoPro :: INFO :: - Download media
2018-01-30 19:10:55,797 :: GoPro :: ERROR :: <urlopen error timed out>
2018-01-30 19:10:55,799 :: GoPro :: INFO :: - Sleep
2018-01-30 19:11:05,813 :: GoPro :: ERROR :: Failed to send command to GoPro: <urlopen error timed out>
2018-01-31 07:00:22,345 :: GoPro :: DEBUG :: ========== Starting GoPro H3 Controller ==========
2018-01-31 07:00:22,362 :: GoPro :: DEBUG :: Sleeping for 1 minutes
2018-01-31 07:10:08,331 :: GoPro :: INFO :: Wake up GoPro...
2018-01-31 07:10:18,354 :: GoPro :: ERROR :: Failed to send command to GoPro: <urlopen error timed out>
2018-01-31 07:10:28,369 :: GoPro :: INFO :: - Taking a photo
2018-01-31 07:10:38,384 :: GoPro :: ERROR :: Failed to send command to GoPro: <urlopen error timed out>
2018-01-31 07:10:48,397 :: GoPro :: INFO :: - Download media
2018-01-31 07:10:58,405 :: GoPro :: ERROR :: <urlopen error timed out>
2018-01-31 07:10:58,407 :: GoPro :: INFO :: - Sleep
2018-01-31 07:11:08,421 :: GoPro :: ERROR :: Failed to send command to GoPro: <urlopen error timed out>
2018-01-31 08:00:20,324 :: GoPro :: DEBUG :: ========== Starting GoPro H3 Controller ==========
2018-01-31 08:00:20,343 :: GoPro :: DEBUG :: Sleeping for 1 minutes
2018-01-31 08:10:06,801 :: GoPro :: INFO :: Wake up GoPro...
2018-01-31 08:10:16,824 :: GoPro :: ERROR :: Failed to send command to GoPro: <urlopen error timed out>
2018-01-31 08:10:26,839 :: GoPro :: INFO :: - Taking a photo
2018-01-31 08:10:36,853 :: GoPro :: ERROR :: Failed to send command to GoPro: <urlopen error timed out>
2018-01-31 08:10:46,867 :: GoPro :: INFO :: - Download media
2018-01-31 08:10:56,880 :: GoPro :: ERROR :: <urlopen error timed out>
2018-01-31 08:10:56,882 :: GoPro :: INFO :: - Sleep
2018-01-31 08:11:06,896 :: GoPro :: ERROR :: Failed to send command to GoPro: <urlopen error timed out>
2018-01-31 09:00:20,756 :: GoPro :: DEBUG :: ========== Starting GoPro H3 Controller ==========
2018-01-31 09:00:20,765 :: GoPro :: DEBUG :: Sleeping for 1 minutes
2018-01-31 09:10:07,736 :: GoPro :: INFO :: Wake up GoPro...
2018-01-31 09:10:17,758 :: GoPro :: ERROR :: Failed to send command to GoPro: <urlopen error timed out>
2018-01-31 09:10:27,773 :: GoPro :: INFO :: - Taking a photo
2018-01-31 09:10:37,787 :: GoPro :: ERROR :: Failed to send command to GoPro: <urlopen error timed out>
2018-01-31 09:10:47,801 :: GoPro :: INFO :: - Download media
2018-01-31 09:10:57,814 :: GoPro :: ERROR :: <urlopen error timed out>
2018-01-31 09:10:57,816 :: GoPro :: INFO :: - Sleep
2018-01-31 09:11:07,826 :: GoPro :: ERROR :: Failed to send command to GoPro: <urlopen error timed out>
2018-01-31 10:00:20,345 :: GoPro :: DEBUG :: ========== Starting GoPro H3 Controller ==========
2018-01-31 10:00:20,352 :: GoPro :: DEBUG :: Sleeping for 1 minutes
2018-01-31 10:10:07,814 :: GoPro :: INFO :: Wake up GoPro...
2018-01-31 10:10:17,830 :: GoPro :: ERROR :: Failed to send command to GoPro: <urlopen error timed out>
2018-01-31 10:10:27,844 :: GoPro :: INFO :: - Taking a photo
2018-01-31 10:10:37,859 :: GoPro :: ERROR :: Failed to send command to GoPro: <urlopen error timed out>
2018-01-31 10:10:47,872 :: GoPro :: INFO :: - Download media
2018-01-31 10:10:57,884 :: GoPro :: ERROR :: <urlopen error timed out>
2018-01-31 10:10:57,886 :: GoPro :: INFO :: - Sleep
2018-01-31 10:11:07,900 :: GoPro :: ERROR :: Failed to send command to GoPro: <urlopen error timed out>
2018-01-31 11:00:20,351 :: GoPro :: DEBUG :: ========== Starting GoPro H3 Controller ==========
2018-01-31 11:00:20,370 :: GoPro :: DEBUG :: Sleeping for 1 minutes
2018-01-31 11:10:08,327 :: GoPro :: INFO :: Wake up GoPro...
2018-01-31 11:10:18,349 :: GoPro :: ERROR :: Failed to send command to GoPro: <urlopen error timed out>
2018-01-31 11:10:28,364 :: GoPro :: INFO :: - Taking a photo
2018-01-31 11:10:38,379 :: GoPro :: ERROR :: Failed to send command to GoPro: <urlopen error timed out>
2018-01-31 11:10:48,392 :: GoPro :: INFO :: - Download media
2018-01-31 11:10:58,406 :: GoPro :: ERROR :: <urlopen error timed out>
2018-01-31 11:10:58,407 :: GoPro :: INFO :: - Sleep
2018-01-31 11:11:08,414 :: GoPro :: ERROR :: Failed to send command to GoPro: <urlopen error timed out>
2018-01-31 12:00:20,497 :: GoPro :: DEBUG :: ========== Starting GoPro H3 Controller ==========
2018-01-31 12:00:20,505 :: GoPro :: DEBUG :: Sleeping for 1 minutes
2018-01-31 12:10:08,966 :: GoPro :: INFO :: Wake up GoPro...
2018-01-31 12:10:18,989 :: GoPro :: ERROR :: Failed to send command to GoPro: <urlopen error timed out>
2018-01-31 12:10:29,003 :: GoPro :: INFO :: - Taking a photo
2018-01-31 12:10:39,018 :: GoPro :: ERROR :: Failed to send command to GoPro: <urlopen error timed out>
2018-01-31 12:10:49,031 :: GoPro :: INFO :: - Download media
2018-01-31 12:10:59,044 :: GoPro :: ERROR :: <urlopen error timed out>
2018-01-31 12:10:59,046 :: GoPro :: INFO :: - Sleep
2018-01-31 12:11:09,060 :: GoPro :: ERROR :: Failed to send command to GoPro: <urlopen error timed out>
2018-01-31 13:00:20,557 :: GoPro :: DEBUG :: ========== Starting GoPro H3 Controller ==========
2018-01-31 13:00:20,573 :: GoPro :: DEBUG :: Sleeping for 1 minutes
2018-01-31 13:10:09,536 :: GoPro :: INFO :: Wake up GoPro...
2018-01-31 13:10:19,558 :: GoPro :: ERROR :: Failed to send command to GoPro: <urlopen error timed out>
2018-01-31 13:10:29,577 :: GoPro :: INFO :: - Taking a photo
2018-01-31 13:10:39,591 :: GoPro :: ERROR :: Failed to send command to GoPro: <urlopen error timed out>
2018-01-31 13:10:49,604 :: GoPro :: INFO :: - Download media
2018-01-31 13:10:59,618 :: GoPro :: ERROR :: <urlopen error timed out>
2018-01-31 13:10:59,619 :: GoPro :: INFO :: - Sleep
2018-01-31 13:11:09,627 :: GoPro :: ERROR :: Failed to send command to GoPro: <urlopen error timed out>
2018-01-31 14:00:20,451 :: GoPro :: DEBUG :: ========== Starting GoPro H3 Controller ==========
2018-01-31 14:00:20,472 :: GoPro :: DEBUG :: Sleeping for 1 minutes
2018-01-31 14:10:09,923 :: GoPro :: INFO :: Wake up GoPro...
2018-01-31 14:10:19,946 :: GoPro :: ERROR :: Failed to send command to GoPro: <urlopen error timed out>
2018-01-31 14:10:29,960 :: GoPro :: INFO :: - Taking a photo
2018-01-31 14:10:39,975 :: GoPro :: ERROR :: Failed to send command to GoPro: <urlopen error timed out>
2018-01-31 14:10:49,991 :: GoPro :: INFO :: - Download media
2018-01-31 14:11:00,005 :: GoPro :: ERROR :: <urlopen error timed out>
2018-01-31 14:11:00,007 :: GoPro :: INFO :: - Sleep
2018-01-31 14:11:10,021 :: GoPro :: ERROR :: Failed to send command to GoPro: <urlopen error timed out>
2018-01-31 15:00:20,286 :: GoPro :: DEBUG :: ========== Starting GoPro H3 Controller ==========
2018-01-31 15:00:20,303 :: GoPro :: DEBUG :: Sleeping for 1 minutes
2018-01-31 15:10:10,269 :: GoPro :: INFO :: Wake up GoPro...
2018-01-31 15:10:20,292 :: GoPro :: ERROR :: Failed to send command to GoPro: <urlopen error timed out>
2018-01-31 15:10:30,306 :: GoPro :: INFO :: - Taking a photo
2018-01-31 15:10:40,315 :: GoPro :: ERROR :: Failed to send command to GoPro: <urlopen error timed out>
2018-01-31 15:10:50,328 :: GoPro :: INFO :: - Download media
2018-01-31 15:11:00,336 :: GoPro :: ERROR :: <urlopen error timed out>
2018-01-31 15:11:00,338 :: GoPro :: INFO :: - Sleep
2018-01-31 15:11:10,347 :: GoPro :: ERROR :: Failed to send command to GoPro: <urlopen error timed out>
2018-01-31 16:00:20,573 :: GoPro :: DEBUG :: ========== Starting GoPro H3 Controller ==========
2018-01-31 16:00:20,595 :: GoPro :: DEBUG :: Sleeping for 1 minutes
2018-01-31 16:10:11,053 :: GoPro :: INFO :: Wake up GoPro...
2018-01-31 16:10:21,074 :: GoPro :: ERROR :: Failed to send command to GoPro: <urlopen error timed out>
2018-01-31 16:10:31,088 :: GoPro :: INFO :: - Taking a photo
2018-01-31 16:10:41,103 :: GoPro :: ERROR :: Failed to send command to GoPro: <urlopen error timed out>
2018-01-31 16:10:51,116 :: GoPro :: INFO :: - Download media
2018-01-31 16:11:01,130 :: GoPro :: ERROR :: <urlopen error timed out>
2018-01-31 16:11:01,131 :: GoPro :: INFO :: - Sleep
2018-01-31 16:11:11,146 :: GoPro :: ERROR :: Failed to send command to GoPro: <urlopen error timed out>
2018-01-31 17:00:20,000 :: GoPro :: DEBUG :: ========== Starting GoPro H3 Controller ==========
2018-01-31 17:00:20,018 :: GoPro :: DEBUG :: Sleeping for 1 minutes
2018-01-31 17:10:10,973 :: GoPro :: INFO :: Wake up GoPro...
2018-01-31 17:10:20,995 :: GoPro :: ERROR :: Failed to send command to GoPro: <urlopen error timed out>
2018-01-31 17:10:31,010 :: GoPro :: INFO :: - Taking a photo
2018-01-31 17:10:41,024 :: GoPro :: ERROR :: Failed to send command to GoPro: <urlopen error timed out>
2018-01-31 17:10:51,037 :: GoPro :: INFO :: - Download media
2018-01-31 17:11:01,051 :: GoPro :: ERROR :: <urlopen error timed out>
2018-01-31 17:11:01,052 :: GoPro :: INFO :: - Sleep
2018-01-31 17:11:11,070 :: GoPro :: ERROR :: Failed to send command to GoPro: <urlopen error timed out>
2018-01-31 18:00:20,744 :: GoPro :: DEBUG :: ========== Starting GoPro H3 Controller ==========
2018-01-31 18:00:20,752 :: GoPro :: DEBUG :: Sleeping for 1 minutes
2018-01-31 18:10:12,208 :: GoPro :: INFO :: Wake up GoPro...
2018-01-31 18:10:22,231 :: GoPro :: ERROR :: Failed to send command to GoPro: <urlopen error timed out>
2018-01-31 18:10:32,246 :: GoPro :: INFO :: - Taking a photo
2018-01-31 18:10:42,260 :: GoPro :: ERROR :: Failed to send command to GoPro: <urlopen error timed out>
2018-01-31 18:10:52,274 :: GoPro :: INFO :: - Download media
2018-01-31 18:11:02,287 :: GoPro :: ERROR :: <urlopen error timed out>
2018-01-31 18:11:02,289 :: GoPro :: INFO :: - Sleep
2018-01-31 18:11:12,303 :: GoPro :: ERROR :: Failed to send command to GoPro: <urlopen error timed out>
2018-01-31 19:00:20,636 :: GoPro :: DEBUG :: ========== Starting GoPro H3 Controller ==========
2018-01-31 19:00:20,675 :: GoPro :: DEBUG :: Sleeping for 1 minutes
2018-01-31 19:10:12,637 :: GoPro :: INFO :: Wake up GoPro...
2018-01-31 19:10:22,659 :: GoPro :: ERROR :: Failed to send command to GoPro: <urlopen error timed out>
2018-01-31 19:10:32,679 :: GoPro :: INFO :: - Taking a photo
2018-01-31 19:10:42,698 :: GoPro :: ERROR :: Failed to send command to GoPro: <urlopen error timed out>
2018-01-31 19:10:52,717 :: GoPro :: INFO :: - Download media
2018-01-31 19:11:02,734 :: GoPro :: ERROR :: <urlopen error timed out>
2018-01-31 19:11:02,736 :: GoPro :: INFO :: - Sleep
2018-01-31 19:11:12,750 :: GoPro :: ERROR :: Failed to send command to GoPro: <urlopen error timed out>
2018-02-01 07:00:22,469 :: GoPro :: DEBUG :: ========== Starting GoPro H3 Controller ==========
2018-02-01 07:00:22,498 :: GoPro :: DEBUG :: Sleeping for 1 minutes
2018-02-01 07:10:14,921 :: GoPro :: INFO :: Wake up GoPro...
2018-02-01 07:10:24,944 :: GoPro :: ERROR :: Failed to send command to GoPro: <urlopen error timed out>
2018-02-01 07:10:34,959 :: GoPro :: INFO :: - Taking a photo
2018-02-01 07:10:44,973 :: GoPro :: ERROR :: Failed to send command to GoPro: <urlopen error timed out>
2018-02-01 07:10:54,986 :: GoPro :: INFO :: - Download media
2018-02-01 07:11:05,000 :: GoPro :: ERROR :: <urlopen error timed out>
2018-02-01 07:11:05,001 :: GoPro :: INFO :: - Sleep
2018-02-01 07:11:15,016 :: GoPro :: ERROR :: Failed to send command to GoPro: <urlopen error timed out>
2018-02-01 08:00:20,502 :: GoPro :: DEBUG :: ========== Starting GoPro H3 Controller ==========
2018-02-01 08:00:20,522 :: GoPro :: DEBUG :: Sleeping for 1 minutes
2018-02-01 08:10:13,440 :: GoPro :: INFO :: Wake up GoPro...
2018-02-01 08:10:23,462 :: GoPro :: ERROR :: Failed to send command to GoPro: <urlopen error timed out>
2018-02-01 08:10:33,477 :: GoPro :: INFO :: - Taking a photo
2018-02-01 08:10:43,491 :: GoPro :: ERROR :: Failed to send command to GoPro: <urlopen error timed out>
2018-02-01 08:10:53,505 :: GoPro :: INFO :: - Download media
2018-02-01 08:11:03,518 :: GoPro :: ERROR :: <urlopen error timed out>
2018-02-01 08:11:03,519 :: GoPro :: INFO :: - Sleep
2018-02-01 08:11:13,524 :: GoPro :: ERROR :: Failed to send command to GoPro: <urlopen error timed out>
2018-02-01 09:00:20,114 :: GoPro :: DEBUG :: ========== Starting GoPro H3 Controller ==========
2018-02-01 09:00:20,126 :: GoPro :: DEBUG :: Sleeping for 1 minutes
2018-02-01 09:10:13,544 :: GoPro :: INFO :: Wake up GoPro...
2018-02-01 09:10:23,567 :: GoPro :: ERROR :: Failed to send command to GoPro: <urlopen error timed out>
2018-02-01 09:10:33,582 :: GoPro :: INFO :: - Taking a photo
2018-02-01 09:10:43,596 :: GoPro :: ERROR :: Failed to send command to GoPro: <urlopen error timed out>
2018-02-01 09:10:53,609 :: GoPro :: INFO :: - Download media
2018-02-01 09:11:03,623 :: GoPro :: ERROR :: <urlopen error timed out>
2018-02-01 09:11:03,625 :: GoPro :: INFO :: - Sleep
2018-02-01 09:11:13,639 :: GoPro :: ERROR :: Failed to send command to GoPro: <urlopen error timed out>
2018-02-01 10:00:20,284 :: GoPro :: DEBUG :: ========== Starting GoPro H3 Controller ==========
2018-02-01 10:00:20,301 :: GoPro :: DEBUG :: Sleeping for 1 minutes
2018-02-01 10:10:14,264 :: GoPro :: INFO :: Wake up GoPro...
2018-02-01 10:10:24,287 :: GoPro :: ERROR :: Failed to send command to GoPro: <urlopen error timed out>
2018-02-01 10:10:34,306 :: GoPro :: INFO :: - Taking a photo
2018-02-01 10:10:44,318 :: GoPro :: ERROR :: Failed to send command to GoPro: <urlopen error timed out>
2018-02-01 10:10:54,335 :: GoPro :: INFO :: - Download media
2018-02-01 10:11:04,353 :: GoPro :: ERROR :: <urlopen error timed out>
2018-02-01 10:11:04,354 :: GoPro :: INFO :: - Sleep
2018-02-01 10:11:14,369 :: GoPro :: ERROR :: Failed to send command to GoPro: <urlopen error timed out>
2018-02-01 11:00:20,432 :: GoPro :: DEBUG :: ========== Starting GoPro H3 Controller ==========
2018-02-01 11:00:20,454 :: GoPro :: DEBUG :: Sleeping for 1 minutes
2018-02-01 11:10:14,893 :: GoPro :: INFO :: Wake up GoPro...
2018-02-01 11:10:24,916 :: GoPro :: ERROR :: Failed to send command to GoPro: <urlopen error timed out>
2018-02-01 11:10:34,931 :: GoPro :: INFO :: - Taking a photo
2018-02-01 11:10:44,945 :: GoPro :: ERROR :: Failed to send command to GoPro: <urlopen error timed out>
2018-02-01 11:10:54,958 :: GoPro :: INFO :: - Download media
2018-02-01 11:11:04,972 :: GoPro :: ERROR :: <urlopen error timed out>
2018-02-01 11:11:04,973 :: GoPro :: INFO :: - Sleep
2018-02-01 11:11:14,988 :: GoPro :: ERROR :: Failed to send command to GoPro: <urlopen error timed out>
2018-02-01 12:00:20,364 :: GoPro :: DEBUG :: ========== Starting GoPro H3 Controller ==========
2018-02-01 12:00:20,379 :: GoPro :: DEBUG :: Sleeping for 1 minutes
2018-02-01 12:10:15,301 :: GoPro :: INFO :: Wake up GoPro...
2018-02-01 12:10:25,318 :: GoPro :: ERROR :: Failed to send command to GoPro: <urlopen error timed out>
2018-02-01 12:10:35,337 :: GoPro :: INFO :: - Taking a photo
2018-02-01 12:10:45,357 :: GoPro :: ERROR :: Failed to send command to GoPro: <urlopen error timed out>
2018-02-01 12:10:55,370 :: GoPro :: INFO :: - Download media
2018-02-01 12:11:05,383 :: GoPro :: ERROR :: <urlopen error timed out>
2018-02-01 12:11:05,385 :: GoPro :: INFO :: - Sleep
2018-02-01 12:11:15,400 :: GoPro :: ERROR :: Failed to send command to GoPro: <urlopen error timed out>
2018-02-01 13:00:20,195 :: GoPro :: DEBUG :: ========== Starting GoPro H3 Controller ==========
2018-02-01 13:00:20,215 :: GoPro :: DEBUG :: Sleeping for 1 minutes
2018-02-01 13:10:15,632 :: GoPro :: INFO :: Wake up GoPro...
2018-02-01 13:10:25,655 :: GoPro :: ERROR :: Failed to send command to GoPro: <urlopen error timed out>
2018-02-01 13:10:35,670 :: GoPro :: INFO :: - Taking a photo
2018-02-01 13:10:45,684 :: GoPro :: ERROR :: Failed to send command to GoPro: <urlopen error timed out>
2018-02-01 13:10:55,698 :: GoPro :: INFO :: - Download media
2018-02-01 13:11:05,711 :: GoPro :: ERROR :: <urlopen error timed out>
2018-02-01 13:11:05,713 :: GoPro :: INFO :: - Sleep
2018-02-01 13:11:15,727 :: GoPro :: ERROR :: Failed to send command to GoPro: <urlopen error timed out>
2018-02-01 14:00:20,199 :: GoPro :: DEBUG :: ========== Starting GoPro H3 Controller ==========
2018-02-01 14:00:20,214 :: GoPro :: DEBUG :: Sleeping for 1 minutes
2018-02-01 14:10:16,140 :: GoPro :: INFO :: Wake up GoPro...
2018-02-01 14:10:26,163 :: GoPro :: ERROR :: Failed to send command to GoPro: <urlopen error timed out>
2018-02-01 14:10:36,182 :: GoPro :: INFO :: - Taking a photo
2018-02-01 14:10:46,197 :: GoPro :: ERROR :: Failed to send command to GoPro: <urlopen error timed out>
2018-02-01 14:10:56,210 :: GoPro :: INFO :: - Download media
2018-02-01 14:11:06,224 :: GoPro :: ERROR :: <urlopen error timed out>
2018-02-01 14:11:06,225 :: GoPro :: INFO :: - Sleep
2018-02-01 14:11:16,240 :: GoPro :: ERROR :: Failed to send command to GoPro: <urlopen error timed out>
2018-02-01 15:00:20,785 :: GoPro :: DEBUG :: ========== Starting GoPro H3 Controller ==========
2018-02-01 15:00:20,806 :: GoPro :: DEBUG :: Sleeping for 1 minutes
2018-02-01 15:10:17,234 :: GoPro :: INFO :: Wake up GoPro...
2018-02-01 15:10:27,257 :: GoPro :: ERROR :: Failed to send command to GoPro: <urlopen error timed out>
2018-02-01 15:10:37,276 :: GoPro :: INFO :: - Taking a photo
2018-02-01 15:10:47,291 :: GoPro :: ERROR :: Failed to send command to GoPro: <urlopen error timed out>
2018-02-01 15:10:57,304 :: GoPro :: INFO :: - Download media
2018-02-01 15:11:07,317 :: GoPro :: ERROR :: <urlopen error timed out>
2018-02-01 15:11:07,319 :: GoPro :: INFO :: - Sleep
2018-02-01 15:11:17,334 :: GoPro :: ERROR :: Failed to send command to GoPro: <urlopen error timed out>
2018-02-01 16:00:20,869 :: GoPro :: DEBUG :: ========== Starting GoPro H3 Controller ==========
2018-02-01 16:00:20,888 :: GoPro :: DEBUG :: Sleeping for 1 minutes
2018-02-01 16:10:17,805 :: GoPro :: INFO :: Wake up GoPro...
2018-02-01 16:10:27,828 :: GoPro :: ERROR :: Failed to send command to GoPro: <urlopen error timed out>
2018-02-01 16:10:37,842 :: GoPro :: INFO :: - Taking a photo
2018-02-01 16:10:47,857 :: GoPro :: ERROR :: Failed to send command to GoPro: <urlopen error timed out>
2018-02-01 16:10:57,870 :: GoPro :: INFO :: - Download media
2018-02-01 16:11:07,883 :: GoPro :: ERROR :: <urlopen error timed out>
2018-02-01 16:11:07,885 :: GoPro :: INFO :: - Sleep
2018-02-01 16:11:17,899 :: GoPro :: ERROR :: Failed to send command to GoPro: <urlopen error timed out>
2018-02-01 17:00:20,267 :: GoPro :: DEBUG :: ========== Starting GoPro H3 Controller ==========
2018-02-01 17:00:20,291 :: GoPro :: DEBUG :: Sleeping for 1 minutes
2018-02-01 17:10:17,720 :: GoPro :: INFO :: Wake up GoPro...
2018-02-01 17:10:27,743 :: GoPro :: ERROR :: Failed to send command to GoPro: <urlopen error timed out>
2018-02-01 17:10:37,757 :: GoPro :: INFO :: - Taking a photo
2018-02-01 17:10:47,770 :: GoPro :: ERROR :: Failed to send command to GoPro: <urlopen error timed out>
2018-02-01 17:10:57,783 :: GoPro :: INFO :: - Download media
2018-02-01 17:11:07,791 :: GoPro :: ERROR :: <urlopen error timed out>
2018-02-01 17:11:07,793 :: GoPro :: INFO :: - Sleep
2018-02-01 17:11:17,802 :: GoPro :: ERROR :: Failed to send command to GoPro: <urlopen error timed out>
2018-02-01 18:00:20,263 :: GoPro :: DEBUG :: ========== Starting GoPro H3 Controller ==========
2018-02-01 18:00:20,303 :: GoPro :: DEBUG :: Sleeping for 1 minutes
2018-02-01 18:10:18,251 :: GoPro :: INFO :: Wake up GoPro...
2018-02-01 18:10:28,273 :: GoPro :: ERROR :: Failed to send command to GoPro: <urlopen error timed out>
2018-02-01 18:10:38,288 :: GoPro :: INFO :: - Taking a photo
2018-02-01 18:10:48,303 :: GoPro :: ERROR :: Failed to send command to GoPro: <urlopen error timed out>
2018-02-01 18:10:58,316 :: GoPro :: INFO :: - Download media
2018-02-01 18:11:08,330 :: GoPro :: ERROR :: <urlopen error timed out>
2018-02-01 18:11:08,331 :: GoPro :: INFO :: - Sleep
2018-02-01 18:11:18,346 :: GoPro :: ERROR :: Failed to send command to GoPro: <urlopen error timed out>
2018-02-01 19:00:20,709 :: GoPro :: DEBUG :: ========== Starting GoPro H3 Controller ==========
2018-02-01 19:00:20,717 :: GoPro :: DEBUG :: Sleeping for 1 minutes
2018-02-01 19:10:19,158 :: GoPro :: INFO :: Wake up GoPro...
2018-02-01 19:10:29,180 :: GoPro :: ERROR :: Failed to send command to GoPro: <urlopen error timed out>
2018-02-01 19:10:39,195 :: GoPro :: INFO :: - Taking a photo
2018-02-01 19:10:49,209 :: GoPro :: ERROR :: Failed to send command to GoPro: <urlopen error timed out>
2018-02-01 19:10:59,222 :: GoPro :: INFO :: - Download media
2018-02-01 19:11:09,236 :: GoPro :: ERROR :: <urlopen error timed out>
2018-02-01 19:11:09,237 :: GoPro :: INFO :: - Sleep
2018-02-01 19:11:19,252 :: GoPro :: ERROR :: Failed to send command to GoPro: <urlopen error timed out>
2018-02-02 07:00:21,921 :: GoPro :: DEBUG :: ========== Starting GoPro H3 Controller ==========
2018-02-02 07:00:21,929 :: GoPro :: DEBUG :: Sleeping for 1 minutes
2018-02-02 07:10:20,834 :: GoPro :: INFO :: Wake up GoPro...
2018-02-02 07:10:30,846 :: GoPro :: ERROR :: Failed to send command to GoPro: <urlopen error timed out>
2018-02-02 07:10:40,865 :: GoPro :: INFO :: - Taking a photo
2018-02-02 07:10:50,885 :: GoPro :: ERROR :: Failed to send command to GoPro: <urlopen error timed out>
2018-02-02 07:11:00,903 :: GoPro :: INFO :: - Download media
2018-02-02 07:11:10,921 :: GoPro :: ERROR :: <urlopen error timed out>
2018-02-02 07:11:10,923 :: GoPro :: INFO :: - Sleep
2018-02-02 07:11:20,937 :: GoPro :: ERROR :: Failed to send command to GoPro: <urlopen error timed out>
2018-02-02 08:00:20,411 :: GoPro :: DEBUG :: ========== Starting GoPro H3 Controller ==========
2018-02-02 08:00:20,418 :: GoPro :: DEBUG :: Sleeping for 1 minutes
2018-02-02 08:10:19,857 :: GoPro :: INFO :: Wake up GoPro...
2018-02-02 08:10:29,880 :: GoPro :: ERROR :: Failed to send command to GoPro: <urlopen error timed out>
2018-02-02 08:10:39,899 :: GoPro :: INFO :: - Taking a photo
2018-02-02 08:10:49,919 :: GoPro :: ERROR :: Failed to send command to GoPro: <urlopen error timed out>
2018-02-02 08:10:59,937 :: GoPro :: INFO :: - Download media
2018-02-02 08:11:09,955 :: GoPro :: ERROR :: <urlopen error timed out>
2018-02-02 08:11:09,957 :: GoPro :: INFO :: - Sleep
2018-02-02 08:11:19,971 :: GoPro :: ERROR :: Failed to send command to GoPro: <urlopen error timed out>
2018-02-02 09:00:20,137 :: GoPro :: DEBUG :: ========== Starting GoPro H3 Controller ==========
2018-02-02 09:00:20,153 :: GoPro :: DEBUG :: Sleeping for 1 minutes
2018-02-02 09:10:20,044 :: GoPro :: INFO :: Wake up GoPro...
2018-02-02 09:10:30,066 :: GoPro :: ERROR :: Failed to send command to GoPro: <urlopen error timed out>
2018-02-02 09:10:40,081 :: GoPro :: INFO :: - Taking a photo
2018-02-02 09:10:50,096 :: GoPro :: ERROR :: Failed to send command to GoPro: <urlopen error timed out>
2018-02-02 09:11:00,109 :: GoPro :: INFO :: - Download media
2018-02-02 09:11:10,122 :: GoPro :: ERROR :: <urlopen error timed out>
2018-02-02 09:11:10,124 :: GoPro :: INFO :: - Sleep
2018-02-02 09:11:20,138 :: GoPro :: ERROR :: Failed to send command to GoPro: <urlopen error timed out>
2018-02-02 10:00:20,011 :: GoPro :: DEBUG :: ========== Starting GoPro H3 Controller ==========
2018-02-02 10:00:20,018 :: GoPro :: DEBUG :: Sleeping for 1 minutes
2018-02-02 10:10:20,407 :: GoPro :: INFO :: Wake up GoPro...
2018-02-02 10:10:30,429 :: GoPro :: ERROR :: Failed to send command to GoPro: <urlopen error timed out>
2018-02-02 10:10:40,444 :: GoPro :: INFO :: - Taking a photo
2018-02-02 10:10:50,458 :: GoPro :: ERROR :: Failed to send command to GoPro: <urlopen error timed out>
2018-02-02 10:11:00,471 :: GoPro :: INFO :: - Download media
2018-02-02 10:11:10,485 :: GoPro :: ERROR :: <urlopen error timed out>
2018-02-02 10:11:10,486 :: GoPro :: INFO :: - Sleep
2018-02-02 10:11:20,501 :: GoPro :: ERROR :: Failed to send command to GoPro: <urlopen error timed out>
2018-02-02 11:00:20,478 :: GoPro :: DEBUG :: ========== Starting GoPro H3 Controller ==========
2018-02-02 11:00:20,490 :: GoPro :: DEBUG :: Sleeping for 1 minutes
2018-02-02 11:10:21,382 :: GoPro :: INFO :: Wake up GoPro...
2018-02-02 11:10:31,405 :: GoPro :: ERROR :: Failed to send command to GoPro: <urlopen error timed out>
2018-02-02 11:10:41,420 :: GoPro :: INFO :: - Taking a photo
2018-02-02 11:10:51,434 :: GoPro :: ERROR :: Failed to send command to GoPro: <urlopen error timed out>
2018-02-02 11:11:01,448 :: GoPro :: INFO :: - Download media
2018-02-02 11:11:11,461 :: GoPro :: ERROR :: <urlopen error timed out>
2018-02-02 11:11:11,463 :: GoPro :: INFO :: - Sleep
2018-02-02 11:11:21,477 :: GoPro :: ERROR :: Failed to send command to GoPro: <urlopen error timed out>
2018-02-02 12:00:20,630 :: GoPro :: DEBUG :: ========== Starting GoPro H3 Controller ==========
2018-02-02 12:00:20,644 :: GoPro :: DEBUG :: Sleeping for 1 minutes
2018-02-02 12:10:22,043 :: GoPro :: INFO :: Wake up GoPro...
2018-02-02 12:10:32,066 :: GoPro :: ERROR :: Failed to send command to GoPro: <urlopen error timed out>
2018-02-02 12:10:42,080 :: GoPro :: INFO :: - Taking a photo
2018-02-02 12:10:52,095 :: GoPro :: ERROR :: Failed to send command to GoPro: <urlopen error timed out>
2018-02-02 12:11:02,108 :: GoPro :: INFO :: - Download media
2018-02-02 12:11:12,122 :: GoPro :: ERROR :: <urlopen error timed out>
2018-02-02 12:11:12,123 :: GoPro :: INFO :: - Sleep
2018-02-02 12:11:22,138 :: GoPro :: ERROR :: Failed to send command to GoPro: <urlopen error timed out>
2018-02-02 13:00:20,199 :: GoPro :: DEBUG :: ========== Starting GoPro H3 Controller ==========
2018-02-02 13:00:20,214 :: GoPro :: DEBUG :: Sleeping for 1 minutes
2018-02-02 13:10:22,115 :: GoPro :: INFO :: Wake up GoPro...
2018-02-02 13:10:32,138 :: GoPro :: ERROR :: Failed to send command to GoPro: <urlopen error timed out>
2018-02-02 13:10:42,152 :: GoPro :: INFO :: - Taking a photo
2018-02-02 13:10:52,167 :: GoPro :: ERROR :: Failed to send command to GoPro: <urlopen error timed out>
2018-02-02 13:11:02,180 :: GoPro :: INFO :: - Download media
2018-02-02 13:11:12,194 :: GoPro :: ERROR :: <urlopen error timed out>
2018-02-02 13:11:12,195 :: GoPro :: INFO :: - Sleep
2018-02-02 13:11:22,209 :: GoPro :: ERROR :: Failed to send command to GoPro: <urlopen error timed out>
2018-02-02 14:00:20,586 :: GoPro :: DEBUG :: ========== Starting GoPro H3 Controller ==========
2018-02-02 14:00:20,594 :: GoPro :: DEBUG :: Sleeping for 1 minutes
2018-02-02 14:10:22,994 :: GoPro :: INFO :: Wake up GoPro...
2018-02-02 14:10:33,017 :: GoPro :: ERROR :: Failed to send command to GoPro: <urlopen error timed out>
2018-02-02 14:10:43,032 :: GoPro :: INFO :: - Taking a photo
2018-02-02 14:10:53,044 :: GoPro :: ERROR :: Failed to send command to GoPro: <urlopen error timed out>
2018-02-02 14:11:03,058 :: GoPro :: INFO :: - Download media
2018-02-02 14:11:13,071 :: GoPro :: ERROR :: <urlopen error timed out>
2018-02-02 14:11:13,073 :: GoPro :: INFO :: - Sleep
2018-02-02 14:11:23,087 :: GoPro :: ERROR :: Failed to send command to GoPro: <urlopen error timed out>
2018-02-02 15:38:53,468 :: GoPro :: DEBUG :: ========== Starting GoPro H3 Controller ==========
2018-02-02 15:38:53,511 :: GoPro :: DEBUG :: Sleeping for 1 minutes
2018-02-02 15:48:56,408 :: GoPro :: INFO :: Wake up GoPro...
2018-02-02 15:49:06,430 :: GoPro :: ERROR :: Failed to send command to GoPro: <urlopen error timed out>
2018-02-02 15:49:16,445 :: GoPro :: INFO :: - Taking a photo
2018-02-02 15:49:26,460 :: GoPro :: ERROR :: Failed to send command to GoPro: <urlopen error timed out>
2018-02-02 15:49:36,473 :: GoPro :: INFO :: - Download media
2018-02-02 15:49:46,486 :: GoPro :: ERROR :: <urlopen error timed out>
2018-02-02 15:49:46,488 :: GoPro :: INFO :: - Sleep
2018-02-02 15:49:56,503 :: GoPro :: ERROR :: Failed to send command to GoPro: <urlopen error timed out>
2018-02-12 17:55:15,916 :: GoPro :: DEBUG :: ========== Starting GoPro H3 Controller ==========
2018-02-12 17:55:15,935 :: GoPro :: DEBUG :: Sleeping for 1 minutes
2018-02-12 18:05:18,718 :: GoPro :: INFO :: Wake up GoPro...
2018-02-12 18:05:25,501 :: GoPro :: ERROR :: Failed to send command to GoPro: ''
2018-02-12 18:05:35,522 :: GoPro :: INFO :: - Taking a photo
2018-02-12 18:05:42,954 :: GoPro :: ERROR :: Failed to send command to GoPro: ''
2018-02-12 18:05:52,979 :: GoPro :: INFO :: - Download media
2018-02-12 19:18:03,873 :: GoPro :: DEBUG :: ========== Starting GoPro H3 Controller ==========
2018-02-12 19:18:03,918 :: GoPro :: DEBUG :: Sleeping for 1 minutes
2018-02-12 19:46:19,851 :: GoPro :: DEBUG :: ========== Starting GoPro H3 Controller ==========
2018-02-12 19:46:19,883 :: GoPro :: DEBUG :: Sleeping for 1 minutes
2018-02-12 19:56:23,903 :: GoPro :: INFO :: Wake up GoPro...
2018-02-12 19:56:31,105 :: GoPro :: ERROR :: Failed to send command to GoPro: ''
2018-02-12 19:56:41,120 :: GoPro :: INFO :: - Taking a photo
2018-02-12 19:56:48,834 :: GoPro :: ERROR :: Failed to send command to GoPro: ''
2018-02-12 19:56:58,430 :: GoPro :: INFO :: - Download media
2018-02-12 20:50:30,356 :: GoPro :: DEBUG :: ========== Starting GoPro H3 Controller ==========
2018-02-12 20:50:30,375 :: GoPro :: DEBUG :: Sleeping for 1 minutes
2018-02-12 21:00:34,944 :: GoPro :: INFO :: Wake up GoPro...
2018-02-12 21:00:44,316 :: GoPro :: ERROR :: Failed to send command to GoPro: ''
2018-02-12 21:00:54,330 :: GoPro :: INFO :: - Taking a photo
2018-02-12 21:01:01,345 :: GoPro :: ERROR :: Failed to send command to GoPro: ''
2018-02-12 21:01:11,358 :: GoPro :: INFO :: - Download media
2018-02-12 21:18:11,203 :: GoPro :: DEBUG :: ========== Starting GoPro H3 Controller ==========
2018-02-12 21:18:11,236 :: GoPro :: DEBUG :: Sleeping for 1 minutes
2018-02-12 21:28:16,130 :: GoPro :: INFO :: Wake up GoPro...
2018-02-12 21:28:23,589 :: GoPro :: ERROR :: Failed to send command to GoPro: ''
2018-02-12 21:28:33,605 :: GoPro :: INFO :: - Taking a photo
2018-02-12 21:28:41,038 :: GoPro :: ERROR :: Failed to send command to GoPro: ''
2018-02-12 21:28:51,055 :: GoPro :: INFO :: - Download media
2018-02-13 15:50:37,206 :: GoPro :: DEBUG :: ========== Starting GoPro H3 Controller ==========
2018-02-13 15:50:37,220 :: GoPro :: DEBUG :: Sleeping for 1 minutes
2018-02-13 16:00:42,499 :: GoPro :: INFO :: Wake up GoPro...
2018-02-13 16:00:49,410 :: GoPro :: ERROR :: Failed to send command to GoPro: ''
2018-02-13 16:00:59,426 :: GoPro :: INFO :: - Taking a photo
2018-02-13 16:01:06,283 :: GoPro :: ERROR :: Failed to send command to GoPro: ''
2018-02-13 16:01:16,296 :: GoPro :: INFO :: - Download media
2018-02-13 16:01:27,948 :: GoPro :: DEBUG :: ========== Starting GoPro H3 Controller ==========
2018-02-13 16:01:27,970 :: GoPro :: DEBUG :: Sleeping for 1 minutes
2018-02-13 16:02:28,049 :: GoPro :: INFO :: Wake up GoPro...
2018-02-13 16:02:34,852 :: GoPro :: ERROR :: Failed to send command to GoPro: ''
2018-02-13 16:02:44,868 :: GoPro :: INFO :: - Taking a photo
2018-02-13 16:02:44,897 :: GoPro :: ERROR :: Failed to send command to GoPro: HTTP Error 404: Not Found
2018-02-13 16:02:54,911 :: GoPro :: INFO :: - Download media
2018-02-13 16:02:54,947 :: GoPro :: ERROR :: No Media Folders
2018-02-13 16:02:54,948 :: GoPro :: INFO :: - Sleep
2018-02-13 16:02:55,021 :: GoPro :: ERROR :: Failed to send command to GoPro: HTTP Error 404: Not Found
2018-02-13 15:58:27,213 :: GoPro :: DEBUG :: ========== Starting GoPro H3 Controller ==========
2018-02-13 15:58:27,241 :: GoPro :: DEBUG :: Sleeping for 1 minutes
2018-02-13 16:08:33,001 :: GoPro :: INFO :: Wake up GoPro...
2018-02-13 16:08:40,300 :: GoPro :: ERROR :: Failed to send command to GoPro: ''
2018-02-13 16:08:50,316 :: GoPro :: INFO :: - Taking a photo
2018-02-13 16:08:57,105 :: GoPro :: ERROR :: Failed to send command to GoPro: ''
2018-02-13 16:09:07,119 :: GoPro :: INFO :: - Download media
2018-02-13 16:09:07,262 :: GoPro :: DEBUG :: ========== Starting GoPro H3 Controller ==========
2018-02-13 16:09:07,264 :: GoPro :: DEBUG :: Sleeping for 1 minutes
2018-02-13 16:10:07,332 :: GoPro :: INFO :: Wake up GoPro...
2018-02-13 16:10:14,097 :: GoPro :: ERROR :: Failed to send command to GoPro: ''
2018-02-13 16:10:24,111 :: GoPro :: INFO :: - Taking a photo
2018-02-13 16:10:30,874 :: GoPro :: ERROR :: Failed to send command to GoPro: ''
2018-02-13 16:10:40,887 :: GoPro :: INFO :: - Download media
2018-02-13 16:46:13,943 :: GoPro :: DEBUG :: ========== Starting GoPro H3 Controller ==========
2018-02-13 16:46:13,964 :: GoPro :: DEBUG :: Sleeping for 1 minutes
2018-02-13 16:56:20,200 :: GoPro :: INFO :: Wake up GoPro...
2018-02-13 16:56:30,220 :: GoPro :: ERROR :: Failed to send command to GoPro: <urlopen error timed out>
2018-02-13 16:56:40,235 :: GoPro :: INFO :: - Taking a photo
2018-02-13 16:56:50,249 :: GoPro :: ERROR :: Failed to send command to GoPro: <urlopen error timed out>
2018-02-13 16:57:00,263 :: GoPro :: INFO :: - Download media
2018-02-13 16:57:10,276 :: GoPro :: ERROR :: <urlopen error timed out>
2018-02-13 16:57:10,278 :: GoPro :: INFO :: - Sleep
2018-02-13 16:57:20,283 :: GoPro :: ERROR :: Failed to send command to GoPro: <urlopen error timed out>
2018-02-14 14:14:14,366 :: GoPro :: DEBUG :: ========== Starting GoPro H3 Controller ==========
2018-02-14 14:14:14,411 :: GoPro :: DEBUG :: Sleeping for 1 minutes
2018-02-14 14:24:21,029 :: GoPro :: INFO :: Wake up GoPro...
2018-02-14 14:24:27,849 :: GoPro :: ERROR :: Failed to send command to GoPro: ''
2018-02-14 14:24:37,864 :: GoPro :: INFO :: - Taking a photo
2018-02-14 14:24:44,660 :: GoPro :: ERROR :: Failed to send command to GoPro: ''
2018-02-14 14:24:54,673 :: GoPro :: INFO :: - Download media
2018-02-16 12:54:58,898 :: GoPro :: DEBUG :: ========== Starting GoPro H3 Controller ==========
2018-02-16 12:54:58,920 :: GoPro :: DEBUG :: Sleeping for 1 minutes
2018-02-16 13:05:05,433 :: GoPro :: INFO :: Wake up GoPro...
2018-02-16 13:05:15,472 :: GoPro :: INFO :: - Taking a photo
2018-02-16 13:05:15,488 :: GoPro :: ERROR :: Failed to send command to GoPro: HTTP Error 404: Not Found
2018-02-16 13:05:25,502 :: GoPro :: INFO :: - Download media
2018-02-16 13:05:25,529 :: GoPro :: ERROR :: No Media Folders
2018-02-16 13:05:25,530 :: GoPro :: INFO :: - Sleep
2018-02-16 13:05:25,542 :: GoPro :: ERROR :: Failed to send command to GoPro: HTTP Error 404: Not Found
2018-02-28 19:07:20,327 :: GoPro :: DEBUG :: ========== Starting GoPro H3 Controller ==========
2018-02-28 19:07:20,351 :: GoPro :: DEBUG :: Sleeping for 1 minutes
2018-02-28 19:17:27,249 :: GoPro :: INFO :: Wake up GoPro...
2018-02-28 19:17:37,272 :: GoPro :: ERROR :: Failed to send command to GoPro: <urlopen error timed out>
2018-02-28 19:17:47,286 :: GoPro :: INFO :: - Taking a photo
2018-02-28 19:17:57,301 :: GoPro :: ERROR :: Failed to send command to GoPro: <urlopen error timed out>
2018-02-28 19:18:07,314 :: GoPro :: INFO :: - Download media
2018-02-28 19:18:17,328 :: GoPro :: ERROR :: <urlopen error timed out>
2018-02-28 19:18:17,329 :: GoPro :: INFO :: - Sleep
2018-02-28 19:18:27,344 :: GoPro :: ERROR :: Failed to send command to GoPro: <urlopen error timed out>
2018-02-28 19:25:05,228 :: GoPro :: DEBUG :: ========== Starting GoPro H3 Controller ==========
2018-02-28 19:25:05,261 :: GoPro :: DEBUG :: Sleeping for 1 minutes
2018-02-28 19:35:12,653 :: GoPro :: INFO :: Wake up GoPro...
2018-02-28 19:35:22,676 :: GoPro :: ERROR :: Failed to send command to GoPro: <urlopen error timed out>
2018-02-28 19:35:32,691 :: GoPro :: INFO :: - Taking a photo
2018-02-28 19:35:42,706 :: GoPro :: ERROR :: Failed to send command to GoPro: <urlopen error timed out>
2018-02-28 19:35:52,724 :: GoPro :: INFO :: - Download media
2018-02-28 19:36:02,738 :: GoPro :: ERROR :: <urlopen error timed out>
2018-02-28 19:36:02,739 :: GoPro :: INFO :: - Sleep
2018-02-28 23:49:30,230 :: GoPro :: DEBUG :: ========== Starting GoPro H3 Controller ==========
2018-02-28 23:49:30,237 :: GoPro :: DEBUG :: Sleeping for 1 minutes
2018-02-28 23:59:38,079 :: GoPro :: INFO :: Wake up GoPro...
2018-02-28 23:59:48,121 :: GoPro :: INFO :: - Taking a photo
2018-03-01 00:00:04,173 :: GoPro :: INFO :: - Download media
2018-03-01 00:00:04,358 :: GoPro :: INFO :: Downloading 2018-03-01T00:00:04.000Z_GOPR0380.JPG (1573843 bytes)...
2018-03-01 00:00:08,760 :: GoPro :: INFO :: Downloading 2018-03-01T00:00:08.000Z_GOPR0382.JPG (1632563 bytes)...
2018-03-01 00:00:13,317 :: GoPro :: INFO :: Downloading 2018-03-01T00:00:13.000Z_GOPR0383.JPG (1677140 bytes)...
2018-03-01 00:00:17,961 :: GoPro :: INFO :: Downloading 2018-03-01T00:00:17.000Z_GOPR0381.MP4 (4228495 bytes)...
2018-03-01 00:00:29,601 :: GoPro :: INFO :: Downloaded 4 file(s)
2018-03-01 00:00:39,613 :: GoPro :: INFO :: - Deleting all
2018-03-01 00:00:49,877 :: GoPro :: ERROR :: S3ResponseError: 403 Forbidden

2018-03-01 00:00:50,050 :: GoPro :: ERROR :: S3ResponseError: 403 Forbidden

2018-03-01 00:00:50,177 :: GoPro :: ERROR :: S3ResponseError: 403 Forbidden

2018-03-01 00:00:50,295 :: GoPro :: ERROR :: S3ResponseError: 403 Forbidden

2018-03-01 00:00:50,297 :: GoPro :: INFO :: - Sleep
2018-03-03 07:26:58,125 :: GoPro :: DEBUG :: ========== Starting GoPro H3 Controller ==========
2018-03-03 07:26:58,142 :: GoPro :: DEBUG :: Sleeping for 1 minutes
2018-03-03 07:37:06,539 :: GoPro :: ERROR :: S3ResponseError: 403 Forbidden

2018-03-03 07:37:06,658 :: GoPro :: ERROR :: S3ResponseError: 403 Forbidden

2018-03-03 07:37:06,773 :: GoPro :: ERROR :: S3ResponseError: 403 Forbidden

2018-03-03 07:37:06,775 :: GoPro :: INFO :: Wake up GoPro...
2018-03-03 07:37:16,891 :: GoPro :: INFO :: - Taking a photo
2018-03-03 07:37:32,947 :: GoPro :: INFO :: - Download media
2018-03-03 07:37:33,063 :: GoPro :: INFO :: Downloading 2018-03-03T07:37:33.000Z_GOPR0390.JPG (1692124 bytes)...
2018-03-03 07:37:37,783 :: GoPro :: INFO :: Downloaded 1 file(s)
2018-03-03 07:37:47,797 :: GoPro :: INFO :: - Deleting all
2018-03-03 07:37:57,958 :: GoPro :: ERROR :: S3ResponseError: 403 Forbidden

2018-03-03 07:37:57,960 :: GoPro :: INFO :: - Sleep
2018-03-03 07:38:12,746 :: GoPro :: DEBUG :: ========== Starting GoPro H3 Controller ==========
2018-03-03 07:38:12,759 :: GoPro :: DEBUG :: Sleeping for 1 minutes
2018-03-03 10:31:49,755 :: GoPro :: DEBUG :: ========== Starting GoPro H3 Controller ==========
2018-03-03 10:31:49,785 :: GoPro :: DEBUG :: Sleeping for 1 minutes
2018-03-03 10:41:58,695 :: GoPro :: ERROR :: S3ResponseError: 403 Forbidden

2018-03-03 10:41:58,821 :: GoPro :: ERROR :: S3ResponseError: 403 Forbidden

2018-03-03 10:41:58,948 :: GoPro :: ERROR :: S3ResponseError: 403 Forbidden

2018-03-03 10:41:59,065 :: GoPro :: ERROR :: S3ResponseError: 403 Forbidden

2018-03-03 10:41:59,068 :: GoPro :: INFO :: Wake up GoPro...
2018-03-03 10:42:09,184 :: GoPro :: INFO :: - Taking a photo
2018-03-03 10:42:25,471 :: GoPro :: INFO :: - Download media
2018-03-03 10:42:25,637 :: GoPro :: INFO :: Downloading 2018-03-03T10:42:25.000Z_GOPR0391.JPG (1703204 bytes)...
2018-03-03 10:42:30,458 :: GoPro :: INFO :: Downloaded 1 file(s)
2018-03-03 10:42:40,471 :: GoPro :: INFO :: - Deleting all
2018-03-03 10:42:50,620 :: GoPro :: ERROR :: S3ResponseError: 403 Forbidden

2018-03-03 10:42:50,622 :: GoPro :: INFO :: - Sleep
2018-03-17 22:15:04,719 :: GoPro :: DEBUG :: ========== Starting GoPro H3 Controller ==========
2018-03-17 22:15:04,733 :: GoPro :: DEBUG :: Sleeping for 1 minutes
2018-03-17 22:17:46,192 :: GoPro :: ERROR :: [Errno -3] Temporary failure in name resolution
2018-03-17 22:18:11,868 :: GoPro :: ERROR :: [Errno -3] Temporary failure in name resolution
2018-03-17 22:19:31,872 :: GoPro :: ERROR :: [Errno -3] Temporary failure in name resolution
2018-03-17 22:20:50,117 :: GoPro :: ERROR :: [Errno -3] Temporary failure in name resolution
2018-03-17 22:21:51,310 :: GoPro :: ERROR :: [Errno -3] Temporary failure in name resolution
2018-03-17 22:21:51,312 :: GoPro :: INFO :: Wake up GoPro...
2018-03-17 22:21:51,324 :: GoPro :: ERROR :: Failed to send command to GoPro: <urlopen error [Errno 101] Network is unreachable>
2018-03-17 22:22:01,343 :: GoPro :: INFO :: - Taking a photo
2018-03-17 22:22:01,347 :: GoPro :: ERROR :: Failed to send command to GoPro: <urlopen error [Errno 101] Network is unreachable>
2018-03-17 22:22:11,370 :: GoPro :: INFO :: - Download media
2018-03-17 22:22:11,373 :: GoPro :: ERROR :: <urlopen error [Errno 101] Network is unreachable>
2018-03-17 22:22:11,374 :: GoPro :: INFO :: - Sleep
2018-03-17 22:22:11,378 :: GoPro :: ERROR :: Failed to send command to GoPro: <urlopen error [Errno 101] Network is unreachable>
2018-03-18 16:13:12,021 :: GoPro :: DEBUG :: ========== Starting GoPro H3 Controller ==========
2018-03-18 16:13:12,045 :: GoPro :: DEBUG :: Sleeping for 1 minutes
2018-03-18 16:23:20,754 :: GoPro :: ERROR :: S3ResponseError: 403 Forbidden

2018-03-18 16:23:20,867 :: GoPro :: ERROR :: S3ResponseError: 403 Forbidden

2018-03-18 16:23:20,991 :: GoPro :: ERROR :: S3ResponseError: 403 Forbidden

2018-03-18 16:23:21,153 :: GoPro :: ERROR :: S3ResponseError: 403 Forbidden

2018-03-18 16:23:21,271 :: GoPro :: ERROR :: S3ResponseError: 403 Forbidden

2018-03-18 16:23:21,273 :: GoPro :: INFO :: Wake up GoPro...
2018-03-18 16:23:31,295 :: GoPro :: ERROR :: Failed to send command to GoPro: <urlopen error timed out>
2018-03-18 16:23:41,310 :: GoPro :: INFO :: - Taking a photo
2018-03-18 16:23:51,325 :: GoPro :: ERROR :: Failed to send command to GoPro: <urlopen error timed out>
2018-03-18 16:24:01,338 :: GoPro :: INFO :: - Download media
2018-03-18 16:24:11,352 :: GoPro :: ERROR :: <urlopen error timed out>
2018-03-18 16:24:11,353 :: GoPro :: INFO :: - Sleep
2018-03-18 16:24:21,368 :: GoPro :: ERROR :: Failed to send command to GoPro: <urlopen error timed out>
2018-03-21 10:24:22,126 :: GoPro :: DEBUG :: ========== Starting GoPro H3 Controller ==========
2018-03-21 10:24:22,141 :: GoPro :: DEBUG :: Sleeping for 1 minutes
2018-03-21 11:17:31,861 :: GoPro :: DEBUG :: ========== Starting GoPro H3 Controller ==========
2018-03-21 11:17:31,880 :: GoPro :: DEBUG :: Sleeping for 1 minutes
2018-03-21 11:19:58,453 :: GoPro :: ERROR :: [Errno -3] Temporary failure in name resolution
2018-03-21 11:20:48,844 :: GoPro :: ERROR :: [Errno -3] Temporary failure in name resolution
2018-03-21 11:21:27,232 :: GoPro :: ERROR :: [Errno -3] Temporary failure in name resolution
2018-03-21 11:21:50,259 :: GoPro :: ERROR :: [Errno -3] Temporary failure in name resolution
2018-03-21 11:22:46,910 :: GoPro :: ERROR :: [Errno -3] Temporary failure in name resolution
2018-03-21 11:22:46,912 :: GoPro :: INFO :: Wake up GoPro...
2018-03-21 11:22:46,920 :: GoPro :: ERROR :: Failed to send command to GoPro: <urlopen error [Errno 101] Network is unreachable>
2018-03-21 11:22:56,939 :: GoPro :: INFO :: - Taking a photo
2018-03-21 11:22:56,944 :: GoPro :: ERROR :: Failed to send command to GoPro: <urlopen error [Errno 101] Network is unreachable>
2018-03-21 11:23:06,966 :: GoPro :: INFO :: - Download media
2018-03-21 11:23:06,969 :: GoPro :: ERROR :: <urlopen error [Errno 101] Network is unreachable>
2018-03-21 11:23:06,970 :: GoPro :: INFO :: - Sleep
2018-03-21 11:23:06,974 :: GoPro :: ERROR :: Failed to send command to GoPro: <urlopen error [Errno 101] Network is unreachable>
2018-03-21 11:27:15,033 :: GoPro :: DEBUG :: ========== Starting GoPro H3 Controller ==========
2018-03-21 11:27:15,059 :: GoPro :: DEBUG :: Sleeping for 1 minutes
2018-03-21 11:37:24,360 :: GoPro :: ERROR :: S3ResponseError: 403 Forbidden

2018-03-21 11:37:24,617 :: GoPro :: ERROR :: S3ResponseError: 403 Forbidden

2018-03-21 11:37:25,000 :: GoPro :: ERROR :: S3ResponseError: 403 Forbidden

2018-03-21 11:37:25,239 :: GoPro :: ERROR :: S3ResponseError: 403 Forbidden

2018-03-21 11:37:25,381 :: GoPro :: ERROR :: S3ResponseError: 403 Forbidden

2018-03-21 11:37:25,383 :: GoPro :: INFO :: Wake up GoPro...
2018-03-21 11:37:35,406 :: GoPro :: ERROR :: Failed to send command to GoPro: <urlopen error timed out>
2018-03-21 11:37:45,421 :: GoPro :: INFO :: - Taking a photo
2018-03-21 11:37:55,429 :: GoPro :: ERROR :: Failed to send command to GoPro: <urlopen error timed out>
2018-03-21 11:38:05,443 :: GoPro :: INFO :: - Download media
2018-03-21 11:38:15,455 :: GoPro :: ERROR :: <urlopen error timed out>
2018-03-21 11:38:15,457 :: GoPro :: INFO :: - Sleep
2018-03-21 11:38:25,472 :: GoPro :: ERROR :: Failed to send command to GoPro: <urlopen error timed out>
2018-03-21 11:44:38,623 :: GoPro :: DEBUG :: ========== Starting GoPro H3 Controller ==========
2018-03-21 11:44:38,626 :: GoPro :: DEBUG :: Sleeping for 1 minutes
2018-03-21 11:45:39,218 :: GoPro :: ERROR :: S3ResponseError: 403 Forbidden

2018-03-21 11:45:39,635 :: GoPro :: ERROR :: S3ResponseError: 403 Forbidden

2018-03-21 11:45:39,835 :: GoPro :: ERROR :: S3ResponseError: 403 Forbidden

2018-03-21 11:45:39,977 :: GoPro :: ERROR :: S3ResponseError: 403 Forbidden

2018-03-21 11:45:40,117 :: GoPro :: ERROR :: S3ResponseError: 403 Forbidden

2018-03-21 11:45:40,119 :: GoPro :: INFO :: Wake up GoPro...
2018-03-21 11:45:50,142 :: GoPro :: ERROR :: Failed to send command to GoPro: <urlopen error timed out>
2018-03-21 11:46:00,157 :: GoPro :: INFO :: - Taking a photo
2018-03-21 11:46:10,172 :: GoPro :: ERROR :: Failed to send command to GoPro: <urlopen error timed out>
2018-03-21 11:46:20,186 :: GoPro :: INFO :: - Download media
2018-03-21 11:46:30,200 :: GoPro :: ERROR :: <urlopen error timed out>
2018-03-21 11:46:30,202 :: GoPro :: INFO :: - Sleep
2018-03-21 11:46:40,211 :: GoPro :: ERROR :: Failed to send command to GoPro: <urlopen error timed out>
2019-12-23 08:43:27,195 :: GoPro :: DEBUG :: ========== Starting GoPro H3 Controller ==========
2019-12-23 08:43:27,234 :: GoPro :: DEBUG :: Sleeping for 1 minutes
2019-12-23 08:45:27,822 :: GoPro :: ERROR :: [Errno -3] Temporary failure in name resolution
2019-12-23 08:46:40,371 :: GoPro :: ERROR :: [Errno -3] Temporary failure in name resolution
2019-12-23 08:47:41,222 :: GoPro :: ERROR :: [Errno -3] Temporary failure in name resolution
2019-12-23 08:48:38,912 :: GoPro :: ERROR :: [Errno -3] Temporary failure in name resolution
2019-12-23 08:49:56,707 :: GoPro :: ERROR :: [Errno -3] Temporary failure in name resolution
2019-12-23 08:49:56,709 :: GoPro :: INFO :: Wake up GoPro...
2019-12-23 08:50:35,939 :: GoPro :: DEBUG :: ========== Starting GoPro H3 Controller ==========
2019-12-23 08:50:35,945 :: GoPro :: DEBUG :: Sleeping for 1 minutes
2019-12-23 08:52:26,949 :: GoPro :: ERROR :: [Errno -3] Temporary failure in name resolution
2019-12-23 08:52:52,538 :: GoPro :: ERROR :: [Errno -3] Temporary failure in name resolution
2019-12-23 08:53:45,230 :: GoPro :: ERROR :: [Errno -3] Temporary failure in name resolution
2019-12-23 08:54:51,643 :: GoPro :: ERROR :: [Errno -3] Temporary failure in name resolution
2019-12-23 08:55:43,832 :: GoPro :: ERROR :: [Errno -3] Temporary failure in name resolution
2019-12-23 08:55:43,834 :: GoPro :: INFO :: Wake up GoPro...
2019-12-23 08:55:53,871 :: GoPro :: INFO :: - Taking a photo
2019-12-23 08:56:09,935 :: GoPro :: INFO :: - Download media
2019-12-23 08:56:10,102 :: GoPro :: INFO :: Downloading 2019-12-23T08:56:10.000Z_GOPR0392.JPG (1211059 bytes)...
2019-12-23 08:56:13,428 :: GoPro :: INFO :: Downloading 2019-12-23T08:56:13.000Z_GOPR0393.JPG (1613235 bytes)...
2019-12-23 08:56:17,845 :: GoPro :: INFO :: Downloading 2019-12-23T08:56:17.000Z_GOPR0394.JPG (1336171 bytes)...
2019-12-23 08:56:21,503 :: GoPro :: INFO :: Downloaded 3 file(s)
2019-12-23 08:56:31,525 :: GoPro :: INFO :: - Deleting all
2019-12-23 08:57:48,806 :: GoPro :: ERROR :: [Errno -3] Temporary failure in name resolution
2019-12-23 08:58:28,145 :: GoPro :: ERROR :: [Errno -3] Temporary failure in name resolution
2019-12-23 08:59:55,375 :: GoPro :: ERROR :: [Errno -3] Temporary failure in name resolution
2019-12-23 08:59:55,377 :: GoPro :: INFO :: - Sleep
