--------------- 2017-11-11 20:48:53 ---------------
File "schedule.wpi" not found, skip running schedule script.
---------------------------------------------------
--------------- 2017-11-11 20:50:28 ---------------
Schedule next shutdown at: 2017-11-11 21:15:00
Schedule next startup at:  2017-11-11 22:00:00
---------------------------------------------------
--------------- 2017-11-11 17:00:15 ---------------
Schedule next shutdown at: 2017-11-11 17:15:00
Schedule next startup at:  2017-11-11 18:00:00
---------------------------------------------------
--------------- 2017-11-11 18:00:15 ---------------
Schedule next shutdown at: 2017-11-11 18:15:00
Schedule next startup at:  2017-11-11 19:00:00
---------------------------------------------------
--------------- 2017-11-11 19:00:16 ---------------
Schedule next shutdown at: 2017-11-11 19:15:00
Schedule next startup at:  2017-11-11 20:00:00
---------------------------------------------------
--------------- 2017-11-11 20:00:15 ---------------
Schedule next shutdown at: 2017-11-11 20:15:00
Schedule next startup at:  2017-11-11 21:00:00
---------------------------------------------------
--------------- 2017-11-11 21:00:15 ---------------
Schedule next shutdown at: 2017-11-11 21:15:00
Schedule next startup at:  2017-11-11 22:00:00
---------------------------------------------------
--------------- 2017-11-11 21:08:48 ---------------
Schedule next shutdown at: 2017-11-11 21:15:00
Schedule next startup at:  2017-11-11 22:00:00
---------------------------------------------------
--------------- 2017-11-11 21:09:57 ---------------
Schedule next shutdown at: 2017-11-11 21:15:00
Schedule next startup at:  2017-11-11 22:00:00
---------------------------------------------------
--------------- 2017-11-11 21:10:20 ---------------
Schedule next shutdown at: 2017-11-12 06:30:00
Schedule next startup at:  2017-11-12 20:00:00
---------------------------------------------------
--------------- 2017-11-11 21:11:21 ---------------
Schedule next shutdown at: 2017-11-11 23:10:00
Schedule next startup at:  2017-11-12 01:00:00
---------------------------------------------------
--------------- 2017-11-11 21:11:38 ---------------
Schedule next shutdown at: 2017-11-11 21:15:00
Schedule next startup at:  2017-11-11 22:00:00
---------------------------------------------------
--------------- 2017-11-11 21:25:56 ---------------
File "schedule.wpi" not found, skip running schedule script.
---------------------------------------------------
--------------- 2017-11-11 21:35:36 ---------------
File "schedule.wpi" not found, skip running schedule script.
---------------------------------------------------
--------------- 2017-11-11 21:40:48 ---------------
File "schedule.wpi" not found, skip running schedule script.
---------------------------------------------------
--------------- 2017-11-11 21:50:04 ---------------
File "schedule.wpi" not found, skip running schedule script.
---------------------------------------------------
--------------- 2017-11-11 21:56:08 ---------------
File "schedule.wpi" not found, skip running schedule script.
---------------------------------------------------
--------------- 2017-11-11 22:08:47 ---------------
File "schedule.wpi" not found, skip running schedule script.
---------------------------------------------------
--------------- 2017-11-11 22:13:30 ---------------
File "schedule.wpi" not found, skip running schedule script.
---------------------------------------------------
--------------- 2017-11-11 22:24:36 ---------------
File "schedule.wpi" not found, skip running schedule script.
---------------------------------------------------
--------------- 2017-11-11 22:31:41 ---------------
File "schedule.wpi" not found, skip running schedule script.
---------------------------------------------------
--------------- 2017-11-11 22:34:48 ---------------
File "schedule.wpi" not found, skip running schedule script.
---------------------------------------------------
--------------- 2017-11-12 00:02:16 ---------------
Schedule next shutdown at: 2017-11-12 00:15:00
Schedule next startup at:  2017-11-12 01:00:00
---------------------------------------------------
--------------- 2017-11-12 00:05:50 ---------------
Schedule next shutdown at: 2017-11-12 06:30:00
Schedule next startup at:  2017-11-12 20:00:00
---------------------------------------------------
--------------- 2017-11-12 08:56:07 ---------------
Schedule script is interrupted, revising the schedule...
Schedule next shutdown at: 2017-11-12 19:59:00
Schedule next startup at:  2017-11-12 20:00:00
---------------------------------------------------
--------------- 2017-11-12 08:58:21 ---------------
Schedule next shutdown at: 2017-11-12 09:15:00
Schedule next startup at:  2017-11-12 10:00:00
---------------------------------------------------
--------------- 2017-11-12 10:00:16 ---------------
Schedule next shutdown at: 2017-11-12 10:15:00
Schedule next startup at:  2017-11-12 11:00:00
---------------------------------------------------
--------------- 2017-11-12 11:00:15 ---------------
Schedule next shutdown at: 2017-11-12 11:15:00
Schedule next startup at:  2017-11-12 12:00:00
---------------------------------------------------
--------------- 2017-11-12 12:00:16 ---------------
Schedule next shutdown at: 2017-11-12 12:15:00
Schedule next startup at:  2017-11-12 13:00:00
---------------------------------------------------
--------------- 2017-11-12 13:00:15 ---------------
Schedule next shutdown at: 2017-11-12 13:15:00
Schedule next startup at:  2017-11-12 14:00:00
---------------------------------------------------
--------------- 2017-11-12 14:00:15 ---------------
Schedule next shutdown at: 2017-11-12 14:15:00
Schedule next startup at:  2017-11-12 15:00:00
---------------------------------------------------
--------------- 2017-11-12 15:00:16 ---------------
Schedule next shutdown at: 2017-11-12 15:15:00
Schedule next startup at:  2017-11-12 16:00:00
---------------------------------------------------
--------------- 2017-11-12 16:00:15 ---------------
Schedule next shutdown at: 2017-11-12 16:15:00
Schedule next startup at:  2017-11-12 17:00:00
---------------------------------------------------
--------------- 2017-11-12 17:00:15 ---------------
Schedule next shutdown at: 2017-11-12 17:15:00
Schedule next startup at:  2017-11-12 18:00:00
---------------------------------------------------
--------------- 2017-11-12 18:00:16 ---------------
Schedule next shutdown at: 2017-11-12 18:15:00
Schedule next startup at:  2017-11-12 19:00:00
---------------------------------------------------
--------------- 2017-11-12 19:00:15 ---------------
Schedule next shutdown at: 2017-11-12 19:15:00
Schedule next startup at:  2017-11-13 07:00:00
---------------------------------------------------
--------------- 2017-11-13 07:00:15 ---------------
Schedule next shutdown at: 2017-11-13 07:15:00
Schedule next startup at:  2017-11-13 08:00:00
---------------------------------------------------
--------------- 2017-11-13 08:00:15 ---------------
Schedule next shutdown at: 2017-11-13 08:15:00
Schedule next startup at:  2017-11-13 09:00:00
---------------------------------------------------
--------------- 2017-11-13 09:00:15 ---------------
Schedule next shutdown at: 2017-11-13 09:15:00
Schedule next startup at:  2017-11-13 10:00:00
---------------------------------------------------
--------------- 2017-11-13 10:00:16 ---------------
Schedule next shutdown at: 2017-11-13 10:15:00
Schedule next startup at:  2017-11-13 11:00:00
---------------------------------------------------
--------------- 2017-11-13 11:00:15 ---------------
Schedule next shutdown at: 2017-11-13 11:15:00
Schedule next startup at:  2017-11-13 12:00:00
---------------------------------------------------
--------------- 2017-11-13 12:00:15 ---------------
Schedule next shutdown at: 2017-11-13 12:15:00
Schedule next startup at:  2017-11-13 13:00:00
---------------------------------------------------
--------------- 2017-11-13 12:04:45 ---------------
Schedule next shutdown at: 2017-11-13 12:15:00
Schedule next startup at:  2017-11-13 13:00:00
---------------------------------------------------
--------------- 2017-11-13 13:00:15 ---------------
Schedule next shutdown at: 2017-11-13 13:15:00
Schedule next startup at:  2017-11-13 14:00:00
---------------------------------------------------
--------------- 2017-11-13 14:00:16 ---------------
Schedule next shutdown at: 2017-11-13 14:15:00
Schedule next startup at:  2017-11-13 15:00:00
---------------------------------------------------
--------------- 2017-11-13 15:00:15 ---------------
Schedule next shutdown at: 2017-11-13 15:15:00
Schedule next startup at:  2017-11-13 16:00:00
---------------------------------------------------
--------------- 2017-11-13 16:00:16 ---------------
Schedule next shutdown at: 2017-11-13 16:15:00
Schedule next startup at:  2017-11-13 17:00:00
---------------------------------------------------
--------------- 2017-11-13 17:00:16 ---------------
Schedule next shutdown at: 2017-11-13 17:15:00
Schedule next startup at:  2017-11-13 18:00:00
---------------------------------------------------
--------------- 2017-11-13 18:00:15 ---------------
Schedule next shutdown at: 2017-11-13 18:15:00
Schedule next startup at:  2017-11-13 19:00:00
---------------------------------------------------
--------------- 2017-11-13 19:00:16 ---------------
Schedule next shutdown at: 2017-11-13 19:15:00
Schedule next startup at:  2017-11-14 07:00:00
---------------------------------------------------
--------------- 2017-11-14 07:00:16 ---------------
Schedule next shutdown at: 2017-11-14 07:15:00
Schedule next startup at:  2017-11-14 08:00:00
---------------------------------------------------
--------------- 2017-11-14 08:00:15 ---------------
Schedule next shutdown at: 2017-11-14 08:15:00
Schedule next startup at:  2017-11-14 09:00:00
---------------------------------------------------
--------------- 2017-11-14 09:00:15 ---------------
Schedule next shutdown at: 2017-11-14 09:15:00
Schedule next startup at:  2017-11-14 10:00:00
---------------------------------------------------
--------------- 2017-11-14 09:11:13 ---------------
Schedule next shutdown at: 2017-11-14 18:15:00
Schedule next startup at:  2017-11-14 19:00:00
---------------------------------------------------
--------------- 2017-11-14 09:11:35 ---------------
Schedule next shutdown at: 2017-11-14 18:15:00
Schedule next startup at:  2017-11-14 19:00:00
---------------------------------------------------
--------------- 2017-11-14 09:19:10 ---------------
Schedule next shutdown at: 2017-11-14 10:15:00
Schedule next startup at:  2017-11-14 11:00:00
---------------------------------------------------
--------------- 2017-11-14 11:00:16 ---------------
Schedule next shutdown at: 2017-11-14 11:15:00
Schedule next startup at:  2017-11-14 12:00:00
---------------------------------------------------
--------------- 2017-11-14 12:00:15 ---------------
Schedule next shutdown at: 2017-11-14 12:15:00
Schedule next startup at:  2017-11-14 13:00:00
---------------------------------------------------
--------------- 2017-11-14 13:00:15 ---------------
Schedule next shutdown at: 2017-11-14 13:15:00
Schedule next startup at:  2017-11-14 14:00:00
---------------------------------------------------
--------------- 2017-11-14 14:00:15 ---------------
Schedule next shutdown at: 2017-11-14 14:15:00
Schedule next startup at:  2017-11-14 15:00:00
---------------------------------------------------
--------------- 2017-11-14 15:00:15 ---------------
Schedule next shutdown at: 2017-11-14 15:15:00
Schedule next startup at:  2017-11-14 16:00:00
---------------------------------------------------
--------------- 2017-11-14 16:00:15 ---------------
Schedule next shutdown at: 2017-11-14 16:15:00
Schedule next startup at:  2017-11-14 17:00:00
---------------------------------------------------
--------------- 2017-11-14 17:00:15 ---------------
Schedule next shutdown at: 2017-11-14 17:15:00
Schedule next startup at:  2017-11-14 18:00:00
---------------------------------------------------
--------------- 2017-11-14 18:00:15 ---------------
Schedule next shutdown at: 2017-11-14 18:15:00
Schedule next startup at:  2017-11-14 19:00:00
---------------------------------------------------
--------------- 2017-11-14 19:00:15 ---------------
Schedule next shutdown at: 2017-11-14 19:15:00
Schedule next startup at:  2017-11-15 07:00:00
---------------------------------------------------
--------------- 2017-11-14 23:24:35 ---------------
Schedule script is interrupted, revising the schedule...
Schedule next shutdown at: 2017-11-15 06:59:00
Schedule next startup at:  2017-11-15 07:00:00
---------------------------------------------------
--------------- 2017-11-14 23:30:20 ---------------
Schedule next shutdown at: 2017-11-15 07:15:00
Schedule next startup at:  2017-11-15 08:00:00
---------------------------------------------------
--------------- 2017-11-15 08:00:15 ---------------
Schedule next shutdown at: 2017-11-15 08:15:00
Schedule next startup at:  2017-11-15 09:00:00
---------------------------------------------------
--------------- 2017-11-15 09:00:15 ---------------
Schedule next shutdown at: 2017-11-15 09:15:00
Schedule next startup at:  2017-11-15 10:00:00
---------------------------------------------------
--------------- 2017-11-15 10:00:15 ---------------
Schedule next shutdown at: 2017-11-15 10:15:00
Schedule next startup at:  2017-11-15 11:00:00
---------------------------------------------------
--------------- 2017-11-15 11:00:16 ---------------
Schedule next shutdown at: 2017-11-15 11:15:00
Schedule next startup at:  2017-11-15 12:00:00
---------------------------------------------------
--------------- 2017-11-15 12:00:15 ---------------
Schedule next shutdown at: 2017-11-15 12:15:00
Schedule next startup at:  2017-11-15 13:00:00
---------------------------------------------------
--------------- 2017-11-15 13:00:16 ---------------
Schedule next shutdown at: 2017-11-15 13:15:00
Schedule next startup at:  2017-11-15 14:00:00
---------------------------------------------------
--------------- 2017-11-15 14:00:15 ---------------
Schedule next shutdown at: 2017-11-15 14:15:00
Schedule next startup at:  2017-11-15 15:00:00
---------------------------------------------------
--------------- 2017-11-15 15:00:16 ---------------
Schedule next shutdown at: 2017-11-15 15:15:00
Schedule next startup at:  2017-11-15 16:00:00
---------------------------------------------------
--------------- 2017-11-15 16:00:15 ---------------
Schedule next shutdown at: 2017-11-15 16:15:00
Schedule next startup at:  2017-11-15 17:00:00
---------------------------------------------------
--------------- 2017-11-15 17:00:15 ---------------
Schedule next shutdown at: 2017-11-15 17:15:00
Schedule next startup at:  2017-11-15 18:00:00
---------------------------------------------------
--------------- 2017-11-15 18:00:16 ---------------
Schedule next shutdown at: 2017-11-15 18:15:00
Schedule next startup at:  2017-11-15 19:00:00
---------------------------------------------------
--------------- 2017-11-15 19:00:15 ---------------
Schedule next shutdown at: 2017-11-15 19:15:00
Schedule next startup at:  2017-11-16 07:00:00
---------------------------------------------------
--------------- 2017-11-16 07:00:16 ---------------
Schedule next shutdown at: 2017-11-16 07:15:00
Schedule next startup at:  2017-11-16 08:00:00
---------------------------------------------------
--------------- 2017-11-16 08:00:15 ---------------
Schedule next shutdown at: 2017-11-16 08:15:00
Schedule next startup at:  2017-11-16 09:00:00
---------------------------------------------------
--------------- 2017-11-16 09:00:15 ---------------
Schedule next shutdown at: 2017-11-16 09:15:00
Schedule next startup at:  2017-11-16 10:00:00
---------------------------------------------------
--------------- 2017-11-16 10:00:16 ---------------
Schedule next shutdown at: 2017-11-16 10:15:00
Schedule next startup at:  2017-11-16 11:00:00
---------------------------------------------------
--------------- 2017-11-16 11:00:15 ---------------
Schedule next shutdown at: 2017-11-16 11:15:00
Schedule next startup at:  2017-11-16 12:00:00
---------------------------------------------------
--------------- 2017-11-16 12:00:16 ---------------
Schedule next shutdown at: 2017-11-16 12:15:00
Schedule next startup at:  2017-11-16 13:00:00
---------------------------------------------------
--------------- 2017-11-16 13:00:15 ---------------
Schedule next shutdown at: 2017-11-16 13:15:00
Schedule next startup at:  2017-11-16 14:00:00
---------------------------------------------------
--------------- 2017-11-16 14:00:15 ---------------
Schedule next shutdown at: 2017-11-16 14:15:00
Schedule next startup at:  2017-11-16 15:00:00
---------------------------------------------------
--------------- 2017-11-16 15:00:15 ---------------
Schedule next shutdown at: 2017-11-16 15:15:00
Schedule next startup at:  2017-11-16 16:00:00
---------------------------------------------------
--------------- 2017-11-16 16:00:15 ---------------
Schedule next shutdown at: 2017-11-16 16:15:00
Schedule next startup at:  2017-11-16 17:00:00
---------------------------------------------------
--------------- 2017-11-16 17:00:15 ---------------
Schedule next shutdown at: 2017-11-16 17:15:00
Schedule next startup at:  2017-11-16 18:00:00
---------------------------------------------------
--------------- 2017-11-16 18:00:16 ---------------
Schedule next shutdown at: 2017-11-16 18:15:00
Schedule next startup at:  2017-11-16 19:00:00
---------------------------------------------------
--------------- 2017-11-16 19:00:16 ---------------
Schedule next shutdown at: 2017-11-16 19:15:00
Schedule next startup at:  2017-11-17 07:00:00
---------------------------------------------------
--------------- 2017-11-17 07:00:15 ---------------
Schedule next shutdown at: 2017-11-17 07:15:00
Schedule next startup at:  2017-11-17 08:00:00
---------------------------------------------------
--------------- 2017-11-17 08:00:16 ---------------
Schedule next shutdown at: 2017-11-17 08:15:00
Schedule next startup at:  2017-11-17 09:00:00
---------------------------------------------------
--------------- 2017-11-17 09:00:16 ---------------
Schedule next shutdown at: 2017-11-17 09:15:00
Schedule next startup at:  2017-11-17 10:00:00
---------------------------------------------------
--------------- 2017-11-17 10:00:16 ---------------
Schedule next shutdown at: 2017-11-17 10:15:00
Schedule next startup at:  2017-11-17 11:00:00
---------------------------------------------------
--------------- 2017-11-17 11:00:15 ---------------
Schedule next shutdown at: 2017-11-17 11:15:00
Schedule next startup at:  2017-11-17 12:00:00
---------------------------------------------------
--------------- 2017-11-17 12:00:15 ---------------
Schedule next shutdown at: 2017-11-17 12:15:00
Schedule next startup at:  2017-11-17 13:00:00
---------------------------------------------------
--------------- 2017-11-17 13:00:15 ---------------
Schedule next shutdown at: 2017-11-17 13:15:00
Schedule next startup at:  2017-11-17 14:00:00
---------------------------------------------------
--------------- 2017-11-17 14:00:15 ---------------
Schedule next shutdown at: 2017-11-17 14:15:00
Schedule next startup at:  2017-11-17 15:00:00
---------------------------------------------------
--------------- 2017-11-17 15:00:15 ---------------
Schedule next shutdown at: 2017-11-17 15:15:00
Schedule next startup at:  2017-11-17 16:00:00
---------------------------------------------------
--------------- 2017-11-17 16:00:16 ---------------
Schedule next shutdown at: 2017-11-17 16:15:00
Schedule next startup at:  2017-11-17 17:00:00
---------------------------------------------------
--------------- 2017-11-17 17:00:15 ---------------
Schedule next shutdown at: 2017-11-17 17:15:00
Schedule next startup at:  2017-11-17 18:00:00
---------------------------------------------------
--------------- 2017-11-17 18:00:15 ---------------
Schedule next shutdown at: 2017-11-17 18:15:00
Schedule next startup at:  2017-11-17 19:00:00
---------------------------------------------------
--------------- 2017-11-17 19:00:15 ---------------
Schedule next shutdown at: 2017-11-17 19:15:00
Schedule next startup at:  2017-11-18 07:00:00
---------------------------------------------------
--------------- 2017-11-18 07:00:16 ---------------
Schedule next shutdown at: 2017-11-18 07:15:00
Schedule next startup at:  2017-11-18 08:00:00
---------------------------------------------------
--------------- 2017-11-18 08:00:15 ---------------
Schedule next shutdown at: 2017-11-18 08:15:00
Schedule next startup at:  2017-11-18 09:00:00
---------------------------------------------------
--------------- 2017-11-18 09:00:16 ---------------
Schedule next shutdown at: 2017-11-18 09:15:00
Schedule next startup at:  2017-11-18 10:00:00
---------------------------------------------------
--------------- 2017-11-18 09:49:48 ---------------
Schedule script is interrupted, revising the schedule...
Schedule next shutdown at: 2017-11-18 09:59:00
Schedule next startup at:  2017-11-18 10:00:00
---------------------------------------------------
--------------- 2017-11-18 10:00:15 ---------------
Schedule next shutdown at: 2017-11-18 10:15:00
Schedule next startup at:  2017-11-18 11:00:00
---------------------------------------------------
--------------- 2017-11-18 11:00:15 ---------------
Schedule next shutdown at: 2017-11-18 11:15:00
Schedule next startup at:  2017-11-18 12:00:00
---------------------------------------------------
--------------- 2017-11-18 12:00:16 ---------------
Schedule next shutdown at: 2017-11-18 12:15:00
Schedule next startup at:  2017-11-18 13:00:00
---------------------------------------------------
--------------- 2017-11-18 13:00:15 ---------------
Schedule next shutdown at: 2017-11-18 13:15:00
Schedule next startup at:  2017-11-18 14:00:00
---------------------------------------------------
--------------- 2017-11-18 14:00:16 ---------------
Schedule next shutdown at: 2017-11-18 14:15:00
Schedule next startup at:  2017-11-18 15:00:00
---------------------------------------------------
--------------- 2017-11-18 15:00:15 ---------------
Schedule next shutdown at: 2017-11-18 15:15:00
Schedule next startup at:  2017-11-18 16:00:00
---------------------------------------------------
--------------- 2017-11-18 16:00:15 ---------------
Schedule next shutdown at: 2017-11-18 16:15:00
Schedule next startup at:  2017-11-18 17:00:00
---------------------------------------------------
--------------- 2017-11-18 17:00:16 ---------------
Schedule next shutdown at: 2017-11-18 17:15:00
Schedule next startup at:  2017-11-18 18:00:00
---------------------------------------------------
--------------- 2017-11-18 18:00:15 ---------------
Schedule next shutdown at: 2017-11-18 18:15:00
Schedule next startup at:  2017-11-18 19:00:00
---------------------------------------------------
--------------- 2017-11-18 19:00:15 ---------------
Schedule next shutdown at: 2017-11-18 19:15:00
Schedule next startup at:  2017-11-19 07:00:00
---------------------------------------------------
--------------- 2017-11-19 07:00:15 ---------------
Schedule next shutdown at: 2017-11-19 07:15:00
Schedule next startup at:  2017-11-19 08:00:00
---------------------------------------------------
--------------- 2017-11-19 08:00:15 ---------------
Schedule next shutdown at: 2017-11-19 08:15:00
Schedule next startup at:  2017-11-19 09:00:00
---------------------------------------------------
--------------- 2017-11-19 09:00:16 ---------------
Schedule next shutdown at: 2017-11-19 09:15:00
Schedule next startup at:  2017-11-19 10:00:00
---------------------------------------------------
--------------- 2017-11-19 10:00:15 ---------------
Schedule next shutdown at: 2017-11-19 10:15:00
Schedule next startup at:  2017-11-19 11:00:00
---------------------------------------------------
--------------- 2017-11-19 11:00:15 ---------------
Schedule next shutdown at: 2017-11-19 11:15:00
Schedule next startup at:  2017-11-19 12:00:00
---------------------------------------------------
--------------- 2017-11-19 12:00:15 ---------------
Schedule next shutdown at: 2017-11-19 12:15:00
Schedule next startup at:  2017-11-19 13:00:00
---------------------------------------------------
--------------- 2017-11-19 13:00:15 ---------------
Schedule next shutdown at: 2017-11-19 13:15:00
Schedule next startup at:  2017-11-19 14:00:00
---------------------------------------------------
--------------- 2017-11-19 14:00:15 ---------------
Schedule next shutdown at: 2017-11-19 14:15:00
Schedule next startup at:  2017-11-19 15:00:00
---------------------------------------------------
--------------- 2017-11-19 15:00:15 ---------------
Schedule next shutdown at: 2017-11-19 15:15:00
Schedule next startup at:  2017-11-19 16:00:00
---------------------------------------------------
--------------- 2017-11-19 16:00:15 ---------------
Schedule next shutdown at: 2017-11-19 16:15:00
Schedule next startup at:  2017-11-19 17:00:00
---------------------------------------------------
--------------- 2017-11-19 17:00:15 ---------------
Schedule next shutdown at: 2017-11-19 17:15:00
Schedule next startup at:  2017-11-19 18:00:00
---------------------------------------------------
--------------- 2017-11-19 18:00:16 ---------------
Schedule next shutdown at: 2017-11-19 18:15:00
Schedule next startup at:  2017-11-19 19:00:00
---------------------------------------------------
--------------- 2017-11-19 19:00:15 ---------------
Schedule next shutdown at: 2017-11-19 19:15:00
Schedule next startup at:  2017-11-20 07:00:00
---------------------------------------------------
--------------- 2017-11-20 07:00:16 ---------------
Schedule next shutdown at: 2017-11-20 07:15:00
Schedule next startup at:  2017-11-20 08:00:00
---------------------------------------------------
--------------- 2017-11-20 08:00:16 ---------------
Schedule next shutdown at: 2017-11-20 08:15:00
Schedule next startup at:  2017-11-20 09:00:00
---------------------------------------------------
--------------- 2017-11-20 09:00:16 ---------------
Schedule next shutdown at: 2017-11-20 09:15:00
Schedule next startup at:  2017-11-20 10:00:00
---------------------------------------------------
--------------- 2017-11-20 10:00:15 ---------------
Schedule next shutdown at: 2017-11-20 10:15:00
Schedule next startup at:  2017-11-20 11:00:00
---------------------------------------------------
--------------- 2017-11-20 11:00:15 ---------------
Schedule next shutdown at: 2017-11-20 11:15:00
Schedule next startup at:  2017-11-20 12:00:00
---------------------------------------------------
--------------- 2017-11-20 12:00:16 ---------------
Schedule next shutdown at: 2017-11-20 12:15:00
Schedule next startup at:  2017-11-20 13:00:00
---------------------------------------------------
--------------- 2017-11-20 13:00:16 ---------------
Schedule next shutdown at: 2017-11-20 13:15:00
Schedule next startup at:  2017-11-20 14:00:00
---------------------------------------------------
--------------- 2017-11-20 14:00:15 ---------------
Schedule next shutdown at: 2017-11-20 14:15:00
Schedule next startup at:  2017-11-20 15:00:00
---------------------------------------------------
--------------- 2017-11-20 15:00:16 ---------------
Schedule next shutdown at: 2017-11-20 15:15:00
Schedule next startup at:  2017-11-20 16:00:00
---------------------------------------------------
--------------- 2017-11-20 16:00:16 ---------------
Schedule next shutdown at: 2017-11-20 16:15:00
Schedule next startup at:  2017-11-20 17:00:00
---------------------------------------------------
--------------- 2017-11-20 17:00:16 ---------------
Schedule next shutdown at: 2017-11-20 17:15:00
Schedule next startup at:  2017-11-20 18:00:00
---------------------------------------------------
--------------- 2017-11-20 18:00:16 ---------------
Schedule next shutdown at: 2017-11-20 18:15:00
Schedule next startup at:  2017-11-20 19:00:00
---------------------------------------------------
--------------- 2017-11-20 19:00:15 ---------------
Schedule next shutdown at: 2017-11-20 19:15:00
Schedule next startup at:  2017-11-21 07:00:00
---------------------------------------------------
--------------- 2017-11-21 07:00:15 ---------------
Schedule next shutdown at: 2017-11-21 07:15:00
Schedule next startup at:  2017-11-21 08:00:00
---------------------------------------------------
--------------- 2017-11-21 08:00:15 ---------------
Schedule next shutdown at: 2017-11-21 08:15:00
Schedule next startup at:  2017-11-21 09:00:00
---------------------------------------------------
--------------- 2017-11-21 09:00:15 ---------------
Schedule next shutdown at: 2017-11-21 09:15:00
Schedule next startup at:  2017-11-21 10:00:00
---------------------------------------------------
--------------- 2017-11-21 10:00:15 ---------------
Schedule next shutdown at: 2017-11-21 10:15:00
Schedule next startup at:  2017-11-21 11:00:00
---------------------------------------------------
--------------- 2017-11-21 11:00:15 ---------------
Schedule next shutdown at: 2017-11-21 11:15:00
Schedule next startup at:  2017-11-21 12:00:00
---------------------------------------------------
--------------- 2017-11-21 12:00:16 ---------------
Schedule next shutdown at: 2017-11-21 12:15:00
Schedule next startup at:  2017-11-21 13:00:00
---------------------------------------------------
--------------- 2017-11-21 13:00:15 ---------------
Schedule next shutdown at: 2017-11-21 13:15:00
Schedule next startup at:  2017-11-21 14:00:00
---------------------------------------------------
--------------- 2017-11-21 14:00:16 ---------------
Schedule next shutdown at: 2017-11-21 14:15:00
Schedule next startup at:  2017-11-21 15:00:00
---------------------------------------------------
--------------- 2017-11-21 15:00:15 ---------------
Schedule next shutdown at: 2017-11-21 15:15:00
Schedule next startup at:  2017-11-21 16:00:00
---------------------------------------------------
--------------- 2017-11-21 16:00:16 ---------------
Schedule next shutdown at: 2017-11-21 16:15:00
Schedule next startup at:  2017-11-21 17:00:00
---------------------------------------------------
--------------- 2017-11-21 17:00:15 ---------------
Schedule next shutdown at: 2017-11-21 17:15:00
Schedule next startup at:  2017-11-21 18:00:00
---------------------------------------------------
--------------- 2017-11-21 18:00:15 ---------------
Schedule next shutdown at: 2017-11-21 18:15:00
Schedule next startup at:  2017-11-21 19:00:00
---------------------------------------------------
--------------- 2017-11-21 19:00:16 ---------------
Schedule next shutdown at: 2017-11-21 19:15:00
Schedule next startup at:  2017-11-22 07:00:00
---------------------------------------------------
--------------- 2017-11-22 07:00:15 ---------------
Schedule next shutdown at: 2017-11-22 07:15:00
Schedule next startup at:  2017-11-22 08:00:00
---------------------------------------------------
--------------- 2017-11-22 08:00:16 ---------------
Schedule next shutdown at: 2017-11-22 08:15:00
Schedule next startup at:  2017-11-22 09:00:00
---------------------------------------------------
--------------- 2017-11-22 09:00:15 ---------------
Schedule next shutdown at: 2017-11-22 09:15:00
Schedule next startup at:  2017-11-22 10:00:00
---------------------------------------------------
--------------- 2017-11-22 10:00:15 ---------------
Schedule next shutdown at: 2017-11-22 10:15:00
Schedule next startup at:  2017-11-22 11:00:00
---------------------------------------------------
--------------- 2017-11-22 11:00:16 ---------------
Schedule next shutdown at: 2017-11-22 11:15:00
Schedule next startup at:  2017-11-22 12:00:00
---------------------------------------------------
--------------- 2017-11-22 12:00:15 ---------------
Schedule next shutdown at: 2017-11-22 12:15:00
Schedule next startup at:  2017-11-22 13:00:00
---------------------------------------------------
--------------- 2017-11-22 13:00:15 ---------------
Schedule next shutdown at: 2017-11-22 13:15:00
Schedule next startup at:  2017-11-22 14:00:00
---------------------------------------------------
--------------- 2017-11-22 14:00:16 ---------------
Schedule next shutdown at: 2017-11-22 14:15:00
Schedule next startup at:  2017-11-22 15:00:00
---------------------------------------------------
--------------- 2017-11-22 15:00:16 ---------------
Schedule next shutdown at: 2017-11-22 15:15:00
Schedule next startup at:  2017-11-22 16:00:00
---------------------------------------------------
--------------- 2017-11-22 16:00:15 ---------------
Schedule next shutdown at: 2017-11-22 16:15:00
Schedule next startup at:  2017-11-22 17:00:00
---------------------------------------------------
--------------- 2017-11-22 17:00:15 ---------------
Schedule next shutdown at: 2017-11-22 17:15:00
Schedule next startup at:  2017-11-22 18:00:00
---------------------------------------------------
--------------- 2017-11-22 18:00:16 ---------------
Schedule next shutdown at: 2017-11-22 18:15:00
Schedule next startup at:  2017-11-22 19:00:00
---------------------------------------------------
--------------- 2017-11-22 19:00:15 ---------------
Schedule next shutdown at: 2017-11-22 19:15:00
Schedule next startup at:  2017-11-23 07:00:00
---------------------------------------------------
--------------- 2017-11-23 07:00:15 ---------------
Schedule next shutdown at: 2017-11-23 07:15:00
Schedule next startup at:  2017-11-23 08:00:00
---------------------------------------------------
--------------- 2017-11-23 08:00:15 ---------------
Schedule next shutdown at: 2017-11-23 08:15:00
Schedule next startup at:  2017-11-23 09:00:00
---------------------------------------------------
--------------- 2017-11-23 09:00:16 ---------------
Schedule next shutdown at: 2017-11-23 09:15:00
Schedule next startup at:  2017-11-23 10:00:00
---------------------------------------------------
--------------- 2017-11-23 10:00:15 ---------------
Schedule next shutdown at: 2017-11-23 10:15:00
Schedule next startup at:  2017-11-23 11:00:00
---------------------------------------------------
--------------- 2017-11-23 11:00:16 ---------------
Schedule next shutdown at: 2017-11-23 11:15:00
Schedule next startup at:  2017-11-23 12:00:00
---------------------------------------------------
--------------- 2017-11-23 12:00:16 ---------------
Schedule next shutdown at: 2017-11-23 12:15:00
Schedule next startup at:  2017-11-23 13:00:00
---------------------------------------------------
--------------- 2017-11-23 13:00:16 ---------------
Schedule next shutdown at: 2017-11-23 13:15:00
Schedule next startup at:  2017-11-23 14:00:00
---------------------------------------------------
--------------- 2017-11-23 14:00:16 ---------------
Schedule next shutdown at: 2017-11-23 14:15:00
Schedule next startup at:  2017-11-23 15:00:00
---------------------------------------------------
--------------- 2017-11-23 15:00:16 ---------------
Schedule next shutdown at: 2017-11-23 15:15:00
Schedule next startup at:  2017-11-23 16:00:00
---------------------------------------------------
--------------- 2017-11-23 16:00:16 ---------------
Schedule next shutdown at: 2017-11-23 16:15:00
Schedule next startup at:  2017-11-23 17:00:00
---------------------------------------------------
--------------- 2017-11-23 17:00:15 ---------------
Schedule next shutdown at: 2017-11-23 17:15:00
Schedule next startup at:  2017-11-23 18:00:00
---------------------------------------------------
--------------- 2017-11-23 18:00:15 ---------------
Schedule next shutdown at: 2017-11-23 18:15:00
Schedule next startup at:  2017-11-23 19:00:00
---------------------------------------------------
--------------- 2017-11-23 19:00:16 ---------------
Schedule next shutdown at: 2017-11-23 19:15:00
Schedule next startup at:  2017-11-24 07:00:00
---------------------------------------------------
--------------- 2017-11-24 07:00:15 ---------------
Schedule next shutdown at: 2017-11-24 07:15:00
Schedule next startup at:  2017-11-24 08:00:00
---------------------------------------------------
--------------- 2017-11-24 08:00:15 ---------------
Schedule next shutdown at: 2017-11-24 08:15:00
Schedule next startup at:  2017-11-24 09:00:00
---------------------------------------------------
--------------- 2017-11-24 09:00:16 ---------------
Schedule next shutdown at: 2017-11-24 09:15:00
Schedule next startup at:  2017-11-24 10:00:00
---------------------------------------------------
--------------- 2017-11-24 10:00:15 ---------------
Schedule next shutdown at: 2017-11-24 10:15:00
Schedule next startup at:  2017-11-24 11:00:00
---------------------------------------------------
--------------- 2017-11-24 11:00:15 ---------------
Schedule next shutdown at: 2017-11-24 11:15:00
Schedule next startup at:  2017-11-24 12:00:00
---------------------------------------------------
--------------- 2017-11-24 12:00:15 ---------------
Schedule next shutdown at: 2017-11-24 12:15:00
Schedule next startup at:  2017-11-24 13:00:00
---------------------------------------------------
--------------- 2017-11-24 13:00:15 ---------------
Schedule next shutdown at: 2017-11-24 13:15:00
Schedule next startup at:  2017-11-24 14:00:00
---------------------------------------------------
--------------- 2017-11-24 14:00:16 ---------------
Schedule next shutdown at: 2017-11-24 14:15:00
Schedule next startup at:  2017-11-24 15:00:00
---------------------------------------------------
--------------- 2017-11-24 15:00:16 ---------------
Schedule next shutdown at: 2017-11-24 15:15:00
Schedule next startup at:  2017-11-24 16:00:00
---------------------------------------------------
--------------- 2017-11-24 16:00:15 ---------------
Schedule next shutdown at: 2017-11-24 16:15:00
Schedule next startup at:  2017-11-24 17:00:00
---------------------------------------------------
--------------- 2017-11-24 17:00:15 ---------------
Schedule next shutdown at: 2017-11-24 17:15:00
Schedule next startup at:  2017-11-24 18:00:00
---------------------------------------------------
--------------- 2017-11-24 18:00:16 ---------------
Schedule next shutdown at: 2017-11-24 18:15:00
Schedule next startup at:  2017-11-24 19:00:00
---------------------------------------------------
--------------- 2017-11-24 19:00:16 ---------------
Schedule next shutdown at: 2017-11-24 19:15:00
Schedule next startup at:  2017-11-25 07:00:00
---------------------------------------------------
--------------- 2017-11-25 07:00:16 ---------------
Schedule next shutdown at: 2017-11-25 07:15:00
Schedule next startup at:  2017-11-25 08:00:00
---------------------------------------------------
--------------- 2017-11-25 08:00:15 ---------------
Schedule next shutdown at: 2017-11-25 08:15:00
Schedule next startup at:  2017-11-25 09:00:00
---------------------------------------------------
--------------- 2017-11-25 09:00:16 ---------------
Schedule next shutdown at: 2017-11-25 09:15:00
Schedule next startup at:  2017-11-25 10:00:00
---------------------------------------------------
--------------- 2017-11-25 10:00:15 ---------------
Schedule next shutdown at: 2017-11-25 10:15:00
Schedule next startup at:  2017-11-25 11:00:00
---------------------------------------------------
--------------- 2017-11-25 11:00:15 ---------------
Schedule next shutdown at: 2017-11-25 11:15:00
Schedule next startup at:  2017-11-25 12:00:00
---------------------------------------------------
--------------- 2017-11-25 12:00:15 ---------------
Schedule next shutdown at: 2017-11-25 12:15:00
Schedule next startup at:  2017-11-25 13:00:00
---------------------------------------------------
--------------- 2017-11-25 13:00:15 ---------------
Schedule next shutdown at: 2017-11-25 13:15:00
Schedule next startup at:  2017-11-25 14:00:00
---------------------------------------------------
--------------- 2017-11-25 14:00:15 ---------------
Schedule next shutdown at: 2017-11-25 14:15:00
Schedule next startup at:  2017-11-25 15:00:00
---------------------------------------------------
--------------- 2017-11-25 15:00:15 ---------------
Schedule next shutdown at: 2017-11-25 15:15:00
Schedule next startup at:  2017-11-25 16:00:00
---------------------------------------------------
--------------- 2017-11-25 16:00:15 ---------------
Schedule next shutdown at: 2017-11-25 16:15:00
Schedule next startup at:  2017-11-25 17:00:00
---------------------------------------------------
--------------- 2017-11-25 17:00:15 ---------------
Schedule next shutdown at: 2017-11-25 17:15:00
Schedule next startup at:  2017-11-25 18:00:00
---------------------------------------------------
--------------- 2017-11-25 18:00:16 ---------------
Schedule next shutdown at: 2017-11-25 18:15:00
Schedule next startup at:  2017-11-25 19:00:00
---------------------------------------------------
--------------- 2017-11-25 19:00:16 ---------------
Schedule next shutdown at: 2017-11-25 19:15:00
Schedule next startup at:  2017-11-26 07:00:00
---------------------------------------------------
--------------- 2017-11-26 07:00:15 ---------------
Schedule next shutdown at: 2017-11-26 07:15:00
Schedule next startup at:  2017-11-26 08:00:00
---------------------------------------------------
--------------- 2017-11-26 08:00:15 ---------------
Schedule next shutdown at: 2017-11-26 08:15:00
Schedule next startup at:  2017-11-26 09:00:00
---------------------------------------------------
--------------- 2017-11-26 09:00:15 ---------------
Schedule next shutdown at: 2017-11-26 09:15:00
Schedule next startup at:  2017-11-26 10:00:00
---------------------------------------------------
--------------- 2017-11-26 10:00:15 ---------------
Schedule next shutdown at: 2017-11-26 10:15:00
Schedule next startup at:  2017-11-26 11:00:00
---------------------------------------------------
--------------- 2017-11-26 11:00:16 ---------------
Schedule next shutdown at: 2017-11-26 11:15:00
Schedule next startup at:  2017-11-26 12:00:00
---------------------------------------------------
--------------- 2017-11-26 12:00:15 ---------------
Schedule next shutdown at: 2017-11-26 12:15:00
Schedule next startup at:  2017-11-26 13:00:00
---------------------------------------------------
--------------- 2017-11-26 13:00:15 ---------------
Schedule next shutdown at: 2017-11-26 13:15:00
Schedule next startup at:  2017-11-26 14:00:00
---------------------------------------------------
--------------- 2017-11-26 14:00:15 ---------------
Schedule next shutdown at: 2017-11-26 14:15:00
Schedule next startup at:  2017-11-26 15:00:00
---------------------------------------------------
--------------- 2017-11-26 15:00:15 ---------------
Schedule next shutdown at: 2017-11-26 15:15:00
Schedule next startup at:  2017-11-26 16:00:00
---------------------------------------------------
--------------- 2017-11-26 16:00:15 ---------------
Schedule next shutdown at: 2017-11-26 16:15:00
Schedule next startup at:  2017-11-26 17:00:00
---------------------------------------------------
--------------- 2017-11-26 17:00:15 ---------------
Schedule next shutdown at: 2017-11-26 17:15:00
Schedule next startup at:  2017-11-26 18:00:00
---------------------------------------------------
--------------- 2017-11-26 18:00:16 ---------------
Schedule next shutdown at: 2017-11-26 18:15:00
Schedule next startup at:  2017-11-26 19:00:00
---------------------------------------------------
--------------- 2017-11-26 19:00:16 ---------------
Schedule next shutdown at: 2017-11-26 19:15:00
Schedule next startup at:  2017-11-27 07:00:00
---------------------------------------------------
--------------- 2017-11-27 07:00:16 ---------------
Schedule next shutdown at: 2017-11-27 07:15:00
Schedule next startup at:  2017-11-27 08:00:00
---------------------------------------------------
--------------- 2017-11-27 08:00:15 ---------------
Schedule next shutdown at: 2017-11-27 08:15:00
Schedule next startup at:  2017-11-27 09:00:00
---------------------------------------------------
--------------- 2017-11-27 09:00:16 ---------------
Schedule next shutdown at: 2017-11-27 09:15:00
Schedule next startup at:  2017-11-27 10:00:00
---------------------------------------------------
--------------- 2017-11-27 10:00:16 ---------------
Schedule next shutdown at: 2017-11-27 10:15:00
Schedule next startup at:  2017-11-27 11:00:00
---------------------------------------------------
--------------- 2017-11-27 11:00:16 ---------------
Schedule next shutdown at: 2017-11-27 11:15:00
Schedule next startup at:  2017-11-27 12:00:00
---------------------------------------------------
--------------- 2017-11-27 12:00:15 ---------------
Schedule next shutdown at: 2017-11-27 12:15:00
Schedule next startup at:  2017-11-27 13:00:00
---------------------------------------------------
--------------- 2017-11-27 13:00:15 ---------------
Schedule next shutdown at: 2017-11-27 13:15:00
Schedule next startup at:  2017-11-27 14:00:00
---------------------------------------------------
--------------- 2017-11-27 14:00:16 ---------------
Schedule next shutdown at: 2017-11-27 14:15:00
Schedule next startup at:  2017-11-27 15:00:00
---------------------------------------------------
--------------- 2017-11-27 15:00:15 ---------------
Schedule next shutdown at: 2017-11-27 15:15:00
Schedule next startup at:  2017-11-27 16:00:00
---------------------------------------------------
--------------- 2017-11-27 16:00:16 ---------------
Schedule next shutdown at: 2017-11-27 16:15:00
Schedule next startup at:  2017-11-27 17:00:00
---------------------------------------------------
--------------- 2017-11-27 17:00:15 ---------------
Schedule next shutdown at: 2017-11-27 17:15:00
Schedule next startup at:  2017-11-27 18:00:00
---------------------------------------------------
--------------- 2017-11-27 18:00:15 ---------------
Schedule next shutdown at: 2017-11-27 18:15:00
Schedule next startup at:  2017-11-27 19:00:00
---------------------------------------------------
--------------- 2017-11-27 19:00:16 ---------------
Schedule next shutdown at: 2017-11-27 19:15:00
Schedule next startup at:  2017-11-28 07:00:00
---------------------------------------------------
--------------- 2017-11-28 07:00:16 ---------------
Schedule next shutdown at: 2017-11-28 07:15:00
Schedule next startup at:  2017-11-28 08:00:00
---------------------------------------------------
--------------- 2017-11-28 08:00:15 ---------------
Schedule next shutdown at: 2017-11-28 08:15:00
Schedule next startup at:  2017-11-28 09:00:00
---------------------------------------------------
--------------- 2017-11-28 09:00:15 ---------------
Schedule next shutdown at: 2017-11-28 09:15:00
Schedule next startup at:  2017-11-28 10:00:00
---------------------------------------------------
--------------- 2017-11-28 10:00:16 ---------------
Schedule next shutdown at: 2017-11-28 10:15:00
Schedule next startup at:  2017-11-28 11:00:00
---------------------------------------------------
--------------- 2017-11-28 11:00:15 ---------------
Schedule next shutdown at: 2017-11-28 11:15:00
Schedule next startup at:  2017-11-28 12:00:00
---------------------------------------------------
--------------- 2017-11-28 12:00:15 ---------------
Schedule next shutdown at: 2017-11-28 12:15:00
Schedule next startup at:  2017-11-28 13:00:00
---------------------------------------------------
--------------- 2017-11-28 13:00:16 ---------------
Schedule next shutdown at: 2017-11-28 13:15:00
Schedule next startup at:  2017-11-28 14:00:00
---------------------------------------------------
--------------- 2017-11-28 14:00:15 ---------------
Schedule next shutdown at: 2017-11-28 14:15:00
Schedule next startup at:  2017-11-28 15:00:00
---------------------------------------------------
--------------- 2017-11-28 15:00:16 ---------------
Schedule next shutdown at: 2017-11-28 15:15:00
Schedule next startup at:  2017-11-28 16:00:00
---------------------------------------------------
--------------- 2017-11-28 16:00:15 ---------------
Schedule next shutdown at: 2017-11-28 16:15:00
Schedule next startup at:  2017-11-28 17:00:00
---------------------------------------------------
--------------- 2017-11-28 17:00:16 ---------------
Schedule next shutdown at: 2017-11-28 17:15:00
Schedule next startup at:  2017-11-28 18:00:00
---------------------------------------------------
--------------- 2017-11-28 18:00:15 ---------------
Schedule next shutdown at: 2017-11-28 18:15:00
Schedule next startup at:  2017-11-28 19:00:00
---------------------------------------------------
--------------- 2017-11-28 19:00:16 ---------------
Schedule next shutdown at: 2017-11-28 19:15:00
Schedule next startup at:  2017-11-29 07:00:00
---------------------------------------------------
--------------- 2017-11-29 07:00:16 ---------------
Schedule next shutdown at: 2017-11-29 07:15:00
Schedule next startup at:  2017-11-29 08:00:00
---------------------------------------------------
--------------- 2017-11-29 08:00:16 ---------------
Schedule next shutdown at: 2017-11-29 08:15:00
Schedule next startup at:  2017-11-29 09:00:00
---------------------------------------------------
--------------- 2017-11-29 09:00:15 ---------------
Schedule next shutdown at: 2017-11-29 09:15:00
Schedule next startup at:  2017-11-29 10:00:00
---------------------------------------------------
--------------- 2017-11-29 10:00:15 ---------------
Schedule next shutdown at: 2017-11-29 10:15:00
Schedule next startup at:  2017-11-29 11:00:00
---------------------------------------------------
--------------- 2017-11-29 11:00:15 ---------------
Schedule next shutdown at: 2017-11-29 11:15:00
Schedule next startup at:  2017-11-29 12:00:00
---------------------------------------------------
--------------- 2017-11-29 12:00:16 ---------------
Schedule next shutdown at: 2017-11-29 12:15:00
Schedule next startup at:  2017-11-29 13:00:00
---------------------------------------------------
--------------- 2017-11-29 13:00:15 ---------------
Schedule next shutdown at: 2017-11-29 13:15:00
Schedule next startup at:  2017-11-29 14:00:00
---------------------------------------------------
--------------- 2017-11-29 14:00:16 ---------------
Schedule next shutdown at: 2017-11-29 14:15:00
Schedule next startup at:  2017-11-29 15:00:00
---------------------------------------------------
--------------- 2017-11-29 15:00:16 ---------------
Schedule next shutdown at: 2017-11-29 15:15:00
Schedule next startup at:  2017-11-29 16:00:00
---------------------------------------------------
--------------- 2017-11-29 16:00:16 ---------------
Schedule next shutdown at: 2017-11-29 16:15:00
Schedule next startup at:  2017-11-29 17:00:00
---------------------------------------------------
--------------- 2017-11-29 17:00:15 ---------------
Schedule next shutdown at: 2017-11-29 17:15:00
Schedule next startup at:  2017-11-29 18:00:00
---------------------------------------------------
--------------- 2017-11-29 18:00:16 ---------------
Schedule next shutdown at: 2017-11-29 18:15:00
Schedule next startup at:  2017-11-29 19:00:00
---------------------------------------------------
--------------- 2017-11-29 19:00:16 ---------------
Schedule next shutdown at: 2017-11-29 19:15:00
Schedule next startup at:  2017-11-30 07:00:00
---------------------------------------------------
--------------- 2017-11-30 07:00:15 ---------------
Schedule next shutdown at: 2017-11-30 07:15:00
Schedule next startup at:  2017-11-30 08:00:00
---------------------------------------------------
--------------- 2017-11-30 08:00:15 ---------------
Schedule next shutdown at: 2017-11-30 08:15:00
Schedule next startup at:  2017-11-30 09:00:00
---------------------------------------------------
--------------- 2017-11-30 09:00:15 ---------------
Schedule next shutdown at: 2017-11-30 09:15:00
Schedule next startup at:  2017-11-30 10:00:00
---------------------------------------------------
--------------- 2017-11-30 10:00:16 ---------------
Schedule next shutdown at: 2017-11-30 10:15:00
Schedule next startup at:  2017-11-30 11:00:00
---------------------------------------------------
--------------- 2017-11-30 11:00:15 ---------------
Schedule next shutdown at: 2017-11-30 11:15:00
Schedule next startup at:  2017-11-30 12:00:00
---------------------------------------------------
--------------- 2017-11-30 12:00:16 ---------------
Schedule next shutdown at: 2017-11-30 12:15:00
Schedule next startup at:  2017-11-30 13:00:00
---------------------------------------------------
--------------- 2017-11-30 13:00:15 ---------------
Schedule next shutdown at: 2017-11-30 13:15:00
Schedule next startup at:  2017-11-30 14:00:00
---------------------------------------------------
--------------- 2017-11-30 14:00:15 ---------------
Schedule next shutdown at: 2017-11-30 14:15:00
Schedule next startup at:  2017-11-30 15:00:00
---------------------------------------------------
--------------- 2017-11-30 15:00:15 ---------------
Schedule next shutdown at: 2017-11-30 15:15:00
Schedule next startup at:  2017-11-30 16:00:00
---------------------------------------------------
--------------- 2017-11-30 16:00:16 ---------------
Schedule next shutdown at: 2017-11-30 16:15:00
Schedule next startup at:  2017-11-30 17:00:00
---------------------------------------------------
--------------- 2017-11-30 17:00:16 ---------------
Schedule next shutdown at: 2017-11-30 17:15:00
Schedule next startup at:  2017-11-30 18:00:00
---------------------------------------------------
--------------- 2017-11-30 18:00:15 ---------------
Schedule next shutdown at: 2017-11-30 18:15:00
Schedule next startup at:  2017-11-30 19:00:00
---------------------------------------------------
--------------- 2017-11-30 19:00:16 ---------------
Schedule next shutdown at: 2017-11-30 19:15:00
Schedule next startup at:  2017-12-01 07:00:00
---------------------------------------------------
--------------- 2017-12-01 07:00:15 ---------------
Schedule next shutdown at: 2017-12-01 07:15:00
Schedule next startup at:  2017-12-01 08:00:00
---------------------------------------------------
--------------- 2017-12-01 08:00:15 ---------------
Schedule next shutdown at: 2017-12-01 08:15:00
Schedule next startup at:  2017-12-01 09:00:00
---------------------------------------------------
--------------- 2017-12-01 09:00:16 ---------------
Schedule next shutdown at: 2017-12-01 09:15:00
Schedule next startup at:  2017-12-01 10:00:00
---------------------------------------------------
--------------- 2017-12-01 10:00:16 ---------------
Schedule next shutdown at: 2017-12-01 10:15:00
Schedule next startup at:  2017-12-01 11:00:00
---------------------------------------------------
--------------- 2017-12-01 11:00:15 ---------------
Schedule next shutdown at: 2017-12-01 11:15:00
Schedule next startup at:  2017-12-01 12:00:00
---------------------------------------------------
--------------- 2017-12-01 12:00:15 ---------------
Schedule next shutdown at: 2017-12-01 12:15:00
Schedule next startup at:  2017-12-01 13:00:00
---------------------------------------------------
--------------- 2017-12-01 13:00:15 ---------------
Schedule next shutdown at: 2017-12-01 13:15:00
Schedule next startup at:  2017-12-01 14:00:00
---------------------------------------------------
--------------- 2017-12-01 14:00:15 ---------------
Schedule next shutdown at: 2017-12-01 14:15:00
Schedule next startup at:  2017-12-01 15:00:00
---------------------------------------------------
--------------- 2017-12-01 15:00:16 ---------------
Schedule next shutdown at: 2017-12-01 15:15:00
Schedule next startup at:  2017-12-01 16:00:00
---------------------------------------------------
--------------- 2017-12-01 16:00:15 ---------------
Schedule next shutdown at: 2017-12-01 16:15:00
Schedule next startup at:  2017-12-01 17:00:00
---------------------------------------------------
--------------- 2017-12-01 17:00:16 ---------------
Schedule next shutdown at: 2017-12-01 17:15:00
Schedule next startup at:  2017-12-01 18:00:00
---------------------------------------------------
--------------- 2017-12-01 18:00:16 ---------------
Schedule next shutdown at: 2017-12-01 18:15:00
Schedule next startup at:  2017-12-01 19:00:00
---------------------------------------------------
--------------- 2017-12-01 19:00:15 ---------------
Schedule next shutdown at: 2017-12-01 19:15:00
Schedule next startup at:  2017-12-02 07:00:00
---------------------------------------------------
--------------- 2017-12-02 07:00:16 ---------------
Schedule next shutdown at: 2017-12-02 07:15:00
Schedule next startup at:  2017-12-02 08:00:00
---------------------------------------------------
--------------- 2017-12-02 08:00:16 ---------------
Schedule next shutdown at: 2017-12-02 08:15:00
Schedule next startup at:  2017-12-02 09:00:00
---------------------------------------------------
--------------- 2017-12-02 09:00:15 ---------------
Schedule next shutdown at: 2017-12-02 09:15:00
Schedule next startup at:  2017-12-02 10:00:00
---------------------------------------------------
--------------- 2017-12-02 10:00:16 ---------------
Schedule next shutdown at: 2017-12-02 10:15:00
Schedule next startup at:  2017-12-02 11:00:00
---------------------------------------------------
--------------- 2017-12-02 11:00:15 ---------------
Schedule next shutdown at: 2017-12-02 11:15:00
Schedule next startup at:  2017-12-02 12:00:00
---------------------------------------------------
--------------- 2017-12-02 12:00:15 ---------------
Schedule next shutdown at: 2017-12-02 12:15:00
Schedule next startup at:  2017-12-02 13:00:00
---------------------------------------------------
--------------- 2017-12-02 13:00:15 ---------------
Schedule next shutdown at: 2017-12-02 13:15:00
Schedule next startup at:  2017-12-02 14:00:00
---------------------------------------------------
--------------- 2017-12-02 14:00:15 ---------------
Schedule next shutdown at: 2017-12-02 14:15:00
Schedule next startup at:  2017-12-02 15:00:00
---------------------------------------------------
--------------- 2017-12-02 15:00:15 ---------------
Schedule next shutdown at: 2017-12-02 15:15:00
Schedule next startup at:  2017-12-02 16:00:00
---------------------------------------------------
--------------- 2017-12-02 16:00:15 ---------------
Schedule next shutdown at: 2017-12-02 16:15:00
Schedule next startup at:  2017-12-02 17:00:00
---------------------------------------------------
--------------- 2017-12-02 17:00:15 ---------------
Schedule next shutdown at: 2017-12-02 17:15:00
Schedule next startup at:  2017-12-02 18:00:00
---------------------------------------------------
--------------- 2017-12-02 18:00:15 ---------------
Schedule next shutdown at: 2017-12-02 18:15:00
Schedule next startup at:  2017-12-02 19:00:00
---------------------------------------------------
--------------- 2017-12-02 19:00:16 ---------------
Schedule next shutdown at: 2017-12-02 19:15:00
Schedule next startup at:  2017-12-03 07:00:00
---------------------------------------------------
--------------- 2017-12-03 07:00:15 ---------------
Schedule next shutdown at: 2017-12-03 07:15:00
Schedule next startup at:  2017-12-03 08:00:00
---------------------------------------------------
--------------- 2017-12-03 08:00:16 ---------------
Schedule next shutdown at: 2017-12-03 08:15:00
Schedule next startup at:  2017-12-03 09:00:00
---------------------------------------------------
--------------- 2017-12-03 09:00:16 ---------------
Schedule next shutdown at: 2017-12-03 09:15:00
Schedule next startup at:  2017-12-03 10:00:00
---------------------------------------------------
--------------- 2017-12-03 10:00:15 ---------------
Schedule next shutdown at: 2017-12-03 10:15:00
Schedule next startup at:  2017-12-03 11:00:00
---------------------------------------------------
--------------- 2017-12-03 11:00:16 ---------------
Schedule next shutdown at: 2017-12-03 11:15:00
Schedule next startup at:  2017-12-03 12:00:00
---------------------------------------------------
--------------- 2017-12-03 12:00:16 ---------------
Schedule next shutdown at: 2017-12-03 12:15:00
Schedule next startup at:  2017-12-03 13:00:00
---------------------------------------------------
--------------- 2017-12-03 13:00:16 ---------------
Schedule next shutdown at: 2017-12-03 13:15:00
Schedule next startup at:  2017-12-03 14:00:00
---------------------------------------------------
--------------- 2017-12-03 14:00:15 ---------------
Schedule next shutdown at: 2017-12-03 14:15:00
Schedule next startup at:  2017-12-03 15:00:00
---------------------------------------------------
--------------- 2017-12-03 15:00:15 ---------------
Schedule next shutdown at: 2017-12-03 15:15:00
Schedule next startup at:  2017-12-03 16:00:00
---------------------------------------------------
--------------- 2017-12-03 16:00:15 ---------------
Schedule next shutdown at: 2017-12-03 16:15:00
Schedule next startup at:  2017-12-03 17:00:00
---------------------------------------------------
--------------- 2017-12-03 17:00:15 ---------------
Schedule next shutdown at: 2017-12-03 17:15:00
Schedule next startup at:  2017-12-03 18:00:00
---------------------------------------------------
--------------- 2017-12-03 18:00:16 ---------------
Schedule next shutdown at: 2017-12-03 18:15:00
Schedule next startup at:  2017-12-03 19:00:00
---------------------------------------------------
--------------- 2017-12-03 19:00:15 ---------------
Schedule next shutdown at: 2017-12-03 19:15:00
Schedule next startup at:  2017-12-04 07:00:00
---------------------------------------------------
--------------- 2017-12-04 07:00:15 ---------------
Schedule next shutdown at: 2017-12-04 07:15:00
Schedule next startup at:  2017-12-04 08:00:00
---------------------------------------------------
--------------- 2017-12-04 08:00:16 ---------------
Schedule next shutdown at: 2017-12-04 08:15:00
Schedule next startup at:  2017-12-04 09:00:00
---------------------------------------------------
--------------- 2017-12-04 09:00:15 ---------------
Schedule next shutdown at: 2017-12-04 09:15:00
Schedule next startup at:  2017-12-04 10:00:00
---------------------------------------------------
--------------- 2017-12-04 10:00:15 ---------------
Schedule next shutdown at: 2017-12-04 10:15:00
Schedule next startup at:  2017-12-04 11:00:00
---------------------------------------------------
--------------- 2017-12-04 11:00:15 ---------------
Schedule next shutdown at: 2017-12-04 11:15:00
Schedule next startup at:  2017-12-04 12:00:00
---------------------------------------------------
--------------- 2017-12-04 12:00:16 ---------------
Schedule next shutdown at: 2017-12-04 12:15:00
Schedule next startup at:  2017-12-04 13:00:00
---------------------------------------------------
--------------- 2017-12-04 13:00:16 ---------------
Schedule next shutdown at: 2017-12-04 13:15:00
Schedule next startup at:  2017-12-04 14:00:00
---------------------------------------------------
--------------- 2017-12-04 14:00:15 ---------------
Schedule next shutdown at: 2017-12-04 14:15:00
Schedule next startup at:  2017-12-04 15:00:00
---------------------------------------------------
--------------- 2017-12-04 15:00:15 ---------------
Schedule next shutdown at: 2017-12-04 15:15:00
Schedule next startup at:  2017-12-04 16:00:00
---------------------------------------------------
--------------- 2017-12-04 16:00:16 ---------------
Schedule next shutdown at: 2017-12-04 16:15:00
Schedule next startup at:  2017-12-04 17:00:00
---------------------------------------------------
--------------- 2017-12-04 17:00:15 ---------------
Schedule next shutdown at: 2017-12-04 17:15:00
Schedule next startup at:  2017-12-04 18:00:00
---------------------------------------------------
--------------- 2017-12-04 18:00:15 ---------------
Schedule next shutdown at: 2017-12-04 18:15:00
Schedule next startup at:  2017-12-04 19:00:00
---------------------------------------------------
--------------- 2017-12-04 19:00:15 ---------------
Schedule next shutdown at: 2017-12-04 19:15:00
Schedule next startup at:  2017-12-05 07:00:00
---------------------------------------------------
--------------- 2017-12-05 07:00:15 ---------------
Schedule next shutdown at: 2017-12-05 07:15:00
Schedule next startup at:  2017-12-05 08:00:00
---------------------------------------------------
--------------- 2017-12-05 08:00:16 ---------------
Schedule next shutdown at: 2017-12-05 08:15:00
Schedule next startup at:  2017-12-05 09:00:00
---------------------------------------------------
--------------- 2017-12-05 09:00:15 ---------------
Schedule next shutdown at: 2017-12-05 09:15:00
Schedule next startup at:  2017-12-05 10:00:00
---------------------------------------------------
--------------- 2017-12-05 10:00:16 ---------------
Schedule next shutdown at: 2017-12-05 10:15:00
Schedule next startup at:  2017-12-05 11:00:00
---------------------------------------------------
--------------- 2017-12-05 11:00:15 ---------------
Schedule next shutdown at: 2017-12-05 11:15:00
Schedule next startup at:  2017-12-05 12:00:00
---------------------------------------------------
--------------- 2017-12-05 12:00:16 ---------------
Schedule next shutdown at: 2017-12-05 12:15:00
Schedule next startup at:  2017-12-05 13:00:00
---------------------------------------------------
--------------- 2017-12-05 13:00:16 ---------------
Schedule next shutdown at: 2017-12-05 13:15:00
Schedule next startup at:  2017-12-05 14:00:00
---------------------------------------------------
--------------- 2017-12-05 14:00:15 ---------------
Schedule next shutdown at: 2017-12-05 14:15:00
Schedule next startup at:  2017-12-05 15:00:00
---------------------------------------------------
--------------- 2017-12-05 15:00:15 ---------------
Schedule next shutdown at: 2017-12-05 15:15:00
Schedule next startup at:  2017-12-05 16:00:00
---------------------------------------------------
--------------- 2017-12-05 16:00:16 ---------------
Schedule next shutdown at: 2017-12-05 16:15:00
Schedule next startup at:  2017-12-05 17:00:00
---------------------------------------------------
--------------- 2017-12-05 17:00:15 ---------------
Schedule next shutdown at: 2017-12-05 17:15:00
Schedule next startup at:  2017-12-05 18:00:00
---------------------------------------------------
--------------- 2017-12-05 18:00:16 ---------------
Schedule next shutdown at: 2017-12-05 18:15:00
Schedule next startup at:  2017-12-05 19:00:00
---------------------------------------------------
--------------- 2017-12-05 19:00:15 ---------------
Schedule next shutdown at: 2017-12-05 19:15:00
Schedule next startup at:  2017-12-06 07:00:00
---------------------------------------------------
--------------- 2017-12-06 07:00:15 ---------------
Schedule next shutdown at: 2017-12-06 07:15:00
Schedule next startup at:  2017-12-06 08:00:00
---------------------------------------------------
--------------- 2017-12-06 08:00:16 ---------------
Schedule next shutdown at: 2017-12-06 08:15:00
Schedule next startup at:  2017-12-06 09:00:00
---------------------------------------------------
--------------- 2017-12-06 09:00:16 ---------------
Schedule next shutdown at: 2017-12-06 09:15:00
Schedule next startup at:  2017-12-06 10:00:00
---------------------------------------------------
--------------- 2017-12-06 10:00:16 ---------------
Schedule next shutdown at: 2017-12-06 10:15:00
Schedule next startup at:  2017-12-06 11:00:00
---------------------------------------------------
--------------- 2017-12-06 11:00:15 ---------------
Schedule next shutdown at: 2017-12-06 11:15:00
Schedule next startup at:  2017-12-06 12:00:00
---------------------------------------------------
--------------- 2017-12-06 12:00:15 ---------------
Schedule next shutdown at: 2017-12-06 12:15:00
Schedule next startup at:  2017-12-06 13:00:00
---------------------------------------------------
--------------- 2017-12-06 13:00:15 ---------------
Schedule next shutdown at: 2017-12-06 13:15:00
Schedule next startup at:  2017-12-06 14:00:00
---------------------------------------------------
--------------- 2017-12-06 14:00:15 ---------------
Schedule next shutdown at: 2017-12-06 14:15:00
Schedule next startup at:  2017-12-06 15:00:00
---------------------------------------------------
--------------- 2017-12-06 15:00:15 ---------------
Schedule next shutdown at: 2017-12-06 15:15:00
Schedule next startup at:  2017-12-06 16:00:00
---------------------------------------------------
--------------- 2017-12-06 16:00:16 ---------------
Schedule next shutdown at: 2017-12-06 16:15:00
Schedule next startup at:  2017-12-06 17:00:00
---------------------------------------------------
--------------- 2017-12-06 17:00:16 ---------------
Schedule next shutdown at: 2017-12-06 17:15:00
Schedule next startup at:  2017-12-06 18:00:00
---------------------------------------------------
--------------- 2017-12-06 18:00:15 ---------------
Schedule next shutdown at: 2017-12-06 18:15:00
Schedule next startup at:  2017-12-06 19:00:00
---------------------------------------------------
--------------- 2017-12-06 19:00:15 ---------------
Schedule next shutdown at: 2017-12-06 19:15:00
Schedule next startup at:  2017-12-07 07:00:00
---------------------------------------------------
--------------- 2017-12-07 07:00:15 ---------------
Schedule next shutdown at: 2017-12-07 07:15:00
Schedule next startup at:  2017-12-07 08:00:00
---------------------------------------------------
--------------- 2017-12-07 08:00:15 ---------------
Schedule next shutdown at: 2017-12-07 08:15:00
Schedule next startup at:  2017-12-07 09:00:00
---------------------------------------------------
--------------- 2017-12-07 09:00:15 ---------------
Schedule next shutdown at: 2017-12-07 09:15:00
Schedule next startup at:  2017-12-07 10:00:00
---------------------------------------------------
--------------- 2017-12-07 10:00:16 ---------------
Schedule next shutdown at: 2017-12-07 10:15:00
Schedule next startup at:  2017-12-07 11:00:00
---------------------------------------------------
--------------- 2017-12-07 11:00:16 ---------------
Schedule next shutdown at: 2017-12-07 11:15:00
Schedule next startup at:  2017-12-07 12:00:00
---------------------------------------------------
--------------- 2017-12-07 12:00:15 ---------------
Schedule next shutdown at: 2017-12-07 12:15:00
Schedule next startup at:  2017-12-07 13:00:00
---------------------------------------------------
--------------- 2017-12-07 13:00:16 ---------------
Schedule next shutdown at: 2017-12-07 13:15:00
Schedule next startup at:  2017-12-07 14:00:00
---------------------------------------------------
--------------- 2017-12-07 14:00:16 ---------------
Schedule next shutdown at: 2017-12-07 14:15:00
Schedule next startup at:  2017-12-07 15:00:00
---------------------------------------------------
--------------- 2017-12-07 15:00:16 ---------------
Schedule next shutdown at: 2017-12-07 15:15:00
Schedule next startup at:  2017-12-07 16:00:00
---------------------------------------------------
--------------- 2017-12-07 16:00:15 ---------------
Schedule next shutdown at: 2017-12-07 16:15:00
Schedule next startup at:  2017-12-07 17:00:00
---------------------------------------------------
--------------- 2017-12-07 17:00:16 ---------------
Schedule next shutdown at: 2017-12-07 17:15:00
Schedule next startup at:  2017-12-07 18:00:00
---------------------------------------------------
--------------- 2017-12-07 18:00:15 ---------------
Schedule next shutdown at: 2017-12-07 18:15:00
Schedule next startup at:  2017-12-07 19:00:00
---------------------------------------------------
--------------- 2017-12-07 19:00:15 ---------------
Schedule next shutdown at: 2017-12-07 19:15:00
Schedule next startup at:  2017-12-08 07:00:00
---------------------------------------------------
--------------- 2017-12-08 07:00:15 ---------------
Schedule next shutdown at: 2017-12-08 07:15:00
Schedule next startup at:  2017-12-08 08:00:00
---------------------------------------------------
--------------- 2017-12-08 08:00:15 ---------------
Schedule next shutdown at: 2017-12-08 08:15:00
Schedule next startup at:  2017-12-08 09:00:00
---------------------------------------------------
--------------- 2017-12-08 09:00:15 ---------------
Schedule next shutdown at: 2017-12-08 09:15:00
Schedule next startup at:  2017-12-08 10:00:00
---------------------------------------------------
--------------- 2017-12-08 10:00:16 ---------------
Schedule next shutdown at: 2017-12-08 10:15:00
Schedule next startup at:  2017-12-08 11:00:00
---------------------------------------------------
--------------- 2017-12-08 11:00:16 ---------------
Schedule next shutdown at: 2017-12-08 11:15:00
Schedule next startup at:  2017-12-08 12:00:00
---------------------------------------------------
--------------- 2017-12-08 12:00:15 ---------------
Schedule next shutdown at: 2017-12-08 12:15:00
Schedule next startup at:  2017-12-08 13:00:00
---------------------------------------------------
--------------- 2017-12-08 13:00:15 ---------------
Schedule next shutdown at: 2017-12-08 13:15:00
Schedule next startup at:  2017-12-08 14:00:00
---------------------------------------------------
--------------- 2017-12-08 14:00:15 ---------------
Schedule next shutdown at: 2017-12-08 14:15:00
Schedule next startup at:  2017-12-08 15:00:00
---------------------------------------------------
--------------- 2017-12-08 15:00:15 ---------------
Schedule next shutdown at: 2017-12-08 15:15:00
Schedule next startup at:  2017-12-08 16:00:00
---------------------------------------------------
--------------- 2017-12-08 16:00:15 ---------------
Schedule next shutdown at: 2017-12-08 16:15:00
Schedule next startup at:  2017-12-08 17:00:00
---------------------------------------------------
--------------- 2017-12-08 17:00:15 ---------------
Schedule next shutdown at: 2017-12-08 17:15:00
Schedule next startup at:  2017-12-08 18:00:00
---------------------------------------------------
--------------- 2017-12-08 18:00:15 ---------------
Schedule next shutdown at: 2017-12-08 18:15:00
Schedule next startup at:  2017-12-08 19:00:00
---------------------------------------------------
--------------- 2017-12-08 19:00:15 ---------------
Schedule next shutdown at: 2017-12-08 19:15:00
Schedule next startup at:  2017-12-09 07:00:00
---------------------------------------------------
--------------- 2017-12-09 07:00:16 ---------------
Schedule next shutdown at: 2017-12-09 07:15:00
Schedule next startup at:  2017-12-09 08:00:00
---------------------------------------------------
--------------- 2017-12-09 08:00:15 ---------------
Schedule next shutdown at: 2017-12-09 08:15:00
Schedule next startup at:  2017-12-09 09:00:00
---------------------------------------------------
--------------- 2017-12-09 09:00:16 ---------------
Schedule next shutdown at: 2017-12-09 09:15:00
Schedule next startup at:  2017-12-09 10:00:00
---------------------------------------------------
--------------- 2017-12-09 10:00:15 ---------------
Schedule next shutdown at: 2017-12-09 10:15:00
Schedule next startup at:  2017-12-09 11:00:00
---------------------------------------------------
--------------- 2017-12-09 11:00:15 ---------------
Schedule next shutdown at: 2017-12-09 11:15:00
Schedule next startup at:  2017-12-09 12:00:00
---------------------------------------------------
--------------- 2017-12-09 12:00:15 ---------------
Schedule next shutdown at: 2017-12-09 12:15:00
Schedule next startup at:  2017-12-09 13:00:00
---------------------------------------------------
--------------- 2017-12-09 13:00:15 ---------------
Schedule next shutdown at: 2017-12-09 13:15:00
Schedule next startup at:  2017-12-09 14:00:00
---------------------------------------------------
--------------- 2017-12-09 14:00:16 ---------------
Schedule next shutdown at: 2017-12-09 14:15:00
Schedule next startup at:  2017-12-09 15:00:00
---------------------------------------------------
--------------- 2017-12-09 15:00:15 ---------------
Schedule next shutdown at: 2017-12-09 15:15:00
Schedule next startup at:  2017-12-09 16:00:00
---------------------------------------------------
--------------- 2017-12-09 16:00:15 ---------------
Schedule next shutdown at: 2017-12-09 16:15:00
Schedule next startup at:  2017-12-09 17:00:00
---------------------------------------------------
--------------- 2017-12-09 17:00:16 ---------------
Schedule next shutdown at: 2017-12-09 17:15:00
Schedule next startup at:  2017-12-09 18:00:00
---------------------------------------------------
--------------- 2017-12-09 18:00:16 ---------------
Schedule next shutdown at: 2017-12-09 18:15:00
Schedule next startup at:  2017-12-09 19:00:00
---------------------------------------------------
--------------- 2017-12-09 19:00:16 ---------------
Schedule next shutdown at: 2017-12-09 19:15:00
Schedule next startup at:  2017-12-10 07:00:00
---------------------------------------------------
--------------- 2017-12-10 07:00:15 ---------------
Schedule next shutdown at: 2017-12-10 07:15:00
Schedule next startup at:  2017-12-10 08:00:00
---------------------------------------------------
--------------- 2017-12-10 08:00:15 ---------------
Schedule next shutdown at: 2017-12-10 08:15:00
Schedule next startup at:  2017-12-10 09:00:00
---------------------------------------------------
--------------- 2017-12-10 09:00:15 ---------------
Schedule next shutdown at: 2017-12-10 09:15:00
Schedule next startup at:  2017-12-10 10:00:00
---------------------------------------------------
--------------- 2017-12-10 10:00:15 ---------------
Schedule next shutdown at: 2017-12-10 10:15:00
Schedule next startup at:  2017-12-10 11:00:00
---------------------------------------------------
--------------- 2017-12-10 11:00:15 ---------------
Schedule next shutdown at: 2017-12-10 11:15:00
Schedule next startup at:  2017-12-10 12:00:00
---------------------------------------------------
--------------- 2017-12-10 12:00:15 ---------------
Schedule next shutdown at: 2017-12-10 12:15:00
Schedule next startup at:  2017-12-10 13:00:00
---------------------------------------------------
--------------- 2017-12-10 13:00:15 ---------------
Schedule next shutdown at: 2017-12-10 13:15:00
Schedule next startup at:  2017-12-10 14:00:00
---------------------------------------------------
--------------- 2017-12-10 14:00:15 ---------------
Schedule next shutdown at: 2017-12-10 14:15:00
Schedule next startup at:  2017-12-10 15:00:00
---------------------------------------------------
--------------- 2017-12-10 15:00:15 ---------------
Schedule next shutdown at: 2017-12-10 15:15:00
Schedule next startup at:  2017-12-10 16:00:00
---------------------------------------------------
--------------- 2017-12-10 16:00:15 ---------------
Schedule next shutdown at: 2017-12-10 16:15:00
Schedule next startup at:  2017-12-10 17:00:00
---------------------------------------------------
--------------- 2017-12-10 17:00:15 ---------------
Schedule next shutdown at: 2017-12-10 17:15:00
Schedule next startup at:  2017-12-10 18:00:00
---------------------------------------------------
--------------- 2017-12-10 18:00:16 ---------------
Schedule next shutdown at: 2017-12-10 18:15:00
Schedule next startup at:  2017-12-10 19:00:00
---------------------------------------------------
--------------- 2017-12-10 19:00:16 ---------------
Schedule next shutdown at: 2017-12-10 19:15:00
Schedule next startup at:  2017-12-11 07:00:00
---------------------------------------------------
--------------- 2017-12-11 07:00:15 ---------------
Schedule next shutdown at: 2017-12-11 07:15:00
Schedule next startup at:  2017-12-11 08:00:00
---------------------------------------------------
--------------- 2017-12-11 08:00:15 ---------------
Schedule next shutdown at: 2017-12-11 08:15:00
Schedule next startup at:  2017-12-11 09:00:00
---------------------------------------------------
--------------- 2017-12-11 09:00:15 ---------------
Schedule next shutdown at: 2017-12-11 09:15:00
Schedule next startup at:  2017-12-11 10:00:00
---------------------------------------------------
--------------- 2017-12-11 10:00:16 ---------------
Schedule next shutdown at: 2017-12-11 10:15:00
Schedule next startup at:  2017-12-11 11:00:00
---------------------------------------------------
--------------- 2017-12-11 11:00:15 ---------------
Schedule next shutdown at: 2017-12-11 11:15:00
Schedule next startup at:  2017-12-11 12:00:00
---------------------------------------------------
--------------- 2017-12-11 12:00:16 ---------------
Schedule next shutdown at: 2017-12-11 12:15:00
Schedule next startup at:  2017-12-11 13:00:00
---------------------------------------------------
--------------- 2017-12-11 13:00:16 ---------------
Schedule next shutdown at: 2017-12-11 13:15:00
Schedule next startup at:  2017-12-11 14:00:00
---------------------------------------------------
--------------- 2017-12-11 14:00:15 ---------------
Schedule next shutdown at: 2017-12-11 14:15:00
Schedule next startup at:  2017-12-11 15:00:00
---------------------------------------------------
--------------- 2017-12-11 15:00:16 ---------------
Schedule next shutdown at: 2017-12-11 15:15:00
Schedule next startup at:  2017-12-11 16:00:00
---------------------------------------------------
--------------- 2017-12-11 16:00:15 ---------------
Schedule next shutdown at: 2017-12-11 16:15:00
Schedule next startup at:  2017-12-11 17:00:00
---------------------------------------------------
--------------- 2017-12-11 17:00:16 ---------------
Schedule next shutdown at: 2017-12-11 17:15:00
Schedule next startup at:  2017-12-11 18:00:00
---------------------------------------------------
--------------- 2017-12-11 18:00:16 ---------------
Schedule next shutdown at: 2017-12-11 18:15:00
Schedule next startup at:  2017-12-11 19:00:00
---------------------------------------------------
--------------- 2017-12-11 19:00:15 ---------------
Schedule next shutdown at: 2017-12-11 19:15:00
Schedule next startup at:  2017-12-12 07:00:00
---------------------------------------------------
--------------- 2017-12-12 07:00:16 ---------------
Schedule next shutdown at: 2017-12-12 07:15:00
Schedule next startup at:  2017-12-12 08:00:00
---------------------------------------------------
--------------- 2017-12-12 08:00:15 ---------------
Schedule next shutdown at: 2017-12-12 08:15:00
Schedule next startup at:  2017-12-12 09:00:00
---------------------------------------------------
--------------- 2017-12-12 09:00:16 ---------------
Schedule next shutdown at: 2017-12-12 09:15:00
Schedule next startup at:  2017-12-12 10:00:00
---------------------------------------------------
--------------- 2017-12-12 10:00:16 ---------------
Schedule next shutdown at: 2017-12-12 10:15:00
Schedule next startup at:  2017-12-12 11:00:00
---------------------------------------------------
--------------- 2017-12-12 11:00:16 ---------------
Schedule next shutdown at: 2017-12-12 11:15:00
Schedule next startup at:  2017-12-12 12:00:00
---------------------------------------------------
--------------- 2017-12-12 12:00:15 ---------------
Schedule next shutdown at: 2017-12-12 12:15:00
Schedule next startup at:  2017-12-12 13:00:00
---------------------------------------------------
--------------- 2017-12-12 13:00:16 ---------------
Schedule next shutdown at: 2017-12-12 13:15:00
Schedule next startup at:  2017-12-12 14:00:00
---------------------------------------------------
--------------- 2017-12-12 14:00:16 ---------------
Schedule next shutdown at: 2017-12-12 14:15:00
Schedule next startup at:  2017-12-12 15:00:00
---------------------------------------------------
--------------- 2017-12-12 15:00:15 ---------------
Schedule next shutdown at: 2017-12-12 15:15:00
Schedule next startup at:  2017-12-12 16:00:00
---------------------------------------------------
--------------- 2017-12-12 16:00:15 ---------------
Schedule next shutdown at: 2017-12-12 16:15:00
Schedule next startup at:  2017-12-12 17:00:00
---------------------------------------------------
--------------- 2017-12-12 17:00:16 ---------------
Schedule next shutdown at: 2017-12-12 17:15:00
Schedule next startup at:  2017-12-12 18:00:00
---------------------------------------------------
--------------- 2017-12-12 18:00:15 ---------------
Schedule next shutdown at: 2017-12-12 18:15:00
Schedule next startup at:  2017-12-12 19:00:00
---------------------------------------------------
--------------- 2017-12-12 19:00:15 ---------------
Schedule next shutdown at: 2017-12-12 19:15:00
Schedule next startup at:  2017-12-13 07:00:00
---------------------------------------------------
--------------- 2017-12-13 07:00:16 ---------------
Schedule next shutdown at: 2017-12-13 07:15:00
Schedule next startup at:  2017-12-13 08:00:00
---------------------------------------------------
--------------- 2017-12-13 08:00:16 ---------------
Schedule next shutdown at: 2017-12-13 08:15:00
Schedule next startup at:  2017-12-13 09:00:00
---------------------------------------------------
--------------- 2017-12-13 09:00:15 ---------------
Schedule next shutdown at: 2017-12-13 09:15:00
Schedule next startup at:  2017-12-13 10:00:00
---------------------------------------------------
--------------- 2017-12-13 10:00:15 ---------------
Schedule next shutdown at: 2017-12-13 10:15:00
Schedule next startup at:  2017-12-13 11:00:00
---------------------------------------------------
--------------- 2017-12-13 11:00:15 ---------------
Schedule next shutdown at: 2017-12-13 11:15:00
Schedule next startup at:  2017-12-13 12:00:00
---------------------------------------------------
--------------- 2017-12-13 12:00:16 ---------------
Schedule next shutdown at: 2017-12-13 12:15:00
Schedule next startup at:  2017-12-13 13:00:00
---------------------------------------------------
--------------- 2017-12-13 13:00:15 ---------------
Schedule next shutdown at: 2017-12-13 13:15:00
Schedule next startup at:  2017-12-13 14:00:00
---------------------------------------------------
--------------- 2017-12-13 14:00:15 ---------------
Schedule next shutdown at: 2017-12-13 14:15:00
Schedule next startup at:  2017-12-13 15:00:00
---------------------------------------------------
--------------- 2017-12-13 15:00:16 ---------------
Schedule next shutdown at: 2017-12-13 15:15:00
Schedule next startup at:  2017-12-13 16:00:00
---------------------------------------------------
--------------- 2017-12-13 16:00:15 ---------------
Schedule next shutdown at: 2017-12-13 16:15:00
Schedule next startup at:  2017-12-13 17:00:00
---------------------------------------------------
--------------- 2017-12-13 17:00:16 ---------------
Schedule next shutdown at: 2017-12-13 17:15:00
Schedule next startup at:  2017-12-13 18:00:00
---------------------------------------------------
--------------- 2017-12-13 18:00:15 ---------------
Schedule next shutdown at: 2017-12-13 18:15:00
Schedule next startup at:  2017-12-13 19:00:00
---------------------------------------------------
--------------- 2017-12-13 19:00:15 ---------------
Schedule next shutdown at: 2017-12-13 19:15:00
Schedule next startup at:  2017-12-14 07:00:00
---------------------------------------------------
--------------- 2017-12-14 07:00:16 ---------------
Schedule next shutdown at: 2017-12-14 07:15:00
Schedule next startup at:  2017-12-14 08:00:00
---------------------------------------------------
--------------- 2017-12-14 08:00:16 ---------------
Schedule next shutdown at: 2017-12-14 08:15:00
Schedule next startup at:  2017-12-14 09:00:00
---------------------------------------------------
--------------- 2017-12-14 09:00:15 ---------------
Schedule next shutdown at: 2017-12-14 09:15:00
Schedule next startup at:  2017-12-14 10:00:00
---------------------------------------------------
--------------- 2017-12-14 10:00:16 ---------------
Schedule next shutdown at: 2017-12-14 10:15:00
Schedule next startup at:  2017-12-14 11:00:00
---------------------------------------------------
--------------- 2017-12-14 11:00:16 ---------------
Schedule next shutdown at: 2017-12-14 11:15:00
Schedule next startup at:  2017-12-14 12:00:00
---------------------------------------------------
--------------- 2017-12-14 12:00:16 ---------------
Schedule next shutdown at: 2017-12-14 12:15:00
Schedule next startup at:  2017-12-14 13:00:00
---------------------------------------------------
--------------- 2017-12-14 13:00:16 ---------------
Schedule next shutdown at: 2017-12-14 13:15:00
Schedule next startup at:  2017-12-14 14:00:00
---------------------------------------------------
--------------- 2017-12-14 14:00:16 ---------------
Schedule next shutdown at: 2017-12-14 14:15:00
Schedule next startup at:  2017-12-14 15:00:00
---------------------------------------------------
--------------- 2017-12-14 15:00:15 ---------------
Schedule next shutdown at: 2017-12-14 15:15:00
Schedule next startup at:  2017-12-14 16:00:00
---------------------------------------------------
--------------- 2017-12-14 16:00:15 ---------------
Schedule next shutdown at: 2017-12-14 16:15:00
Schedule next startup at:  2017-12-14 17:00:00
---------------------------------------------------
--------------- 2017-12-14 17:00:15 ---------------
Schedule next shutdown at: 2017-12-14 17:15:00
Schedule next startup at:  2017-12-14 18:00:00
---------------------------------------------------
--------------- 2017-12-14 18:00:15 ---------------
Schedule next shutdown at: 2017-12-14 18:15:00
Schedule next startup at:  2017-12-14 19:00:00
---------------------------------------------------
--------------- 2017-12-14 19:00:16 ---------------
Schedule next shutdown at: 2017-12-14 19:15:00
Schedule next startup at:  2017-12-15 07:00:00
---------------------------------------------------
--------------- 2017-12-15 07:00:15 ---------------
Schedule next shutdown at: 2017-12-15 07:15:00
Schedule next startup at:  2017-12-15 08:00:00
---------------------------------------------------
--------------- 2017-12-15 08:00:15 ---------------
Schedule next shutdown at: 2017-12-15 08:15:00
Schedule next startup at:  2017-12-15 09:00:00
---------------------------------------------------
--------------- 2017-12-15 09:00:15 ---------------
Schedule next shutdown at: 2017-12-15 09:15:00
Schedule next startup at:  2017-12-15 10:00:00
---------------------------------------------------
--------------- 2017-12-15 10:00:16 ---------------
Schedule next shutdown at: 2017-12-15 10:15:00
Schedule next startup at:  2017-12-15 11:00:00
---------------------------------------------------
--------------- 2017-12-15 11:00:16 ---------------
Schedule next shutdown at: 2017-12-15 11:15:00
Schedule next startup at:  2017-12-15 12:00:00
---------------------------------------------------
--------------- 2017-12-15 12:00:15 ---------------
Schedule next shutdown at: 2017-12-15 12:15:00
Schedule next startup at:  2017-12-15 13:00:00
---------------------------------------------------
--------------- 2017-12-15 13:00:15 ---------------
Schedule next shutdown at: 2017-12-15 13:15:00
Schedule next startup at:  2017-12-15 14:00:00
---------------------------------------------------
--------------- 2017-12-15 14:00:15 ---------------
Schedule next shutdown at: 2017-12-15 14:15:00
Schedule next startup at:  2017-12-15 15:00:00
---------------------------------------------------
--------------- 2017-12-15 15:00:15 ---------------
Schedule next shutdown at: 2017-12-15 15:15:00
Schedule next startup at:  2017-12-15 16:00:00
---------------------------------------------------
--------------- 2017-12-15 16:00:15 ---------------
Schedule next shutdown at: 2017-12-15 16:15:00
Schedule next startup at:  2017-12-15 17:00:00
---------------------------------------------------
--------------- 2017-12-15 17:00:16 ---------------
Schedule next shutdown at: 2017-12-15 17:15:00
Schedule next startup at:  2017-12-15 18:00:00
---------------------------------------------------
--------------- 2017-12-15 18:00:15 ---------------
Schedule next shutdown at: 2017-12-15 18:15:00
Schedule next startup at:  2017-12-15 19:00:00
---------------------------------------------------
--------------- 2017-12-15 19:00:15 ---------------
Schedule next shutdown at: 2017-12-15 19:15:00
Schedule next startup at:  2017-12-16 07:00:00
---------------------------------------------------
--------------- 2017-12-16 07:00:16 ---------------
Schedule next shutdown at: 2017-12-16 07:15:00
Schedule next startup at:  2017-12-16 08:00:00
---------------------------------------------------
--------------- 2017-12-16 08:00:15 ---------------
Schedule next shutdown at: 2017-12-16 08:15:00
Schedule next startup at:  2017-12-16 09:00:00
---------------------------------------------------
--------------- 2017-12-16 09:00:16 ---------------
Schedule next shutdown at: 2017-12-16 09:15:00
Schedule next startup at:  2017-12-16 10:00:00
---------------------------------------------------
--------------- 2017-12-16 10:00:15 ---------------
Schedule next shutdown at: 2017-12-16 10:15:00
Schedule next startup at:  2017-12-16 11:00:00
---------------------------------------------------
--------------- 2017-12-16 11:00:15 ---------------
Schedule next shutdown at: 2017-12-16 11:15:00
Schedule next startup at:  2017-12-16 12:00:00
---------------------------------------------------
--------------- 2017-12-16 12:00:15 ---------------
Schedule next shutdown at: 2017-12-16 12:15:00
Schedule next startup at:  2017-12-16 13:00:00
---------------------------------------------------
--------------- 2017-12-16 13:00:15 ---------------
Schedule next shutdown at: 2017-12-16 13:15:00
Schedule next startup at:  2017-12-16 14:00:00
---------------------------------------------------
--------------- 2017-12-16 14:00:16 ---------------
Schedule next shutdown at: 2017-12-16 14:15:00
Schedule next startup at:  2017-12-16 15:00:00
---------------------------------------------------
--------------- 2017-12-16 15:00:15 ---------------
Schedule next shutdown at: 2017-12-16 15:15:00
Schedule next startup at:  2017-12-16 16:00:00
---------------------------------------------------
--------------- 2017-12-16 16:00:15 ---------------
Schedule next shutdown at: 2017-12-16 16:15:00
Schedule next startup at:  2017-12-16 17:00:00
---------------------------------------------------
--------------- 2017-12-16 17:00:16 ---------------
Schedule next shutdown at: 2017-12-16 17:15:00
Schedule next startup at:  2017-12-16 18:00:00
---------------------------------------------------
--------------- 2017-12-16 18:00:15 ---------------
Schedule next shutdown at: 2017-12-16 18:15:00
Schedule next startup at:  2017-12-16 19:00:00
---------------------------------------------------
--------------- 2017-12-16 19:00:15 ---------------
Schedule next shutdown at: 2017-12-16 19:15:00
Schedule next startup at:  2017-12-17 07:00:00
---------------------------------------------------
--------------- 2017-12-17 07:00:15 ---------------
Schedule next shutdown at: 2017-12-17 07:15:00
Schedule next startup at:  2017-12-17 08:00:00
---------------------------------------------------
--------------- 2017-12-17 08:00:15 ---------------
Schedule next shutdown at: 2017-12-17 08:15:00
Schedule next startup at:  2017-12-17 09:00:00
---------------------------------------------------
--------------- 2017-12-17 09:00:16 ---------------
Schedule next shutdown at: 2017-12-17 09:15:00
Schedule next startup at:  2017-12-17 10:00:00
---------------------------------------------------
--------------- 2017-12-17 10:00:15 ---------------
Schedule next shutdown at: 2017-12-17 10:15:00
Schedule next startup at:  2017-12-17 11:00:00
---------------------------------------------------
--------------- 2017-12-17 11:00:16 ---------------
Schedule next shutdown at: 2017-12-17 11:15:00
Schedule next startup at:  2017-12-17 12:00:00
---------------------------------------------------
--------------- 2017-12-17 12:00:15 ---------------
Schedule next shutdown at: 2017-12-17 12:15:00
Schedule next startup at:  2017-12-17 13:00:00
---------------------------------------------------
--------------- 2017-12-17 13:00:15 ---------------
Schedule next shutdown at: 2017-12-17 13:15:00
Schedule next startup at:  2017-12-17 14:00:00
---------------------------------------------------
--------------- 2017-12-17 14:00:16 ---------------
Schedule next shutdown at: 2017-12-17 14:15:00
Schedule next startup at:  2017-12-17 15:00:00
---------------------------------------------------
--------------- 2017-12-17 15:00:15 ---------------
Schedule next shutdown at: 2017-12-17 15:15:00
Schedule next startup at:  2017-12-17 16:00:00
---------------------------------------------------
--------------- 2017-12-17 16:00:15 ---------------
Schedule next shutdown at: 2017-12-17 16:15:00
Schedule next startup at:  2017-12-17 17:00:00
---------------------------------------------------
--------------- 2017-12-17 17:00:15 ---------------
Schedule next shutdown at: 2017-12-17 17:15:00
Schedule next startup at:  2017-12-17 18:00:00
---------------------------------------------------
--------------- 2017-12-17 18:00:15 ---------------
Schedule next shutdown at: 2017-12-17 18:15:00
Schedule next startup at:  2017-12-17 19:00:00
---------------------------------------------------
--------------- 2017-12-17 19:00:15 ---------------
Schedule next shutdown at: 2017-12-17 19:15:00
Schedule next startup at:  2017-12-18 07:00:00
---------------------------------------------------
--------------- 2017-12-18 07:00:16 ---------------
Schedule next shutdown at: 2017-12-18 07:15:00
Schedule next startup at:  2017-12-18 08:00:00
---------------------------------------------------
--------------- 2017-12-18 08:00:15 ---------------
Schedule next shutdown at: 2017-12-18 08:15:00
Schedule next startup at:  2017-12-18 09:00:00
---------------------------------------------------
--------------- 2017-12-18 09:00:15 ---------------
Schedule next shutdown at: 2017-12-18 09:15:00
Schedule next startup at:  2017-12-18 10:00:00
---------------------------------------------------
--------------- 2017-12-18 10:00:16 ---------------
Schedule next shutdown at: 2017-12-18 10:15:00
Schedule next startup at:  2017-12-18 11:00:00
---------------------------------------------------
--------------- 2017-12-18 11:00:15 ---------------
Schedule next shutdown at: 2017-12-18 11:15:00
Schedule next startup at:  2017-12-18 12:00:00
---------------------------------------------------
--------------- 2017-12-18 12:00:15 ---------------
Schedule next shutdown at: 2017-12-18 12:15:00
Schedule next startup at:  2017-12-18 13:00:00
---------------------------------------------------
--------------- 2017-12-18 13:00:15 ---------------
Schedule next shutdown at: 2017-12-18 13:15:00
Schedule next startup at:  2017-12-18 14:00:00
---------------------------------------------------
--------------- 2017-12-18 14:00:16 ---------------
Schedule next shutdown at: 2017-12-18 14:15:00
Schedule next startup at:  2017-12-18 15:00:00
---------------------------------------------------
--------------- 2017-12-18 15:00:16 ---------------
Schedule next shutdown at: 2017-12-18 15:15:00
Schedule next startup at:  2017-12-18 16:00:00
---------------------------------------------------
--------------- 2017-12-18 16:00:15 ---------------
Schedule next shutdown at: 2017-12-18 16:15:00
Schedule next startup at:  2017-12-18 17:00:00
---------------------------------------------------
--------------- 2017-12-18 17:00:15 ---------------
Schedule next shutdown at: 2017-12-18 17:15:00
Schedule next startup at:  2017-12-18 18:00:00
---------------------------------------------------
--------------- 2017-12-18 18:00:16 ---------------
Schedule next shutdown at: 2017-12-18 18:15:00
Schedule next startup at:  2017-12-18 19:00:00
---------------------------------------------------
--------------- 2017-12-18 19:00:15 ---------------
Schedule next shutdown at: 2017-12-18 19:15:00
Schedule next startup at:  2017-12-19 07:00:00
---------------------------------------------------
--------------- 2017-12-19 07:00:16 ---------------
Schedule next shutdown at: 2017-12-19 07:15:00
Schedule next startup at:  2017-12-19 08:00:00
---------------------------------------------------
--------------- 2017-12-19 08:00:15 ---------------
Schedule next shutdown at: 2017-12-19 08:15:00
Schedule next startup at:  2017-12-19 09:00:00
---------------------------------------------------
--------------- 2017-12-19 09:00:15 ---------------
Schedule next shutdown at: 2017-12-19 09:15:00
Schedule next startup at:  2017-12-19 10:00:00
---------------------------------------------------
--------------- 2017-12-19 10:00:15 ---------------
Schedule next shutdown at: 2017-12-19 10:15:00
Schedule next startup at:  2017-12-19 11:00:00
---------------------------------------------------
--------------- 2017-12-19 11:00:16 ---------------
Schedule next shutdown at: 2017-12-19 11:15:00
Schedule next startup at:  2017-12-19 12:00:00
---------------------------------------------------
--------------- 2017-12-19 12:00:15 ---------------
Schedule next shutdown at: 2017-12-19 12:15:00
Schedule next startup at:  2017-12-19 13:00:00
---------------------------------------------------
--------------- 2017-12-19 13:00:15 ---------------
Schedule next shutdown at: 2017-12-19 13:15:00
Schedule next startup at:  2017-12-19 14:00:00
---------------------------------------------------
--------------- 2017-12-19 14:00:15 ---------------
Schedule next shutdown at: 2017-12-19 14:15:00
Schedule next startup at:  2017-12-19 15:00:00
---------------------------------------------------
--------------- 2017-12-19 15:00:15 ---------------
Schedule next shutdown at: 2017-12-19 15:15:00
Schedule next startup at:  2017-12-19 16:00:00
---------------------------------------------------
--------------- 2017-12-19 16:00:16 ---------------
Schedule next shutdown at: 2017-12-19 16:15:00
Schedule next startup at:  2017-12-19 17:00:00
---------------------------------------------------
--------------- 2017-12-19 17:00:15 ---------------
Schedule next shutdown at: 2017-12-19 17:15:00
Schedule next startup at:  2017-12-19 18:00:00
---------------------------------------------------
--------------- 2017-12-19 18:00:16 ---------------
Schedule next shutdown at: 2017-12-19 18:15:00
Schedule next startup at:  2017-12-19 19:00:00
---------------------------------------------------
--------------- 2017-12-19 19:00:16 ---------------
Schedule next shutdown at: 2017-12-19 19:15:00
Schedule next startup at:  2017-12-20 07:00:00
---------------------------------------------------
--------------- 2017-12-20 07:00:15 ---------------
Schedule next shutdown at: 2017-12-20 07:15:00
Schedule next startup at:  2017-12-20 08:00:00
---------------------------------------------------
--------------- 2017-12-20 08:00:15 ---------------
Schedule next shutdown at: 2017-12-20 08:15:00
Schedule next startup at:  2017-12-20 09:00:00
---------------------------------------------------
--------------- 2017-12-20 09:00:15 ---------------
Schedule next shutdown at: 2017-12-20 09:15:00
Schedule next startup at:  2017-12-20 10:00:00
---------------------------------------------------
--------------- 2017-12-20 10:00:16 ---------------
Schedule next shutdown at: 2017-12-20 10:15:00
Schedule next startup at:  2017-12-20 11:00:00
---------------------------------------------------
--------------- 2017-12-20 11:00:15 ---------------
Schedule next shutdown at: 2017-12-20 11:15:00
Schedule next startup at:  2017-12-20 12:00:00
---------------------------------------------------
--------------- 2017-12-20 12:00:16 ---------------
Schedule next shutdown at: 2017-12-20 12:15:00
Schedule next startup at:  2017-12-20 13:00:00
---------------------------------------------------
--------------- 2017-12-20 13:00:16 ---------------
Schedule next shutdown at: 2017-12-20 13:15:00
Schedule next startup at:  2017-12-20 14:00:00
---------------------------------------------------
--------------- 2017-12-20 14:00:15 ---------------
Schedule next shutdown at: 2017-12-20 14:15:00
Schedule next startup at:  2017-12-20 15:00:00
---------------------------------------------------
--------------- 2017-12-20 15:00:16 ---------------
Schedule next shutdown at: 2017-12-20 15:15:00
Schedule next startup at:  2017-12-20 16:00:00
---------------------------------------------------
--------------- 2017-12-20 16:00:15 ---------------
Schedule next shutdown at: 2017-12-20 16:15:00
Schedule next startup at:  2017-12-20 17:00:00
---------------------------------------------------
--------------- 2017-12-20 17:00:16 ---------------
Schedule next shutdown at: 2017-12-20 17:15:00
Schedule next startup at:  2017-12-20 18:00:00
---------------------------------------------------
--------------- 2017-12-20 18:00:15 ---------------
Schedule next shutdown at: 2017-12-20 18:15:00
Schedule next startup at:  2017-12-20 19:00:00
---------------------------------------------------
--------------- 2017-12-20 19:00:15 ---------------
Schedule next shutdown at: 2017-12-20 19:15:00
Schedule next startup at:  2017-12-21 07:00:00
---------------------------------------------------
--------------- 2017-12-21 07:00:15 ---------------
Schedule next shutdown at: 2017-12-21 07:15:00
Schedule next startup at:  2017-12-21 08:00:00
---------------------------------------------------
--------------- 2017-12-21 08:00:16 ---------------
Schedule next shutdown at: 2017-12-21 08:15:00
Schedule next startup at:  2017-12-21 09:00:00
---------------------------------------------------
--------------- 2017-12-21 09:00:15 ---------------
Schedule next shutdown at: 2017-12-21 09:15:00
Schedule next startup at:  2017-12-21 10:00:00
---------------------------------------------------
--------------- 2017-12-21 10:00:15 ---------------
Schedule next shutdown at: 2017-12-21 10:15:00
Schedule next startup at:  2017-12-21 11:00:00
---------------------------------------------------
--------------- 2017-12-21 11:00:15 ---------------
Schedule next shutdown at: 2017-12-21 11:15:00
Schedule next startup at:  2017-12-21 12:00:00
---------------------------------------------------
--------------- 2017-12-21 12:00:15 ---------------
Schedule next shutdown at: 2017-12-21 12:15:00
Schedule next startup at:  2017-12-21 13:00:00
---------------------------------------------------
--------------- 2017-12-21 13:00:16 ---------------
Schedule next shutdown at: 2017-12-21 13:15:00
Schedule next startup at:  2017-12-21 14:00:00
---------------------------------------------------
--------------- 2017-12-21 14:00:16 ---------------
Schedule next shutdown at: 2017-12-21 14:15:00
Schedule next startup at:  2017-12-21 15:00:00
---------------------------------------------------
--------------- 2017-12-21 15:00:15 ---------------
Schedule next shutdown at: 2017-12-21 15:15:00
Schedule next startup at:  2017-12-21 16:00:00
---------------------------------------------------
--------------- 2017-12-21 16:00:15 ---------------
Schedule next shutdown at: 2017-12-21 16:15:00
Schedule next startup at:  2017-12-21 17:00:00
---------------------------------------------------
--------------- 2017-12-21 17:00:15 ---------------
Schedule next shutdown at: 2017-12-21 17:15:00
Schedule next startup at:  2017-12-21 18:00:00
---------------------------------------------------
--------------- 2017-12-21 18:00:16 ---------------
Schedule next shutdown at: 2017-12-21 18:15:00
Schedule next startup at:  2017-12-21 19:00:00
---------------------------------------------------
--------------- 2017-12-21 19:00:15 ---------------
Schedule next shutdown at: 2017-12-21 19:15:00
Schedule next startup at:  2017-12-22 07:00:00
---------------------------------------------------
--------------- 2017-12-22 07:00:15 ---------------
Schedule next shutdown at: 2017-12-22 07:15:00
Schedule next startup at:  2017-12-22 08:00:00
---------------------------------------------------
--------------- 2017-12-22 08:00:16 ---------------
Schedule next shutdown at: 2017-12-22 08:15:00
Schedule next startup at:  2017-12-22 09:00:00
---------------------------------------------------
--------------- 2017-12-22 09:00:16 ---------------
Schedule next shutdown at: 2017-12-22 09:15:00
Schedule next startup at:  2017-12-22 10:00:00
---------------------------------------------------
--------------- 2017-12-22 10:00:15 ---------------
Schedule next shutdown at: 2017-12-22 10:15:00
Schedule next startup at:  2017-12-22 11:00:00
---------------------------------------------------
--------------- 2017-12-22 11:00:16 ---------------
Schedule next shutdown at: 2017-12-22 11:15:00
Schedule next startup at:  2017-12-22 12:00:00
---------------------------------------------------
--------------- 2017-12-22 12:00:15 ---------------
Schedule next shutdown at: 2017-12-22 12:15:00
Schedule next startup at:  2017-12-22 13:00:00
---------------------------------------------------
--------------- 2017-12-22 13:00:16 ---------------
Schedule next shutdown at: 2017-12-22 13:15:00
Schedule next startup at:  2017-12-22 14:00:00
---------------------------------------------------
--------------- 2017-12-22 14:00:15 ---------------
Schedule next shutdown at: 2017-12-22 14:15:00
Schedule next startup at:  2017-12-22 15:00:00
---------------------------------------------------
--------------- 2017-12-22 15:00:16 ---------------
Schedule next shutdown at: 2017-12-22 15:15:00
Schedule next startup at:  2017-12-22 16:00:00
---------------------------------------------------
--------------- 2017-12-22 16:00:15 ---------------
Schedule next shutdown at: 2017-12-22 16:15:00
Schedule next startup at:  2017-12-22 17:00:00
---------------------------------------------------
--------------- 2017-12-22 17:00:15 ---------------
Schedule next shutdown at: 2017-12-22 17:15:00
Schedule next startup at:  2017-12-22 18:00:00
---------------------------------------------------
--------------- 2017-12-22 18:00:15 ---------------
Schedule next shutdown at: 2017-12-22 18:15:00
Schedule next startup at:  2017-12-22 19:00:00
---------------------------------------------------
--------------- 2017-12-22 19:00:15 ---------------
Schedule next shutdown at: 2017-12-22 19:15:00
Schedule next startup at:  2017-12-23 07:00:00
---------------------------------------------------
--------------- 2017-12-23 07:00:15 ---------------
Schedule next shutdown at: 2017-12-23 07:15:00
Schedule next startup at:  2017-12-23 08:00:00
---------------------------------------------------
--------------- 2017-12-23 08:00:15 ---------------
Schedule next shutdown at: 2017-12-23 08:15:00
Schedule next startup at:  2017-12-23 09:00:00
---------------------------------------------------
--------------- 2017-12-23 09:00:16 ---------------
Schedule next shutdown at: 2017-12-23 09:15:00
Schedule next startup at:  2017-12-23 10:00:00
---------------------------------------------------
--------------- 2017-12-23 10:00:16 ---------------
Schedule next shutdown at: 2017-12-23 10:15:00
Schedule next startup at:  2017-12-23 11:00:00
---------------------------------------------------
--------------- 2017-12-23 11:00:15 ---------------
Schedule next shutdown at: 2017-12-23 11:15:00
Schedule next startup at:  2017-12-23 12:00:00
---------------------------------------------------
--------------- 2017-12-23 12:00:16 ---------------
Schedule next shutdown at: 2017-12-23 12:15:00
Schedule next startup at:  2017-12-23 13:00:00
---------------------------------------------------
--------------- 2017-12-23 13:00:16 ---------------
Schedule next shutdown at: 2017-12-23 13:15:00
Schedule next startup at:  2017-12-23 14:00:00
---------------------------------------------------
--------------- 2017-12-23 14:00:15 ---------------
Schedule next shutdown at: 2017-12-23 14:15:00
Schedule next startup at:  2017-12-23 15:00:00
---------------------------------------------------
--------------- 2017-12-23 15:00:15 ---------------
Schedule next shutdown at: 2017-12-23 15:15:00
Schedule next startup at:  2017-12-23 16:00:00
---------------------------------------------------
--------------- 2017-12-23 16:00:15 ---------------
Schedule next shutdown at: 2017-12-23 16:15:00
Schedule next startup at:  2017-12-23 17:00:00
---------------------------------------------------
--------------- 2017-12-23 17:00:15 ---------------
Schedule next shutdown at: 2017-12-23 17:15:00
Schedule next startup at:  2017-12-23 18:00:00
---------------------------------------------------
--------------- 2017-12-23 18:00:16 ---------------
Schedule next shutdown at: 2017-12-23 18:15:00
Schedule next startup at:  2017-12-23 19:00:00
---------------------------------------------------
--------------- 2017-12-23 19:00:15 ---------------
Schedule next shutdown at: 2017-12-23 19:15:00
Schedule next startup at:  2017-12-24 07:00:00
---------------------------------------------------
--------------- 2017-12-24 07:00:15 ---------------
Schedule next shutdown at: 2017-12-24 07:15:00
Schedule next startup at:  2017-12-24 08:00:00
---------------------------------------------------
--------------- 2017-12-24 08:00:16 ---------------
Schedule next shutdown at: 2017-12-24 08:15:00
Schedule next startup at:  2017-12-24 09:00:00
---------------------------------------------------
--------------- 2017-12-24 09:00:16 ---------------
Schedule next shutdown at: 2017-12-24 09:15:00
Schedule next startup at:  2017-12-24 10:00:00
---------------------------------------------------
--------------- 2017-12-24 10:00:15 ---------------
Schedule next shutdown at: 2017-12-24 10:15:00
Schedule next startup at:  2017-12-24 11:00:00
---------------------------------------------------
--------------- 2017-12-24 11:00:16 ---------------
Schedule next shutdown at: 2017-12-24 11:15:00
Schedule next startup at:  2017-12-24 12:00:00
---------------------------------------------------
--------------- 2017-12-24 12:00:16 ---------------
Schedule next shutdown at: 2017-12-24 12:15:00
Schedule next startup at:  2017-12-24 13:00:00
---------------------------------------------------
--------------- 2017-12-24 13:00:15 ---------------
Schedule next shutdown at: 2017-12-24 13:15:00
Schedule next startup at:  2017-12-24 14:00:00
---------------------------------------------------
--------------- 2017-12-24 14:00:15 ---------------
Schedule next shutdown at: 2017-12-24 14:15:00
Schedule next startup at:  2017-12-24 15:00:00
---------------------------------------------------
--------------- 2017-12-24 15:00:15 ---------------
Schedule next shutdown at: 2017-12-24 15:15:00
Schedule next startup at:  2017-12-24 16:00:00
---------------------------------------------------
--------------- 2017-12-24 16:00:16 ---------------
Schedule next shutdown at: 2017-12-24 16:15:00
Schedule next startup at:  2017-12-24 17:00:00
---------------------------------------------------
--------------- 2017-12-24 17:00:15 ---------------
Schedule next shutdown at: 2017-12-24 17:15:00
Schedule next startup at:  2017-12-24 18:00:00
---------------------------------------------------
--------------- 2017-12-24 18:00:15 ---------------
Schedule next shutdown at: 2017-12-24 18:15:00
Schedule next startup at:  2017-12-24 19:00:00
---------------------------------------------------
--------------- 2017-12-24 19:00:15 ---------------
Schedule next shutdown at: 2017-12-24 19:15:00
Schedule next startup at:  2017-12-25 07:00:00
---------------------------------------------------
--------------- 2017-12-25 07:00:16 ---------------
Schedule next shutdown at: 2017-12-25 07:15:00
Schedule next startup at:  2017-12-25 08:00:00
---------------------------------------------------
--------------- 2017-12-25 08:00:15 ---------------
Schedule next shutdown at: 2017-12-25 08:15:00
Schedule next startup at:  2017-12-25 09:00:00
---------------------------------------------------
--------------- 2017-12-25 09:00:16 ---------------
Schedule next shutdown at: 2017-12-25 09:15:00
Schedule next startup at:  2017-12-25 10:00:00
---------------------------------------------------
--------------- 2017-12-25 10:00:16 ---------------
Schedule next shutdown at: 2017-12-25 10:15:00
Schedule next startup at:  2017-12-25 11:00:00
---------------------------------------------------
--------------- 2017-12-25 11:00:15 ---------------
Schedule next shutdown at: 2017-12-25 11:15:00
Schedule next startup at:  2017-12-25 12:00:00
---------------------------------------------------
--------------- 2017-12-25 12:00:16 ---------------
Schedule next shutdown at: 2017-12-25 12:15:00
Schedule next startup at:  2017-12-25 13:00:00
---------------------------------------------------
--------------- 2017-12-25 13:00:15 ---------------
Schedule next shutdown at: 2017-12-25 13:15:00
Schedule next startup at:  2017-12-25 14:00:00
---------------------------------------------------
--------------- 2017-12-25 14:00:15 ---------------
Schedule next shutdown at: 2017-12-25 14:15:00
Schedule next startup at:  2017-12-25 15:00:00
---------------------------------------------------
--------------- 2017-12-25 15:00:15 ---------------
Schedule next shutdown at: 2017-12-25 15:15:00
Schedule next startup at:  2017-12-25 16:00:00
---------------------------------------------------
--------------- 2017-12-25 16:00:15 ---------------
Schedule next shutdown at: 2017-12-25 16:15:00
Schedule next startup at:  2017-12-25 17:00:00
---------------------------------------------------
--------------- 2017-12-25 17:00:16 ---------------
Schedule next shutdown at: 2017-12-25 17:15:00
Schedule next startup at:  2017-12-25 18:00:00
---------------------------------------------------
--------------- 2017-12-25 18:00:16 ---------------
Schedule next shutdown at: 2017-12-25 18:15:00
Schedule next startup at:  2017-12-25 19:00:00
---------------------------------------------------
--------------- 2017-12-25 19:00:16 ---------------
Schedule next shutdown at: 2017-12-25 19:15:00
Schedule next startup at:  2017-12-26 07:00:00
---------------------------------------------------
--------------- 2017-12-26 07:00:15 ---------------
Schedule next shutdown at: 2017-12-26 07:15:00
Schedule next startup at:  2017-12-26 08:00:00
---------------------------------------------------
--------------- 2017-12-26 08:00:15 ---------------
Schedule next shutdown at: 2017-12-26 08:15:00
Schedule next startup at:  2017-12-26 09:00:00
---------------------------------------------------
--------------- 2017-12-26 09:00:16 ---------------
Schedule next shutdown at: 2017-12-26 09:15:00
Schedule next startup at:  2017-12-26 10:00:00
---------------------------------------------------
--------------- 2017-12-26 10:00:15 ---------------
Schedule next shutdown at: 2017-12-26 10:15:00
Schedule next startup at:  2017-12-26 11:00:00
---------------------------------------------------
--------------- 2017-12-26 11:00:16 ---------------
Schedule next shutdown at: 2017-12-26 11:15:00
Schedule next startup at:  2017-12-26 12:00:00
---------------------------------------------------
--------------- 2017-12-26 12:00:15 ---------------
Schedule next shutdown at: 2017-12-26 12:15:00
Schedule next startup at:  2017-12-26 13:00:00
---------------------------------------------------
--------------- 2017-12-26 13:00:15 ---------------
Schedule next shutdown at: 2017-12-26 13:15:00
Schedule next startup at:  2017-12-26 14:00:00
---------------------------------------------------
--------------- 2017-12-26 14:00:15 ---------------
Schedule next shutdown at: 2017-12-26 14:15:00
Schedule next startup at:  2017-12-26 15:00:00
---------------------------------------------------
--------------- 2017-12-26 15:00:16 ---------------
Schedule next shutdown at: 2017-12-26 15:15:00
Schedule next startup at:  2017-12-26 16:00:00
---------------------------------------------------
--------------- 2017-12-26 16:00:15 ---------------
Schedule next shutdown at: 2017-12-26 16:15:00
Schedule next startup at:  2017-12-26 17:00:00
---------------------------------------------------
--------------- 2017-12-26 17:00:16 ---------------
Schedule next shutdown at: 2017-12-26 17:15:00
Schedule next startup at:  2017-12-26 18:00:00
---------------------------------------------------
--------------- 2017-12-26 18:00:15 ---------------
Schedule next shutdown at: 2017-12-26 18:15:00
Schedule next startup at:  2017-12-26 19:00:00
---------------------------------------------------
--------------- 2017-12-26 19:00:16 ---------------
Schedule next shutdown at: 2017-12-26 19:15:00
Schedule next startup at:  2017-12-27 07:00:00
---------------------------------------------------
--------------- 2017-12-27 07:00:15 ---------------
Schedule next shutdown at: 2017-12-27 07:15:00
Schedule next startup at:  2017-12-27 08:00:00
---------------------------------------------------
--------------- 2017-12-27 08:00:16 ---------------
Schedule next shutdown at: 2017-12-27 08:15:00
Schedule next startup at:  2017-12-27 09:00:00
---------------------------------------------------
--------------- 2017-12-27 09:00:15 ---------------
Schedule next shutdown at: 2017-12-27 09:15:00
Schedule next startup at:  2017-12-27 10:00:00
---------------------------------------------------
--------------- 2017-12-27 10:00:16 ---------------
Schedule next shutdown at: 2017-12-27 10:15:00
Schedule next startup at:  2017-12-27 11:00:00
---------------------------------------------------
--------------- 2017-12-27 11:00:16 ---------------
Schedule next shutdown at: 2017-12-27 11:15:00
Schedule next startup at:  2017-12-27 12:00:00
---------------------------------------------------
--------------- 2017-12-27 12:00:15 ---------------
Schedule next shutdown at: 2017-12-27 12:15:00
Schedule next startup at:  2017-12-27 13:00:00
---------------------------------------------------
--------------- 2017-12-27 13:00:15 ---------------
Schedule next shutdown at: 2017-12-27 13:15:00
Schedule next startup at:  2017-12-27 14:00:00
---------------------------------------------------
--------------- 2017-12-27 14:00:16 ---------------
Schedule next shutdown at: 2017-12-27 14:15:00
Schedule next startup at:  2017-12-27 15:00:00
---------------------------------------------------
--------------- 2017-12-27 15:00:15 ---------------
Schedule next shutdown at: 2017-12-27 15:15:00
Schedule next startup at:  2017-12-27 16:00:00
---------------------------------------------------
--------------- 2017-12-27 16:00:15 ---------------
Schedule next shutdown at: 2017-12-27 16:15:00
Schedule next startup at:  2017-12-27 17:00:00
---------------------------------------------------
--------------- 2017-12-27 17:00:16 ---------------
Schedule next shutdown at: 2017-12-27 17:15:00
Schedule next startup at:  2017-12-27 18:00:00
---------------------------------------------------
--------------- 2017-12-27 18:00:15 ---------------
Schedule next shutdown at: 2017-12-27 18:15:00
Schedule next startup at:  2017-12-27 19:00:00
---------------------------------------------------
--------------- 2017-12-27 19:00:16 ---------------
Schedule next shutdown at: 2017-12-27 19:15:00
Schedule next startup at:  2017-12-28 07:00:00
---------------------------------------------------
--------------- 2017-12-28 07:00:16 ---------------
Schedule next shutdown at: 2017-12-28 07:15:00
Schedule next startup at:  2017-12-28 08:00:00
---------------------------------------------------
--------------- 2017-12-28 08:00:16 ---------------
Schedule next shutdown at: 2017-12-28 08:15:00
Schedule next startup at:  2017-12-28 09:00:00
---------------------------------------------------
--------------- 2017-12-28 09:00:16 ---------------
Schedule next shutdown at: 2017-12-28 09:15:00
Schedule next startup at:  2017-12-28 10:00:00
---------------------------------------------------
--------------- 2017-12-28 10:00:15 ---------------
Schedule next shutdown at: 2017-12-28 10:15:00
Schedule next startup at:  2017-12-28 11:00:00
---------------------------------------------------
--------------- 2017-12-28 11:00:15 ---------------
Schedule next shutdown at: 2017-12-28 11:15:00
Schedule next startup at:  2017-12-28 12:00:00
---------------------------------------------------
--------------- 2017-12-28 12:00:15 ---------------
Schedule next shutdown at: 2017-12-28 12:15:00
Schedule next startup at:  2017-12-28 13:00:00
---------------------------------------------------
--------------- 2017-12-28 13:00:16 ---------------
Schedule next shutdown at: 2017-12-28 13:15:00
Schedule next startup at:  2017-12-28 14:00:00
---------------------------------------------------
--------------- 2017-12-28 14:00:16 ---------------
Schedule next shutdown at: 2017-12-28 14:15:00
Schedule next startup at:  2017-12-28 15:00:00
---------------------------------------------------
--------------- 2017-12-28 15:00:15 ---------------
Schedule next shutdown at: 2017-12-28 15:15:00
Schedule next startup at:  2017-12-28 16:00:00
---------------------------------------------------
--------------- 2017-12-28 16:00:15 ---------------
Schedule next shutdown at: 2017-12-28 16:15:00
Schedule next startup at:  2017-12-28 17:00:00
---------------------------------------------------
--------------- 2017-12-28 17:00:15 ---------------
Schedule next shutdown at: 2017-12-28 17:15:00
Schedule next startup at:  2017-12-28 18:00:00
---------------------------------------------------
--------------- 2017-12-28 18:00:15 ---------------
Schedule next shutdown at: 2017-12-28 18:15:00
Schedule next startup at:  2017-12-28 19:00:00
---------------------------------------------------
--------------- 2017-12-28 19:00:15 ---------------
Schedule next shutdown at: 2017-12-28 19:15:00
Schedule next startup at:  2017-12-29 07:00:00
---------------------------------------------------
--------------- 2017-12-29 07:00:15 ---------------
Schedule next shutdown at: 2017-12-29 07:15:00
Schedule next startup at:  2017-12-29 08:00:00
---------------------------------------------------
--------------- 2017-12-29 08:00:15 ---------------
Schedule next shutdown at: 2017-12-29 08:15:00
Schedule next startup at:  2017-12-29 09:00:00
---------------------------------------------------
--------------- 2017-12-29 09:00:15 ---------------
Schedule next shutdown at: 2017-12-29 09:15:00
Schedule next startup at:  2017-12-29 10:00:00
---------------------------------------------------
--------------- 2017-12-29 10:00:15 ---------------
Schedule next shutdown at: 2017-12-29 10:15:00
Schedule next startup at:  2017-12-29 11:00:00
---------------------------------------------------
--------------- 2017-12-29 11:00:15 ---------------
Schedule next shutdown at: 2017-12-29 11:15:00
Schedule next startup at:  2017-12-29 12:00:00
---------------------------------------------------
--------------- 2017-12-29 12:00:16 ---------------
Schedule next shutdown at: 2017-12-29 12:15:00
Schedule next startup at:  2017-12-29 13:00:00
---------------------------------------------------
--------------- 2017-12-29 13:00:15 ---------------
Schedule next shutdown at: 2017-12-29 13:15:00
Schedule next startup at:  2017-12-29 14:00:00
---------------------------------------------------
--------------- 2017-12-29 13:43:49 ---------------
Schedule script is interrupted, revising the schedule...
Schedule next shutdown at: 2017-12-29 13:59:00
Schedule next startup at:  2017-12-29 14:00:00
---------------------------------------------------
--------------- 2017-12-29 14:00:15 ---------------
Schedule next shutdown at: 2017-12-29 14:15:00
Schedule next startup at:  2017-12-29 15:00:00
---------------------------------------------------
--------------- 2017-12-29 15:00:15 ---------------
Schedule next shutdown at: 2017-12-29 15:15:00
Schedule next startup at:  2017-12-29 16:00:00
---------------------------------------------------
--------------- 2017-12-29 16:00:16 ---------------
Schedule next shutdown at: 2017-12-29 16:15:00
Schedule next startup at:  2017-12-29 17:00:00
---------------------------------------------------
--------------- 2017-12-29 17:00:15 ---------------
Schedule next shutdown at: 2017-12-29 17:15:00
Schedule next startup at:  2017-12-29 18:00:00
---------------------------------------------------
--------------- 2017-12-29 18:00:15 ---------------
Schedule next shutdown at: 2017-12-29 18:15:00
Schedule next startup at:  2017-12-29 19:00:00
---------------------------------------------------
--------------- 2017-12-29 19:00:15 ---------------
Schedule next shutdown at: 2017-12-29 19:15:00
Schedule next startup at:  2017-12-30 07:00:00
---------------------------------------------------
--------------- 2017-12-30 07:00:16 ---------------
Schedule next shutdown at: 2017-12-30 07:15:00
Schedule next startup at:  2017-12-30 08:00:00
---------------------------------------------------
--------------- 2017-12-30 08:00:15 ---------------
Schedule next shutdown at: 2017-12-30 08:15:00
Schedule next startup at:  2017-12-30 09:00:00
---------------------------------------------------
--------------- 2017-12-30 09:00:15 ---------------
Schedule next shutdown at: 2017-12-30 09:15:00
Schedule next startup at:  2017-12-30 10:00:00
---------------------------------------------------
--------------- 2017-12-30 10:00:15 ---------------
Schedule next shutdown at: 2017-12-30 10:15:00
Schedule next startup at:  2017-12-30 11:00:00
---------------------------------------------------
--------------- 2017-12-30 11:00:16 ---------------
Schedule next shutdown at: 2017-12-30 11:15:00
Schedule next startup at:  2017-12-30 12:00:00
---------------------------------------------------
--------------- 2017-12-30 12:00:15 ---------------
Schedule next shutdown at: 2017-12-30 12:15:00
Schedule next startup at:  2017-12-30 13:00:00
---------------------------------------------------
--------------- 2017-12-30 13:00:15 ---------------
Schedule next shutdown at: 2017-12-30 13:15:00
Schedule next startup at:  2017-12-30 14:00:00
---------------------------------------------------
--------------- 2017-12-30 14:00:15 ---------------
Schedule next shutdown at: 2017-12-30 14:15:00
Schedule next startup at:  2017-12-30 15:00:00
---------------------------------------------------
--------------- 2017-12-30 15:00:15 ---------------
Schedule next shutdown at: 2017-12-30 15:15:00
Schedule next startup at:  2017-12-30 16:00:00
---------------------------------------------------
--------------- 2017-12-30 16:00:15 ---------------
Schedule next shutdown at: 2017-12-30 16:15:00
Schedule next startup at:  2017-12-30 17:00:00
---------------------------------------------------
--------------- 2017-12-30 17:00:15 ---------------
Schedule next shutdown at: 2017-12-30 17:15:00
Schedule next startup at:  2017-12-30 18:00:00
---------------------------------------------------
--------------- 2017-12-30 18:00:15 ---------------
Schedule next shutdown at: 2017-12-30 18:15:00
Schedule next startup at:  2017-12-30 19:00:00
---------------------------------------------------
--------------- 2017-12-30 19:00:15 ---------------
Schedule next shutdown at: 2017-12-30 19:15:00
Schedule next startup at:  2017-12-31 07:00:00
---------------------------------------------------
--------------- 2017-12-31 07:00:16 ---------------
Schedule next shutdown at: 2017-12-31 07:15:00
Schedule next startup at:  2017-12-31 08:00:00
---------------------------------------------------
--------------- 2017-12-31 08:00:15 ---------------
Schedule next shutdown at: 2017-12-31 08:15:00
Schedule next startup at:  2017-12-31 09:00:00
---------------------------------------------------
--------------- 2017-12-31 09:00:15 ---------------
Schedule next shutdown at: 2017-12-31 09:15:00
Schedule next startup at:  2017-12-31 10:00:00
---------------------------------------------------
--------------- 2017-12-31 10:00:16 ---------------
Schedule next shutdown at: 2017-12-31 10:15:00
Schedule next startup at:  2017-12-31 11:00:00
---------------------------------------------------
--------------- 2017-12-31 11:00:15 ---------------
Schedule next shutdown at: 2017-12-31 11:15:00
Schedule next startup at:  2017-12-31 12:00:00
---------------------------------------------------
--------------- 2017-12-31 12:00:15 ---------------
Schedule next shutdown at: 2017-12-31 12:15:00
Schedule next startup at:  2017-12-31 13:00:00
---------------------------------------------------
--------------- 2017-12-31 13:00:15 ---------------
Schedule next shutdown at: 2017-12-31 13:15:00
Schedule next startup at:  2017-12-31 14:00:00
---------------------------------------------------
--------------- 2017-12-31 14:00:15 ---------------
Schedule next shutdown at: 2017-12-31 14:15:00
Schedule next startup at:  2017-12-31 15:00:00
---------------------------------------------------
--------------- 2017-12-31 15:00:15 ---------------
Schedule next shutdown at: 2017-12-31 15:15:00
Schedule next startup at:  2017-12-31 16:00:00
---------------------------------------------------
--------------- 2017-12-31 16:00:16 ---------------
Schedule next shutdown at: 2017-12-31 16:15:00
Schedule next startup at:  2017-12-31 17:00:00
---------------------------------------------------
--------------- 2017-12-31 17:00:16 ---------------
Schedule next shutdown at: 2017-12-31 17:15:00
Schedule next startup at:  2017-12-31 18:00:00
---------------------------------------------------
--------------- 2017-12-31 18:00:15 ---------------
Schedule next shutdown at: 2017-12-31 18:15:00
Schedule next startup at:  2017-12-31 19:00:00
---------------------------------------------------
--------------- 2017-12-31 19:00:15 ---------------
Schedule next shutdown at: 2017-12-31 19:15:00
Schedule next startup at:  2018-01-01 07:00:00
---------------------------------------------------
--------------- 2018-01-01 07:00:15 ---------------
Schedule next shutdown at: 2018-01-01 07:15:00
Schedule next startup at:  2018-01-01 08:00:00
---------------------------------------------------
--------------- 2018-01-01 08:00:15 ---------------
Schedule next shutdown at: 2018-01-01 08:15:00
Schedule next startup at:  2018-01-01 09:00:00
---------------------------------------------------
--------------- 2018-01-01 09:00:15 ---------------
Schedule next shutdown at: 2018-01-01 09:15:00
Schedule next startup at:  2018-01-01 10:00:00
---------------------------------------------------
--------------- 2018-01-01 10:00:16 ---------------
Schedule next shutdown at: 2018-01-01 10:15:00
Schedule next startup at:  2018-01-01 11:00:00
---------------------------------------------------
--------------- 2018-01-01 11:00:15 ---------------
Schedule next shutdown at: 2018-01-01 11:15:00
Schedule next startup at:  2018-01-01 12:00:00
---------------------------------------------------
--------------- 2018-01-01 12:00:15 ---------------
Schedule next shutdown at: 2018-01-01 12:15:00
Schedule next startup at:  2018-01-01 13:00:00
---------------------------------------------------
--------------- 2018-01-01 13:00:15 ---------------
Schedule next shutdown at: 2018-01-01 13:15:00
Schedule next startup at:  2018-01-01 14:00:00
---------------------------------------------------
--------------- 2018-01-01 14:00:16 ---------------
Schedule next shutdown at: 2018-01-01 14:15:00
Schedule next startup at:  2018-01-01 15:00:00
---------------------------------------------------
--------------- 2018-01-01 15:00:16 ---------------
Schedule next shutdown at: 2018-01-01 15:15:00
Schedule next startup at:  2018-01-01 16:00:00
---------------------------------------------------
--------------- 2018-01-01 16:00:16 ---------------
Schedule next shutdown at: 2018-01-01 16:15:00
Schedule next startup at:  2018-01-01 17:00:00
---------------------------------------------------
--------------- 2018-01-01 17:00:16 ---------------
Schedule next shutdown at: 2018-01-01 17:15:00
Schedule next startup at:  2018-01-01 18:00:00
---------------------------------------------------
--------------- 2018-01-01 18:00:16 ---------------
Schedule next shutdown at: 2018-01-01 18:15:00
Schedule next startup at:  2018-01-01 19:00:00
---------------------------------------------------
--------------- 2018-01-01 19:00:15 ---------------
Schedule next shutdown at: 2018-01-01 19:15:00
Schedule next startup at:  2018-01-02 07:00:00
---------------------------------------------------
--------------- 2018-01-02 07:00:15 ---------------
Schedule next shutdown at: 2018-01-02 07:15:00
Schedule next startup at:  2018-01-02 08:00:00
---------------------------------------------------
--------------- 2018-01-02 08:00:16 ---------------
Schedule next shutdown at: 2018-01-02 08:15:00
Schedule next startup at:  2018-01-02 09:00:00
---------------------------------------------------
--------------- 2018-01-02 09:00:16 ---------------
Schedule next shutdown at: 2018-01-02 09:15:00
Schedule next startup at:  2018-01-02 10:00:00
---------------------------------------------------
--------------- 2018-01-02 10:00:15 ---------------
Schedule next shutdown at: 2018-01-02 10:15:00
Schedule next startup at:  2018-01-02 11:00:00
---------------------------------------------------
--------------- 2018-01-02 11:00:16 ---------------
Schedule next shutdown at: 2018-01-02 11:15:00
Schedule next startup at:  2018-01-02 12:00:00
---------------------------------------------------
--------------- 2018-01-02 12:00:15 ---------------
Schedule next shutdown at: 2018-01-02 12:15:00
Schedule next startup at:  2018-01-02 13:00:00
---------------------------------------------------
--------------- 2018-01-02 13:00:16 ---------------
Schedule next shutdown at: 2018-01-02 13:15:00
Schedule next startup at:  2018-01-02 14:00:00
---------------------------------------------------
--------------- 2018-01-02 14:00:15 ---------------
Schedule next shutdown at: 2018-01-02 14:15:00
Schedule next startup at:  2018-01-02 15:00:00
---------------------------------------------------
--------------- 2018-01-02 15:00:15 ---------------
Schedule next shutdown at: 2018-01-02 15:15:00
Schedule next startup at:  2018-01-02 16:00:00
---------------------------------------------------
--------------- 2018-01-02 16:00:15 ---------------
Schedule next shutdown at: 2018-01-02 16:15:00
Schedule next startup at:  2018-01-02 17:00:00
---------------------------------------------------
--------------- 2018-01-02 17:00:16 ---------------
Schedule next shutdown at: 2018-01-02 17:15:00
Schedule next startup at:  2018-01-02 18:00:00
---------------------------------------------------
--------------- 2018-01-02 18:00:16 ---------------
Schedule next shutdown at: 2018-01-02 18:15:00
Schedule next startup at:  2018-01-02 19:00:00
---------------------------------------------------
--------------- 2018-01-02 19:00:15 ---------------
Schedule next shutdown at: 2018-01-02 19:15:00
Schedule next startup at:  2018-01-03 07:00:00
---------------------------------------------------
--------------- 2018-01-03 07:00:16 ---------------
Schedule next shutdown at: 2018-01-03 07:15:00
Schedule next startup at:  2018-01-03 08:00:00
---------------------------------------------------
--------------- 2018-01-03 08:00:15 ---------------
Schedule next shutdown at: 2018-01-03 08:15:00
Schedule next startup at:  2018-01-03 09:00:00
---------------------------------------------------
--------------- 2018-01-03 09:00:15 ---------------
Schedule next shutdown at: 2018-01-03 09:15:00
Schedule next startup at:  2018-01-03 10:00:00
---------------------------------------------------
--------------- 2018-01-03 10:00:15 ---------------
Schedule next shutdown at: 2018-01-03 10:15:00
Schedule next startup at:  2018-01-03 11:00:00
---------------------------------------------------
--------------- 2018-01-03 11:00:15 ---------------
Schedule next shutdown at: 2018-01-03 11:15:00
Schedule next startup at:  2018-01-03 12:00:00
---------------------------------------------------
--------------- 2018-01-03 12:00:15 ---------------
Schedule next shutdown at: 2018-01-03 12:15:00
Schedule next startup at:  2018-01-03 13:00:00
---------------------------------------------------
--------------- 2018-01-03 13:00:15 ---------------
Schedule next shutdown at: 2018-01-03 13:15:00
Schedule next startup at:  2018-01-03 14:00:00
---------------------------------------------------
--------------- 2018-01-03 14:00:16 ---------------
Schedule next shutdown at: 2018-01-03 14:15:00
Schedule next startup at:  2018-01-03 15:00:00
---------------------------------------------------
--------------- 2018-01-03 15:00:15 ---------------
Schedule next shutdown at: 2018-01-03 15:15:00
Schedule next startup at:  2018-01-03 16:00:00
---------------------------------------------------
--------------- 2018-01-03 16:00:16 ---------------
Schedule next shutdown at: 2018-01-03 16:15:00
Schedule next startup at:  2018-01-03 17:00:00
---------------------------------------------------
--------------- 2018-01-03 17:00:16 ---------------
Schedule next shutdown at: 2018-01-03 17:15:00
Schedule next startup at:  2018-01-03 18:00:00
---------------------------------------------------
--------------- 2018-01-03 18:00:16 ---------------
Schedule next shutdown at: 2018-01-03 18:15:00
Schedule next startup at:  2018-01-03 19:00:00
---------------------------------------------------
--------------- 2018-01-03 19:00:15 ---------------
Schedule next shutdown at: 2018-01-03 19:15:00
Schedule next startup at:  2018-01-04 07:00:00
---------------------------------------------------
--------------- 2018-01-04 07:00:15 ---------------
Schedule next shutdown at: 2018-01-04 07:15:00
Schedule next startup at:  2018-01-04 08:00:00
---------------------------------------------------
--------------- 2018-01-04 08:00:15 ---------------
Schedule next shutdown at: 2018-01-04 08:15:00
Schedule next startup at:  2018-01-04 09:00:00
---------------------------------------------------
--------------- 2018-01-04 09:00:15 ---------------
Schedule next shutdown at: 2018-01-04 09:15:00
Schedule next startup at:  2018-01-04 10:00:00
---------------------------------------------------
--------------- 2018-01-04 10:00:16 ---------------
Schedule next shutdown at: 2018-01-04 10:15:00
Schedule next startup at:  2018-01-04 11:00:00
---------------------------------------------------
--------------- 2018-01-04 11:00:15 ---------------
Schedule next shutdown at: 2018-01-04 11:15:00
Schedule next startup at:  2018-01-04 12:00:00
---------------------------------------------------
--------------- 2018-01-04 12:00:15 ---------------
Schedule next shutdown at: 2018-01-04 12:15:00
Schedule next startup at:  2018-01-04 13:00:00
---------------------------------------------------
--------------- 2018-01-04 13:00:15 ---------------
Schedule next shutdown at: 2018-01-04 13:15:00
Schedule next startup at:  2018-01-04 14:00:00
---------------------------------------------------
--------------- 2018-01-04 14:00:15 ---------------
Schedule next shutdown at: 2018-01-04 14:15:00
Schedule next startup at:  2018-01-04 15:00:00
---------------------------------------------------
--------------- 2018-01-04 15:00:16 ---------------
Schedule next shutdown at: 2018-01-04 15:15:00
Schedule next startup at:  2018-01-04 16:00:00
---------------------------------------------------
--------------- 2018-01-04 16:00:15 ---------------
Schedule next shutdown at: 2018-01-04 16:15:00
Schedule next startup at:  2018-01-04 17:00:00
---------------------------------------------------
--------------- 2018-01-04 17:00:15 ---------------
Schedule next shutdown at: 2018-01-04 17:15:00
Schedule next startup at:  2018-01-04 18:00:00
---------------------------------------------------
--------------- 2018-01-04 18:00:15 ---------------
Schedule next shutdown at: 2018-01-04 18:15:00
Schedule next startup at:  2018-01-04 19:00:00
---------------------------------------------------
--------------- 2018-01-04 19:00:16 ---------------
Schedule next shutdown at: 2018-01-04 19:15:00
Schedule next startup at:  2018-01-05 07:00:00
---------------------------------------------------
--------------- 2018-01-05 07:00:15 ---------------
Schedule next shutdown at: 2018-01-05 07:15:00
Schedule next startup at:  2018-01-05 08:00:00
---------------------------------------------------
--------------- 2018-01-05 08:00:16 ---------------
Schedule next shutdown at: 2018-01-05 08:15:00
Schedule next startup at:  2018-01-05 09:00:00
---------------------------------------------------
--------------- 2018-01-05 09:00:15 ---------------
Schedule next shutdown at: 2018-01-05 09:15:00
Schedule next startup at:  2018-01-05 10:00:00
---------------------------------------------------
--------------- 2018-01-05 10:00:16 ---------------
Schedule next shutdown at: 2018-01-05 10:15:00
Schedule next startup at:  2018-01-05 11:00:00
---------------------------------------------------
--------------- 2018-01-05 11:00:16 ---------------
Schedule next shutdown at: 2018-01-05 11:15:00
Schedule next startup at:  2018-01-05 12:00:00
---------------------------------------------------
--------------- 2018-01-05 12:00:15 ---------------
Schedule next shutdown at: 2018-01-05 12:15:00
Schedule next startup at:  2018-01-05 13:00:00
---------------------------------------------------
--------------- 2018-01-05 13:00:15 ---------------
Schedule next shutdown at: 2018-01-05 13:15:00
Schedule next startup at:  2018-01-05 14:00:00
---------------------------------------------------
--------------- 2018-01-05 14:00:16 ---------------
Schedule next shutdown at: 2018-01-05 14:15:00
Schedule next startup at:  2018-01-05 15:00:00
---------------------------------------------------
--------------- 2018-01-05 15:00:15 ---------------
Schedule next shutdown at: 2018-01-05 15:15:00
Schedule next startup at:  2018-01-05 16:00:00
---------------------------------------------------
--------------- 2018-01-05 16:00:16 ---------------
Schedule next shutdown at: 2018-01-05 16:15:00
Schedule next startup at:  2018-01-05 17:00:00
---------------------------------------------------
--------------- 2018-01-05 17:00:15 ---------------
Schedule next shutdown at: 2018-01-05 17:15:00
Schedule next startup at:  2018-01-05 18:00:00
---------------------------------------------------
--------------- 2018-01-05 18:00:15 ---------------
Schedule next shutdown at: 2018-01-05 18:15:00
Schedule next startup at:  2018-01-05 19:00:00
---------------------------------------------------
--------------- 2018-01-05 19:00:15 ---------------
Schedule next shutdown at: 2018-01-05 19:15:00
Schedule next startup at:  2018-01-06 07:00:00
---------------------------------------------------
--------------- 2018-01-06 07:00:15 ---------------
Schedule next shutdown at: 2018-01-06 07:15:00
Schedule next startup at:  2018-01-06 08:00:00
---------------------------------------------------
--------------- 2018-01-06 08:00:15 ---------------
Schedule next shutdown at: 2018-01-06 08:15:00
Schedule next startup at:  2018-01-06 09:00:00
---------------------------------------------------
--------------- 2018-01-06 09:00:15 ---------------
Schedule next shutdown at: 2018-01-06 09:15:00
Schedule next startup at:  2018-01-06 10:00:00
---------------------------------------------------
--------------- 2018-01-06 10:00:16 ---------------
Schedule next shutdown at: 2018-01-06 10:15:00
Schedule next startup at:  2018-01-06 11:00:00
---------------------------------------------------
--------------- 2018-01-06 11:00:15 ---------------
Schedule next shutdown at: 2018-01-06 11:15:00
Schedule next startup at:  2018-01-06 12:00:00
---------------------------------------------------
--------------- 2018-01-06 12:00:16 ---------------
Schedule next shutdown at: 2018-01-06 12:15:00
Schedule next startup at:  2018-01-06 13:00:00
---------------------------------------------------
--------------- 2018-01-06 13:00:15 ---------------
Schedule next shutdown at: 2018-01-06 13:15:00
Schedule next startup at:  2018-01-06 14:00:00
---------------------------------------------------
--------------- 2018-01-06 14:00:16 ---------------
Schedule next shutdown at: 2018-01-06 14:15:00
Schedule next startup at:  2018-01-06 15:00:00
---------------------------------------------------
--------------- 2018-01-06 15:00:16 ---------------
Schedule next shutdown at: 2018-01-06 15:15:00
Schedule next startup at:  2018-01-06 16:00:00
---------------------------------------------------
--------------- 2018-01-06 16:00:15 ---------------
Schedule next shutdown at: 2018-01-06 16:15:00
Schedule next startup at:  2018-01-06 17:00:00
---------------------------------------------------
--------------- 2018-01-06 17:00:15 ---------------
Schedule next shutdown at: 2018-01-06 17:15:00
Schedule next startup at:  2018-01-06 18:00:00
---------------------------------------------------
--------------- 2018-01-06 18:00:16 ---------------
Schedule next shutdown at: 2018-01-06 18:15:00
Schedule next startup at:  2018-01-06 19:00:00
---------------------------------------------------
--------------- 2018-01-06 19:00:15 ---------------
Schedule next shutdown at: 2018-01-06 19:15:00
Schedule next startup at:  2018-01-07 07:00:00
---------------------------------------------------
--------------- 2018-01-07 07:00:16 ---------------
Schedule next shutdown at: 2018-01-07 07:15:00
Schedule next startup at:  2018-01-07 08:00:00
---------------------------------------------------
--------------- 2018-01-07 08:00:15 ---------------
Schedule next shutdown at: 2018-01-07 08:15:00
Schedule next startup at:  2018-01-07 09:00:00
---------------------------------------------------
--------------- 2018-01-07 09:00:16 ---------------
Schedule next shutdown at: 2018-01-07 09:15:00
Schedule next startup at:  2018-01-07 10:00:00
---------------------------------------------------
--------------- 2018-01-07 10:00:15 ---------------
Schedule next shutdown at: 2018-01-07 10:15:00
Schedule next startup at:  2018-01-07 11:00:00
---------------------------------------------------
--------------- 2018-01-07 11:00:16 ---------------
Schedule next shutdown at: 2018-01-07 11:15:00
Schedule next startup at:  2018-01-07 12:00:00
---------------------------------------------------
--------------- 2018-01-07 12:00:16 ---------------
Schedule next shutdown at: 2018-01-07 12:15:00
Schedule next startup at:  2018-01-07 13:00:00
---------------------------------------------------
--------------- 2018-01-07 13:00:16 ---------------
Schedule next shutdown at: 2018-01-07 13:15:00
Schedule next startup at:  2018-01-07 14:00:00
---------------------------------------------------
--------------- 2018-01-07 14:00:15 ---------------
Schedule next shutdown at: 2018-01-07 14:15:00
Schedule next startup at:  2018-01-07 15:00:00
---------------------------------------------------
--------------- 2018-01-07 15:00:15 ---------------
Schedule next shutdown at: 2018-01-07 15:15:00
Schedule next startup at:  2018-01-07 16:00:00
---------------------------------------------------
--------------- 2018-01-07 16:00:15 ---------------
Schedule next shutdown at: 2018-01-07 16:15:00
Schedule next startup at:  2018-01-07 17:00:00
---------------------------------------------------
--------------- 2018-01-07 17:00:16 ---------------
Schedule next shutdown at: 2018-01-07 17:15:00
Schedule next startup at:  2018-01-07 18:00:00
---------------------------------------------------
--------------- 2018-01-07 18:00:15 ---------------
Schedule next shutdown at: 2018-01-07 18:15:00
Schedule next startup at:  2018-01-07 19:00:00
---------------------------------------------------
--------------- 2018-01-07 19:00:16 ---------------
Schedule next shutdown at: 2018-01-07 19:15:00
Schedule next startup at:  2018-01-08 07:00:00
---------------------------------------------------
--------------- 2018-01-08 07:00:15 ---------------
Schedule next shutdown at: 2018-01-08 07:15:00
Schedule next startup at:  2018-01-08 08:00:00
---------------------------------------------------
--------------- 2018-01-08 08:00:15 ---------------
Schedule next shutdown at: 2018-01-08 08:15:00
Schedule next startup at:  2018-01-08 09:00:00
---------------------------------------------------
--------------- 2018-01-08 09:00:15 ---------------
Schedule next shutdown at: 2018-01-08 09:15:00
Schedule next startup at:  2018-01-08 10:00:00
---------------------------------------------------
--------------- 2018-01-08 10:00:15 ---------------
Schedule next shutdown at: 2018-01-08 10:15:00
Schedule next startup at:  2018-01-08 11:00:00
---------------------------------------------------
--------------- 2018-01-08 11:00:15 ---------------
Schedule next shutdown at: 2018-01-08 11:15:00
Schedule next startup at:  2018-01-08 12:00:00
---------------------------------------------------
--------------- 2018-01-08 12:00:15 ---------------
Schedule next shutdown at: 2018-01-08 12:15:00
Schedule next startup at:  2018-01-08 13:00:00
---------------------------------------------------
--------------- 2018-01-08 13:00:16 ---------------
Schedule next shutdown at: 2018-01-08 13:15:00
Schedule next startup at:  2018-01-08 14:00:00
---------------------------------------------------
--------------- 2018-01-08 14:00:16 ---------------
Schedule next shutdown at: 2018-01-08 14:15:00
Schedule next startup at:  2018-01-08 15:00:00
---------------------------------------------------
--------------- 2018-01-08 15:00:16 ---------------
Schedule next shutdown at: 2018-01-08 15:15:00
Schedule next startup at:  2018-01-08 16:00:00
---------------------------------------------------
--------------- 2018-01-08 16:00:15 ---------------
Schedule next shutdown at: 2018-01-08 16:15:00
Schedule next startup at:  2018-01-08 17:00:00
---------------------------------------------------
--------------- 2018-01-08 17:00:16 ---------------
Schedule next shutdown at: 2018-01-08 17:15:00
Schedule next startup at:  2018-01-08 18:00:00
---------------------------------------------------
--------------- 2018-01-08 18:00:16 ---------------
Schedule next shutdown at: 2018-01-08 18:15:00
Schedule next startup at:  2018-01-08 19:00:00
---------------------------------------------------
--------------- 2018-01-08 19:00:16 ---------------
Schedule next shutdown at: 2018-01-08 19:15:00
Schedule next startup at:  2018-01-09 07:00:00
---------------------------------------------------
--------------- 2018-01-09 07:00:15 ---------------
Schedule next shutdown at: 2018-01-09 07:15:00
Schedule next startup at:  2018-01-09 08:00:00
---------------------------------------------------
--------------- 2018-01-09 08:00:15 ---------------
Schedule next shutdown at: 2018-01-09 08:15:00
Schedule next startup at:  2018-01-09 09:00:00
---------------------------------------------------
--------------- 2018-01-09 09:00:16 ---------------
Schedule next shutdown at: 2018-01-09 09:15:00
Schedule next startup at:  2018-01-09 10:00:00
---------------------------------------------------
--------------- 2018-01-09 10:00:16 ---------------
Schedule next shutdown at: 2018-01-09 10:15:00
Schedule next startup at:  2018-01-09 11:00:00
---------------------------------------------------
--------------- 2018-01-09 11:00:16 ---------------
Schedule next shutdown at: 2018-01-09 11:15:00
Schedule next startup at:  2018-01-09 12:00:00
---------------------------------------------------
--------------- 2018-01-09 12:00:16 ---------------
Schedule next shutdown at: 2018-01-09 12:15:00
Schedule next startup at:  2018-01-09 13:00:00
---------------------------------------------------
--------------- 2018-01-09 13:00:15 ---------------
Schedule next shutdown at: 2018-01-09 13:15:00
Schedule next startup at:  2018-01-09 14:00:00
---------------------------------------------------
--------------- 2018-01-09 14:00:15 ---------------
Schedule next shutdown at: 2018-01-09 14:15:00
Schedule next startup at:  2018-01-09 15:00:00
---------------------------------------------------
--------------- 2018-01-09 15:00:16 ---------------
Schedule next shutdown at: 2018-01-09 15:15:00
Schedule next startup at:  2018-01-09 16:00:00
---------------------------------------------------
--------------- 2018-01-09 16:00:15 ---------------
Schedule next shutdown at: 2018-01-09 16:15:00
Schedule next startup at:  2018-01-09 17:00:00
---------------------------------------------------
--------------- 2018-01-09 17:00:16 ---------------
Schedule next shutdown at: 2018-01-09 17:15:00
Schedule next startup at:  2018-01-09 18:00:00
---------------------------------------------------
--------------- 2018-01-09 18:00:15 ---------------
Schedule next shutdown at: 2018-01-09 18:15:00
Schedule next startup at:  2018-01-09 19:00:00
---------------------------------------------------
--------------- 2018-01-09 19:00:15 ---------------
Schedule next shutdown at: 2018-01-09 19:15:00
Schedule next startup at:  2018-01-10 07:00:00
---------------------------------------------------
--------------- 2018-01-10 07:00:15 ---------------
Schedule next shutdown at: 2018-01-10 07:15:00
Schedule next startup at:  2018-01-10 08:00:00
---------------------------------------------------
--------------- 2018-01-10 08:00:16 ---------------
Schedule next shutdown at: 2018-01-10 08:15:00
Schedule next startup at:  2018-01-10 09:00:00
---------------------------------------------------
--------------- 2018-01-10 09:00:15 ---------------
Schedule next shutdown at: 2018-01-10 09:15:00
Schedule next startup at:  2018-01-10 10:00:00
---------------------------------------------------
--------------- 2018-01-10 10:00:15 ---------------
Schedule next shutdown at: 2018-01-10 10:15:00
Schedule next startup at:  2018-01-10 11:00:00
---------------------------------------------------
--------------- 2018-01-10 11:00:16 ---------------
Schedule next shutdown at: 2018-01-10 11:15:00
Schedule next startup at:  2018-01-10 12:00:00
---------------------------------------------------
--------------- 2018-01-10 12:00:15 ---------------
Schedule next shutdown at: 2018-01-10 12:15:00
Schedule next startup at:  2018-01-10 13:00:00
---------------------------------------------------
--------------- 2018-01-10 13:00:16 ---------------
Schedule next shutdown at: 2018-01-10 13:15:00
Schedule next startup at:  2018-01-10 14:00:00
---------------------------------------------------
--------------- 2018-01-10 14:00:16 ---------------
Schedule next shutdown at: 2018-01-10 14:15:00
Schedule next startup at:  2018-01-10 15:00:00
---------------------------------------------------
--------------- 2018-01-10 15:00:15 ---------------
Schedule next shutdown at: 2018-01-10 15:15:00
Schedule next startup at:  2018-01-10 16:00:00
---------------------------------------------------
--------------- 2018-01-10 16:00:15 ---------------
Schedule next shutdown at: 2018-01-10 16:15:00
Schedule next startup at:  2018-01-10 17:00:00
---------------------------------------------------
--------------- 2018-01-10 17:00:15 ---------------
Schedule next shutdown at: 2018-01-10 17:15:00
Schedule next startup at:  2018-01-10 18:00:00
---------------------------------------------------
--------------- 2018-01-10 18:00:15 ---------------
Schedule next shutdown at: 2018-01-10 18:15:00
Schedule next startup at:  2018-01-10 19:00:00
---------------------------------------------------
--------------- 2018-01-10 19:00:15 ---------------
Schedule next shutdown at: 2018-01-10 19:15:00
Schedule next startup at:  2018-01-11 07:00:00
---------------------------------------------------
--------------- 2018-01-11 07:00:16 ---------------
Schedule next shutdown at: 2018-01-11 07:15:00
Schedule next startup at:  2018-01-11 08:00:00
---------------------------------------------------
--------------- 2018-01-11 08:00:15 ---------------
Schedule next shutdown at: 2018-01-11 08:15:00
Schedule next startup at:  2018-01-11 09:00:00
---------------------------------------------------
--------------- 2018-01-11 09:00:15 ---------------
Schedule next shutdown at: 2018-01-11 09:15:00
Schedule next startup at:  2018-01-11 10:00:00
---------------------------------------------------
--------------- 2018-01-11 10:00:15 ---------------
Schedule next shutdown at: 2018-01-11 10:15:00
Schedule next startup at:  2018-01-11 11:00:00
---------------------------------------------------
--------------- 2018-01-11 11:00:15 ---------------
Schedule next shutdown at: 2018-01-11 11:15:00
Schedule next startup at:  2018-01-11 12:00:00
---------------------------------------------------
--------------- 2018-01-11 12:00:15 ---------------
Schedule next shutdown at: 2018-01-11 12:15:00
Schedule next startup at:  2018-01-11 13:00:00
---------------------------------------------------
--------------- 2018-01-11 13:00:15 ---------------
Schedule next shutdown at: 2018-01-11 13:15:00
Schedule next startup at:  2018-01-11 14:00:00
---------------------------------------------------
--------------- 2018-01-11 14:00:16 ---------------
Schedule next shutdown at: 2018-01-11 14:15:00
Schedule next startup at:  2018-01-11 15:00:00
---------------------------------------------------
--------------- 2018-01-11 15:00:15 ---------------
Schedule next shutdown at: 2018-01-11 15:15:00
Schedule next startup at:  2018-01-11 16:00:00
---------------------------------------------------
--------------- 2018-01-11 16:00:16 ---------------
Schedule next shutdown at: 2018-01-11 16:15:00
Schedule next startup at:  2018-01-11 17:00:00
---------------------------------------------------
--------------- 2018-01-11 17:00:16 ---------------
Schedule next shutdown at: 2018-01-11 17:15:00
Schedule next startup at:  2018-01-11 18:00:00
---------------------------------------------------
--------------- 2018-01-11 18:00:15 ---------------
Schedule next shutdown at: 2018-01-11 18:15:00
Schedule next startup at:  2018-01-11 19:00:00
---------------------------------------------------
--------------- 2018-01-11 19:00:15 ---------------
Schedule next shutdown at: 2018-01-11 19:15:00
Schedule next startup at:  2018-01-12 07:00:00
---------------------------------------------------
--------------- 2018-01-12 07:00:16 ---------------
Schedule next shutdown at: 2018-01-12 07:15:00
Schedule next startup at:  2018-01-12 08:00:00
---------------------------------------------------
--------------- 2018-01-12 08:00:15 ---------------
Schedule next shutdown at: 2018-01-12 08:15:00
Schedule next startup at:  2018-01-12 09:00:00
---------------------------------------------------
--------------- 2018-01-12 09:00:15 ---------------
Schedule next shutdown at: 2018-01-12 09:15:00
Schedule next startup at:  2018-01-12 10:00:00
---------------------------------------------------
--------------- 2018-01-12 10:00:16 ---------------
Schedule next shutdown at: 2018-01-12 10:15:00
Schedule next startup at:  2018-01-12 11:00:00
---------------------------------------------------
--------------- 2018-01-12 11:00:16 ---------------
Schedule next shutdown at: 2018-01-12 11:15:00
Schedule next startup at:  2018-01-12 12:00:00
---------------------------------------------------
--------------- 2018-01-12 12:00:15 ---------------
Schedule next shutdown at: 2018-01-12 12:15:00
Schedule next startup at:  2018-01-12 13:00:00
---------------------------------------------------
--------------- 2018-01-12 13:00:16 ---------------
Schedule next shutdown at: 2018-01-12 13:15:00
Schedule next startup at:  2018-01-12 14:00:00
---------------------------------------------------
--------------- 2018-01-12 14:00:15 ---------------
Schedule next shutdown at: 2018-01-12 14:15:00
Schedule next startup at:  2018-01-12 15:00:00
---------------------------------------------------
--------------- 2018-01-12 15:00:16 ---------------
Schedule next shutdown at: 2018-01-12 15:15:00
Schedule next startup at:  2018-01-12 16:00:00
---------------------------------------------------
--------------- 2018-01-12 16:00:16 ---------------
Schedule next shutdown at: 2018-01-12 16:15:00
Schedule next startup at:  2018-01-12 17:00:00
---------------------------------------------------
--------------- 2018-01-12 17:00:15 ---------------
Schedule next shutdown at: 2018-01-12 17:15:00
Schedule next startup at:  2018-01-12 18:00:00
---------------------------------------------------
--------------- 2018-01-12 18:00:15 ---------------
Schedule next shutdown at: 2018-01-12 18:15:00
Schedule next startup at:  2018-01-12 19:00:00
---------------------------------------------------
--------------- 2018-01-12 19:00:15 ---------------
Schedule next shutdown at: 2018-01-12 19:15:00
Schedule next startup at:  2018-01-13 07:00:00
---------------------------------------------------
--------------- 2018-01-13 07:00:15 ---------------
Schedule next shutdown at: 2018-01-13 07:15:00
Schedule next startup at:  2018-01-13 08:00:00
---------------------------------------------------
--------------- 2018-01-13 08:00:15 ---------------
Schedule next shutdown at: 2018-01-13 08:15:00
Schedule next startup at:  2018-01-13 09:00:00
---------------------------------------------------
--------------- 2018-01-13 09:00:15 ---------------
Schedule next shutdown at: 2018-01-13 09:15:00
Schedule next startup at:  2018-01-13 10:00:00
---------------------------------------------------
--------------- 2018-01-13 10:00:15 ---------------
Schedule next shutdown at: 2018-01-13 10:15:00
Schedule next startup at:  2018-01-13 11:00:00
---------------------------------------------------
--------------- 2018-01-13 11:00:15 ---------------
Schedule next shutdown at: 2018-01-13 11:15:00
Schedule next startup at:  2018-01-13 12:00:00
---------------------------------------------------
--------------- 2018-01-13 12:00:15 ---------------
Schedule next shutdown at: 2018-01-13 12:15:00
Schedule next startup at:  2018-01-13 13:00:00
---------------------------------------------------
--------------- 2018-01-13 13:00:15 ---------------
Schedule next shutdown at: 2018-01-13 13:15:00
Schedule next startup at:  2018-01-13 14:00:00
---------------------------------------------------
--------------- 2018-01-13 14:00:15 ---------------
Schedule next shutdown at: 2018-01-13 14:15:00
Schedule next startup at:  2018-01-13 15:00:00
---------------------------------------------------
--------------- 2018-01-13 15:00:15 ---------------
Schedule next shutdown at: 2018-01-13 15:15:00
Schedule next startup at:  2018-01-13 16:00:00
---------------------------------------------------
--------------- 2018-01-13 16:00:16 ---------------
Schedule next shutdown at: 2018-01-13 16:15:00
Schedule next startup at:  2018-01-13 17:00:00
---------------------------------------------------
--------------- 2018-01-13 17:00:15 ---------------
Schedule next shutdown at: 2018-01-13 17:15:00
Schedule next startup at:  2018-01-13 18:00:00
---------------------------------------------------
--------------- 2018-01-13 18:00:15 ---------------
Schedule next shutdown at: 2018-01-13 18:15:00
Schedule next startup at:  2018-01-13 19:00:00
---------------------------------------------------
--------------- 2018-01-13 19:00:15 ---------------
Schedule next shutdown at: 2018-01-13 19:15:00
Schedule next startup at:  2018-01-14 07:00:00
---------------------------------------------------
--------------- 2018-01-14 07:00:15 ---------------
Schedule next shutdown at: 2018-01-14 07:15:00
Schedule next startup at:  2018-01-14 08:00:00
---------------------------------------------------
--------------- 2018-01-14 08:00:16 ---------------
Schedule next shutdown at: 2018-01-14 08:15:00
Schedule next startup at:  2018-01-14 09:00:00
---------------------------------------------------
--------------- 2018-01-14 09:00:16 ---------------
Schedule next shutdown at: 2018-01-14 09:15:00
Schedule next startup at:  2018-01-14 10:00:00
---------------------------------------------------
--------------- 2018-01-14 10:00:15 ---------------
Schedule next shutdown at: 2018-01-14 10:15:00
Schedule next startup at:  2018-01-14 11:00:00
---------------------------------------------------
--------------- 2018-01-14 11:00:15 ---------------
Schedule next shutdown at: 2018-01-14 11:15:00
Schedule next startup at:  2018-01-14 12:00:00
---------------------------------------------------
--------------- 2018-01-14 12:00:16 ---------------
Schedule next shutdown at: 2018-01-14 12:15:00
Schedule next startup at:  2018-01-14 13:00:00
---------------------------------------------------
--------------- 2018-01-14 13:00:16 ---------------
Schedule next shutdown at: 2018-01-14 13:15:00
Schedule next startup at:  2018-01-14 14:00:00
---------------------------------------------------
--------------- 2018-01-14 14:00:15 ---------------
Schedule next shutdown at: 2018-01-14 14:15:00
Schedule next startup at:  2018-01-14 15:00:00
---------------------------------------------------
--------------- 2018-01-14 15:00:15 ---------------
Schedule next shutdown at: 2018-01-14 15:15:00
Schedule next startup at:  2018-01-14 16:00:00
---------------------------------------------------
--------------- 2018-01-14 16:00:16 ---------------
Schedule next shutdown at: 2018-01-14 16:15:00
Schedule next startup at:  2018-01-14 17:00:00
---------------------------------------------------
--------------- 2018-01-14 17:00:15 ---------------
Schedule next shutdown at: 2018-01-14 17:15:00
Schedule next startup at:  2018-01-14 18:00:00
---------------------------------------------------
--------------- 2018-01-14 18:00:15 ---------------
Schedule next shutdown at: 2018-01-14 18:15:00
Schedule next startup at:  2018-01-14 19:00:00
---------------------------------------------------
--------------- 2018-01-14 19:00:15 ---------------
Schedule next shutdown at: 2018-01-14 19:15:00
Schedule next startup at:  2018-01-15 07:00:00
---------------------------------------------------
--------------- 2018-01-15 07:00:16 ---------------
Schedule next shutdown at: 2018-01-15 07:15:00
Schedule next startup at:  2018-01-15 08:00:00
---------------------------------------------------
--------------- 2018-01-15 08:00:16 ---------------
Schedule next shutdown at: 2018-01-15 08:15:00
Schedule next startup at:  2018-01-15 09:00:00
---------------------------------------------------
--------------- 2018-01-15 09:00:16 ---------------
Schedule next shutdown at: 2018-01-15 09:15:00
Schedule next startup at:  2018-01-15 10:00:00
---------------------------------------------------
--------------- 2018-01-15 10:00:15 ---------------
Schedule next shutdown at: 2018-01-15 10:15:00
Schedule next startup at:  2018-01-15 11:00:00
---------------------------------------------------
--------------- 2018-01-15 11:00:15 ---------------
Schedule next shutdown at: 2018-01-15 11:15:00
Schedule next startup at:  2018-01-15 12:00:00
---------------------------------------------------
--------------- 2018-01-15 11:15:49 ---------------
Schedule script is interrupted, revising the schedule...
Schedule next shutdown at: 2018-01-15 11:59:00
Schedule next startup at:  2018-01-15 12:00:00
---------------------------------------------------
--------------- 2018-01-15 12:00:15 ---------------
Schedule next shutdown at: 2018-01-15 12:15:00
Schedule next startup at:  2018-01-15 13:00:00
---------------------------------------------------
--------------- 2018-01-15 13:00:16 ---------------
Schedule next shutdown at: 2018-01-15 13:15:00
Schedule next startup at:  2018-01-15 14:00:00
---------------------------------------------------
--------------- 2018-01-15 14:00:16 ---------------
Schedule next shutdown at: 2018-01-15 14:15:00
Schedule next startup at:  2018-01-15 15:00:00
---------------------------------------------------
--------------- 2018-01-15 15:00:15 ---------------
Schedule next shutdown at: 2018-01-15 15:15:00
Schedule next startup at:  2018-01-15 16:00:00
---------------------------------------------------
--------------- 2018-01-15 16:00:16 ---------------
Schedule next shutdown at: 2018-01-15 16:15:00
Schedule next startup at:  2018-01-15 17:00:00
---------------------------------------------------
--------------- 2018-01-15 17:00:15 ---------------
Schedule next shutdown at: 2018-01-15 17:15:00
Schedule next startup at:  2018-01-15 18:00:00
---------------------------------------------------
--------------- 2018-01-15 18:00:15 ---------------
Schedule next shutdown at: 2018-01-15 18:15:00
Schedule next startup at:  2018-01-15 19:00:00
---------------------------------------------------
--------------- 2018-01-15 19:00:16 ---------------
Schedule next shutdown at: 2018-01-15 19:15:00
Schedule next startup at:  2018-01-16 07:00:00
---------------------------------------------------
--------------- 2018-01-16 07:00:15 ---------------
Schedule next shutdown at: 2018-01-16 07:15:00
Schedule next startup at:  2018-01-16 08:00:00
---------------------------------------------------
--------------- 2018-01-16 08:00:15 ---------------
Schedule next shutdown at: 2018-01-16 08:15:00
Schedule next startup at:  2018-01-16 09:00:00
---------------------------------------------------
--------------- 2018-01-16 09:00:16 ---------------
Schedule next shutdown at: 2018-01-16 09:15:00
Schedule next startup at:  2018-01-16 10:00:00
---------------------------------------------------
--------------- 2018-01-16 10:00:15 ---------------
Schedule next shutdown at: 2018-01-16 10:15:00
Schedule next startup at:  2018-01-16 11:00:00
---------------------------------------------------
--------------- 2018-01-16 11:00:15 ---------------
Schedule next shutdown at: 2018-01-16 11:15:00
Schedule next startup at:  2018-01-16 12:00:00
---------------------------------------------------
--------------- 2018-01-16 12:00:16 ---------------
Schedule next shutdown at: 2018-01-16 12:15:00
Schedule next startup at:  2018-01-16 13:00:00
---------------------------------------------------
--------------- 2018-01-16 13:00:16 ---------------
Schedule next shutdown at: 2018-01-16 13:15:00
Schedule next startup at:  2018-01-16 14:00:00
---------------------------------------------------
--------------- 2018-01-16 14:00:15 ---------------
Schedule next shutdown at: 2018-01-16 14:15:00
Schedule next startup at:  2018-01-16 15:00:00
---------------------------------------------------
--------------- 2018-01-16 15:00:16 ---------------
Schedule next shutdown at: 2018-01-16 15:15:00
Schedule next startup at:  2018-01-16 16:00:00
---------------------------------------------------
--------------- 2018-01-16 16:00:15 ---------------
Schedule next shutdown at: 2018-01-16 16:15:00
Schedule next startup at:  2018-01-16 17:00:00
---------------------------------------------------
--------------- 2018-01-16 17:00:16 ---------------
Schedule next shutdown at: 2018-01-16 17:15:00
Schedule next startup at:  2018-01-16 18:00:00
---------------------------------------------------
--------------- 2018-01-16 18:00:15 ---------------
Schedule next shutdown at: 2018-01-16 18:15:00
Schedule next startup at:  2018-01-16 19:00:00
---------------------------------------------------
--------------- 2018-01-16 19:00:16 ---------------
Schedule next shutdown at: 2018-01-16 19:15:00
Schedule next startup at:  2018-01-17 07:00:00
---------------------------------------------------
--------------- 2018-01-17 07:00:15 ---------------
Schedule next shutdown at: 2018-01-17 07:15:00
Schedule next startup at:  2018-01-17 08:00:00
---------------------------------------------------
--------------- 2018-01-17 08:00:16 ---------------
Schedule next shutdown at: 2018-01-17 08:15:00
Schedule next startup at:  2018-01-17 09:00:00
---------------------------------------------------
--------------- 2018-01-17 09:00:16 ---------------
Schedule next shutdown at: 2018-01-17 09:15:00
Schedule next startup at:  2018-01-17 10:00:00
---------------------------------------------------
--------------- 2018-01-17 10:00:16 ---------------
Schedule next shutdown at: 2018-01-17 10:15:00
Schedule next startup at:  2018-01-17 11:00:00
---------------------------------------------------
--------------- 2018-01-17 11:00:15 ---------------
Schedule next shutdown at: 2018-01-17 11:15:00
Schedule next startup at:  2018-01-17 12:00:00
---------------------------------------------------
--------------- 2018-01-17 12:00:15 ---------------
Schedule next shutdown at: 2018-01-17 12:15:00
Schedule next startup at:  2018-01-17 13:00:00
---------------------------------------------------
--------------- 2018-01-17 13:00:15 ---------------
Schedule next shutdown at: 2018-01-17 13:15:00
Schedule next startup at:  2018-01-17 14:00:00
---------------------------------------------------
--------------- 2018-01-17 14:00:16 ---------------
Schedule next shutdown at: 2018-01-17 14:15:00
Schedule next startup at:  2018-01-17 15:00:00
---------------------------------------------------
--------------- 2018-01-17 15:00:15 ---------------
Schedule next shutdown at: 2018-01-17 15:15:00
Schedule next startup at:  2018-01-17 16:00:00
---------------------------------------------------
--------------- 2018-01-17 16:00:16 ---------------
Schedule next shutdown at: 2018-01-17 16:15:00
Schedule next startup at:  2018-01-17 17:00:00
---------------------------------------------------
--------------- 2018-01-17 17:00:16 ---------------
Schedule next shutdown at: 2018-01-17 17:15:00
Schedule next startup at:  2018-01-17 18:00:00
---------------------------------------------------
--------------- 2018-01-17 18:00:15 ---------------
Schedule next shutdown at: 2018-01-17 18:15:00
Schedule next startup at:  2018-01-17 19:00:00
---------------------------------------------------
--------------- 2018-01-17 19:00:15 ---------------
Schedule next shutdown at: 2018-01-17 19:15:00
Schedule next startup at:  2018-01-18 07:00:00
---------------------------------------------------
--------------- 2018-01-18 07:00:15 ---------------
Schedule next shutdown at: 2018-01-18 07:15:00
Schedule next startup at:  2018-01-18 08:00:00
---------------------------------------------------
--------------- 2018-01-18 08:00:15 ---------------
Schedule next shutdown at: 2018-01-18 08:15:00
Schedule next startup at:  2018-01-18 09:00:00
---------------------------------------------------
--------------- 2018-01-18 09:00:15 ---------------
Schedule next shutdown at: 2018-01-18 09:15:00
Schedule next startup at:  2018-01-18 10:00:00
---------------------------------------------------
--------------- 2018-01-18 10:00:16 ---------------
Schedule next shutdown at: 2018-01-18 10:15:00
Schedule next startup at:  2018-01-18 11:00:00
---------------------------------------------------
--------------- 2018-01-18 11:00:16 ---------------
Schedule next shutdown at: 2018-01-18 11:15:00
Schedule next startup at:  2018-01-18 12:00:00
---------------------------------------------------
--------------- 2018-01-18 12:00:15 ---------------
Schedule next shutdown at: 2018-01-18 12:15:00
Schedule next startup at:  2018-01-18 13:00:00
---------------------------------------------------
--------------- 2018-01-18 13:00:15 ---------------
Schedule next shutdown at: 2018-01-18 13:15:00
Schedule next startup at:  2018-01-18 14:00:00
---------------------------------------------------
--------------- 2018-01-18 14:00:15 ---------------
Schedule next shutdown at: 2018-01-18 14:15:00
Schedule next startup at:  2018-01-18 15:00:00
---------------------------------------------------
--------------- 2018-01-18 15:00:16 ---------------
Schedule next shutdown at: 2018-01-18 15:15:00
Schedule next startup at:  2018-01-18 16:00:00
---------------------------------------------------
--------------- 2018-01-18 16:00:15 ---------------
Schedule next shutdown at: 2018-01-18 16:15:00
Schedule next startup at:  2018-01-18 17:00:00
---------------------------------------------------
--------------- 2018-01-18 17:00:16 ---------------
Schedule next shutdown at: 2018-01-18 17:15:00
Schedule next startup at:  2018-01-18 18:00:00
---------------------------------------------------
--------------- 2018-01-18 18:00:16 ---------------
Schedule next shutdown at: 2018-01-18 18:15:00
Schedule next startup at:  2018-01-18 19:00:00
---------------------------------------------------
--------------- 2018-01-18 19:00:15 ---------------
Schedule next shutdown at: 2018-01-18 19:15:00
Schedule next startup at:  2018-01-19 07:00:00
---------------------------------------------------
--------------- 2018-01-19 07:00:15 ---------------
Schedule next shutdown at: 2018-01-19 07:15:00
Schedule next startup at:  2018-01-19 08:00:00
---------------------------------------------------
--------------- 2018-01-19 08:00:15 ---------------
Schedule next shutdown at: 2018-01-19 08:15:00
Schedule next startup at:  2018-01-19 09:00:00
---------------------------------------------------
--------------- 2018-01-19 09:00:16 ---------------
Schedule next shutdown at: 2018-01-19 09:15:00
Schedule next startup at:  2018-01-19 10:00:00
---------------------------------------------------
--------------- 2018-01-19 10:00:15 ---------------
Schedule next shutdown at: 2018-01-19 10:15:00
Schedule next startup at:  2018-01-19 11:00:00
---------------------------------------------------
--------------- 2018-01-19 11:00:16 ---------------
Schedule next shutdown at: 2018-01-19 11:15:00
Schedule next startup at:  2018-01-19 12:00:00
---------------------------------------------------
--------------- 2018-01-19 12:00:16 ---------------
Schedule next shutdown at: 2018-01-19 12:15:00
Schedule next startup at:  2018-01-19 13:00:00
---------------------------------------------------
--------------- 2018-01-19 13:00:15 ---------------
Schedule next shutdown at: 2018-01-19 13:15:00
Schedule next startup at:  2018-01-19 14:00:00
---------------------------------------------------
--------------- 2018-01-19 14:00:16 ---------------
Schedule next shutdown at: 2018-01-19 14:15:00
Schedule next startup at:  2018-01-19 15:00:00
---------------------------------------------------
--------------- 2018-01-19 15:00:16 ---------------
Schedule next shutdown at: 2018-01-19 15:15:00
Schedule next startup at:  2018-01-19 16:00:00
---------------------------------------------------
--------------- 2018-01-19 16:00:15 ---------------
Schedule next shutdown at: 2018-01-19 16:15:00
Schedule next startup at:  2018-01-19 17:00:00
---------------------------------------------------
--------------- 2018-01-19 17:00:15 ---------------
Schedule next shutdown at: 2018-01-19 17:15:00
Schedule next startup at:  2018-01-19 18:00:00
---------------------------------------------------
--------------- 2018-01-19 18:00:16 ---------------
Schedule next shutdown at: 2018-01-19 18:15:00
Schedule next startup at:  2018-01-19 19:00:00
---------------------------------------------------
--------------- 2018-01-19 19:00:16 ---------------
Schedule next shutdown at: 2018-01-19 19:15:00
Schedule next startup at:  2018-01-20 07:00:00
---------------------------------------------------
--------------- 2018-01-20 07:00:15 ---------------
Schedule next shutdown at: 2018-01-20 07:15:00
Schedule next startup at:  2018-01-20 08:00:00
---------------------------------------------------
--------------- 2018-01-20 08:00:15 ---------------
Schedule next shutdown at: 2018-01-20 08:15:00
Schedule next startup at:  2018-01-20 09:00:00
---------------------------------------------------
--------------- 2018-01-20 09:00:15 ---------------
Schedule next shutdown at: 2018-01-20 09:15:00
Schedule next startup at:  2018-01-20 10:00:00
---------------------------------------------------
--------------- 2018-01-20 10:00:16 ---------------
Schedule next shutdown at: 2018-01-20 10:15:00
Schedule next startup at:  2018-01-20 11:00:00
---------------------------------------------------
--------------- 2018-01-20 11:00:15 ---------------
Schedule next shutdown at: 2018-01-20 11:15:00
Schedule next startup at:  2018-01-20 12:00:00
---------------------------------------------------
--------------- 2018-01-20 12:00:15 ---------------
Schedule next shutdown at: 2018-01-20 12:15:00
Schedule next startup at:  2018-01-20 13:00:00
---------------------------------------------------
--------------- 2018-01-20 13:00:15 ---------------
Schedule next shutdown at: 2018-01-20 13:15:00
Schedule next startup at:  2018-01-20 14:00:00
---------------------------------------------------
--------------- 2018-01-20 14:00:15 ---------------
Schedule next shutdown at: 2018-01-20 14:15:00
Schedule next startup at:  2018-01-20 15:00:00
---------------------------------------------------
--------------- 2018-01-20 15:00:15 ---------------
Schedule next shutdown at: 2018-01-20 15:15:00
Schedule next startup at:  2018-01-20 16:00:00
---------------------------------------------------
--------------- 2018-01-20 16:00:15 ---------------
Schedule next shutdown at: 2018-01-20 16:15:00
Schedule next startup at:  2018-01-20 17:00:00
---------------------------------------------------
--------------- 2018-01-20 17:00:15 ---------------
Schedule next shutdown at: 2018-01-20 17:15:00
Schedule next startup at:  2018-01-20 18:00:00
---------------------------------------------------
--------------- 2018-01-20 18:00:15 ---------------
Schedule next shutdown at: 2018-01-20 18:15:00
Schedule next startup at:  2018-01-20 19:00:00
---------------------------------------------------
--------------- 2018-01-20 19:00:15 ---------------
Schedule next shutdown at: 2018-01-20 19:15:00
Schedule next startup at:  2018-01-21 07:00:00
---------------------------------------------------
--------------- 2018-01-21 07:00:15 ---------------
Schedule next shutdown at: 2018-01-21 07:15:00
Schedule next startup at:  2018-01-21 08:00:00
---------------------------------------------------
--------------- 2018-01-21 08:00:16 ---------------
Schedule next shutdown at: 2018-01-21 08:15:00
Schedule next startup at:  2018-01-21 09:00:00
---------------------------------------------------
--------------- 2018-01-21 09:00:16 ---------------
Schedule next shutdown at: 2018-01-21 09:15:00
Schedule next startup at:  2018-01-21 10:00:00
---------------------------------------------------
--------------- 2018-01-21 10:00:16 ---------------
Schedule next shutdown at: 2018-01-21 10:15:00
Schedule next startup at:  2018-01-21 11:00:00
---------------------------------------------------
--------------- 2018-01-21 11:00:15 ---------------
Schedule next shutdown at: 2018-01-21 11:15:00
Schedule next startup at:  2018-01-21 12:00:00
---------------------------------------------------
--------------- 2018-01-21 12:00:15 ---------------
Schedule next shutdown at: 2018-01-21 12:15:00
Schedule next startup at:  2018-01-21 13:00:00
---------------------------------------------------
--------------- 2018-01-21 13:00:16 ---------------
Schedule next shutdown at: 2018-01-21 13:15:00
Schedule next startup at:  2018-01-21 14:00:00
---------------------------------------------------
--------------- 2018-01-21 14:00:15 ---------------
Schedule next shutdown at: 2018-01-21 14:15:00
Schedule next startup at:  2018-01-21 15:00:00
---------------------------------------------------
--------------- 2018-01-21 15:00:16 ---------------
Schedule next shutdown at: 2018-01-21 15:15:00
Schedule next startup at:  2018-01-21 16:00:00
---------------------------------------------------
--------------- 2018-01-21 16:00:15 ---------------
Schedule next shutdown at: 2018-01-21 16:15:00
Schedule next startup at:  2018-01-21 17:00:00
---------------------------------------------------
--------------- 2018-01-21 17:00:16 ---------------
Schedule next shutdown at: 2018-01-21 17:15:00
Schedule next startup at:  2018-01-21 18:00:00
---------------------------------------------------
--------------- 2018-01-21 18:00:15 ---------------
Schedule next shutdown at: 2018-01-21 18:15:00
Schedule next startup at:  2018-01-21 19:00:00
---------------------------------------------------
--------------- 2018-01-21 19:00:15 ---------------
Schedule next shutdown at: 2018-01-21 19:15:00
Schedule next startup at:  2018-01-22 07:00:00
---------------------------------------------------
--------------- 2018-01-22 07:00:16 ---------------
Schedule next shutdown at: 2018-01-22 07:15:00
Schedule next startup at:  2018-01-22 08:00:00
---------------------------------------------------
--------------- 2018-01-22 08:00:15 ---------------
Schedule next shutdown at: 2018-01-22 08:15:00
Schedule next startup at:  2018-01-22 09:00:00
---------------------------------------------------
--------------- 2018-01-22 09:00:15 ---------------
Schedule next shutdown at: 2018-01-22 09:15:00
Schedule next startup at:  2018-01-22 10:00:00
---------------------------------------------------
--------------- 2018-01-22 10:00:15 ---------------
Schedule next shutdown at: 2018-01-22 10:15:00
Schedule next startup at:  2018-01-22 11:00:00
---------------------------------------------------
--------------- 2018-01-22 11:00:16 ---------------
Schedule next shutdown at: 2018-01-22 11:15:00
Schedule next startup at:  2018-01-22 12:00:00
---------------------------------------------------
--------------- 2018-01-22 12:00:15 ---------------
Schedule next shutdown at: 2018-01-22 12:15:00
Schedule next startup at:  2018-01-22 13:00:00
---------------------------------------------------
--------------- 2018-01-22 13:00:16 ---------------
Schedule next shutdown at: 2018-01-22 13:15:00
Schedule next startup at:  2018-01-22 14:00:00
---------------------------------------------------
--------------- 2018-01-22 14:00:16 ---------------
Schedule next shutdown at: 2018-01-22 14:15:00
Schedule next startup at:  2018-01-22 15:00:00
---------------------------------------------------
--------------- 2018-01-22 15:00:16 ---------------
Schedule next shutdown at: 2018-01-22 15:15:00
Schedule next startup at:  2018-01-22 16:00:00
---------------------------------------------------
--------------- 2018-01-22 16:00:15 ---------------
Schedule next shutdown at: 2018-01-22 16:15:00
Schedule next startup at:  2018-01-22 17:00:00
---------------------------------------------------
--------------- 2018-01-22 17:00:16 ---------------
Schedule next shutdown at: 2018-01-22 17:15:00
Schedule next startup at:  2018-01-22 18:00:00
---------------------------------------------------
--------------- 2018-01-22 18:00:16 ---------------
Schedule next shutdown at: 2018-01-22 18:15:00
Schedule next startup at:  2018-01-22 19:00:00
---------------------------------------------------
--------------- 2018-01-22 19:00:16 ---------------
Schedule next shutdown at: 2018-01-22 19:15:00
Schedule next startup at:  2018-01-23 07:00:00
---------------------------------------------------
--------------- 2018-01-23 07:00:15 ---------------
Schedule next shutdown at: 2018-01-23 07:15:00
Schedule next startup at:  2018-01-23 08:00:00
---------------------------------------------------
--------------- 2018-01-23 08:00:15 ---------------
Schedule next shutdown at: 2018-01-23 08:15:00
Schedule next startup at:  2018-01-23 09:00:00
---------------------------------------------------
--------------- 2018-01-23 09:00:15 ---------------
Schedule next shutdown at: 2018-01-23 09:15:00
Schedule next startup at:  2018-01-23 10:00:00
---------------------------------------------------
--------------- 2018-01-23 10:00:15 ---------------
Schedule next shutdown at: 2018-01-23 10:15:00
Schedule next startup at:  2018-01-23 11:00:00
---------------------------------------------------
--------------- 2018-01-23 11:00:16 ---------------
Schedule next shutdown at: 2018-01-23 11:15:00
Schedule next startup at:  2018-01-23 12:00:00
---------------------------------------------------
--------------- 2018-01-23 12:00:15 ---------------
Schedule next shutdown at: 2018-01-23 12:15:00
Schedule next startup at:  2018-01-23 13:00:00
---------------------------------------------------
--------------- 2018-01-23 13:00:16 ---------------
Schedule next shutdown at: 2018-01-23 13:15:00
Schedule next startup at:  2018-01-23 14:00:00
---------------------------------------------------
--------------- 2018-01-23 14:00:16 ---------------
Schedule next shutdown at: 2018-01-23 14:15:00
Schedule next startup at:  2018-01-23 15:00:00
---------------------------------------------------
--------------- 2018-01-23 15:00:15 ---------------
Schedule next shutdown at: 2018-01-23 15:15:00
Schedule next startup at:  2018-01-23 16:00:00
---------------------------------------------------
--------------- 2018-01-23 16:00:16 ---------------
Schedule next shutdown at: 2018-01-23 16:15:00
Schedule next startup at:  2018-01-23 17:00:00
---------------------------------------------------
--------------- 2018-01-23 17:00:16 ---------------
Schedule next shutdown at: 2018-01-23 17:15:00
Schedule next startup at:  2018-01-23 18:00:00
---------------------------------------------------
--------------- 2018-01-23 18:00:15 ---------------
Schedule next shutdown at: 2018-01-23 18:15:00
Schedule next startup at:  2018-01-23 19:00:00
---------------------------------------------------
--------------- 2018-01-23 19:00:15 ---------------
Schedule next shutdown at: 2018-01-23 19:15:00
Schedule next startup at:  2018-01-24 07:00:00
---------------------------------------------------
--------------- 2018-01-24 07:00:15 ---------------
Schedule next shutdown at: 2018-01-24 07:15:00
Schedule next startup at:  2018-01-24 08:00:00
---------------------------------------------------
--------------- 2018-01-24 08:00:16 ---------------
Schedule next shutdown at: 2018-01-24 08:15:00
Schedule next startup at:  2018-01-24 09:00:00
---------------------------------------------------
--------------- 2018-01-24 09:00:15 ---------------
Schedule next shutdown at: 2018-01-24 09:15:00
Schedule next startup at:  2018-01-24 10:00:00
---------------------------------------------------
--------------- 2018-01-24 10:00:15 ---------------
Schedule next shutdown at: 2018-01-24 10:15:00
Schedule next startup at:  2018-01-24 11:00:00
---------------------------------------------------
--------------- 2018-01-24 11:00:16 ---------------
Schedule next shutdown at: 2018-01-24 11:15:00
Schedule next startup at:  2018-01-24 12:00:00
---------------------------------------------------
--------------- 2018-01-24 12:00:15 ---------------
Schedule next shutdown at: 2018-01-24 12:15:00
Schedule next startup at:  2018-01-24 13:00:00
---------------------------------------------------
--------------- 2018-01-24 13:00:15 ---------------
Schedule next shutdown at: 2018-01-24 13:15:00
Schedule next startup at:  2018-01-24 14:00:00
---------------------------------------------------
--------------- 2018-01-24 14:00:16 ---------------
Schedule next shutdown at: 2018-01-24 14:15:00
Schedule next startup at:  2018-01-24 15:00:00
---------------------------------------------------
--------------- 2018-01-24 15:00:16 ---------------
Schedule next shutdown at: 2018-01-24 15:15:00
Schedule next startup at:  2018-01-24 16:00:00
---------------------------------------------------
--------------- 2018-01-24 16:00:15 ---------------
Schedule next shutdown at: 2018-01-24 16:15:00
Schedule next startup at:  2018-01-24 17:00:00
---------------------------------------------------
--------------- 2018-01-24 17:00:15 ---------------
Schedule next shutdown at: 2018-01-24 17:15:00
Schedule next startup at:  2018-01-24 18:00:00
---------------------------------------------------
--------------- 2018-01-24 18:00:15 ---------------
Schedule next shutdown at: 2018-01-24 18:15:00
Schedule next startup at:  2018-01-24 19:00:00
---------------------------------------------------
--------------- 2018-01-24 19:00:15 ---------------
Schedule next shutdown at: 2018-01-24 19:15:00
Schedule next startup at:  2018-01-25 07:00:00
---------------------------------------------------
--------------- 2018-01-25 07:00:15 ---------------
Schedule next shutdown at: 2018-01-25 07:15:00
Schedule next startup at:  2018-01-25 08:00:00
---------------------------------------------------
--------------- 2018-01-25 08:00:15 ---------------
Schedule next shutdown at: 2018-01-25 08:15:00
Schedule next startup at:  2018-01-25 09:00:00
---------------------------------------------------
--------------- 2018-01-25 09:00:15 ---------------
Schedule next shutdown at: 2018-01-25 09:15:00
Schedule next startup at:  2018-01-25 10:00:00
---------------------------------------------------
--------------- 2018-01-25 10:00:15 ---------------
Schedule next shutdown at: 2018-01-25 10:15:00
Schedule next startup at:  2018-01-25 11:00:00
---------------------------------------------------
--------------- 2018-01-25 11:00:15 ---------------
Schedule next shutdown at: 2018-01-25 11:15:00
Schedule next startup at:  2018-01-25 12:00:00
---------------------------------------------------
--------------- 2018-01-25 12:00:16 ---------------
Schedule next shutdown at: 2018-01-25 12:15:00
Schedule next startup at:  2018-01-25 13:00:00
---------------------------------------------------
--------------- 2018-01-25 13:00:16 ---------------
Schedule next shutdown at: 2018-01-25 13:15:00
Schedule next startup at:  2018-01-25 14:00:00
---------------------------------------------------
--------------- 2018-01-25 14:00:15 ---------------
Schedule next shutdown at: 2018-01-25 14:15:00
Schedule next startup at:  2018-01-25 15:00:00
---------------------------------------------------
--------------- 2018-01-25 15:00:16 ---------------
Schedule next shutdown at: 2018-01-25 15:15:00
Schedule next startup at:  2018-01-25 16:00:00
---------------------------------------------------
--------------- 2018-01-25 16:00:15 ---------------
Schedule next shutdown at: 2018-01-25 16:15:00
Schedule next startup at:  2018-01-25 17:00:00
---------------------------------------------------
--------------- 2018-01-25 17:00:16 ---------------
Schedule next shutdown at: 2018-01-25 17:15:00
Schedule next startup at:  2018-01-25 18:00:00
---------------------------------------------------
--------------- 2018-01-25 18:00:15 ---------------
Schedule next shutdown at: 2018-01-25 18:15:00
Schedule next startup at:  2018-01-25 19:00:00
---------------------------------------------------
--------------- 2018-01-25 19:00:15 ---------------
Schedule next shutdown at: 2018-01-25 19:15:00
Schedule next startup at:  2018-01-26 07:00:00
---------------------------------------------------
--------------- 2018-01-26 07:00:15 ---------------
Schedule next shutdown at: 2018-01-26 07:15:00
Schedule next startup at:  2018-01-26 08:00:00
---------------------------------------------------
--------------- 2018-01-26 08:00:15 ---------------
Schedule next shutdown at: 2018-01-26 08:15:00
Schedule next startup at:  2018-01-26 09:00:00
---------------------------------------------------
--------------- 2018-01-26 09:00:15 ---------------
Schedule next shutdown at: 2018-01-26 09:15:00
Schedule next startup at:  2018-01-26 10:00:00
---------------------------------------------------
--------------- 2018-01-26 10:00:16 ---------------
Schedule next shutdown at: 2018-01-26 10:15:00
Schedule next startup at:  2018-01-26 11:00:00
---------------------------------------------------
--------------- 2018-01-26 11:00:15 ---------------
Schedule next shutdown at: 2018-01-26 11:15:00
Schedule next startup at:  2018-01-26 12:00:00
---------------------------------------------------
--------------- 2018-01-26 12:00:15 ---------------
Schedule next shutdown at: 2018-01-26 12:15:00
Schedule next startup at:  2018-01-26 13:00:00
---------------------------------------------------
--------------- 2018-01-26 13:00:16 ---------------
Schedule next shutdown at: 2018-01-26 13:15:00
Schedule next startup at:  2018-01-26 14:00:00
---------------------------------------------------
--------------- 2018-01-26 14:00:16 ---------------
Schedule next shutdown at: 2018-01-26 14:15:00
Schedule next startup at:  2018-01-26 15:00:00
---------------------------------------------------
--------------- 2018-01-26 15:00:15 ---------------
Schedule next shutdown at: 2018-01-26 15:15:00
Schedule next startup at:  2018-01-26 16:00:00
---------------------------------------------------
--------------- 2018-01-26 16:00:16 ---------------
Schedule next shutdown at: 2018-01-26 16:15:00
Schedule next startup at:  2018-01-26 17:00:00
---------------------------------------------------
--------------- 2018-01-26 17:00:16 ---------------
Schedule next shutdown at: 2018-01-26 17:15:00
Schedule next startup at:  2018-01-26 18:00:00
---------------------------------------------------
--------------- 2018-01-26 18:00:16 ---------------
Schedule next shutdown at: 2018-01-26 18:15:00
Schedule next startup at:  2018-01-26 19:00:00
---------------------------------------------------
--------------- 2018-01-26 19:00:15 ---------------
Schedule next shutdown at: 2018-01-26 19:15:00
Schedule next startup at:  2018-01-27 07:00:00
---------------------------------------------------
--------------- 2018-01-27 07:00:15 ---------------
Schedule next shutdown at: 2018-01-27 07:15:00
Schedule next startup at:  2018-01-27 08:00:00
---------------------------------------------------
--------------- 2018-01-27 08:00:16 ---------------
Schedule next shutdown at: 2018-01-27 08:15:00
Schedule next startup at:  2018-01-27 09:00:00
---------------------------------------------------
--------------- 2018-01-27 09:00:15 ---------------
Schedule next shutdown at: 2018-01-27 09:15:00
Schedule next startup at:  2018-01-27 10:00:00
---------------------------------------------------
--------------- 2018-01-27 10:00:16 ---------------
Schedule next shutdown at: 2018-01-27 10:15:00
Schedule next startup at:  2018-01-27 11:00:00
---------------------------------------------------
--------------- 2018-01-27 11:00:15 ---------------
Schedule next shutdown at: 2018-01-27 11:15:00
Schedule next startup at:  2018-01-27 12:00:00
---------------------------------------------------
--------------- 2018-01-27 12:00:15 ---------------
Schedule next shutdown at: 2018-01-27 12:15:00
Schedule next startup at:  2018-01-27 13:00:00
---------------------------------------------------
--------------- 2018-01-27 13:00:16 ---------------
Schedule next shutdown at: 2018-01-27 13:15:00
Schedule next startup at:  2018-01-27 14:00:00
---------------------------------------------------
--------------- 2018-01-27 14:00:16 ---------------
Schedule next shutdown at: 2018-01-27 14:15:00
Schedule next startup at:  2018-01-27 15:00:00
---------------------------------------------------
--------------- 2018-01-27 15:00:16 ---------------
Schedule next shutdown at: 2018-01-27 15:15:00
Schedule next startup at:  2018-01-27 16:00:00
---------------------------------------------------
--------------- 2018-01-27 16:00:15 ---------------
Schedule next shutdown at: 2018-01-27 16:15:00
Schedule next startup at:  2018-01-27 17:00:00
---------------------------------------------------
--------------- 2018-01-27 17:00:16 ---------------
Schedule next shutdown at: 2018-01-27 17:15:00
Schedule next startup at:  2018-01-27 18:00:00
---------------------------------------------------
--------------- 2018-01-27 18:00:15 ---------------
Schedule next shutdown at: 2018-01-27 18:15:00
Schedule next startup at:  2018-01-27 19:00:00
---------------------------------------------------
--------------- 2018-01-27 19:00:15 ---------------
Schedule next shutdown at: 2018-01-27 19:15:00
Schedule next startup at:  2018-01-28 07:00:00
---------------------------------------------------
--------------- 2018-01-28 07:00:15 ---------------
Schedule next shutdown at: 2018-01-28 07:15:00
Schedule next startup at:  2018-01-28 08:00:00
---------------------------------------------------
--------------- 2018-01-28 08:00:15 ---------------
Schedule next shutdown at: 2018-01-28 08:15:00
Schedule next startup at:  2018-01-28 09:00:00
---------------------------------------------------
--------------- 2018-01-28 09:00:15 ---------------
Schedule next shutdown at: 2018-01-28 09:15:00
Schedule next startup at:  2018-01-28 10:00:00
---------------------------------------------------
--------------- 2018-01-28 10:00:15 ---------------
Schedule next shutdown at: 2018-01-28 10:15:00
Schedule next startup at:  2018-01-28 11:00:00
---------------------------------------------------
--------------- 2018-01-28 11:00:16 ---------------
Schedule next shutdown at: 2018-01-28 11:15:00
Schedule next startup at:  2018-01-28 12:00:00
---------------------------------------------------
--------------- 2018-01-28 12:00:16 ---------------
Schedule next shutdown at: 2018-01-28 12:15:00
Schedule next startup at:  2018-01-28 13:00:00
---------------------------------------------------
--------------- 2018-01-28 13:00:16 ---------------
Schedule next shutdown at: 2018-01-28 13:15:00
Schedule next startup at:  2018-01-28 14:00:00
---------------------------------------------------
--------------- 2018-01-28 14:00:15 ---------------
Schedule next shutdown at: 2018-01-28 14:15:00
Schedule next startup at:  2018-01-28 15:00:00
---------------------------------------------------
--------------- 2018-01-28 15:00:15 ---------------
Schedule next shutdown at: 2018-01-28 15:15:00
Schedule next startup at:  2018-01-28 16:00:00
---------------------------------------------------
--------------- 2018-01-28 16:00:15 ---------------
Schedule next shutdown at: 2018-01-28 16:15:00
Schedule next startup at:  2018-01-28 17:00:00
---------------------------------------------------
--------------- 2018-01-28 17:00:15 ---------------
Schedule next shutdown at: 2018-01-28 17:15:00
Schedule next startup at:  2018-01-28 18:00:00
---------------------------------------------------
--------------- 2018-01-28 18:00:15 ---------------
Schedule next shutdown at: 2018-01-28 18:15:00
Schedule next startup at:  2018-01-28 19:00:00
---------------------------------------------------
--------------- 2018-01-28 19:00:16 ---------------
Schedule next shutdown at: 2018-01-28 19:15:00
Schedule next startup at:  2018-01-29 07:00:00
---------------------------------------------------
--------------- 2018-01-29 07:00:16 ---------------
Schedule next shutdown at: 2018-01-29 07:15:00
Schedule next startup at:  2018-01-29 08:00:00
---------------------------------------------------
--------------- 2018-01-29 08:00:16 ---------------
Schedule next shutdown at: 2018-01-29 08:15:00
Schedule next startup at:  2018-01-29 09:00:00
---------------------------------------------------
--------------- 2018-01-29 09:00:16 ---------------
Schedule next shutdown at: 2018-01-29 09:15:00
Schedule next startup at:  2018-01-29 10:00:00
---------------------------------------------------
--------------- 2018-01-29 10:00:16 ---------------
Schedule next shutdown at: 2018-01-29 10:15:00
Schedule next startup at:  2018-01-29 11:00:00
---------------------------------------------------
--------------- 2018-01-29 11:00:16 ---------------
Schedule next shutdown at: 2018-01-29 11:15:00
Schedule next startup at:  2018-01-29 12:00:00
---------------------------------------------------
--------------- 2018-01-29 12:00:15 ---------------
Schedule next shutdown at: 2018-01-29 12:15:00
Schedule next startup at:  2018-01-29 13:00:00
---------------------------------------------------
--------------- 2018-01-29 13:00:15 ---------------
Schedule next shutdown at: 2018-01-29 13:15:00
Schedule next startup at:  2018-01-29 14:00:00
---------------------------------------------------
--------------- 2018-01-29 14:00:16 ---------------
Schedule next shutdown at: 2018-01-29 14:15:00
Schedule next startup at:  2018-01-29 15:00:00
---------------------------------------------------
--------------- 2018-01-29 15:00:15 ---------------
Schedule next shutdown at: 2018-01-29 15:15:00
Schedule next startup at:  2018-01-29 16:00:00
---------------------------------------------------
--------------- 2018-01-29 16:00:15 ---------------
Schedule next shutdown at: 2018-01-29 16:15:00
Schedule next startup at:  2018-01-29 17:00:00
---------------------------------------------------
--------------- 2018-01-29 17:00:16 ---------------
Schedule next shutdown at: 2018-01-29 17:15:00
Schedule next startup at:  2018-01-29 18:00:00
---------------------------------------------------
--------------- 2018-01-29 18:00:16 ---------------
Schedule next shutdown at: 2018-01-29 18:15:00
Schedule next startup at:  2018-01-29 19:00:00
---------------------------------------------------
--------------- 2018-01-29 19:00:15 ---------------
Schedule next shutdown at: 2018-01-29 19:15:00
Schedule next startup at:  2018-01-30 07:00:00
---------------------------------------------------
--------------- 2018-01-30 07:00:15 ---------------
Schedule next shutdown at: 2018-01-30 07:15:00
Schedule next startup at:  2018-01-30 08:00:00
---------------------------------------------------
--------------- 2018-01-30 08:00:15 ---------------
Schedule next shutdown at: 2018-01-30 08:15:00
Schedule next startup at:  2018-01-30 09:00:00
---------------------------------------------------
--------------- 2018-01-30 09:00:16 ---------------
Schedule next shutdown at: 2018-01-30 09:15:00
Schedule next startup at:  2018-01-30 10:00:00
---------------------------------------------------
--------------- 2018-01-30 10:00:15 ---------------
Schedule next shutdown at: 2018-01-30 10:15:00
Schedule next startup at:  2018-01-30 11:00:00
---------------------------------------------------
--------------- 2018-01-30 11:00:16 ---------------
Schedule next shutdown at: 2018-01-30 11:15:00
Schedule next startup at:  2018-01-30 12:00:00
---------------------------------------------------
--------------- 2018-01-30 12:00:15 ---------------
Schedule next shutdown at: 2018-01-30 12:15:00
Schedule next startup at:  2018-01-30 13:00:00
---------------------------------------------------
--------------- 2018-01-30 13:00:16 ---------------
Schedule next shutdown at: 2018-01-30 13:15:00
Schedule next startup at:  2018-01-30 14:00:00
---------------------------------------------------
--------------- 2018-01-30 14:00:16 ---------------
Schedule next shutdown at: 2018-01-30 14:15:00
Schedule next startup at:  2018-01-30 15:00:00
---------------------------------------------------
--------------- 2018-01-30 15:00:16 ---------------
Schedule next shutdown at: 2018-01-30 15:15:00
Schedule next startup at:  2018-01-30 16:00:00
---------------------------------------------------
--------------- 2018-01-30 16:00:15 ---------------
Schedule next shutdown at: 2018-01-30 16:15:00
Schedule next startup at:  2018-01-30 17:00:00
---------------------------------------------------
--------------- 2018-01-30 17:00:15 ---------------
Schedule next shutdown at: 2018-01-30 17:15:00
Schedule next startup at:  2018-01-30 18:00:00
---------------------------------------------------
--------------- 2018-01-30 18:00:16 ---------------
Schedule next shutdown at: 2018-01-30 18:15:00
Schedule next startup at:  2018-01-30 19:00:00
---------------------------------------------------
--------------- 2018-01-30 19:00:15 ---------------
Schedule next shutdown at: 2018-01-30 19:15:00
Schedule next startup at:  2018-01-31 07:00:00
---------------------------------------------------
--------------- 2018-01-31 07:00:16 ---------------
Schedule next shutdown at: 2018-01-31 07:15:00
Schedule next startup at:  2018-01-31 08:00:00
---------------------------------------------------
--------------- 2018-01-31 08:00:15 ---------------
Schedule next shutdown at: 2018-01-31 08:15:00
Schedule next startup at:  2018-01-31 09:00:00
---------------------------------------------------
--------------- 2018-01-31 09:00:16 ---------------
Schedule next shutdown at: 2018-01-31 09:15:00
Schedule next startup at:  2018-01-31 10:00:00
---------------------------------------------------
--------------- 2018-01-31 10:00:15 ---------------
Schedule next shutdown at: 2018-01-31 10:15:00
Schedule next startup at:  2018-01-31 11:00:00
---------------------------------------------------
--------------- 2018-01-31 11:00:15 ---------------
Schedule next shutdown at: 2018-01-31 11:15:00
Schedule next startup at:  2018-01-31 12:00:00
---------------------------------------------------
--------------- 2018-01-31 12:00:16 ---------------
Schedule next shutdown at: 2018-01-31 12:15:00
Schedule next startup at:  2018-01-31 13:00:00
---------------------------------------------------
--------------- 2018-01-31 13:00:16 ---------------
Schedule next shutdown at: 2018-01-31 13:15:00
Schedule next startup at:  2018-01-31 14:00:00
---------------------------------------------------
--------------- 2018-01-31 14:00:16 ---------------
Schedule next shutdown at: 2018-01-31 14:15:00
Schedule next startup at:  2018-01-31 15:00:00
---------------------------------------------------
--------------- 2018-01-31 15:00:15 ---------------
Schedule next shutdown at: 2018-01-31 15:15:00
Schedule next startup at:  2018-01-31 16:00:00
---------------------------------------------------
--------------- 2018-01-31 16:00:15 ---------------
Schedule next shutdown at: 2018-01-31 16:15:00
Schedule next startup at:  2018-01-31 17:00:00
---------------------------------------------------
--------------- 2018-01-31 17:00:15 ---------------
Schedule next shutdown at: 2018-01-31 17:15:00
Schedule next startup at:  2018-01-31 18:00:00
---------------------------------------------------
--------------- 2018-01-31 18:00:16 ---------------
Schedule next shutdown at: 2018-01-31 18:15:00
Schedule next startup at:  2018-01-31 19:00:00
---------------------------------------------------
--------------- 2018-01-31 19:00:15 ---------------
Schedule next shutdown at: 2018-01-31 19:15:00
Schedule next startup at:  2018-02-01 07:00:00
---------------------------------------------------
--------------- 2018-02-01 07:00:15 ---------------
Schedule next shutdown at: 2018-02-01 07:15:00
Schedule next startup at:  2018-02-01 08:00:00
---------------------------------------------------
--------------- 2018-02-01 08:00:16 ---------------
Schedule next shutdown at: 2018-02-01 08:15:00
Schedule next startup at:  2018-02-01 09:00:00
---------------------------------------------------
--------------- 2018-02-01 09:00:15 ---------------
Schedule next shutdown at: 2018-02-01 09:15:00
Schedule next startup at:  2018-02-01 10:00:00
---------------------------------------------------
--------------- 2018-02-01 10:00:15 ---------------
Schedule next shutdown at: 2018-02-01 10:15:00
Schedule next startup at:  2018-02-01 11:00:00
---------------------------------------------------
--------------- 2018-02-01 11:00:15 ---------------
Schedule next shutdown at: 2018-02-01 11:15:00
Schedule next startup at:  2018-02-01 12:00:00
---------------------------------------------------
--------------- 2018-02-01 12:00:16 ---------------
Schedule next shutdown at: 2018-02-01 12:15:00
Schedule next startup at:  2018-02-01 13:00:00
---------------------------------------------------
--------------- 2018-02-01 13:00:15 ---------------
Schedule next shutdown at: 2018-02-01 13:15:00
Schedule next startup at:  2018-02-01 14:00:00
---------------------------------------------------
--------------- 2018-02-01 14:00:15 ---------------
Schedule next shutdown at: 2018-02-01 14:15:00
Schedule next startup at:  2018-02-01 15:00:00
---------------------------------------------------
--------------- 2018-02-01 15:00:16 ---------------
Schedule next shutdown at: 2018-02-01 15:15:00
Schedule next startup at:  2018-02-01 16:00:00
---------------------------------------------------
--------------- 2018-02-01 16:00:16 ---------------
Schedule next shutdown at: 2018-02-01 16:15:00
Schedule next startup at:  2018-02-01 17:00:00
---------------------------------------------------
--------------- 2018-02-01 17:00:15 ---------------
Schedule next shutdown at: 2018-02-01 17:15:00
Schedule next startup at:  2018-02-01 18:00:00
---------------------------------------------------
--------------- 2018-02-01 18:00:15 ---------------
Schedule next shutdown at: 2018-02-01 18:15:00
Schedule next startup at:  2018-02-01 19:00:00
---------------------------------------------------
--------------- 2018-02-01 19:00:16 ---------------
Schedule next shutdown at: 2018-02-01 19:15:00
Schedule next startup at:  2018-02-02 07:00:00
---------------------------------------------------
--------------- 2018-02-02 07:00:16 ---------------
Schedule next shutdown at: 2018-02-02 07:15:00
Schedule next startup at:  2018-02-02 08:00:00
---------------------------------------------------
--------------- 2018-02-02 08:00:16 ---------------
Schedule next shutdown at: 2018-02-02 08:15:00
Schedule next startup at:  2018-02-02 09:00:00
---------------------------------------------------
--------------- 2018-02-02 09:00:15 ---------------
Schedule next shutdown at: 2018-02-02 09:15:00
Schedule next startup at:  2018-02-02 10:00:00
---------------------------------------------------
--------------- 2018-02-02 10:00:15 ---------------
Schedule next shutdown at: 2018-02-02 10:15:00
Schedule next startup at:  2018-02-02 11:00:00
---------------------------------------------------
--------------- 2018-02-02 11:00:15 ---------------
Schedule next shutdown at: 2018-02-02 11:15:00
Schedule next startup at:  2018-02-02 12:00:00
---------------------------------------------------
--------------- 2018-02-02 12:00:16 ---------------
Schedule next shutdown at: 2018-02-02 12:15:00
Schedule next startup at:  2018-02-02 13:00:00
---------------------------------------------------
--------------- 2018-02-02 13:00:15 ---------------
Schedule next shutdown at: 2018-02-02 13:15:00
Schedule next startup at:  2018-02-02 14:00:00
---------------------------------------------------
--------------- 2018-02-02 14:00:15 ---------------
Schedule next shutdown at: 2018-02-02 14:15:00
Schedule next startup at:  2018-02-02 15:00:00
---------------------------------------------------
--------------- 2018-02-02 15:38:48 ---------------
Schedule next shutdown at: 2018-02-02 16:15:00
Schedule next startup at:  2018-02-02 17:00:00
---------------------------------------------------
--------------- 2018-02-12 17:55:11 ---------------
Schedule next shutdown at: 2018-02-12 18:15:00
Schedule next startup at:  2018-02-12 19:00:00
---------------------------------------------------
--------------- 2018-02-12 19:18:00 ---------------
Schedule next shutdown at: 2018-02-13 07:15:00
Schedule next startup at:  2018-02-13 08:00:00
---------------------------------------------------
--------------- 2018-02-12 19:46:16 ---------------
Schedule next shutdown at: 2018-02-13 07:15:00
Schedule next startup at:  2018-02-13 08:00:00
---------------------------------------------------
--------------- 2018-02-12 20:50:28 ---------------
File "schedule.wpi" not found, skip running schedule script.
---------------------------------------------------
--------------- 2018-02-12 21:18:08 ---------------
File "schedule.wpi" not found, skip running schedule script.
---------------------------------------------------
--------------- 2018-02-13 15:50:35 ---------------
File "schedule.wpi" not found, skip running schedule script.
---------------------------------------------------
--------------- 2018-02-13 15:58:25 ---------------
File "schedule.wpi" not found, skip running schedule script.
---------------------------------------------------
--------------- 2018-02-13 16:46:12 ---------------
File "schedule.wpi" not found, skip running schedule script.
---------------------------------------------------
--------------- 2018-02-14 14:14:10 ---------------
File "schedule.wpi" not found, skip running schedule script.
---------------------------------------------------
--------------- 2018-02-16 12:54:56 ---------------
File "schedule.wpi" not found, skip running schedule script.
---------------------------------------------------
--------------- 2018-02-28 19:07:15 ---------------
File "schedule.wpi" not found, skip running schedule script.
---------------------------------------------------
--------------- 2018-02-28 19:25:01 ---------------
File "schedule.wpi" not found, skip running schedule script.
---------------------------------------------------
--------------- 2018-02-28 23:49:25 ---------------
File "schedule.wpi" not found, skip running schedule script.
---------------------------------------------------
--------------- 2018-03-03 07:26:53 ---------------
File "schedule.wpi" not found, skip running schedule script.
---------------------------------------------------
--------------- 2018-03-03 10:31:45 ---------------
File "schedule.wpi" not found, skip running schedule script.
---------------------------------------------------
--------------- 2018-03-17 22:14:58 ---------------
File "schedule.wpi" not found, skip running schedule script.
---------------------------------------------------
--------------- 2018-03-18 16:13:07 ---------------
File "schedule.wpi" not found, skip running schedule script.
---------------------------------------------------
--------------- 2018-03-21 10:24:15 ---------------
File "schedule.wpi" not found, skip running schedule script.
---------------------------------------------------
--------------- 2018-03-21 11:17:28 ---------------
File "schedule.wpi" not found, skip running schedule script.
---------------------------------------------------
--------------- 2018-03-21 11:27:10 ---------------
File "schedule.wpi" not found, skip running schedule script.
---------------------------------------------------
--------------- 2019-12-23 08:43:21 ---------------
File "schedule.wpi" not found, skip running schedule script.
---------------------------------------------------
--------------- 2019-12-23 08:50:30 ---------------
File "schedule.wpi" not found, skip running schedule script.
---------------------------------------------------
File "schedule.wpi" not found, skip running schedule script.
---------------------------------------------------
