[2017-11-11 20:48:02] Witty Pi daemon (v2.56) is started.
[2017-11-11 20:48:04] Synchronizing time between system and Witty Pi...
[2017-11-11 20:48:05] Writing RTC time to system...
[2017-11-11 20:48:52] Done :-)
[2017-11-11 20:48:54] File "schedule.wpi" not found, skip running schedule script.
[2017-11-11 20:48:58] Pending for incoming shutdown command...
[2017-11-11 20:49:02] Internet detected, apply NTP time to system and Witty Pi...
[2017-11-11 20:49:02] Writing system time to RTC...
[2017-11-11 20:49:03] Done :-)
[2017-11-11 20:50:29] Copying "cloudberry.wpi" to "schedule.wpi"...
[2017-11-11 20:50:29] Running the script...
[2017-11-11 20:50:31] Schedule next shutdown at: 2017-11-11 21:15:00
[2017-11-11 20:50:31] Schedule next startup at: 2017-11-11 22:00:00
[2017-11-11 20:50:32] Done :-)
[2017-11-11 20:50:46] Running syncTime.sh ...
[2017-11-11 20:50:46] Synchronizing time between system and Witty Pi...
[2017-11-11 20:50:46] Writing RTC time to system...
[2017-11-11 20:50:47] Done :-)
[2017-11-11 20:50:57] Internet detected, apply NTP time to system and Witty Pi...
[2017-11-11 20:50:57] Writing system time to RTC...
[2017-11-11 20:50:59] Done :-)
[2017-11-11 16:15:00] Shutdown command is received...
[2017-11-11 16:15:00] Halting all processes and then shutdown Raspberry Pi...
[2017-11-11 16:15:03] Witty Pi daemon (v2.56) is started.
[2017-11-11 16:15:06] Synchronizing time between system and Witty Pi...
[2017-11-11 16:15:07] Writing RTC time to system...
[2017-11-11 17:00:14] Done :-)
[2017-11-11 17:00:18] Schedule next shutdown at: 2017-11-11 17:15:00
[2017-11-11 17:00:18] Schedule next startup at: 2017-11-11 18:00:00
[2017-11-11 17:00:20] Pending for incoming shutdown command...
[2017-11-11 17:00:24] Internet detected, apply NTP time to system and Witty Pi...
[2017-11-11 17:00:24] Writing system time to RTC...
[2017-11-11 17:00:25] Done :-)
[2017-11-11 17:15:01] Shutdown command is received...
[2017-11-11 17:15:01] Halting all processes and then shutdown Raspberry Pi...
[2017-11-11 17:15:04] Witty Pi daemon (v2.56) is started.
[2017-11-11 17:15:06] Synchronizing time between system and Witty Pi...
[2017-11-11 17:15:07] Writing RTC time to system...
[2017-11-11 18:00:14] Done :-)
[2017-11-11 18:00:18] Schedule next shutdown at: 2017-11-11 18:15:00
[2017-11-11 18:00:18] Schedule next startup at: 2017-11-11 19:00:00
[2017-11-11 18:00:20] Pending for incoming shutdown command...
[2017-11-11 18:00:24] Internet detected, apply NTP time to system and Witty Pi...
[2017-11-11 18:00:24] Writing system time to RTC...
[2017-11-11 18:00:25] Done :-)
[2017-11-11 18:15:01] Shutdown command is received...
[2017-11-11 18:15:01] Halting all processes and then shutdown Raspberry Pi...
[2017-11-11 18:15:05] Witty Pi daemon (v2.56) is started.
[2017-11-11 18:15:07] Synchronizing time between system and Witty Pi...
[2017-11-11 18:15:08] Writing RTC time to system...
[2017-11-11 19:00:15] Done :-)
[2017-11-11 19:00:20] Schedule next shutdown at: 2017-11-11 19:15:00
[2017-11-11 19:00:20] Schedule next startup at: 2017-11-11 20:00:00
[2017-11-11 19:00:21] Pending for incoming shutdown command...
[2017-11-11 19:00:25] Internet detected, apply NTP time to system and Witty Pi...
[2017-11-11 19:00:25] Writing system time to RTC...
[2017-11-11 19:00:26] Done :-)
[2017-11-11 19:15:02] Shutdown command is received...
[2017-11-11 19:15:02] Halting all processes and then shutdown Raspberry Pi...
[2017-11-11 19:15:05] Witty Pi daemon (v2.56) is started.
[2017-11-11 19:15:08] Synchronizing time between system and Witty Pi...
[2017-11-11 19:15:08] Writing RTC time to system...
[2017-11-11 20:00:14] Done :-)
[2017-11-11 20:00:18] Schedule next shutdown at: 2017-11-11 20:15:00
[2017-11-11 20:00:18] Schedule next startup at: 2017-11-11 21:00:00
[2017-11-11 20:00:20] Pending for incoming shutdown command...
[2017-11-11 20:00:24] Internet detected, apply NTP time to system and Witty Pi...
[2017-11-11 20:00:24] Writing system time to RTC...
[2017-11-11 20:00:25] Done :-)
[2017-11-11 20:15:02] Shutdown command is received...
[2017-11-11 20:15:02] Halting all processes and then shutdown Raspberry Pi...
[2017-11-11 20:15:09] Witty Pi daemon (v2.56) is started.
[2017-11-11 20:15:11] Synchronizing time between system and Witty Pi...
[2017-11-11 20:15:11] Writing RTC time to system...
[2017-11-11 21:00:14] Done :-)
[2017-11-11 21:00:18] Schedule next shutdown at: 2017-11-11 21:15:00
[2017-11-11 21:00:18] Schedule next startup at: 2017-11-11 22:00:00
[2017-11-11 21:00:20] Pending for incoming shutdown command...
[2017-11-11 21:00:24] Internet detected, apply NTP time to system and Witty Pi...
[2017-11-11 21:00:24] Writing system time to RTC...
[2017-11-11 21:00:25] Done :-)
[2017-11-11 21:08:51] Copying "cloudberry.wpi" to "schedule.wpi"...
[2017-11-11 21:08:51] Running the script...
[2017-11-11 21:08:53] Schedule next shutdown at: 2017-11-11 21:15:00
[2017-11-11 21:08:53] Schedule next startup at: 2017-11-11 22:00:00
[2017-11-11 21:08:54] Done :-)
[2017-11-11 21:09:44] Clearing auto startup time...
[2017-11-11 21:09:44] done :-)
[2017-11-11 21:09:44] Clearing auto shutdown time...
[2017-11-11 21:09:44] done :-)
[2017-11-11 21:09:44] Deleting "schedule.wpi" file...
[2017-11-11 21:09:44] done :-)
[2017-11-11 21:10:00] Copying "cloudberry.wpi" to "schedule.wpi"...
[2017-11-11 21:10:00] Running the script...
[2017-11-11 21:10:02] Schedule next shutdown at: 2017-11-11 21:15:00
[2017-11-11 21:10:02] Schedule next startup at: 2017-11-11 22:00:00
[2017-11-11 21:10:03] Done :-)
[2017-11-11 21:10:23] Copying "7:00_on_7:30_off_21:00_on_21:30_off.wpi" to "schedule.wpi"...
[2017-11-11 21:10:23] Running the script...
[2017-11-11 21:10:24] Schedule next shutdown at: 2017-11-12 06:30:00
[2017-11-11 21:10:24] Schedule next startup at: 2017-11-12 20:00:00
[2017-11-11 21:10:25] Done :-)
[2017-11-11 21:11:24] Copying "on_10m_every_2h.wpi" to "schedule.wpi"...
[2017-11-11 21:11:24] Running the script...
[2017-11-11 21:11:25] Schedule next shutdown at: 2017-11-11 23:10:00
[2017-11-11 21:11:25] Schedule next startup at: 2017-11-12 01:00:00
[2017-11-11 21:11:26] Done :-)
[2017-11-11 21:11:41] Copying "cloudberry.wpi" to "schedule.wpi"...
[2017-11-11 21:11:41] Running the script...
[2017-11-11 21:11:43] Schedule next shutdown at: 2017-11-11 21:15:00
[2017-11-11 21:11:43] Schedule next startup at: 2017-11-11 22:00:00
[2017-11-11 21:11:44] Done :-)
[2017-11-11 21:12:34] Clearing auto startup time...
[2017-11-11 21:12:34] done :-)
[2017-11-11 21:12:34] Clearing auto shutdown time...
[2017-11-11 21:12:34] done :-)
[2017-11-11 21:12:34] Deleting "schedule.wpi" file...
[2017-11-11 21:12:34] done :-)
[2017-11-11 21:25:44] Witty Pi daemon (v2.56) is started.
[2017-11-11 21:25:46] Synchronizing time between system and Witty Pi...
[2017-11-11 21:25:47] Writing RTC time to system...
[2017-11-11 21:25:55] Done :-)
[2017-11-11 21:25:57] File "schedule.wpi" not found, skip running schedule script.
[2017-11-11 21:26:01] Pending for incoming shutdown command...
[2017-11-11 21:26:05] Internet detected, apply NTP time to system and Witty Pi...
[2017-11-11 21:26:05] Writing system time to RTC...
[2017-11-11 21:26:06] Done :-)
[2017-11-11 21:35:24] Witty Pi daemon (v2.56) is started.
[2017-11-11 21:35:26] Synchronizing time between system and Witty Pi...
[2017-11-11 21:35:27] Writing RTC time to system...
[2017-11-11 21:35:35] Done :-)
[2017-11-11 21:35:37] File "schedule.wpi" not found, skip running schedule script.
[2017-11-11 21:35:41] Pending for incoming shutdown command...
[2017-11-11 21:35:45] Internet detected, apply NTP time to system and Witty Pi...
[2017-11-11 21:35:45] Writing system time to RTC...
[2017-11-11 21:35:46] Done :-)
[2017-11-11 21:40:37] Witty Pi daemon (v2.56) is started.
[2017-11-11 21:40:39] Synchronizing time between system and Witty Pi...
[2017-11-11 21:40:40] Writing RTC time to system...
[2017-11-11 21:40:47] Done :-)
[2017-11-11 21:40:49] File "schedule.wpi" not found, skip running schedule script.
[2017-11-11 21:40:53] Pending for incoming shutdown command...
[2017-11-11 21:40:57] Internet detected, apply NTP time to system and Witty Pi...
[2017-11-11 21:40:57] Writing system time to RTC...
[2017-11-11 21:40:58] Done :-)
[2017-11-11 21:49:53] Witty Pi daemon (v2.56) is started.
[2017-11-11 21:49:56] Synchronizing time between system and Witty Pi...
[2017-11-11 21:49:56] Writing RTC time to system...
[2017-11-11 21:50:03] Done :-)
[2017-11-11 21:50:05] File "schedule.wpi" not found, skip running schedule script.
[2017-11-11 21:50:09] Pending for incoming shutdown command...
[2017-11-11 21:50:13] Internet detected, apply NTP time to system and Witty Pi...
[2017-11-11 21:50:13] Writing system time to RTC...
[2017-11-11 21:50:14] Done :-)
[2017-11-11 21:55:57] Witty Pi daemon (v2.56) is started.
[2017-11-11 21:55:59] Synchronizing time between system and Witty Pi...
[2017-11-11 21:56:00] Writing RTC time to system...
[2017-11-11 21:56:07] Done :-)
[2017-11-11 21:56:09] File "schedule.wpi" not found, skip running schedule script.
[2017-11-11 21:56:13] Pending for incoming shutdown command...
[2017-11-11 21:56:17] Internet detected, apply NTP time to system and Witty Pi...
[2017-11-11 21:56:17] Writing system time to RTC...
[2017-11-11 21:56:18] Done :-)
[2017-11-11 22:08:37] Witty Pi daemon (v2.56) is started.
[2017-11-11 22:08:39] Synchronizing time between system and Witty Pi...
[2017-11-11 22:08:40] Writing RTC time to system...
[2017-11-11 22:08:46] Done :-)
[2017-11-11 22:08:48] File "schedule.wpi" not found, skip running schedule script.
[2017-11-11 22:08:52] Pending for incoming shutdown command...
[2017-11-11 22:08:56] Internet detected, apply NTP time to system and Witty Pi...
[2017-11-11 22:08:56] Writing system time to RTC...
[2017-11-11 22:08:57] Done :-)
[2017-11-11 22:13:21] Witty Pi daemon (v2.56) is started.
[2017-11-11 22:13:23] Synchronizing time between system and Witty Pi...
[2017-11-11 22:13:24] Writing RTC time to system...
[2017-11-11 22:13:29] Done :-)
[2017-11-11 22:13:31] File "schedule.wpi" not found, skip running schedule script.
[2017-11-11 22:13:35] Pending for incoming shutdown command...
[2017-11-11 22:13:39] Internet detected, apply NTP time to system and Witty Pi...
[2017-11-11 22:13:39] Writing system time to RTC...
[2017-11-11 22:13:40] Done :-)
[2017-11-11 22:24:27] Witty Pi daemon (v2.56) is started.
[2017-11-11 22:24:29] Synchronizing time between system and Witty Pi...
[2017-11-11 22:24:30] Writing RTC time to system...
[2017-11-11 22:24:35] Done :-)
[2017-11-11 22:24:37] File "schedule.wpi" not found, skip running schedule script.
[2017-11-11 22:24:41] Pending for incoming shutdown command...
[2017-11-11 22:24:45] Internet detected, apply NTP time to system and Witty Pi...
[2017-11-11 22:24:45] Writing system time to RTC...
[2017-11-11 22:24:46] Done :-)
[2017-11-11 22:31:33] Witty Pi daemon (v2.56) is started.
[2017-11-11 22:31:35] Synchronizing time between system and Witty Pi...
[2017-11-11 22:31:35] Writing RTC time to system...
[2017-11-11 22:31:40] Done :-)
[2017-11-11 22:31:42] File "schedule.wpi" not found, skip running schedule script.
[2017-11-11 22:31:46] Pending for incoming shutdown command...
[2017-11-11 22:31:50] Internet detected, apply NTP time to system and Witty Pi...
[2017-11-11 22:31:50] Writing system time to RTC...
[2017-11-11 22:31:51] Done :-)
[2017-11-11 22:34:40] Witty Pi daemon (v2.56) is started.
[2017-11-11 22:34:43] Synchronizing time between system and Witty Pi...
[2017-11-11 22:34:44] Writing RTC time to system...
[2017-11-11 22:34:48] Done :-)
[2017-11-11 22:34:49] File "schedule.wpi" not found, skip running schedule script.
[2017-11-11 22:34:53] Pending for incoming shutdown command...
[2017-11-11 22:34:58] Internet detected, apply NTP time to system and Witty Pi...
[2017-11-11 22:34:58] Writing system time to RTC...
[2017-11-11 22:34:59] Done :-)
[2017-11-12 00:02:24] Copying "cloudberry.wpi" to "schedule.wpi"...
[2017-11-12 00:02:24] Running the script...
[2017-11-12 00:02:26] Schedule next shutdown at: 2017-11-12 00:15:00
[2017-11-12 00:02:26] Schedule next startup at: 2017-11-12 01:00:00
[2017-11-12 00:02:27] Done :-)
[2017-11-12 00:05:58] Copying "7:00_on_7:30_off_21:00_on_21:30_off.wpi" to "schedule.wpi"...
[2017-11-12 00:05:58] Running the script...
[2017-11-12 00:05:59] Schedule next shutdown at: 2017-11-12 06:30:00
[2017-11-12 00:05:59] Schedule next startup at: 2017-11-12 20:00:00
[2017-11-12 00:06:00] Done :-)
[2017-11-12 06:30:08] Shutdown command is received...
[2017-11-12 06:30:08] Halting all processes and then shutdown Raspberry Pi...
[2017-11-12 06:30:14] Witty Pi daemon (v2.56) is started.
[2017-11-12 06:30:17] Synchronizing time between system and Witty Pi...
[2017-11-12 06:30:17] Writing RTC time to system...
[2017-11-12 08:56:06] Done :-)
[2017-11-12 08:56:08] Schedule script is interrupted, revising the schedule...
[2017-11-12 08:56:08] Schedule next shutdown at: 2017-11-12 19:59:00
[2017-11-12 08:56:09] Schedule next startup at: 2017-11-12 20:00:00
[2017-11-12 08:56:12] Pending for incoming shutdown command...
[2017-11-12 08:56:16] Internet detected, apply NTP time to system and Witty Pi...
[2017-11-12 08:56:16] Writing system time to RTC...
[2017-11-12 08:56:17] Done :-)
[2017-11-12 08:58:30] Copying "cloudberry.wpi" to "schedule.wpi"...
[2017-11-12 08:58:30] Running the script...
[2017-11-12 08:58:32] Schedule next shutdown at: 2017-11-12 09:15:00
[2017-11-12 08:58:32] Schedule next startup at: 2017-11-12 10:00:00
[2017-11-12 08:58:32] Done :-)
[2017-11-12 09:15:08] Shutdown command is received...
[2017-11-12 09:15:08] Halting all processes and then shutdown Raspberry Pi...
[2017-11-12 09:15:15] Witty Pi daemon (v2.56) is started.
[2017-11-12 09:15:18] Synchronizing time between system and Witty Pi...
[2017-11-12 09:15:19] Writing RTC time to system...
[2017-11-12 10:00:15] Done :-)
[2017-11-12 10:00:19] Schedule next shutdown at: 2017-11-12 10:15:00
[2017-11-12 10:00:19] Schedule next startup at: 2017-11-12 11:00:00
[2017-11-12 10:00:21] Pending for incoming shutdown command...
[2017-11-12 10:00:25] Internet detected, apply NTP time to system and Witty Pi...
[2017-11-12 10:00:25] Writing system time to RTC...
[2017-11-12 10:00:26] Done :-)
[2017-11-12 10:15:09] Shutdown command is received...
[2017-11-12 10:15:09] Halting all processes and then shutdown Raspberry Pi...
[2017-11-12 10:15:15] Witty Pi daemon (v2.56) is started.
[2017-11-12 10:15:17] Synchronizing time between system and Witty Pi...
[2017-11-12 10:15:18] Writing RTC time to system...
[2017-11-12 11:00:14] Done :-)
[2017-11-12 11:00:18] Schedule next shutdown at: 2017-11-12 11:15:00
[2017-11-12 11:00:18] Schedule next startup at: 2017-11-12 12:00:00
[2017-11-12 11:00:20] Pending for incoming shutdown command...
[2017-11-12 11:00:24] Internet detected, apply NTP time to system and Witty Pi...
[2017-11-12 11:00:24] Writing system time to RTC...
[2017-11-12 11:00:25] Done :-)
[2017-11-12 11:15:09] Shutdown command is received...
[2017-11-12 11:15:09] Halting all processes and then shutdown Raspberry Pi...
[2017-11-12 11:15:16] Witty Pi daemon (v2.56) is started.
[2017-11-12 11:15:18] Synchronizing time between system and Witty Pi...
[2017-11-12 11:15:20] Writing RTC time to system...
[2017-11-12 12:00:15] Done :-)
[2017-11-12 12:00:19] Schedule next shutdown at: 2017-11-12 12:15:00
[2017-11-12 12:00:20] Schedule next startup at: 2017-11-12 13:00:00
[2017-11-12 12:00:21] Pending for incoming shutdown command...
[2017-11-12 12:00:25] Internet detected, apply NTP time to system and Witty Pi...
[2017-11-12 12:00:25] Writing system time to RTC...
[2017-11-12 12:00:26] Done :-)
[2017-11-12 12:15:10] Shutdown command is received...
[2017-11-12 12:15:10] Halting all processes and then shutdown Raspberry Pi...
[2017-11-12 12:15:16] Witty Pi daemon (v2.56) is started.
[2017-11-12 12:15:18] Synchronizing time between system and Witty Pi...
[2017-11-12 12:15:19] Writing RTC time to system...
[2017-11-12 13:00:14] Done :-)
[2017-11-12 13:00:17] Schedule next shutdown at: 2017-11-12 13:15:00
[2017-11-12 13:00:18] Schedule next startup at: 2017-11-12 14:00:00
[2017-11-12 13:00:20] Pending for incoming shutdown command...
[2017-11-12 13:00:24] Internet detected, apply NTP time to system and Witty Pi...
[2017-11-12 13:00:24] Writing system time to RTC...
[2017-11-12 13:00:25] Done :-)
[2017-11-12 13:15:10] Shutdown command is received...
[2017-11-12 13:15:10] Halting all processes and then shutdown Raspberry Pi...
[2017-11-12 13:15:16] Witty Pi daemon (v2.56) is started.
[2017-11-12 13:15:19] Synchronizing time between system and Witty Pi...
[2017-11-12 13:15:19] Writing RTC time to system...
[2017-11-12 14:00:14] Done :-)
[2017-11-12 14:00:17] Schedule next shutdown at: 2017-11-12 14:15:00
[2017-11-12 14:00:18] Schedule next startup at: 2017-11-12 15:00:00
[2017-11-12 14:00:20] Pending for incoming shutdown command...
[2017-11-12 14:00:24] Internet detected, apply NTP time to system and Witty Pi...
[2017-11-12 14:00:24] Writing system time to RTC...
[2017-11-12 14:00:25] Done :-)
[2017-11-12 14:15:11] Shutdown command is received...
[2017-11-12 14:15:11] Halting all processes and then shutdown Raspberry Pi...
[2017-11-12 14:15:17] Witty Pi daemon (v2.56) is started.
[2017-11-12 14:15:20] Synchronizing time between system and Witty Pi...
[2017-11-12 14:15:21] Writing RTC time to system...
[2017-11-12 15:00:15] Done :-)
[2017-11-12 15:00:19] Schedule next shutdown at: 2017-11-12 15:15:00
[2017-11-12 15:00:19] Schedule next startup at: 2017-11-12 16:00:00
[2017-11-12 15:00:21] Pending for incoming shutdown command...
[2017-11-12 15:00:25] Internet detected, apply NTP time to system and Witty Pi...
[2017-11-12 15:00:25] Writing system time to RTC...
[2017-11-12 15:00:26] Done :-)
[2017-11-12 15:15:11] Shutdown command is received...
[2017-11-12 15:15:11] Halting all processes and then shutdown Raspberry Pi...
[2017-11-12 15:15:17] Witty Pi daemon (v2.56) is started.
[2017-11-12 15:15:20] Synchronizing time between system and Witty Pi...
[2017-11-12 15:15:20] Writing RTC time to system...
[2017-11-12 16:00:14] Done :-)
[2017-11-12 16:00:18] Schedule next shutdown at: 2017-11-12 16:15:00
[2017-11-12 16:00:18] Schedule next startup at: 2017-11-12 17:00:00
[2017-11-12 16:00:20] Pending for incoming shutdown command...
[2017-11-12 16:00:24] Internet detected, apply NTP time to system and Witty Pi...
[2017-11-12 16:00:24] Writing system time to RTC...
[2017-11-12 16:00:25] Done :-)
[2017-11-12 16:15:12] Shutdown command is received...
[2017-11-12 16:15:12] Halting all processes and then shutdown Raspberry Pi...
[2017-11-12 16:15:18] Witty Pi daemon (v2.56) is started.
[2017-11-12 16:15:21] Synchronizing time between system and Witty Pi...
[2017-11-12 16:15:22] Writing RTC time to system...
[2017-11-12 17:00:15] Done :-)
[2017-11-12 17:00:18] Schedule next shutdown at: 2017-11-12 17:15:00
[2017-11-12 17:00:18] Schedule next startup at: 2017-11-12 18:00:00
[2017-11-12 17:00:20] Pending for incoming shutdown command...
[2017-11-12 17:00:25] Internet detected, apply NTP time to system and Witty Pi...
[2017-11-12 17:00:25] Writing system time to RTC...
[2017-11-12 17:00:26] Done :-)
[2017-11-12 17:15:12] Shutdown command is received...
[2017-11-12 17:15:12] Halting all processes and then shutdown Raspberry Pi...
[2017-11-12 17:15:19] Witty Pi daemon (v2.56) is started.
[2017-11-12 17:15:21] Synchronizing time between system and Witty Pi...
[2017-11-12 17:15:22] Writing RTC time to system...
[2017-11-12 18:00:15] Done :-)
[2017-11-12 18:00:19] Schedule next shutdown at: 2017-11-12 18:15:00
[2017-11-12 18:00:20] Schedule next startup at: 2017-11-12 19:00:00
[2017-11-12 18:00:21] Pending for incoming shutdown command...
[2017-11-12 18:00:25] Internet detected, apply NTP time to system and Witty Pi...
[2017-11-12 18:00:25] Writing system time to RTC...
[2017-11-12 18:00:26] Done :-)
[2017-11-12 18:15:13] Shutdown command is received...
[2017-11-12 18:15:13] Halting all processes and then shutdown Raspberry Pi...
[2017-11-12 18:15:19] Witty Pi daemon (v2.56) is started.
[2017-11-12 18:15:21] Synchronizing time between system and Witty Pi...
[2017-11-12 18:15:22] Writing RTC time to system...
[2017-11-12 19:00:14] Done :-)
[2017-11-12 19:00:18] Schedule next shutdown at: 2017-11-12 19:15:00
[2017-11-12 19:00:18] Schedule next startup at: 2017-11-13 07:00:00
[2017-11-12 19:00:20] Pending for incoming shutdown command...
[2017-11-12 19:00:24] Internet detected, apply NTP time to system and Witty Pi...
[2017-11-12 19:00:24] Writing system time to RTC...
[2017-11-12 19:00:25] Done :-)
[2017-11-12 19:15:13] Shutdown command is received...
[2017-11-12 19:15:13] Halting all processes and then shutdown Raspberry Pi...
[2017-11-12 19:15:19] Witty Pi daemon (v2.56) is started.
[2017-11-12 19:15:22] Synchronizing time between system and Witty Pi...
[2017-11-12 19:15:22] Writing RTC time to system...
[2017-11-13 07:00:14] Done :-)
[2017-11-13 07:00:17] Schedule next shutdown at: 2017-11-13 07:15:00
[2017-11-13 07:00:18] Schedule next startup at: 2017-11-13 08:00:00
[2017-11-13 07:00:20] Pending for incoming shutdown command...
[2017-11-13 07:00:24] Internet detected, apply NTP time to system and Witty Pi...
[2017-11-13 07:00:24] Writing system time to RTC...
[2017-11-13 07:00:25] Done :-)
[2017-11-13 07:15:14] Shutdown command is received...
[2017-11-13 07:15:14] Halting all processes and then shutdown Raspberry Pi...
[2017-11-13 07:15:20] Witty Pi daemon (v2.56) is started.
[2017-11-13 07:15:22] Synchronizing time between system and Witty Pi...
[2017-11-13 07:15:23] Writing RTC time to system...
[2017-11-13 08:00:14] Done :-)
[2017-11-13 08:00:17] Schedule next shutdown at: 2017-11-13 08:15:00
[2017-11-13 08:00:18] Schedule next startup at: 2017-11-13 09:00:00
[2017-11-13 08:00:20] Pending for incoming shutdown command...
[2017-11-13 08:00:24] Internet detected, apply NTP time to system and Witty Pi...
[2017-11-13 08:00:24] Writing system time to RTC...
[2017-11-13 08:00:25] Done :-)
[2017-11-13 08:15:14] Shutdown command is received...
[2017-11-13 08:15:14] Halting all processes and then shutdown Raspberry Pi...
[2017-11-13 08:15:20] Witty Pi daemon (v2.56) is started.
[2017-11-13 08:15:23] Synchronizing time between system and Witty Pi...
[2017-11-13 08:15:23] Writing RTC time to system...
[2017-11-13 09:00:14] Done :-)
[2017-11-13 09:00:18] Schedule next shutdown at: 2017-11-13 09:15:00
[2017-11-13 09:00:18] Schedule next startup at: 2017-11-13 10:00:00
[2017-11-13 09:00:20] Pending for incoming shutdown command...
[2017-11-13 09:00:24] Internet detected, apply NTP time to system and Witty Pi...
[2017-11-13 09:00:24] Writing system time to RTC...
[2017-11-13 09:00:25] Done :-)
[2017-11-13 09:15:15] Shutdown command is received...
[2017-11-13 09:15:15] Halting all processes and then shutdown Raspberry Pi...
[2017-11-13 09:15:22] Witty Pi daemon (v2.56) is started.
[2017-11-13 09:15:24] Synchronizing time between system and Witty Pi...
[2017-11-13 09:15:25] Writing RTC time to system...
[2017-11-13 10:00:15] Done :-)
[2017-11-13 10:00:19] Schedule next shutdown at: 2017-11-13 10:15:00
[2017-11-13 10:00:19] Schedule next startup at: 2017-11-13 11:00:00
[2017-11-13 10:00:21] Pending for incoming shutdown command...
[2017-11-13 10:00:25] Internet detected, apply NTP time to system and Witty Pi...
[2017-11-13 10:00:25] Writing system time to RTC...
[2017-11-13 10:00:26] Done :-)
[2017-11-13 10:15:15] Shutdown command is received...
[2017-11-13 10:15:15] Halting all processes and then shutdown Raspberry Pi...
[2017-11-13 10:15:22] Witty Pi daemon (v2.56) is started.
[2017-11-13 10:15:24] Synchronizing time between system and Witty Pi...
[2017-11-13 10:15:25] Writing RTC time to system...
[2017-11-13 11:00:14] Done :-)
[2017-11-13 11:00:17] Schedule next shutdown at: 2017-11-13 11:15:00
[2017-11-13 11:00:18] Schedule next startup at: 2017-11-13 12:00:00
[2017-11-13 11:00:20] Pending for incoming shutdown command...
[2017-11-13 11:00:24] Internet detected, apply NTP time to system and Witty Pi...
[2017-11-13 11:00:24] Writing system time to RTC...
[2017-11-13 11:00:25] Done :-)
[2017-11-13 11:15:16] Shutdown command is received...
[2017-11-13 11:15:16] Halting all processes and then shutdown Raspberry Pi...
[2017-11-13 11:15:22] Witty Pi daemon (v2.56) is started.
[2017-11-13 11:15:24] Synchronizing time between system and Witty Pi...
[2017-11-13 11:15:25] Writing RTC time to system...
[2017-11-13 12:00:14] Done :-)
[2017-11-13 12:00:17] Schedule next shutdown at: 2017-11-13 12:15:00
[2017-11-13 12:00:18] Schedule next startup at: 2017-11-13 13:00:00
[2017-11-13 12:00:20] Pending for incoming shutdown command...
[2017-11-13 12:00:24] Internet detected, apply NTP time to system and Witty Pi...
[2017-11-13 12:00:24] Writing system time to RTC...
[2017-11-13 12:00:25] Done :-)
[2017-11-13 12:05:02] Copying "cloudberry.wpi" to "schedule.wpi"...
[2017-11-13 12:05:02] Running the script...
[2017-11-13 12:05:04] Schedule next shutdown at: 2017-11-13 12:15:00
[2017-11-13 12:05:04] Schedule next startup at: 2017-11-13 13:00:00
[2017-11-13 12:05:04] Done :-)
[2017-11-13 12:15:16] Shutdown command is received...
[2017-11-13 12:15:16] Halting all processes and then shutdown Raspberry Pi...
[2017-11-13 12:15:22] Witty Pi daemon (v2.56) is started.
[2017-11-13 12:15:25] Synchronizing time between system and Witty Pi...
[2017-11-13 12:15:25] Writing RTC time to system...
[2017-11-13 13:00:14] Done :-)
[2017-11-13 13:00:17] Schedule next shutdown at: 2017-11-13 13:15:00
[2017-11-13 13:00:18] Schedule next startup at: 2017-11-13 14:00:00
[2017-11-13 13:00:20] Pending for incoming shutdown command...
[2017-11-13 13:00:24] Internet detected, apply NTP time to system and Witty Pi...
[2017-11-13 13:00:24] Writing system time to RTC...
[2017-11-13 13:00:25] Done :-)
[2017-11-13 13:15:17] Shutdown command is received...
[2017-11-13 13:15:17] Halting all processes and then shutdown Raspberry Pi...
[2017-11-13 13:15:23] Witty Pi daemon (v2.56) is started.
[2017-11-13 13:15:26] Synchronizing time between system and Witty Pi...
[2017-11-13 13:15:27] Writing RTC time to system...
[2017-11-13 14:00:15] Done :-)
[2017-11-13 14:00:19] Schedule next shutdown at: 2017-11-13 14:15:00
[2017-11-13 14:00:19] Schedule next startup at: 2017-11-13 15:00:00
[2017-11-13 14:00:21] Pending for incoming shutdown command...
[2017-11-13 14:00:25] Internet detected, apply NTP time to system and Witty Pi...
[2017-11-13 14:00:25] Writing system time to RTC...
[2017-11-13 14:00:26] Done :-)
[2017-11-13 14:15:17] Shutdown command is received...
[2017-11-13 14:15:17] Halting all processes and then shutdown Raspberry Pi...
[2017-11-13 14:15:23] Witty Pi daemon (v2.56) is started.
[2017-11-13 14:15:26] Synchronizing time between system and Witty Pi...
[2017-11-13 14:15:26] Writing RTC time to system...
[2017-11-13 15:00:14] Done :-)
[2017-11-13 15:00:17] Schedule next shutdown at: 2017-11-13 15:15:00
[2017-11-13 15:00:18] Schedule next startup at: 2017-11-13 16:00:00
[2017-11-13 15:00:20] Pending for incoming shutdown command...
[2017-11-13 15:00:24] Internet detected, apply NTP time to system and Witty Pi...
[2017-11-13 15:00:24] Writing system time to RTC...
[2017-11-13 15:00:25] Done :-)
[2017-11-13 15:15:18] Shutdown command is received...
[2017-11-13 15:15:18] Halting all processes and then shutdown Raspberry Pi...
[2017-11-13 15:15:25] Witty Pi daemon (v2.56) is started.
[2017-11-13 15:15:27] Synchronizing time between system and Witty Pi...
[2017-11-13 15:15:28] Writing RTC time to system...
[2017-11-13 16:00:15] Done :-)
[2017-11-13 16:00:19] Schedule next shutdown at: 2017-11-13 16:15:00
[2017-11-13 16:00:19] Schedule next startup at: 2017-11-13 17:00:00
[2017-11-13 16:00:21] Pending for incoming shutdown command...
[2017-11-13 16:00:25] Internet detected, apply NTP time to system and Witty Pi...
[2017-11-13 16:00:25] Writing system time to RTC...
[2017-11-13 16:00:26] Done :-)
[2017-11-13 16:15:18] Shutdown command is received...
[2017-11-13 16:15:18] Halting all processes and then shutdown Raspberry Pi...
[2017-11-13 16:15:25] Witty Pi daemon (v2.56) is started.
[2017-11-13 16:15:27] Synchronizing time between system and Witty Pi...
[2017-11-13 16:15:29] Writing RTC time to system...
[2017-11-13 17:00:15] Done :-)
[2017-11-13 17:00:19] Schedule next shutdown at: 2017-11-13 17:15:00
[2017-11-13 17:00:19] Schedule next startup at: 2017-11-13 18:00:00
[2017-11-13 17:00:21] Pending for incoming shutdown command...
[2017-11-13 17:00:25] Internet detected, apply NTP time to system and Witty Pi...
[2017-11-13 17:00:25] Writing system time to RTC...
[2017-11-13 17:00:26] Done :-)
[2017-11-13 17:15:19] Shutdown command is received...
[2017-11-13 17:15:19] Halting all processes and then shutdown Raspberry Pi...
[2017-11-13 17:15:25] Witty Pi daemon (v2.56) is started.
[2017-11-13 17:15:27] Synchronizing time between system and Witty Pi...
[2017-11-13 17:15:28] Writing RTC time to system...
[2017-11-13 18:00:14] Done :-)
[2017-11-13 18:00:18] Schedule next shutdown at: 2017-11-13 18:15:00
[2017-11-13 18:00:18] Schedule next startup at: 2017-11-13 19:00:00
[2017-11-13 18:00:20] Pending for incoming shutdown command...
[2017-11-13 18:00:24] Internet detected, apply NTP time to system and Witty Pi...
[2017-11-13 18:00:24] Writing system time to RTC...
[2017-11-13 18:00:25] Done :-)
[2017-11-13 18:15:19] Shutdown command is received...
[2017-11-13 18:15:19] Halting all processes and then shutdown Raspberry Pi...
[2017-11-13 18:15:26] Witty Pi daemon (v2.56) is started.
[2017-11-13 18:15:29] Synchronizing time between system and Witty Pi...
[2017-11-13 18:15:30] Writing RTC time to system...
[2017-11-13 19:00:15] Done :-)
[2017-11-13 19:00:19] Schedule next shutdown at: 2017-11-13 19:15:00
[2017-11-13 19:00:20] Schedule next startup at: 2017-11-14 07:00:00
[2017-11-13 19:00:21] Pending for incoming shutdown command...
[2017-11-13 19:00:25] Internet detected, apply NTP time to system and Witty Pi...
[2017-11-13 19:00:25] Writing system time to RTC...
[2017-11-13 19:00:26] Done :-)
[2017-11-13 19:15:20] Shutdown command is received...
[2017-11-13 19:15:20] Halting all processes and then shutdown Raspberry Pi...
[2017-11-13 19:15:27] Witty Pi daemon (v2.56) is started.
[2017-11-13 19:15:29] Synchronizing time between system and Witty Pi...
[2017-11-13 19:15:30] Writing RTC time to system...
[2017-11-14 07:00:15] Done :-)
[2017-11-14 07:00:19] Schedule next shutdown at: 2017-11-14 07:15:00
[2017-11-14 07:00:19] Schedule next startup at: 2017-11-14 08:00:00
[2017-11-14 07:00:21] Pending for incoming shutdown command...
[2017-11-14 07:00:25] Internet detected, apply NTP time to system and Witty Pi...
[2017-11-14 07:00:25] Writing system time to RTC...
[2017-11-14 07:00:26] Done :-)
[2017-11-14 07:15:20] Shutdown command is received...
[2017-11-14 07:15:20] Halting all processes and then shutdown Raspberry Pi...
[2017-11-14 07:15:27] Witty Pi daemon (v2.56) is started.
[2017-11-14 07:15:29] Synchronizing time between system and Witty Pi...
[2017-11-14 07:15:31] Writing RTC time to system...
[2017-11-14 08:00:15] Done :-)
[2017-11-14 08:00:17] Schedule next shutdown at: 2017-11-14 08:15:00
[2017-11-14 08:00:18] Schedule next startup at: 2017-11-14 09:00:00
[2017-11-14 08:00:20] Pending for incoming shutdown command...
[2017-11-14 08:00:25] Internet detected, apply NTP time to system and Witty Pi...
[2017-11-14 08:00:25] Writing system time to RTC...
[2017-11-14 08:00:26] Done :-)
[2017-11-14 08:15:20] Shutdown command is received...
[2017-11-14 08:15:21] Halting all processes and then shutdown Raspberry Pi...
[2017-11-14 08:15:27] Witty Pi daemon (v2.56) is started.
[2017-11-14 08:15:30] Synchronizing time between system and Witty Pi...
[2017-11-14 08:15:30] Writing RTC time to system...
[2017-11-14 09:00:14] Done :-)
[2017-11-14 09:00:17] Schedule next shutdown at: 2017-11-14 09:15:00
[2017-11-14 09:00:18] Schedule next startup at: 2017-11-14 10:00:00
[2017-11-14 09:00:20] Pending for incoming shutdown command...
[2017-11-14 09:00:24] Internet detected, apply NTP time to system and Witty Pi...
[2017-11-14 09:00:24] Writing system time to RTC...
[2017-11-14 09:00:25] Done :-)
[2017-11-14 09:11:34] Copying "cloudberry.wpi" to "schedule.wpi"...
[2017-11-14 09:11:34] Running the script...
[2017-11-14 09:11:37] Schedule next shutdown at: 2017-11-14 18:15:00
[2017-11-14 09:11:37] Schedule next startup at: 2017-11-14 19:00:00
[2017-11-14 09:11:37] Done :-)
[2017-11-14 09:11:57] Copying "cloudberry.wpi" to "schedule.wpi"...
[2017-11-14 09:11:57] Running the script...
[2017-11-14 09:11:59] Schedule next shutdown at: 2017-11-14 18:15:00
[2017-11-14 09:11:59] Schedule next startup at: 2017-11-14 19:00:00
[2017-11-14 09:11:59] Done :-)
[2017-11-14 09:19:32] Copying "cloudberry.wpi" to "schedule.wpi"...
[2017-11-14 09:19:32] Running the script...
[2017-11-14 09:19:34] Schedule next shutdown at: 2017-11-14 10:15:00
[2017-11-14 09:19:34] Schedule next startup at: 2017-11-14 11:00:00
[2017-11-14 09:19:34] Done :-)
[2017-11-14 09:19:43] Writing RTC time to system...
[2017-11-14 09:19:44] Done :-)
[2017-11-14 10:15:21] Shutdown command is received...
[2017-11-14 10:15:21] Halting all processes and then shutdown Raspberry Pi...
[2017-11-14 10:15:28] Witty Pi daemon (v2.56) is started.
[2017-11-14 10:15:31] Synchronizing time between system and Witty Pi...
[2017-11-14 10:15:31] Writing RTC time to system...
[2017-11-14 11:00:15] Done :-)
[2017-11-14 11:00:19] Schedule next shutdown at: 2017-11-14 11:15:00
[2017-11-14 11:00:19] Schedule next startup at: 2017-11-14 12:00:00
[2017-11-14 11:00:21] Pending for incoming shutdown command...
[2017-11-14 11:00:25] Internet detected, apply NTP time to system and Witty Pi...
[2017-11-14 11:00:25] Writing system time to RTC...
[2017-11-14 11:00:26] Done :-)
[2017-11-14 11:15:21] Shutdown command is received...
[2017-11-14 11:15:22] Halting all processes and then shutdown Raspberry Pi...
[2017-11-14 11:15:28] Witty Pi daemon (v2.56) is started.
[2017-11-14 11:15:30] Synchronizing time between system and Witty Pi...
[2017-11-14 11:15:31] Writing RTC time to system...
[2017-11-14 12:00:14] Done :-)
[2017-11-14 12:00:17] Schedule next shutdown at: 2017-11-14 12:15:00
[2017-11-14 12:00:18] Schedule next startup at: 2017-11-14 13:00:00
[2017-11-14 12:00:20] Pending for incoming shutdown command...
[2017-11-14 12:00:24] Internet detected, apply NTP time to system and Witty Pi...
[2017-11-14 12:00:24] Writing system time to RTC...
[2017-11-14 12:00:25] Done :-)
[2017-11-14 12:15:22] Shutdown command is received...
[2017-11-14 12:15:22] Halting all processes and then shutdown Raspberry Pi...
[2017-11-14 12:15:28] Witty Pi daemon (v2.56) is started.
[2017-11-14 12:15:31] Synchronizing time between system and Witty Pi...
[2017-11-14 12:15:32] Writing RTC time to system...
[2017-11-14 13:00:14] Done :-)
[2017-11-14 13:00:18] Schedule next shutdown at: 2017-11-14 13:15:00
[2017-11-14 13:00:18] Schedule next startup at: 2017-11-14 14:00:00
[2017-11-14 13:00:20] Pending for incoming shutdown command...
[2017-11-14 13:00:24] Internet detected, apply NTP time to system and Witty Pi...
[2017-11-14 13:00:24] Writing system time to RTC...
[2017-11-14 13:00:25] Done :-)
[2017-11-14 13:15:22] Shutdown command is received...
[2017-11-14 13:15:23] Halting all processes and then shutdown Raspberry Pi...
[2017-11-14 13:15:29] Witty Pi daemon (v2.56) is started.
[2017-11-14 13:15:31] Synchronizing time between system and Witty Pi...
[2017-11-14 13:15:32] Writing RTC time to system...
[2017-11-14 14:00:14] Done :-)
[2017-11-14 14:00:17] Schedule next shutdown at: 2017-11-14 14:15:00
[2017-11-14 14:00:18] Schedule next startup at: 2017-11-14 15:00:00
[2017-11-14 14:00:20] Pending for incoming shutdown command...
[2017-11-14 14:00:24] Internet detected, apply NTP time to system and Witty Pi...
[2017-11-14 14:00:24] Writing system time to RTC...
[2017-11-14 14:00:25] Done :-)
[2017-11-14 14:15:23] Shutdown command is received...
[2017-11-14 14:15:23] Halting all processes and then shutdown Raspberry Pi...
[2017-11-14 14:15:29] Witty Pi daemon (v2.56) is started.
[2017-11-14 14:15:32] Synchronizing time between system and Witty Pi...
[2017-11-14 14:15:32] Writing RTC time to system...
[2017-11-14 15:00:14] Done :-)
[2017-11-14 15:00:17] Schedule next shutdown at: 2017-11-14 15:15:00
[2017-11-14 15:00:18] Schedule next startup at: 2017-11-14 16:00:00
[2017-11-14 15:00:20] Pending for incoming shutdown command...
[2017-11-14 15:00:24] Internet detected, apply NTP time to system and Witty Pi...
[2017-11-14 15:00:24] Writing system time to RTC...
[2017-11-14 15:00:25] Done :-)
[2017-11-14 15:15:23] Shutdown command is received...
[2017-11-14 15:15:24] Halting all processes and then shutdown Raspberry Pi...
[2017-11-14 15:15:30] Witty Pi daemon (v2.56) is started.
[2017-11-14 15:15:32] Synchronizing time between system and Witty Pi...
[2017-11-14 15:15:33] Writing RTC time to system...
[2017-11-14 16:00:14] Done :-)
[2017-11-14 16:00:18] Schedule next shutdown at: 2017-11-14 16:15:00
[2017-11-14 16:00:18] Schedule next startup at: 2017-11-14 17:00:00
[2017-11-14 16:00:20] Pending for incoming shutdown command...
[2017-11-14 16:00:24] Internet detected, apply NTP time to system and Witty Pi...
[2017-11-14 16:00:24] Writing system time to RTC...
[2017-11-14 16:00:25] Done :-)
[2017-11-14 16:15:24] Shutdown command is received...
[2017-11-14 16:15:24] Halting all processes and then shutdown Raspberry Pi...
[2017-11-14 16:15:31] Witty Pi daemon (v2.56) is started.
[2017-11-14 16:15:33] Synchronizing time between system and Witty Pi...
[2017-11-14 16:15:34] Writing RTC time to system...
[2017-11-14 17:00:14] Done :-)
[2017-11-14 17:00:18] Schedule next shutdown at: 2017-11-14 17:15:00
[2017-11-14 17:00:18] Schedule next startup at: 2017-11-14 18:00:00
[2017-11-14 17:00:20] Pending for incoming shutdown command...
[2017-11-14 17:00:24] Internet detected, apply NTP time to system and Witty Pi...
[2017-11-14 17:00:24] Writing system time to RTC...
[2017-11-14 17:00:25] Done :-)
[2017-11-14 17:15:25] Shutdown command is received...
[2017-11-14 17:15:25] Halting all processes and then shutdown Raspberry Pi...
[2017-11-14 17:15:31] Witty Pi daemon (v2.56) is started.
[2017-11-14 17:15:34] Synchronizing time between system and Witty Pi...
[2017-11-14 17:15:34] Writing RTC time to system...
[2017-11-14 18:00:14] Done :-)
[2017-11-14 18:00:18] Schedule next shutdown at: 2017-11-14 18:15:00
[2017-11-14 18:00:18] Schedule next startup at: 2017-11-14 19:00:00
[2017-11-14 18:00:20] Pending for incoming shutdown command...
[2017-11-14 18:00:24] Internet detected, apply NTP time to system and Witty Pi...
[2017-11-14 18:00:24] Writing system time to RTC...
[2017-11-14 18:00:25] Done :-)
[2017-11-14 18:15:25] Shutdown command is received...
[2017-11-14 18:15:25] Halting all processes and then shutdown Raspberry Pi...
[2017-11-14 18:15:31] Witty Pi daemon (v2.56) is started.
[2017-11-14 18:15:34] Synchronizing time between system and Witty Pi...
[2017-11-14 18:15:34] Writing RTC time to system...
[2017-11-14 19:00:14] Done :-)
[2017-11-14 19:00:17] Schedule next shutdown at: 2017-11-14 19:15:00
[2017-11-14 19:00:18] Schedule next startup at: 2017-11-15 07:00:00
[2017-11-14 19:00:20] Pending for incoming shutdown command...
[2017-11-14 19:00:24] Internet detected, apply NTP time to system and Witty Pi...
[2017-11-14 19:00:24] Writing system time to RTC...
[2017-11-14 19:00:25] Done :-)
[2017-11-14 19:15:25] Shutdown command is received...
[2017-11-14 19:15:26] Halting all processes and then shutdown Raspberry Pi...
[2017-11-14 19:15:33] Witty Pi daemon (v2.56) is started.
[2017-11-14 19:15:35] Synchronizing time between system and Witty Pi...
[2017-11-14 19:15:36] Writing RTC time to system...
[2017-11-14 23:24:34] Done :-)
[2017-11-14 23:24:37] Schedule script is interrupted, revising the schedule...
[2017-11-14 23:24:38] Schedule next shutdown at: 2017-11-15 06:59:00
[2017-11-14 23:24:38] Schedule next startup at: 2017-11-15 07:00:00
[2017-11-14 23:24:40] Pending for incoming shutdown command...
[2017-11-14 23:24:44] Internet detected, apply NTP time to system and Witty Pi...
[2017-11-14 23:24:44] Writing system time to RTC...
[2017-11-14 23:24:45] Done :-)
[2017-11-14 23:30:46] Copying "cloudberry.wpi" to "schedule.wpi"...
[2017-11-14 23:30:46] Running the script...
[2017-11-14 23:30:49] Schedule next shutdown at: 2017-11-15 07:15:00
[2017-11-14 23:30:49] Schedule next startup at: 2017-11-15 08:00:00
[2017-11-14 23:30:49] Done :-)
[2017-11-14 23:34:25] Witty Pi daemon (v2.56) is started.
[2017-11-14 23:34:27] Seems I was unexpectedly woken up by shutdown alarm, must go back to sleep...
[2017-11-14 23:34:27] Halting all processes and then shutdown Raspberry Pi...
[2017-11-14 23:34:24] Witty Pi daemon (v2.56) is started.
[2017-11-14 23:34:27] Synchronizing time between system and Witty Pi...
[2017-11-14 23:34:27] Writing RTC time to system...
[2017-11-15 08:00:14] Done :-)
[2017-11-15 08:00:18] Schedule next shutdown at: 2017-11-15 08:15:00
[2017-11-15 08:00:18] Schedule next startup at: 2017-11-15 09:00:00
[2017-11-15 08:00:20] Pending for incoming shutdown command...
[2017-11-15 08:00:24] Internet detected, apply NTP time to system and Witty Pi...
[2017-11-15 08:00:24] Writing system time to RTC...
[2017-11-15 08:00:25] Done :-)
[2017-11-15 08:15:26] Shutdown command is received...
[2017-11-15 08:15:27] Halting all processes and then shutdown Raspberry Pi...
[2017-11-15 08:15:33] Witty Pi daemon (v2.56) is started.
[2017-11-15 08:15:35] Synchronizing time between system and Witty Pi...
[2017-11-15 08:15:36] Writing RTC time to system...
[2017-11-15 09:00:14] Done :-)
[2017-11-15 09:00:17] Schedule next shutdown at: 2017-11-15 09:15:00
[2017-11-15 09:00:18] Schedule next startup at: 2017-11-15 10:00:00
[2017-11-15 09:00:20] Pending for incoming shutdown command...
[2017-11-15 09:00:24] Internet detected, apply NTP time to system and Witty Pi...
[2017-11-15 09:00:24] Writing system time to RTC...
[2017-11-15 09:00:25] Done :-)
[2017-11-15 09:15:27] Shutdown command is received...
[2017-11-15 09:15:27] Halting all processes and then shutdown Raspberry Pi...
[2017-11-15 09:15:33] Witty Pi daemon (v2.56) is started.
[2017-11-15 09:15:36] Synchronizing time between system and Witty Pi...
[2017-11-15 09:15:36] Writing RTC time to system...
[2017-11-15 10:00:14] Done :-)
[2017-11-15 10:00:17] Schedule next shutdown at: 2017-11-15 10:15:00
[2017-11-15 10:00:18] Schedule next startup at: 2017-11-15 11:00:00
[2017-11-15 10:00:20] Pending for incoming shutdown command...
[2017-11-15 10:00:24] Internet detected, apply NTP time to system and Witty Pi...
[2017-11-15 10:00:24] Writing system time to RTC...
[2017-11-15 10:00:25] Done :-)
[2017-11-15 10:15:27] Shutdown command is received...
[2017-11-15 10:15:28] Halting all processes and then shutdown Raspberry Pi...
[2017-11-15 10:15:35] Witty Pi daemon (v2.56) is started.
[2017-11-15 10:15:37] Synchronizing time between system and Witty Pi...
[2017-11-15 10:15:38] Writing RTC time to system...
[2017-11-15 11:00:15] Done :-)
[2017-11-15 11:00:19] Schedule next shutdown at: 2017-11-15 11:15:00
[2017-11-15 11:00:19] Schedule next startup at: 2017-11-15 12:00:00
[2017-11-15 11:00:21] Pending for incoming shutdown command...
[2017-11-15 11:00:25] Internet detected, apply NTP time to system and Witty Pi...
[2017-11-15 11:00:25] Writing system time to RTC...
[2017-11-15 11:00:26] Done :-)
[2017-11-15 11:15:28] Shutdown command is received...
[2017-11-15 11:15:28] Halting all processes and then shutdown Raspberry Pi...
[2017-11-15 11:15:35] Witty Pi daemon (v2.56) is started.
[2017-11-15 11:15:37] Synchronizing time between system and Witty Pi...
[2017-11-15 11:15:39] Writing RTC time to system...
[2017-11-15 12:00:15] Done :-)
[2017-11-15 12:00:19] Schedule next shutdown at: 2017-11-15 12:15:00
[2017-11-15 12:00:19] Schedule next startup at: 2017-11-15 13:00:00
[2017-11-15 12:00:21] Pending for incoming shutdown command...
[2017-11-15 12:00:25] Internet detected, apply NTP time to system and Witty Pi...
[2017-11-15 12:00:25] Writing system time to RTC...
[2017-11-15 12:00:26] Done :-)
[2017-11-15 12:15:28] Shutdown command is received...
[2017-11-15 12:15:29] Halting all processes and then shutdown Raspberry Pi...
[2017-11-15 12:15:36] Witty Pi daemon (v2.56) is started.
[2017-11-15 12:15:38] Synchronizing time between system and Witty Pi...
[2017-11-15 12:15:39] Writing RTC time to system...
[2017-11-15 13:00:15] Done :-)
[2017-11-15 13:00:19] Schedule next shutdown at: 2017-11-15 13:15:00
[2017-11-15 13:00:19] Schedule next startup at: 2017-11-15 14:00:00
[2017-11-15 13:00:21] Pending for incoming shutdown command...
[2017-11-15 13:00:25] Internet detected, apply NTP time to system and Witty Pi...
[2017-11-15 13:00:25] Writing system time to RTC...
[2017-11-15 13:00:26] Done :-)
[2017-11-15 13:15:29] Shutdown command is received...
[2017-11-15 13:15:29] Halting all processes and then shutdown Raspberry Pi...
[2017-11-15 13:15:35] Witty Pi daemon (v2.56) is started.
[2017-11-15 13:15:38] Synchronizing time between system and Witty Pi...
[2017-11-15 13:15:38] Writing RTC time to system...
[2017-11-15 14:00:14] Done :-)
[2017-11-15 14:00:18] Schedule next shutdown at: 2017-11-15 14:15:00
[2017-11-15 14:00:18] Schedule next startup at: 2017-11-15 15:00:00
[2017-11-15 14:00:20] Pending for incoming shutdown command...
[2017-11-15 14:00:24] Internet detected, apply NTP time to system and Witty Pi...
[2017-11-15 14:00:24] Writing system time to RTC...
[2017-11-15 14:00:25] Done :-)
[2017-11-15 14:15:29] Shutdown command is received...
[2017-11-15 14:15:30] Halting all processes and then shutdown Raspberry Pi...
[2017-11-15 14:15:37] Witty Pi daemon (v2.56) is started.
[2017-11-15 14:15:39] Synchronizing time between system and Witty Pi...
[2017-11-15 14:15:40] Writing RTC time to system...
[2017-11-15 15:00:15] Done :-)
[2017-11-15 15:00:19] Schedule next shutdown at: 2017-11-15 15:15:00
[2017-11-15 15:00:19] Schedule next startup at: 2017-11-15 16:00:00
[2017-11-15 15:00:21] Pending for incoming shutdown command...
[2017-11-15 15:00:25] Internet detected, apply NTP time to system and Witty Pi...
[2017-11-15 15:00:25] Writing system time to RTC...
[2017-11-15 15:00:26] Done :-)
[2017-11-15 15:15:30] Shutdown command is received...
[2017-11-15 15:15:30] Halting all processes and then shutdown Raspberry Pi...
[2017-11-15 15:15:37] Witty Pi daemon (v2.56) is started.
[2017-11-15 15:15:39] Synchronizing time between system and Witty Pi...
[2017-11-15 15:15:39] Writing RTC time to system...
[2017-11-15 16:00:14] Done :-)
[2017-11-15 16:00:17] Schedule next shutdown at: 2017-11-15 16:15:00
[2017-11-15 16:00:18] Schedule next startup at: 2017-11-15 17:00:00
[2017-11-15 16:00:20] Pending for incoming shutdown command...
[2017-11-15 16:00:24] Internet detected, apply NTP time to system and Witty Pi...
[2017-11-15 16:00:24] Writing system time to RTC...
[2017-11-15 16:00:25] Done :-)
[2017-11-15 16:15:30] Shutdown command is received...
[2017-11-15 16:15:31] Halting all processes and then shutdown Raspberry Pi...
[2017-11-15 16:15:37] Witty Pi daemon (v2.56) is started.
[2017-11-15 16:15:39] Synchronizing time between system and Witty Pi...
[2017-11-15 16:15:40] Writing RTC time to system...
[2017-11-15 17:00:14] Done :-)
[2017-11-15 17:00:18] Schedule next shutdown at: 2017-11-15 17:15:00
[2017-11-15 17:00:18] Schedule next startup at: 2017-11-15 18:00:00
[2017-11-15 17:00:20] Pending for incoming shutdown command...
[2017-11-15 17:00:24] Internet detected, apply NTP time to system and Witty Pi...
[2017-11-15 17:00:24] Writing system time to RTC...
[2017-11-15 17:00:25] Done :-)
[2017-11-15 17:15:31] Shutdown command is received...
[2017-11-15 17:15:31] Halting all processes and then shutdown Raspberry Pi...
[2017-11-15 17:15:38] Witty Pi daemon (v2.56) is started.
[2017-11-15 17:15:40] Synchronizing time between system and Witty Pi...
[2017-11-15 17:15:42] Writing RTC time to system...
[2017-11-15 18:00:15] Done :-)
[2017-11-15 18:00:19] Schedule next shutdown at: 2017-11-15 18:15:00
[2017-11-15 18:00:20] Schedule next startup at: 2017-11-15 19:00:00
[2017-11-15 18:00:21] Pending for incoming shutdown command...
[2017-11-15 18:00:25] Internet detected, apply NTP time to system and Witty Pi...
[2017-11-15 18:00:25] Writing system time to RTC...
[2017-11-15 18:00:26] Done :-)
[2017-11-15 18:15:31] Shutdown command is received...
[2017-11-15 18:15:32] Halting all processes and then shutdown Raspberry Pi...
[2017-11-15 18:15:38] Witty Pi daemon (v2.56) is started.
[2017-11-15 18:15:41] Synchronizing time between system and Witty Pi...
[2017-11-15 18:15:41] Writing RTC time to system...
[2017-11-15 19:00:14] Done :-)
[2017-11-15 19:00:18] Schedule next shutdown at: 2017-11-15 19:15:00
[2017-11-15 19:00:18] Schedule next startup at: 2017-11-16 07:00:00
[2017-11-15 19:00:20] Pending for incoming shutdown command...
[2017-11-15 19:00:24] Internet detected, apply NTP time to system and Witty Pi...
[2017-11-15 19:00:24] Writing system time to RTC...
[2017-11-15 19:00:25] Done :-)
[2017-11-15 19:15:32] Shutdown command is received...
[2017-11-15 19:15:32] Halting all processes and then shutdown Raspberry Pi...
[2017-11-15 19:15:39] Witty Pi daemon (v2.56) is started.
[2017-11-15 19:15:41] Synchronizing time between system and Witty Pi...
[2017-11-15 19:15:42] Writing RTC time to system...
[2017-11-16 07:00:15] Done :-)
[2017-11-16 07:00:19] Schedule next shutdown at: 2017-11-16 07:15:00
[2017-11-16 07:00:19] Schedule next startup at: 2017-11-16 08:00:00
[2017-11-16 07:00:21] Pending for incoming shutdown command...
[2017-11-16 07:00:25] Internet detected, apply NTP time to system and Witty Pi...
[2017-11-16 07:00:25] Writing system time to RTC...
[2017-11-16 07:00:26] Done :-)
[2017-11-16 07:15:32] Shutdown command is received...
[2017-11-16 07:15:33] Halting all processes and then shutdown Raspberry Pi...
[2017-11-16 07:15:39] Witty Pi daemon (v2.56) is started.
[2017-11-16 07:15:41] Synchronizing time between system and Witty Pi...
[2017-11-16 07:15:42] Writing RTC time to system...
[2017-11-16 08:00:14] Done :-)
[2017-11-16 08:00:17] Schedule next shutdown at: 2017-11-16 08:15:00
[2017-11-16 08:00:18] Schedule next startup at: 2017-11-16 09:00:00
[2017-11-16 08:00:20] Pending for incoming shutdown command...
[2017-11-16 08:00:24] Internet detected, apply NTP time to system and Witty Pi...
[2017-11-16 08:00:24] Writing system time to RTC...
[2017-11-16 08:00:25] Done :-)
[2017-11-16 08:15:33] Shutdown command is received...
[2017-11-16 08:15:33] Halting all processes and then shutdown Raspberry Pi...
[2017-11-16 08:15:39] Witty Pi daemon (v2.56) is started.
[2017-11-16 08:15:42] Synchronizing time between system and Witty Pi...
[2017-11-16 08:15:43] Writing RTC time to system...
[2017-11-16 09:00:14] Done :-)
[2017-11-16 09:00:17] Schedule next shutdown at: 2017-11-16 09:15:00
[2017-11-16 09:00:18] Schedule next startup at: 2017-11-16 10:00:00
[2017-11-16 09:00:20] Pending for incoming shutdown command...
[2017-11-16 09:00:24] Internet detected, apply NTP time to system and Witty Pi...
[2017-11-16 09:00:24] Writing system time to RTC...
[2017-11-16 09:00:25] Done :-)
[2017-11-16 09:15:33] Shutdown command is received...
[2017-11-16 09:15:34] Halting all processes and then shutdown Raspberry Pi...
[2017-11-16 09:15:41] Witty Pi daemon (v2.56) is started.
[2017-11-16 09:15:43] Synchronizing time between system and Witty Pi...
[2017-11-16 09:15:44] Writing RTC time to system...
[2017-11-16 10:00:15] Done :-)
[2017-11-16 10:00:19] Schedule next shutdown at: 2017-11-16 10:15:00
[2017-11-16 10:00:19] Schedule next startup at: 2017-11-16 11:00:00
[2017-11-16 10:00:21] Pending for incoming shutdown command...
[2017-11-16 10:00:25] Internet detected, apply NTP time to system and Witty Pi...
[2017-11-16 10:00:25] Writing system time to RTC...
[2017-11-16 10:00:26] Done :-)
[2017-11-16 10:15:34] Shutdown command is received...
[2017-11-16 10:15:34] Halting all processes and then shutdown Raspberry Pi...
[2017-11-16 10:15:40] Witty Pi daemon (v2.56) is started.
[2017-11-16 10:15:43] Synchronizing time between system and Witty Pi...
[2017-11-16 10:15:43] Writing RTC time to system...
[2017-11-16 11:00:14] Done :-)
[2017-11-16 11:00:17] Schedule next shutdown at: 2017-11-16 11:15:00
[2017-11-16 11:00:18] Schedule next startup at: 2017-11-16 12:00:00
[2017-11-16 11:00:20] Pending for incoming shutdown command...
[2017-11-16 11:00:24] Internet detected, apply NTP time to system and Witty Pi...
[2017-11-16 11:00:24] Writing system time to RTC...
[2017-11-16 11:00:25] Done :-)
[2017-11-16 11:15:34] Shutdown command is received...
[2017-11-16 11:15:35] Halting all processes and then shutdown Raspberry Pi...
[2017-11-16 11:15:42] Witty Pi daemon (v2.56) is started.
[2017-11-16 11:15:44] Synchronizing time between system and Witty Pi...
[2017-11-16 11:15:45] Writing RTC time to system...
[2017-11-16 12:00:15] Done :-)
[2017-11-16 12:00:19] Schedule next shutdown at: 2017-11-16 12:15:00
[2017-11-16 12:00:19] Schedule next startup at: 2017-11-16 13:00:00
[2017-11-16 12:00:21] Pending for incoming shutdown command...
[2017-11-16 12:00:25] Internet detected, apply NTP time to system and Witty Pi...
[2017-11-16 12:00:25] Writing system time to RTC...
[2017-11-16 12:00:26] Done :-)
[2017-11-16 12:15:35] Shutdown command is received...
[2017-11-16 12:15:35] Halting all processes and then shutdown Raspberry Pi...
[2017-11-16 12:15:41] Witty Pi daemon (v2.56) is started.
[2017-11-16 12:15:44] Synchronizing time between system and Witty Pi...
[2017-11-16 12:15:44] Writing RTC time to system...
[2017-11-16 13:00:14] Done :-)
[2017-11-16 13:00:17] Schedule next shutdown at: 2017-11-16 13:15:00
[2017-11-16 13:00:18] Schedule next startup at: 2017-11-16 14:00:00
[2017-11-16 13:00:20] Pending for incoming shutdown command...
[2017-11-16 13:00:24] Internet detected, apply NTP time to system and Witty Pi...
[2017-11-16 13:00:24] Writing system time to RTC...
[2017-11-16 13:00:25] Done :-)
[2017-11-16 13:15:35] Shutdown command is received...
[2017-11-16 13:15:36] Halting all processes and then shutdown Raspberry Pi...
[2017-11-16 13:15:42] Witty Pi daemon (v2.56) is started.
[2017-11-16 13:15:44] Synchronizing time between system and Witty Pi...
[2017-11-16 13:15:45] Writing RTC time to system...
[2017-11-16 14:00:14] Done :-)
[2017-11-16 14:00:17] Schedule next shutdown at: 2017-11-16 14:15:00
[2017-11-16 14:00:18] Schedule next startup at: 2017-11-16 15:00:00
[2017-11-16 14:00:20] Pending for incoming shutdown command...
[2017-11-16 14:00:24] Internet detected, apply NTP time to system and Witty Pi...
[2017-11-16 14:00:24] Writing system time to RTC...
[2017-11-16 14:00:25] Done :-)
[2017-11-16 14:15:36] Shutdown command is received...
[2017-11-16 14:15:36] Halting all processes and then shutdown Raspberry Pi...
[2017-11-16 14:15:43] Witty Pi daemon (v2.56) is started.
[2017-11-16 14:15:45] Synchronizing time between system and Witty Pi...
[2017-11-16 14:15:45] Writing RTC time to system...
[2017-11-16 15:00:14] Done :-)
[2017-11-16 15:00:18] Schedule next shutdown at: 2017-11-16 15:15:00
[2017-11-16 15:00:18] Schedule next startup at: 2017-11-16 16:00:00
[2017-11-16 15:00:20] Pending for incoming shutdown command...
[2017-11-16 15:00:24] Internet detected, apply NTP time to system and Witty Pi...
[2017-11-16 15:00:24] Writing system time to RTC...
[2017-11-16 15:00:25] Done :-)
[2017-11-16 15:15:36] Shutdown command is received...
[2017-11-16 15:15:37] Halting all processes and then shutdown Raspberry Pi...
[2017-11-16 15:15:43] Witty Pi daemon (v2.56) is started.
[2017-11-16 15:15:45] Synchronizing time between system and Witty Pi...
[2017-11-16 15:15:46] Writing RTC time to system...
[2017-11-16 16:00:14] Done :-)
[2017-11-16 16:00:18] Schedule next shutdown at: 2017-11-16 16:15:00
[2017-11-16 16:00:18] Schedule next startup at: 2017-11-16 17:00:00
[2017-11-16 16:00:20] Pending for incoming shutdown command...
[2017-11-16 16:00:24] Internet detected, apply NTP time to system and Witty Pi...
[2017-11-16 16:00:24] Writing system time to RTC...
[2017-11-16 16:00:25] Done :-)
[2017-11-16 16:15:37] Shutdown command is received...
[2017-11-16 16:15:37] Halting all processes and then shutdown Raspberry Pi...
[2017-11-16 16:15:43] Witty Pi daemon (v2.56) is started.
[2017-11-16 16:15:46] Synchronizing time between system and Witty Pi...
[2017-11-16 16:15:47] Writing RTC time to system...
[2017-11-16 17:00:14] Done :-)
[2017-11-16 17:00:17] Schedule next shutdown at: 2017-11-16 17:15:00
[2017-11-16 17:00:18] Schedule next startup at: 2017-11-16 18:00:00
[2017-11-16 17:00:20] Pending for incoming shutdown command...
[2017-11-16 17:00:24] Internet detected, apply NTP time to system and Witty Pi...
[2017-11-16 17:00:24] Writing system time to RTC...
[2017-11-16 17:00:25] Done :-)
[2017-11-16 17:15:37] Shutdown command is received...
[2017-11-16 17:15:38] Halting all processes and then shutdown Raspberry Pi...
[2017-11-16 17:15:45] Witty Pi daemon (v2.56) is started.
[2017-11-16 17:15:47] Synchronizing time between system and Witty Pi...
[2017-11-16 17:15:48] Writing RTC time to system...
[2017-11-16 18:00:15] Done :-)
[2017-11-16 18:00:19] Schedule next shutdown at: 2017-11-16 18:15:00
[2017-11-16 18:00:20] Schedule next startup at: 2017-11-16 19:00:00
[2017-11-16 18:00:21] Pending for incoming shutdown command...
[2017-11-16 18:00:25] Internet detected, apply NTP time to system and Witty Pi...
[2017-11-16 18:00:25] Writing system time to RTC...
[2017-11-16 18:00:26] Done :-)
[2017-11-16 18:15:38] Shutdown command is received...
[2017-11-16 18:15:38] Halting all processes and then shutdown Raspberry Pi...
[2017-11-16 18:15:45] Witty Pi daemon (v2.56) is started.
[2017-11-16 18:15:47] Synchronizing time between system and Witty Pi...
[2017-11-16 18:15:48] Writing RTC time to system...
[2017-11-16 19:00:15] Done :-)
[2017-11-16 19:00:19] Schedule next shutdown at: 2017-11-16 19:15:00
[2017-11-16 19:00:20] Schedule next startup at: 2017-11-17 07:00:00
[2017-11-16 19:00:21] Pending for incoming shutdown command...
[2017-11-16 19:00:25] Internet detected, apply NTP time to system and Witty Pi...
[2017-11-16 19:00:25] Writing system time to RTC...
[2017-11-16 19:00:26] Done :-)
[2017-11-16 19:15:38] Shutdown command is received...
[2017-11-16 19:15:39] Halting all processes and then shutdown Raspberry Pi...
[2017-11-16 19:15:45] Witty Pi daemon (v2.56) is started.
[2017-11-16 19:15:47] Synchronizing time between system and Witty Pi...
[2017-11-16 19:15:48] Writing RTC time to system...
[2017-11-17 07:00:14] Done :-)
[2017-11-17 07:00:18] Schedule next shutdown at: 2017-11-17 07:15:00
[2017-11-17 07:00:18] Schedule next startup at: 2017-11-17 08:00:00
[2017-11-17 07:00:20] Pending for incoming shutdown command...
[2017-11-17 07:00:24] Internet detected, apply NTP time to system and Witty Pi...
[2017-11-17 07:00:24] Writing system time to RTC...
[2017-11-17 07:00:25] Done :-)
[2017-11-17 07:15:39] Shutdown command is received...
[2017-11-17 07:15:39] Halting all processes and then shutdown Raspberry Pi...
[2017-11-17 07:15:46] Witty Pi daemon (v2.56) is started.
[2017-11-17 07:15:48] Synchronizing time between system and Witty Pi...
[2017-11-17 07:15:50] Writing RTC time to system...
[2017-11-17 08:00:15] Done :-)
[2017-11-17 08:00:19] Schedule next shutdown at: 2017-11-17 08:15:00
[2017-11-17 08:00:19] Schedule next startup at: 2017-11-17 09:00:00
[2017-11-17 08:00:21] Pending for incoming shutdown command...
[2017-11-17 08:00:25] Internet detected, apply NTP time to system and Witty Pi...
[2017-11-17 08:00:25] Writing system time to RTC...
[2017-11-17 08:00:26] Done :-)
[2017-11-17 08:15:39] Shutdown command is received...
[2017-11-17 08:15:40] Halting all processes and then shutdown Raspberry Pi...
[2017-11-17 08:15:47] Witty Pi daemon (v2.56) is started.
[2017-11-17 08:15:49] Synchronizing time between system and Witty Pi...
[2017-11-17 08:15:50] Writing RTC time to system...
[2017-11-17 09:00:15] Done :-)
[2017-11-17 09:00:19] Schedule next shutdown at: 2017-11-17 09:15:00
[2017-11-17 09:00:19] Schedule next startup at: 2017-11-17 10:00:00
[2017-11-17 09:00:21] Pending for incoming shutdown command...
[2017-11-17 09:00:25] Internet detected, apply NTP time to system and Witty Pi...
[2017-11-17 09:00:25] Writing system time to RTC...
[2017-11-17 09:00:26] Done :-)
[2017-11-17 09:15:40] Shutdown command is received...
[2017-11-17 09:15:40] Halting all processes and then shutdown Raspberry Pi...
[2017-11-17 09:15:47] Witty Pi daemon (v2.56) is started.
[2017-11-17 09:15:49] Synchronizing time between system and Witty Pi...
[2017-11-17 09:15:50] Writing RTC time to system...
[2017-11-17 10:00:15] Done :-)
[2017-11-17 10:00:19] Schedule next shutdown at: 2017-11-17 10:15:00
[2017-11-17 10:00:19] Schedule next startup at: 2017-11-17 11:00:00
[2017-11-17 10:00:21] Pending for incoming shutdown command...
[2017-11-17 10:00:25] Internet detected, apply NTP time to system and Witty Pi...
[2017-11-17 10:00:25] Writing system time to RTC...
[2017-11-17 10:00:26] Done :-)
[2017-11-17 10:15:40] Shutdown command is received...
[2017-11-17 10:15:41] Halting all processes and then shutdown Raspberry Pi...
[2017-11-17 10:15:47] Witty Pi daemon (v2.56) is started.
[2017-11-17 10:15:49] Synchronizing time between system and Witty Pi...
[2017-11-17 10:15:50] Writing RTC time to system...
[2017-11-17 11:00:14] Done :-)
[2017-11-17 11:00:17] Schedule next shutdown at: 2017-11-17 11:15:00
[2017-11-17 11:00:18] Schedule next startup at: 2017-11-17 12:00:00
[2017-11-17 11:00:20] Pending for incoming shutdown command...
[2017-11-17 11:00:24] Internet detected, apply NTP time to system and Witty Pi...
[2017-11-17 11:00:24] Writing system time to RTC...
[2017-11-17 11:00:25] Done :-)
[2017-11-17 11:15:41] Shutdown command is received...
[2017-11-17 11:15:41] Halting all processes and then shutdown Raspberry Pi...
[2017-11-17 11:15:47] Witty Pi daemon (v2.56) is started.
[2017-11-17 11:15:50] Synchronizing time between system and Witty Pi...
[2017-11-17 11:15:50] Writing RTC time to system...
[2017-11-17 12:00:14] Done :-)
[2017-11-17 12:00:17] Schedule next shutdown at: 2017-11-17 12:15:00
[2017-11-17 12:00:18] Schedule next startup at: 2017-11-17 13:00:00
[2017-11-17 12:00:20] Pending for incoming shutdown command...
[2017-11-17 12:00:24] Internet detected, apply NTP time to system and Witty Pi...
[2017-11-17 12:00:24] Writing system time to RTC...
[2017-11-17 12:00:25] Done :-)
[2017-11-17 12:15:41] Shutdown command is received...
[2017-11-17 12:15:42] Halting all processes and then shutdown Raspberry Pi...
[2017-11-17 12:15:48] Witty Pi daemon (v2.56) is started.
[2017-11-17 12:15:51] Synchronizing time between system and Witty Pi...
[2017-11-17 12:15:51] Writing RTC time to system...
[2017-11-17 13:00:14] Done :-)
[2017-11-17 13:00:17] Schedule next shutdown at: 2017-11-17 13:15:00
[2017-11-17 13:00:18] Schedule next startup at: 2017-11-17 14:00:00
[2017-11-17 13:00:20] Pending for incoming shutdown command...
[2017-11-17 13:00:24] Internet detected, apply NTP time to system and Witty Pi...
[2017-11-17 13:00:24] Writing system time to RTC...
[2017-11-17 13:00:25] Done :-)
[2017-11-17 13:15:42] Shutdown command is received...
[2017-11-17 13:15:42] Halting all processes and then shutdown Raspberry Pi...
[2017-11-17 13:15:48] Witty Pi daemon (v2.56) is started.
[2017-11-17 13:15:51] Synchronizing time between system and Witty Pi...
[2017-11-17 13:15:51] Writing RTC time to system...
[2017-11-17 14:00:14] Done :-)
[2017-11-17 14:00:17] Schedule next shutdown at: 2017-11-17 14:15:00
[2017-11-17 14:00:18] Schedule next startup at: 2017-11-17 15:00:00
[2017-11-17 14:00:20] Pending for incoming shutdown command...
[2017-11-17 14:00:24] Internet detected, apply NTP time to system and Witty Pi...
[2017-11-17 14:00:24] Writing system time to RTC...
[2017-11-17 14:00:25] Done :-)
[2017-11-17 14:15:42] Shutdown command is received...
[2017-11-17 14:15:43] Halting all processes and then shutdown Raspberry Pi...
[2017-11-17 14:15:49] Witty Pi daemon (v2.56) is started.
[2017-11-17 14:15:51] Synchronizing time between system and Witty Pi...
[2017-11-17 14:15:52] Writing RTC time to system...
[2017-11-17 15:00:14] Done :-)
[2017-11-17 15:00:18] Schedule next shutdown at: 2017-11-17 15:15:00
[2017-11-17 15:00:18] Schedule next startup at: 2017-11-17 16:00:00
[2017-11-17 15:00:20] Pending for incoming shutdown command...
[2017-11-17 15:00:24] Internet detected, apply NTP time to system and Witty Pi...
[2017-11-17 15:00:24] Writing system time to RTC...
[2017-11-17 15:00:25] Done :-)
[2017-11-17 15:15:43] Shutdown command is received...
[2017-11-17 15:15:43] Halting all processes and then shutdown Raspberry Pi...
[2017-11-17 15:15:50] Witty Pi daemon (v2.56) is started.
[2017-11-17 15:15:53] Synchronizing time between system and Witty Pi...
[2017-11-17 15:15:54] Writing RTC time to system...
[2017-11-17 16:00:15] Done :-)
[2017-11-17 16:00:19] Schedule next shutdown at: 2017-11-17 16:15:00
[2017-11-17 16:00:20] Schedule next startup at: 2017-11-17 17:00:00
[2017-11-17 16:00:21] Pending for incoming shutdown command...
[2017-11-17 16:00:25] Internet detected, apply NTP time to system and Witty Pi...
[2017-11-17 16:00:25] Writing system time to RTC...
[2017-11-17 16:00:26] Done :-)
[2017-11-17 16:15:43] Shutdown command is received...
[2017-11-17 16:15:44] Halting all processes and then shutdown Raspberry Pi...
[2017-11-17 16:15:50] Witty Pi daemon (v2.56) is started.
[2017-11-17 16:15:52] Synchronizing time between system and Witty Pi...
[2017-11-17 16:15:53] Writing RTC time to system...
[2017-11-17 17:00:14] Done :-)
[2017-11-17 17:00:17] Schedule next shutdown at: 2017-11-17 17:15:00
[2017-11-17 17:00:18] Schedule next startup at: 2017-11-17 18:00:00
[2017-11-17 17:00:20] Pending for incoming shutdown command...
[2017-11-17 17:00:24] Internet detected, apply NTP time to system and Witty Pi...
[2017-11-17 17:00:24] Writing system time to RTC...
[2017-11-17 17:00:25] Done :-)
[2017-11-17 17:15:44] Shutdown command is received...
[2017-11-17 17:15:44] Halting all processes and then shutdown Raspberry Pi...
[2017-11-17 17:15:51] Witty Pi daemon (v2.56) is started.
[2017-11-17 17:15:53] Synchronizing time between system and Witty Pi...
[2017-11-17 17:15:54] Writing RTC time to system...
[2017-11-17 18:00:15] Done :-)
[2017-11-17 18:00:18] Schedule next shutdown at: 2017-11-17 18:15:00
[2017-11-17 18:00:18] Schedule next startup at: 2017-11-17 19:00:00
[2017-11-17 18:00:20] Pending for incoming shutdown command...
[2017-11-17 18:00:25] Internet detected, apply NTP time to system and Witty Pi...
[2017-11-17 18:00:25] Writing system time to RTC...
[2017-11-17 18:00:26] Done :-)
[2017-11-17 18:15:44] Shutdown command is received...
[2017-11-17 18:15:45] Halting all processes and then shutdown Raspberry Pi...
[2017-11-17 18:15:51] Witty Pi daemon (v2.56) is started.
[2017-11-17 18:15:53] Synchronizing time between system and Witty Pi...
[2017-11-17 18:15:54] Writing RTC time to system...
[2017-11-17 19:00:14] Done :-)
[2017-11-17 19:00:18] Schedule next shutdown at: 2017-11-17 19:15:00
[2017-11-17 19:00:18] Schedule next startup at: 2017-11-18 07:00:00
[2017-11-17 19:00:20] Pending for incoming shutdown command...
[2017-11-17 19:00:24] Internet detected, apply NTP time to system and Witty Pi...
[2017-11-17 19:00:24] Writing system time to RTC...
[2017-11-17 19:00:25] Done :-)
[2017-11-17 19:15:45] Shutdown command is received...
[2017-11-17 19:15:45] Halting all processes and then shutdown Raspberry Pi...
[2017-11-17 19:15:52] Witty Pi daemon (v2.56) is started.
[2017-11-17 19:15:54] Synchronizing time between system and Witty Pi...
[2017-11-17 19:15:55] Writing RTC time to system...
[2017-11-18 07:00:15] Done :-)
[2017-11-18 07:00:19] Schedule next shutdown at: 2017-11-18 07:15:00
[2017-11-18 07:00:19] Schedule next startup at: 2017-11-18 08:00:00
[2017-11-18 07:00:20] Pending for incoming shutdown command...
[2017-11-18 07:00:25] Internet detected, apply NTP time to system and Witty Pi...
[2017-11-18 07:00:25] Writing system time to RTC...
[2017-11-18 07:00:26] Done :-)
[2017-11-18 07:15:45] Shutdown command is received...
[2017-11-18 07:15:46] Halting all processes and then shutdown Raspberry Pi...
[2017-11-18 07:15:52] Witty Pi daemon (v2.56) is started.
[2017-11-18 07:15:54] Synchronizing time between system and Witty Pi...
[2017-11-18 07:15:55] Writing RTC time to system...
[2017-11-18 08:00:14] Done :-)
[2017-11-18 08:00:17] Schedule next shutdown at: 2017-11-18 08:15:00
[2017-11-18 08:00:18] Schedule next startup at: 2017-11-18 09:00:00
[2017-11-18 08:00:20] Pending for incoming shutdown command...
[2017-11-18 08:00:24] Internet detected, apply NTP time to system and Witty Pi...
[2017-11-18 08:00:24] Writing system time to RTC...
[2017-11-18 08:00:25] Done :-)
[2017-11-18 08:15:46] Shutdown command is received...
[2017-11-18 08:15:46] Halting all processes and then shutdown Raspberry Pi...
[2017-11-18 08:15:53] Witty Pi daemon (v2.56) is started.
[2017-11-18 08:15:56] Synchronizing time between system and Witty Pi...
[2017-11-18 08:15:56] Writing RTC time to system...
[2017-11-18 09:00:15] Done :-)
[2017-11-18 09:00:19] Schedule next shutdown at: 2017-11-18 09:15:00
[2017-11-18 09:00:19] Schedule next startup at: 2017-11-18 10:00:00
[2017-11-18 09:00:21] Pending for incoming shutdown command...
[2017-11-18 09:00:25] Internet detected, apply NTP time to system and Witty Pi...
[2017-11-18 09:00:25] Writing system time to RTC...
[2017-11-18 09:00:26] Done :-)
[2017-11-18 09:15:46] Shutdown command is received...
[2017-11-18 09:15:47] Halting all processes and then shutdown Raspberry Pi...
[2017-11-18 09:15:53] Witty Pi daemon (v2.56) is started.
[2017-11-18 09:15:56] Synchronizing time between system and Witty Pi...
[2017-11-18 09:15:57] Writing RTC time to system...
[2017-11-18 09:49:47] Done :-)
[2017-11-18 09:49:51] Schedule script is interrupted, revising the schedule...
[2017-11-18 09:49:51] Schedule next shutdown at: 2017-11-18 09:59:00
[2017-11-18 09:49:51] Schedule next startup at: 2017-11-18 10:00:00
[2017-11-18 09:49:53] Pending for incoming shutdown command...
[2017-11-18 09:49:57] Internet detected, apply NTP time to system and Witty Pi...
[2017-11-18 09:49:57] Writing system time to RTC...
[2017-11-18 09:49:58] Done :-)
[2017-11-18 09:59:47] Shutdown command is received...
[2017-11-18 09:59:47] Halting all processes and then shutdown Raspberry Pi...
[2017-11-18 09:59:53] Witty Pi daemon (v2.56) is started.
[2017-11-18 09:59:56] Synchronizing time between system and Witty Pi...
[2017-11-18 09:59:57] Writing RTC time to system...
[2017-11-18 10:00:14] Done :-)
[2017-11-18 10:00:17] Schedule next shutdown at: 2017-11-18 10:15:00
[2017-11-18 10:00:18] Schedule next startup at: 2017-11-18 11:00:00
[2017-11-18 10:00:20] Pending for incoming shutdown command...
[2017-11-18 10:00:24] Internet detected, apply NTP time to system and Witty Pi...
[2017-11-18 10:00:24] Writing system time to RTC...
[2017-11-18 10:00:25] Done :-)
[2017-11-18 10:15:47] Shutdown command is received...
[2017-11-18 10:15:48] Halting all processes and then shutdown Raspberry Pi...
[2017-11-18 10:15:54] Witty Pi daemon (v2.56) is started.
[2017-11-18 10:15:56] Synchronizing time between system and Witty Pi...
[2017-11-18 10:15:57] Writing RTC time to system...
[2017-11-18 11:00:14] Done :-)
[2017-11-18 11:00:17] Schedule next shutdown at: 2017-11-18 11:15:00
[2017-11-18 11:00:18] Schedule next startup at: 2017-11-18 12:00:00
[2017-11-18 11:00:20] Pending for incoming shutdown command...
[2017-11-18 11:00:24] Internet detected, apply NTP time to system and Witty Pi...
[2017-11-18 11:00:24] Writing system time to RTC...
[2017-11-18 11:00:25] Done :-)
[2017-11-18 11:15:48] Shutdown command is received...
[2017-11-18 11:15:48] Halting all processes and then shutdown Raspberry Pi...
[2017-11-18 11:15:55] Witty Pi daemon (v2.56) is started.
[2017-11-18 11:15:57] Synchronizing time between system and Witty Pi...
[2017-11-18 11:15:58] Writing RTC time to system...
[2017-11-18 12:00:15] Done :-)
[2017-11-18 12:00:19] Schedule next shutdown at: 2017-11-18 12:15:00
[2017-11-18 12:00:19] Schedule next startup at: 2017-11-18 13:00:00
[2017-11-18 12:00:21] Pending for incoming shutdown command...
[2017-11-18 12:00:25] Internet detected, apply NTP time to system and Witty Pi...
[2017-11-18 12:00:25] Writing system time to RTC...
[2017-11-18 12:00:26] Done :-)
[2017-11-18 12:15:48] Shutdown command is received...
[2017-11-18 12:15:49] Halting all processes and then shutdown Raspberry Pi...
[2017-11-18 12:15:55] Witty Pi daemon (v2.56) is started.
[2017-11-18 12:15:57] Synchronizing time between system and Witty Pi...
[2017-11-18 12:15:58] Writing RTC time to system...
[2017-11-18 13:00:14] Done :-)
[2017-11-18 13:00:18] Schedule next shutdown at: 2017-11-18 13:15:00
[2017-11-18 13:00:18] Schedule next startup at: 2017-11-18 14:00:00
[2017-11-18 13:00:20] Pending for incoming shutdown command...
[2017-11-18 13:00:24] Internet detected, apply NTP time to system and Witty Pi...
[2017-11-18 13:00:24] Writing system time to RTC...
[2017-11-18 13:00:25] Done :-)
[2017-11-18 13:15:49] Shutdown command is received...
[2017-11-18 13:15:49] Halting all processes and then shutdown Raspberry Pi...
[2017-11-18 13:15:56] Witty Pi daemon (v2.56) is started.
[2017-11-18 13:15:58] Synchronizing time between system and Witty Pi...
[2017-11-18 13:15:59] Writing RTC time to system...
[2017-11-18 14:00:15] Done :-)
[2017-11-18 14:00:19] Schedule next shutdown at: 2017-11-18 14:15:00
[2017-11-18 14:00:20] Schedule next startup at: 2017-11-18 15:00:00
[2017-11-18 14:00:21] Pending for incoming shutdown command...
[2017-11-18 14:00:25] Internet detected, apply NTP time to system and Witty Pi...
[2017-11-18 14:00:25] Writing system time to RTC...
[2017-11-18 14:00:26] Done :-)
[2017-11-18 14:15:49] Shutdown command is received...
[2017-11-18 14:15:50] Halting all processes and then shutdown Raspberry Pi...
[2017-11-18 14:15:56] Witty Pi daemon (v2.56) is started.
[2017-11-18 14:15:58] Synchronizing time between system and Witty Pi...
[2017-11-18 14:15:59] Writing RTC time to system...
[2017-11-18 15:00:14] Done :-)
[2017-11-18 15:00:18] Schedule next shutdown at: 2017-11-18 15:15:00
[2017-11-18 15:00:18] Schedule next startup at: 2017-11-18 16:00:00
[2017-11-18 15:00:20] Pending for incoming shutdown command...
[2017-11-18 15:00:24] Internet detected, apply NTP time to system and Witty Pi...
[2017-11-18 15:00:24] Writing system time to RTC...
[2017-11-18 15:00:25] Done :-)
[2017-11-18 15:15:50] Shutdown command is received...
[2017-11-18 15:15:50] Halting all processes and then shutdown Raspberry Pi...
[2017-11-18 15:15:56] Witty Pi daemon (v2.56) is started.
[2017-11-18 15:15:59] Synchronizing time between system and Witty Pi...
[2017-11-18 15:15:59] Writing RTC time to system...
[2017-11-18 16:00:14] Done :-)
[2017-11-18 16:00:17] Schedule next shutdown at: 2017-11-18 16:15:00
[2017-11-18 16:00:18] Schedule next startup at: 2017-11-18 17:00:00
[2017-11-18 16:00:20] Pending for incoming shutdown command...
[2017-11-18 16:00:24] Internet detected, apply NTP time to system and Witty Pi...
[2017-11-18 16:00:24] Writing system time to RTC...
[2017-11-18 16:00:25] Done :-)
[2017-11-18 16:15:50] Shutdown command is received...
[2017-11-18 16:15:51] Halting all processes and then shutdown Raspberry Pi...
[2017-11-18 16:15:58] Witty Pi daemon (v2.56) is started.
[2017-11-18 16:16:00] Synchronizing time between system and Witty Pi...
[2017-11-18 16:16:01] Writing RTC time to system...
[2017-11-18 17:00:15] Done :-)
[2017-11-18 17:00:19] Schedule next shutdown at: 2017-11-18 17:15:00
[2017-11-18 17:00:20] Schedule next startup at: 2017-11-18 18:00:00
[2017-11-18 17:00:21] Pending for incoming shutdown command...
[2017-11-18 17:00:25] Internet detected, apply NTP time to system and Witty Pi...
[2017-11-18 17:00:25] Writing system time to RTC...
[2017-11-18 17:00:26] Done :-)
[2017-11-18 17:15:51] Shutdown command is received...
[2017-11-18 17:15:51] Halting all processes and then shutdown Raspberry Pi...
[2017-11-18 17:15:58] Witty Pi daemon (v2.56) is started.
[2017-11-18 17:16:00] Synchronizing time between system and Witty Pi...
[2017-11-18 17:16:00] Writing RTC time to system...
[2017-11-18 18:00:14] Done :-)
[2017-11-18 18:00:18] Schedule next shutdown at: 2017-11-18 18:15:00
[2017-11-18 18:00:18] Schedule next startup at: 2017-11-18 19:00:00
[2017-11-18 18:00:20] Pending for incoming shutdown command...
[2017-11-18 18:00:24] Internet detected, apply NTP time to system and Witty Pi...
[2017-11-18 18:00:24] Writing system time to RTC...
[2017-11-18 18:00:25] Done :-)
[2017-11-18 18:15:51] Shutdown command is received...
[2017-11-18 18:15:52] Halting all processes and then shutdown Raspberry Pi...
[2017-11-18 18:15:58] Witty Pi daemon (v2.56) is started.
[2017-11-18 18:16:00] Synchronizing time between system and Witty Pi...
[2017-11-18 18:16:01] Writing RTC time to system...
[2017-11-18 19:00:14] Done :-)
[2017-11-18 19:00:18] Schedule next shutdown at: 2017-11-18 19:15:00
[2017-11-18 19:00:18] Schedule next startup at: 2017-11-19 07:00:00
[2017-11-18 19:00:20] Pending for incoming shutdown command...
[2017-11-18 19:00:24] Internet detected, apply NTP time to system and Witty Pi...
[2017-11-18 19:00:24] Writing system time to RTC...
[2017-11-18 19:00:25] Done :-)
[2017-11-18 19:15:52] Shutdown command is received...
[2017-11-18 19:15:52] Halting all processes and then shutdown Raspberry Pi...
[2017-11-18 19:15:58] Witty Pi daemon (v2.56) is started.
[2017-11-18 19:16:01] Synchronizing time between system and Witty Pi...
[2017-11-18 19:16:01] Writing RTC time to system...
[2017-11-19 07:00:14] Done :-)
[2017-11-19 07:00:18] Schedule next shutdown at: 2017-11-19 07:15:00
[2017-11-19 07:00:18] Schedule next startup at: 2017-11-19 08:00:00
[2017-11-19 07:00:20] Pending for incoming shutdown command...
[2017-11-19 07:00:24] Internet detected, apply NTP time to system and Witty Pi...
[2017-11-19 07:00:24] Writing system time to RTC...
[2017-11-19 07:00:25] Done :-)
[2017-11-19 07:15:52] Shutdown command is received...
[2017-11-19 07:15:53] Halting all processes and then shutdown Raspberry Pi...
[2017-11-19 07:15:59] Witty Pi daemon (v2.56) is started.
[2017-11-19 07:16:01] Synchronizing time between system and Witty Pi...
[2017-11-19 07:16:02] Writing RTC time to system...
[2017-11-19 08:00:14] Done :-)
[2017-11-19 08:00:17] Schedule next shutdown at: 2017-11-19 08:15:00
[2017-11-19 08:00:18] Schedule next startup at: 2017-11-19 09:00:00
[2017-11-19 08:00:20] Pending for incoming shutdown command...
[2017-11-19 08:00:24] Internet detected, apply NTP time to system and Witty Pi...
[2017-11-19 08:00:24] Writing system time to RTC...
[2017-11-19 08:00:25] Done :-)
[2017-11-19 08:15:53] Shutdown command is received...
[2017-11-19 08:15:53] Halting all processes and then shutdown Raspberry Pi...
[2017-11-19 08:16:00] Witty Pi daemon (v2.56) is started.
[2017-11-19 08:16:02] Synchronizing time between system and Witty Pi...
[2017-11-19 08:16:03] Writing RTC time to system...
[2017-11-19 09:00:15] Done :-)
[2017-11-19 09:00:19] Schedule next shutdown at: 2017-11-19 09:15:00
[2017-11-19 09:00:19] Schedule next startup at: 2017-11-19 10:00:00
[2017-11-19 09:00:21] Pending for incoming shutdown command...
[2017-11-19 09:00:25] Internet detected, apply NTP time to system and Witty Pi...
[2017-11-19 09:00:25] Writing system time to RTC...
[2017-11-19 09:00:26] Done :-)
[2017-11-19 09:15:53] Shutdown command is received...
[2017-11-19 09:15:54] Halting all processes and then shutdown Raspberry Pi...
[2017-11-19 09:16:00] Witty Pi daemon (v2.56) is started.
[2017-11-19 09:16:02] Synchronizing time between system and Witty Pi...
[2017-11-19 09:16:03] Writing RTC time to system...
[2017-11-19 10:00:14] Done :-)
[2017-11-19 10:00:18] Schedule next shutdown at: 2017-11-19 10:15:00
[2017-11-19 10:00:18] Schedule next startup at: 2017-11-19 11:00:00
[2017-11-19 10:00:20] Pending for incoming shutdown command...
[2017-11-19 10:00:24] Internet detected, apply NTP time to system and Witty Pi...
[2017-11-19 10:00:24] Writing system time to RTC...
[2017-11-19 10:00:25] Done :-)
[2017-11-19 10:15:54] Shutdown command is received...
[2017-11-19 10:15:54] Halting all processes and then shutdown Raspberry Pi...
[2017-11-19 10:16:01] Witty Pi daemon (v2.56) is started.
[2017-11-19 10:16:03] Synchronizing time between system and Witty Pi...
[2017-11-19 10:16:04] Writing RTC time to system...
[2017-11-19 11:00:14] Done :-)
[2017-11-19 11:00:18] Schedule next shutdown at: 2017-11-19 11:15:00
[2017-11-19 11:00:18] Schedule next startup at: 2017-11-19 12:00:00
[2017-11-19 11:00:20] Pending for incoming shutdown command...
[2017-11-19 11:00:24] Internet detected, apply NTP time to system and Witty Pi...
[2017-11-19 11:00:24] Writing system time to RTC...
[2017-11-19 11:00:25] Done :-)
[2017-11-19 11:15:54] Shutdown command is received...
[2017-11-19 11:15:55] Halting all processes and then shutdown Raspberry Pi...
[2017-11-19 11:16:01] Witty Pi daemon (v2.56) is started.
[2017-11-19 11:16:04] Synchronizing time between system and Witty Pi...
[2017-11-19 11:16:05] Writing RTC time to system...
[2017-11-19 12:00:15] Done :-)
[2017-11-19 12:00:17] Schedule next shutdown at: 2017-11-19 12:15:00
[2017-11-19 12:00:18] Schedule next startup at: 2017-11-19 13:00:00
[2017-11-19 12:00:20] Pending for incoming shutdown command...
[2017-11-19 12:00:25] Internet detected, apply NTP time to system and Witty Pi...
[2017-11-19 12:00:25] Writing system time to RTC...
[2017-11-19 12:00:26] Done :-)
[2017-11-19 12:15:55] Shutdown command is received...
[2017-11-19 12:15:55] Halting all processes and then shutdown Raspberry Pi...
[2017-11-19 12:16:01] Witty Pi daemon (v2.56) is started.
[2017-11-19 12:16:04] Synchronizing time between system and Witty Pi...
[2017-11-19 12:16:04] Writing RTC time to system...
[2017-11-19 13:00:14] Done :-)
[2017-11-19 13:00:17] Schedule next shutdown at: 2017-11-19 13:15:00
[2017-11-19 13:00:18] Schedule next startup at: 2017-11-19 14:00:00
[2017-11-19 13:00:20] Pending for incoming shutdown command...
[2017-11-19 13:00:24] Internet detected, apply NTP time to system and Witty Pi...
[2017-11-19 13:00:24] Writing system time to RTC...
[2017-11-19 13:00:25] Done :-)
[2017-11-19 13:15:55] Shutdown command is received...
[2017-11-19 13:15:56] Halting all processes and then shutdown Raspberry Pi...
[2017-11-19 13:16:02] Witty Pi daemon (v2.56) is started.
[2017-11-19 13:16:04] Synchronizing time between system and Witty Pi...
[2017-11-19 13:16:05] Writing RTC time to system...
[2017-11-19 14:00:14] Done :-)
[2017-11-19 14:00:18] Schedule next shutdown at: 2017-11-19 14:15:00
[2017-11-19 14:00:18] Schedule next startup at: 2017-11-19 15:00:00
[2017-11-19 14:00:20] Pending for incoming shutdown command...
[2017-11-19 14:00:24] Internet detected, apply NTP time to system and Witty Pi...
[2017-11-19 14:00:24] Writing system time to RTC...
[2017-11-19 14:00:25] Done :-)
[2017-11-19 14:15:56] Shutdown command is received...
[2017-11-19 14:15:56] Halting all processes and then shutdown Raspberry Pi...
[2017-11-19 14:16:02] Witty Pi daemon (v2.56) is started.
[2017-11-19 14:16:05] Synchronizing time between system and Witty Pi...
[2017-11-19 14:16:05] Writing RTC time to system...
[2017-11-19 15:00:14] Done :-)
[2017-11-19 15:00:18] Schedule next shutdown at: 2017-11-19 15:15:00
[2017-11-19 15:00:18] Schedule next startup at: 2017-11-19 16:00:00
[2017-11-19 15:00:20] Pending for incoming shutdown command...
[2017-11-19 15:00:24] Internet detected, apply NTP time to system and Witty Pi...
[2017-11-19 15:00:24] Writing system time to RTC...
[2017-11-19 15:00:25] Done :-)
[2017-11-19 15:15:56] Shutdown command is received...
[2017-11-19 15:15:57] Halting all processes and then shutdown Raspberry Pi...
[2017-11-19 15:16:03] Witty Pi daemon (v2.56) is started.
[2017-11-19 15:16:05] Synchronizing time between system and Witty Pi...
[2017-11-19 15:16:06] Writing RTC time to system...
[2017-11-19 16:00:14] Done :-)
[2017-11-19 16:00:17] Schedule next shutdown at: 2017-11-19 16:15:00
[2017-11-19 16:00:18] Schedule next startup at: 2017-11-19 17:00:00
[2017-11-19 16:00:20] Pending for incoming shutdown command...
[2017-11-19 16:00:24] Internet detected, apply NTP time to system and Witty Pi...
[2017-11-19 16:00:24] Writing system time to RTC...
[2017-11-19 16:00:25] Done :-)
[2017-11-19 16:15:57] Shutdown command is received...
[2017-11-19 16:15:57] Halting all processes and then shutdown Raspberry Pi...
[2017-11-19 16:16:03] Witty Pi daemon (v2.56) is started.
[2017-11-19 16:16:06] Synchronizing time between system and Witty Pi...
[2017-11-19 16:16:06] Writing RTC time to system...
[2017-11-19 17:00:14] Done :-)
[2017-11-19 17:00:18] Schedule next shutdown at: 2017-11-19 17:15:00
[2017-11-19 17:00:18] Schedule next startup at: 2017-11-19 18:00:00
[2017-11-19 17:00:20] Pending for incoming shutdown command...
[2017-11-19 17:00:24] Internet detected, apply NTP time to system and Witty Pi...
[2017-11-19 17:00:24] Writing system time to RTC...
[2017-11-19 17:00:25] Done :-)
[2017-11-19 17:15:57] Shutdown command is received...
[2017-11-19 17:15:58] Halting all processes and then shutdown Raspberry Pi...
[2017-11-19 17:16:04] Witty Pi daemon (v2.56) is started.
[2017-11-19 17:16:07] Synchronizing time between system and Witty Pi...
[2017-11-19 17:16:08] Writing RTC time to system...
[2017-11-19 18:00:15] Done :-)
[2017-11-19 18:00:19] Schedule next shutdown at: 2017-11-19 18:15:00
[2017-11-19 18:00:20] Schedule next startup at: 2017-11-19 19:00:00
[2017-11-19 18:00:21] Pending for incoming shutdown command...
[2017-11-19 18:00:25] Internet detected, apply NTP time to system and Witty Pi...
[2017-11-19 18:00:25] Writing system time to RTC...
[2017-11-19 18:00:26] Done :-)
[2017-11-19 18:15:58] Shutdown command is received...
[2017-11-19 18:15:58] Halting all processes and then shutdown Raspberry Pi...
[2017-11-19 18:16:04] Witty Pi daemon (v2.56) is started.
[2017-11-19 18:16:07] Synchronizing time between system and Witty Pi...
[2017-11-19 18:16:07] Writing RTC time to system...
[2017-11-19 19:00:14] Done :-)
[2017-11-19 19:00:18] Schedule next shutdown at: 2017-11-19 19:15:00
[2017-11-19 19:00:18] Schedule next startup at: 2017-11-20 07:00:00
[2017-11-19 19:00:20] Pending for incoming shutdown command...
[2017-11-19 19:00:24] Internet detected, apply NTP time to system and Witty Pi...
[2017-11-19 19:00:24] Writing system time to RTC...
[2017-11-19 19:00:25] Done :-)
[2017-11-19 19:15:58] Shutdown command is received...
[2017-11-19 19:15:59] Halting all processes and then shutdown Raspberry Pi...
[2017-11-19 19:16:05] Witty Pi daemon (v2.56) is started.
[2017-11-19 19:16:08] Synchronizing time between system and Witty Pi...
[2017-11-19 19:16:09] Writing RTC time to system...
[2017-11-20 07:00:15] Done :-)
[2017-11-20 07:00:19] Schedule next shutdown at: 2017-11-20 07:15:00
[2017-11-20 07:00:19] Schedule next startup at: 2017-11-20 08:00:00
[2017-11-20 07:00:21] Pending for incoming shutdown command...
[2017-11-20 07:00:25] Internet detected, apply NTP time to system and Witty Pi...
[2017-11-20 07:00:25] Writing system time to RTC...
[2017-11-20 07:00:26] Done :-)
[2017-11-20 07:15:59] Shutdown command is received...
[2017-11-20 07:15:59] Halting all processes and then shutdown Raspberry Pi...
[2017-11-20 07:16:06] Witty Pi daemon (v2.56) is started.
[2017-11-20 07:16:08] Synchronizing time between system and Witty Pi...
[2017-11-20 07:16:09] Writing RTC time to system...
[2017-11-20 08:00:15] Done :-)
[2017-11-20 08:00:19] Schedule next shutdown at: 2017-11-20 08:15:00
[2017-11-20 08:00:19] Schedule next startup at: 2017-11-20 09:00:00
[2017-11-20 08:00:21] Pending for incoming shutdown command...
[2017-11-20 08:00:25] Internet detected, apply NTP time to system and Witty Pi...
[2017-11-20 08:00:25] Writing system time to RTC...
[2017-11-20 08:00:26] Done :-)
[2017-11-20 08:15:59] Shutdown command is received...
[2017-11-20 08:15:59] Halting all processes and then shutdown Raspberry Pi...
[2017-11-20 08:16:07] Witty Pi daemon (v2.56) is started.
[2017-11-20 08:16:09] Synchronizing time between system and Witty Pi...
[2017-11-20 08:16:10] Writing RTC time to system...
[2017-11-20 09:00:15] Done :-)
[2017-11-20 09:00:19] Schedule next shutdown at: 2017-11-20 09:15:00
[2017-11-20 09:00:19] Schedule next startup at: 2017-11-20 10:00:00
[2017-11-20 09:00:21] Pending for incoming shutdown command...
[2017-11-20 09:00:25] Internet detected, apply NTP time to system and Witty Pi...
[2017-11-20 09:00:25] Writing system time to RTC...
[2017-11-20 09:00:26] Done :-)
[2017-11-20 09:16:00] Shutdown command is received...
[2017-11-20 09:16:00] Halting all processes and then shutdown Raspberry Pi...
[2017-11-20 09:16:06] Witty Pi daemon (v2.56) is started.
[2017-11-20 09:16:09] Synchronizing time between system and Witty Pi...
[2017-11-20 09:16:09] Writing RTC time to system...
[2017-11-20 10:00:14] Done :-)
[2017-11-20 10:00:17] Schedule next shutdown at: 2017-11-20 10:15:00
[2017-11-20 10:00:18] Schedule next startup at: 2017-11-20 11:00:00
[2017-11-20 10:00:20] Pending for incoming shutdown command...
[2017-11-20 10:00:24] Internet detected, apply NTP time to system and Witty Pi...
[2017-11-20 10:00:24] Writing system time to RTC...
[2017-11-20 10:00:25] Done :-)
[2017-11-20 10:16:00] Shutdown command is received...
[2017-11-20 10:16:00] Halting all processes and then shutdown Raspberry Pi...
[2017-11-20 10:16:07] Witty Pi daemon (v2.56) is started.
[2017-11-20 10:16:09] Synchronizing time between system and Witty Pi...
[2017-11-20 10:16:10] Writing RTC time to system...
[2017-11-20 11:00:14] Done :-)
[2017-11-20 11:00:17] Schedule next shutdown at: 2017-11-20 11:15:00
[2017-11-20 11:00:18] Schedule next startup at: 2017-11-20 12:00:00
[2017-11-20 11:00:20] Pending for incoming shutdown command...
[2017-11-20 11:00:24] Internet detected, apply NTP time to system and Witty Pi...
[2017-11-20 11:00:24] Writing system time to RTC...
[2017-11-20 11:00:25] Done :-)
[2017-11-20 11:16:01] Shutdown command is received...
[2017-11-20 11:16:01] Halting all processes and then shutdown Raspberry Pi...
[2017-11-20 11:16:08] Witty Pi daemon (v2.56) is started.
[2017-11-20 11:16:10] Synchronizing time between system and Witty Pi...
[2017-11-20 11:16:11] Writing RTC time to system...
[2017-11-20 12:00:15] Done :-)
[2017-11-20 12:00:19] Schedule next shutdown at: 2017-11-20 12:15:00
[2017-11-20 12:00:19] Schedule next startup at: 2017-11-20 13:00:00
[2017-11-20 12:00:21] Pending for incoming shutdown command...
[2017-11-20 12:00:25] Internet detected, apply NTP time to system and Witty Pi...
[2017-11-20 12:00:25] Writing system time to RTC...
[2017-11-20 12:00:26] Done :-)
[2017-11-20 12:16:01] Shutdown command is received...
[2017-11-20 12:16:01] Halting all processes and then shutdown Raspberry Pi...
[2017-11-20 12:16:09] Witty Pi daemon (v2.56) is started.
[2017-11-20 12:16:11] Synchronizing time between system and Witty Pi...
[2017-11-20 12:16:12] Writing RTC time to system...
[2017-11-20 13:00:15] Done :-)
[2017-11-20 13:00:19] Schedule next shutdown at: 2017-11-20 13:15:00
[2017-11-20 13:00:20] Schedule next startup at: 2017-11-20 14:00:00
[2017-11-20 13:00:21] Pending for incoming shutdown command...
[2017-11-20 13:00:25] Internet detected, apply NTP time to system and Witty Pi...
[2017-11-20 13:00:25] Writing system time to RTC...
[2017-11-20 13:00:26] Done :-)
[2017-11-20 13:16:02] Shutdown command is received...
[2017-11-20 13:16:02] Halting all processes and then shutdown Raspberry Pi...
[2017-11-20 13:16:08] Witty Pi daemon (v2.56) is started.
[2017-11-20 13:16:11] Synchronizing time between system and Witty Pi...
[2017-11-20 13:16:12] Writing RTC time to system...
[2017-11-20 14:00:14] Done :-)
[2017-11-20 14:00:18] Schedule next shutdown at: 2017-11-20 14:15:00
[2017-11-20 14:00:18] Schedule next startup at: 2017-11-20 15:00:00
[2017-11-20 14:00:20] Pending for incoming shutdown command...
[2017-11-20 14:00:24] Internet detected, apply NTP time to system and Witty Pi...
[2017-11-20 14:00:24] Writing system time to RTC...
[2017-11-20 14:00:25] Done :-)
[2017-11-20 14:16:02] Shutdown command is received...
[2017-11-20 14:16:02] Halting all processes and then shutdown Raspberry Pi...
[2017-11-20 14:16:10] Witty Pi daemon (v2.56) is started.
[2017-11-20 14:16:12] Synchronizing time between system and Witty Pi...
[2017-11-20 14:16:13] Writing RTC time to system...
[2017-11-20 15:00:15] Done :-)
[2017-11-20 15:00:19] Schedule next shutdown at: 2017-11-20 15:15:00
[2017-11-20 15:00:20] Schedule next startup at: 2017-11-20 16:00:00
[2017-11-20 15:00:21] Pending for incoming shutdown command...
[2017-11-20 15:00:25] Internet detected, apply NTP time to system and Witty Pi...
[2017-11-20 15:00:25] Writing system time to RTC...
[2017-11-20 15:00:26] Done :-)
[2017-11-20 15:16:03] Shutdown command is received...
[2017-11-20 15:16:03] Halting all processes and then shutdown Raspberry Pi...
[2017-11-20 15:16:10] Witty Pi daemon (v2.56) is started.
[2017-11-20 15:16:12] Synchronizing time between system and Witty Pi...
[2017-11-20 15:16:13] Writing RTC time to system...
[2017-11-20 16:00:15] Done :-)
[2017-11-20 16:00:19] Schedule next shutdown at: 2017-11-20 16:15:00
[2017-11-20 16:00:19] Schedule next startup at: 2017-11-20 17:00:00
[2017-11-20 16:00:21] Pending for incoming shutdown command...
[2017-11-20 16:00:25] Internet detected, apply NTP time to system and Witty Pi...
[2017-11-20 16:00:25] Writing system time to RTC...
[2017-11-20 16:00:26] Done :-)
[2017-11-20 16:16:03] Shutdown command is received...
[2017-11-20 16:16:03] Halting all processes and then shutdown Raspberry Pi...
[2017-11-20 16:16:10] Witty Pi daemon (v2.56) is started.
[2017-11-20 16:16:13] Synchronizing time between system and Witty Pi...
[2017-11-20 16:16:14] Writing RTC time to system...
[2017-11-20 17:00:15] Done :-)
[2017-11-20 17:00:19] Schedule next shutdown at: 2017-11-20 17:15:00
[2017-11-20 17:00:20] Schedule next startup at: 2017-11-20 18:00:00
[2017-11-20 17:00:21] Pending for incoming shutdown command...
[2017-11-20 17:00:25] Internet detected, apply NTP time to system and Witty Pi...
[2017-11-20 17:00:25] Writing system time to RTC...
[2017-11-20 17:00:26] Done :-)
[2017-11-20 17:16:04] Shutdown command is received...
[2017-11-20 17:16:04] Halting all processes and then shutdown Raspberry Pi...
[2017-11-20 17:16:11] Witty Pi daemon (v2.56) is started.
[2017-11-20 17:16:13] Synchronizing time between system and Witty Pi...
[2017-11-20 17:16:15] Writing RTC time to system...
[2017-11-20 18:00:15] Done :-)
[2017-11-20 18:00:19] Schedule next shutdown at: 2017-11-20 18:15:00
[2017-11-20 18:00:20] Schedule next startup at: 2017-11-20 19:00:00
[2017-11-20 18:00:21] Pending for incoming shutdown command...
[2017-11-20 18:00:25] Internet detected, apply NTP time to system and Witty Pi...
[2017-11-20 18:00:25] Writing system time to RTC...
[2017-11-20 18:00:26] Done :-)
[2017-11-20 18:16:04] Shutdown command is received...
[2017-11-20 18:16:04] Halting all processes and then shutdown Raspberry Pi...
[2017-11-20 18:16:11] Witty Pi daemon (v2.56) is started.
[2017-11-20 18:16:14] Synchronizing time between system and Witty Pi...
[2017-11-20 18:16:14] Writing RTC time to system...
[2017-11-20 19:00:14] Done :-)
[2017-11-20 19:00:18] Schedule next shutdown at: 2017-11-20 19:15:00
[2017-11-20 19:00:18] Schedule next startup at: 2017-11-21 07:00:00
[2017-11-20 19:00:20] Pending for incoming shutdown command...
[2017-11-20 19:00:24] Internet detected, apply NTP time to system and Witty Pi...
[2017-11-20 19:00:24] Writing system time to RTC...
[2017-11-20 19:00:25] Done :-)
[2017-11-20 19:16:05] Shutdown command is received...
[2017-11-20 19:16:05] Halting all processes and then shutdown Raspberry Pi...
[2017-11-20 19:16:11] Witty Pi daemon (v2.56) is started.
[2017-11-20 19:16:14] Synchronizing time between system and Witty Pi...
[2017-11-20 19:16:14] Writing RTC time to system...
[2017-11-21 07:00:14] Done :-)
[2017-11-21 07:00:18] Schedule next shutdown at: 2017-11-21 07:15:00
[2017-11-21 07:00:18] Schedule next startup at: 2017-11-21 08:00:00
[2017-11-21 07:00:20] Pending for incoming shutdown command...
[2017-11-21 07:00:24] Internet detected, apply NTP time to system and Witty Pi...
[2017-11-21 07:00:24] Writing system time to RTC...
[2017-11-21 07:00:25] Done :-)
[2017-11-21 07:16:05] Shutdown command is received...
[2017-11-21 07:16:05] Halting all processes and then shutdown Raspberry Pi...
[2017-11-21 07:16:12] Witty Pi daemon (v2.56) is started.
[2017-11-21 07:16:14] Synchronizing time between system and Witty Pi...
[2017-11-21 07:16:15] Writing RTC time to system...
[2017-11-21 08:00:14] Done :-)
[2017-11-21 08:00:17] Schedule next shutdown at: 2017-11-21 08:15:00
[2017-11-21 08:00:18] Schedule next startup at: 2017-11-21 09:00:00
[2017-11-21 08:00:20] Pending for incoming shutdown command...
[2017-11-21 08:00:24] Internet detected, apply NTP time to system and Witty Pi...
[2017-11-21 08:00:24] Writing system time to RTC...
[2017-11-21 08:00:25] Done :-)
[2017-11-21 08:16:06] Shutdown command is received...
[2017-11-21 08:16:06] Halting all processes and then shutdown Raspberry Pi...
[2017-11-21 08:16:13] Witty Pi daemon (v2.56) is started.
[2017-11-21 08:16:15] Synchronizing time between system and Witty Pi...
[2017-11-21 08:16:15] Writing RTC time to system...
[2017-11-21 09:00:14] Done :-)
[2017-11-21 09:00:17] Schedule next shutdown at: 2017-11-21 09:15:00
[2017-11-21 09:00:18] Schedule next startup at: 2017-11-21 10:00:00
[2017-11-21 09:00:20] Pending for incoming shutdown command...
[2017-11-21 09:00:24] Internet detected, apply NTP time to system and Witty Pi...
[2017-11-21 09:00:24] Writing system time to RTC...
[2017-11-21 09:00:25] Done :-)
[2017-11-21 09:16:06] Shutdown command is received...
[2017-11-21 09:16:06] Halting all processes and then shutdown Raspberry Pi...
[2017-11-21 09:16:13] Witty Pi daemon (v2.56) is started.
[2017-11-21 09:16:16] Synchronizing time between system and Witty Pi...
[2017-11-21 09:16:17] Writing RTC time to system...
[2017-11-21 10:00:15] Done :-)
[2017-11-21 10:00:17] Schedule next shutdown at: 2017-11-21 10:15:00
[2017-11-21 10:00:18] Schedule next startup at: 2017-11-21 11:00:00
[2017-11-21 10:00:20] Pending for incoming shutdown command...
[2017-11-21 10:00:25] Internet detected, apply NTP time to system and Witty Pi...
[2017-11-21 10:00:25] Writing system time to RTC...
[2017-11-21 10:00:26] Done :-)
[2017-11-21 10:16:07] Shutdown command is received...
[2017-11-21 10:16:07] Halting all processes and then shutdown Raspberry Pi...
[2017-11-21 10:16:13] Witty Pi daemon (v2.56) is started.
[2017-11-21 10:16:16] Synchronizing time between system and Witty Pi...
[2017-11-21 10:16:16] Writing RTC time to system...
[2017-11-21 11:00:14] Done :-)
[2017-11-21 11:00:18] Schedule next shutdown at: 2017-11-21 11:15:00
[2017-11-21 11:00:18] Schedule next startup at: 2017-11-21 12:00:00
[2017-11-21 11:00:20] Pending for incoming shutdown command...
[2017-11-21 11:00:24] Internet detected, apply NTP time to system and Witty Pi...
[2017-11-21 11:00:24] Writing system time to RTC...
[2017-11-21 11:00:25] Done :-)
[2017-11-21 11:16:07] Shutdown command is received...
[2017-11-21 11:16:07] Halting all processes and then shutdown Raspberry Pi...
[2017-11-21 11:16:15] Witty Pi daemon (v2.56) is started.
[2017-11-21 11:16:17] Synchronizing time between system and Witty Pi...
[2017-11-21 11:16:18] Writing RTC time to system...
[2017-11-21 12:00:15] Done :-)
[2017-11-21 12:00:19] Schedule next shutdown at: 2017-11-21 12:15:00
[2017-11-21 12:00:19] Schedule next startup at: 2017-11-21 13:00:00
[2017-11-21 12:00:21] Pending for incoming shutdown command...
[2017-11-21 12:00:25] Internet detected, apply NTP time to system and Witty Pi...
[2017-11-21 12:00:25] Writing system time to RTC...
[2017-11-21 12:00:26] Done :-)
[2017-11-21 12:16:08] Shutdown command is received...
[2017-11-21 12:16:08] Halting all processes and then shutdown Raspberry Pi...
[2017-11-21 12:16:15] Witty Pi daemon (v2.56) is started.
[2017-11-21 12:16:17] Synchronizing time between system and Witty Pi...
[2017-11-21 12:16:18] Writing RTC time to system...
[2017-11-21 13:00:15] Done :-)
[2017-11-21 13:00:17] Schedule next shutdown at: 2017-11-21 13:15:00
[2017-11-21 13:00:18] Schedule next startup at: 2017-11-21 14:00:00
[2017-11-21 13:00:20] Pending for incoming shutdown command...
[2017-11-21 13:00:25] Internet detected, apply NTP time to system and Witty Pi...
[2017-11-21 13:00:25] Writing system time to RTC...
[2017-11-21 13:00:26] Done :-)
[2017-11-21 13:16:08] Shutdown command is received...
[2017-11-21 13:16:08] Halting all processes and then shutdown Raspberry Pi...
[2017-11-21 13:16:15] Witty Pi daemon (v2.56) is started.
[2017-11-21 13:16:18] Synchronizing time between system and Witty Pi...
[2017-11-21 13:16:19] Writing RTC time to system...
[2017-11-21 14:00:15] Done :-)
[2017-11-21 14:00:19] Schedule next shutdown at: 2017-11-21 14:15:00
[2017-11-21 14:00:20] Schedule next startup at: 2017-11-21 15:00:00
[2017-11-21 14:00:21] Pending for incoming shutdown command...
[2017-11-21 14:00:25] Internet detected, apply NTP time to system and Witty Pi...
[2017-11-21 14:00:25] Writing system time to RTC...
[2017-11-21 14:00:26] Done :-)
[2017-11-21 14:16:09] Shutdown command is received...
[2017-11-21 14:16:09] Halting all processes and then shutdown Raspberry Pi...
[2017-11-21 14:16:15] Witty Pi daemon (v2.56) is started.
[2017-11-21 14:16:18] Synchronizing time between system and Witty Pi...
[2017-11-21 14:16:18] Writing RTC time to system...
[2017-11-21 15:00:14] Done :-)
[2017-11-21 15:00:17] Schedule next shutdown at: 2017-11-21 15:15:00
[2017-11-21 15:00:18] Schedule next startup at: 2017-11-21 16:00:00
[2017-11-21 15:00:20] Pending for incoming shutdown command...
[2017-11-21 15:00:24] Internet detected, apply NTP time to system and Witty Pi...
[2017-11-21 15:00:24] Writing system time to RTC...
[2017-11-21 15:00:25] Done :-)
[2017-11-21 15:16:09] Shutdown command is received...
[2017-11-21 15:16:09] Halting all processes and then shutdown Raspberry Pi...
[2017-11-21 15:16:16] Witty Pi daemon (v2.56) is started.
[2017-11-21 15:16:19] Synchronizing time between system and Witty Pi...
[2017-11-21 15:16:20] Writing RTC time to system...
[2017-11-21 16:00:15] Done :-)
[2017-11-21 16:00:19] Schedule next shutdown at: 2017-11-21 16:15:00
[2017-11-21 16:00:19] Schedule next startup at: 2017-11-21 17:00:00
[2017-11-21 16:00:21] Pending for incoming shutdown command...
[2017-11-21 16:00:25] Internet detected, apply NTP time to system and Witty Pi...
[2017-11-21 16:00:25] Writing system time to RTC...
[2017-11-21 16:00:26] Done :-)
[2017-11-21 16:16:10] Shutdown command is received...
[2017-11-21 16:16:10] Halting all processes and then shutdown Raspberry Pi...
[2017-11-21 16:16:16] Witty Pi daemon (v2.56) is started.
[2017-11-21 16:16:19] Synchronizing time between system and Witty Pi...
[2017-11-21 16:16:19] Writing RTC time to system...
[2017-11-21 17:00:14] Done :-)
[2017-11-21 17:00:18] Schedule next shutdown at: 2017-11-21 17:15:00
[2017-11-21 17:00:18] Schedule next startup at: 2017-11-21 18:00:00
[2017-11-21 17:00:20] Pending for incoming shutdown command...
[2017-11-21 17:00:24] Internet detected, apply NTP time to system and Witty Pi...
[2017-11-21 17:00:24] Writing system time to RTC...
[2017-11-21 17:00:25] Done :-)
[2017-11-21 17:16:10] Shutdown command is received...
[2017-11-21 17:16:10] Halting all processes and then shutdown Raspberry Pi...
[2017-11-21 17:16:17] Witty Pi daemon (v2.56) is started.
[2017-11-21 17:16:19] Synchronizing time between system and Witty Pi...
[2017-11-21 17:16:20] Writing RTC time to system...
[2017-11-21 18:00:14] Done :-)
[2017-11-21 18:00:18] Schedule next shutdown at: 2017-11-21 18:15:00
[2017-11-21 18:00:18] Schedule next startup at: 2017-11-21 19:00:00
[2017-11-21 18:00:20] Pending for incoming shutdown command...
[2017-11-21 18:00:24] Internet detected, apply NTP time to system and Witty Pi...
[2017-11-21 18:00:24] Writing system time to RTC...
[2017-11-21 18:00:25] Done :-)
[2017-11-21 18:16:11] Shutdown command is received...
[2017-11-21 18:16:11] Halting all processes and then shutdown Raspberry Pi...
[2017-11-21 18:16:18] Witty Pi daemon (v2.56) is started.
[2017-11-21 18:16:20] Synchronizing time between system and Witty Pi...
[2017-11-21 18:16:21] Writing RTC time to system...
[2017-11-21 19:00:15] Done :-)
[2017-11-21 19:00:19] Schedule next shutdown at: 2017-11-21 19:15:00
[2017-11-21 19:00:20] Schedule next startup at: 2017-11-22 07:00:00
[2017-11-21 19:00:21] Pending for incoming shutdown command...
[2017-11-21 19:00:25] Internet detected, apply NTP time to system and Witty Pi...
[2017-11-21 19:00:25] Writing system time to RTC...
[2017-11-21 19:00:26] Done :-)
[2017-11-21 19:16:11] Shutdown command is received...
[2017-11-21 19:16:11] Halting all processes and then shutdown Raspberry Pi...
[2017-11-21 19:16:18] Witty Pi daemon (v2.56) is started.
[2017-11-21 19:16:20] Synchronizing time between system and Witty Pi...
[2017-11-21 19:16:21] Writing RTC time to system...
[2017-11-22 07:00:14] Done :-)
[2017-11-22 07:00:17] Schedule next shutdown at: 2017-11-22 07:15:00
[2017-11-22 07:00:18] Schedule next startup at: 2017-11-22 08:00:00
[2017-11-22 07:00:20] Pending for incoming shutdown command...
[2017-11-22 07:00:24] Internet detected, apply NTP time to system and Witty Pi...
[2017-11-22 07:00:24] Writing system time to RTC...
[2017-11-22 07:00:25] Done :-)
[2017-11-22 07:16:12] Shutdown command is received...
[2017-11-22 07:16:12] Halting all processes and then shutdown Raspberry Pi...
[2017-11-22 07:16:19] Witty Pi daemon (v2.56) is started.
[2017-11-22 07:16:21] Synchronizing time between system and Witty Pi...
[2017-11-22 07:16:22] Writing RTC time to system...
[2017-11-22 08:00:15] Done :-)
[2017-11-22 08:00:19] Schedule next shutdown at: 2017-11-22 08:15:00
[2017-11-22 08:00:19] Schedule next startup at: 2017-11-22 09:00:00
[2017-11-22 08:00:21] Pending for incoming shutdown command...
[2017-11-22 08:00:25] Internet detected, apply NTP time to system and Witty Pi...
[2017-11-22 08:00:25] Writing system time to RTC...
[2017-11-22 08:00:26] Done :-)
[2017-11-22 08:16:12] Shutdown command is received...
[2017-11-22 08:16:12] Halting all processes and then shutdown Raspberry Pi...
[2017-11-22 08:16:19] Witty Pi daemon (v2.56) is started.
[2017-11-22 08:16:21] Synchronizing time between system and Witty Pi...
[2017-11-22 08:16:22] Writing RTC time to system...
[2017-11-22 09:00:14] Done :-)
[2017-11-22 09:00:17] Schedule next shutdown at: 2017-11-22 09:15:00
[2017-11-22 09:00:18] Schedule next startup at: 2017-11-22 10:00:00
[2017-11-22 09:00:20] Pending for incoming shutdown command...
[2017-11-22 09:00:24] Internet detected, apply NTP time to system and Witty Pi...
[2017-11-22 09:00:24] Writing system time to RTC...
[2017-11-22 09:00:25] Done :-)
[2017-11-22 09:16:13] Shutdown command is received...
[2017-11-22 09:16:13] Halting all processes and then shutdown Raspberry Pi...
[2017-11-22 09:16:19] Witty Pi daemon (v2.56) is started.
[2017-11-22 09:16:22] Synchronizing time between system and Witty Pi...
[2017-11-22 09:16:22] Writing RTC time to system...
[2017-11-22 10:00:14] Done :-)
[2017-11-22 10:00:17] Schedule next shutdown at: 2017-11-22 10:15:00
[2017-11-22 10:00:18] Schedule next startup at: 2017-11-22 11:00:00
[2017-11-22 10:00:20] Pending for incoming shutdown command...
[2017-11-22 10:00:24] Internet detected, apply NTP time to system and Witty Pi...
[2017-11-22 10:00:24] Writing system time to RTC...
[2017-11-22 10:00:25] Done :-)
[2017-11-22 10:16:13] Shutdown command is received...
[2017-11-22 10:16:13] Halting all processes and then shutdown Raspberry Pi...
[2017-11-22 10:16:20] Witty Pi daemon (v2.56) is started.
[2017-11-22 10:16:23] Synchronizing time between system and Witty Pi...
[2017-11-22 10:16:24] Writing RTC time to system...
[2017-11-22 11:00:15] Done :-)
[2017-11-22 11:00:19] Schedule next shutdown at: 2017-11-22 11:15:00
[2017-11-22 11:00:19] Schedule next startup at: 2017-11-22 12:00:00
[2017-11-22 11:00:21] Pending for incoming shutdown command...
[2017-11-22 11:00:25] Internet detected, apply NTP time to system and Witty Pi...
[2017-11-22 11:00:25] Writing system time to RTC...
[2017-11-22 11:00:26] Done :-)
[2017-11-22 11:16:14] Shutdown command is received...
[2017-11-22 11:16:14] Halting all processes and then shutdown Raspberry Pi...
[2017-11-22 11:16:20] Witty Pi daemon (v2.56) is started.
[2017-11-22 11:16:23] Synchronizing time between system and Witty Pi...
[2017-11-22 11:16:23] Writing RTC time to system...
[2017-11-22 12:00:14] Done :-)
[2017-11-22 12:00:17] Schedule next shutdown at: 2017-11-22 12:15:00
[2017-11-22 12:00:18] Schedule next startup at: 2017-11-22 13:00:00
[2017-11-22 12:00:20] Pending for incoming shutdown command...
[2017-11-22 12:00:24] Internet detected, apply NTP time to system and Witty Pi...
[2017-11-22 12:00:24] Writing system time to RTC...
[2017-11-22 12:00:25] Done :-)
[2017-11-22 12:16:14] Shutdown command is received...
[2017-11-22 12:16:14] Halting all processes and then shutdown Raspberry Pi...
[2017-11-22 12:16:21] Witty Pi daemon (v2.56) is started.
[2017-11-22 12:16:23] Synchronizing time between system and Witty Pi...
[2017-11-22 12:16:24] Writing RTC time to system...
[2017-11-22 13:00:14] Done :-)
[2017-11-22 13:00:18] Schedule next shutdown at: 2017-11-22 13:15:00
[2017-11-22 13:00:18] Schedule next startup at: 2017-11-22 14:00:00
[2017-11-22 13:00:20] Pending for incoming shutdown command...
[2017-11-22 13:00:24] Internet detected, apply NTP time to system and Witty Pi...
[2017-11-22 13:00:24] Writing system time to RTC...
[2017-11-22 13:00:25] Done :-)
[2017-11-22 13:16:15] Shutdown command is received...
[2017-11-22 13:16:15] Halting all processes and then shutdown Raspberry Pi...
[2017-11-22 13:16:22] Witty Pi daemon (v2.56) is started.
[2017-11-22 13:16:24] Synchronizing time between system and Witty Pi...
[2017-11-22 13:16:25] Writing RTC time to system...
[2017-11-22 14:00:15] Done :-)
[2017-11-22 14:00:19] Schedule next shutdown at: 2017-11-22 14:15:00
[2017-11-22 14:00:20] Schedule next startup at: 2017-11-22 15:00:00
[2017-11-22 14:00:21] Pending for incoming shutdown command...
[2017-11-22 14:00:25] Internet detected, apply NTP time to system and Witty Pi...
[2017-11-22 14:00:25] Writing system time to RTC...
[2017-11-22 14:00:26] Done :-)
[2017-11-22 14:16:15] Shutdown command is received...
[2017-11-22 14:16:15] Halting all processes and then shutdown Raspberry Pi...
[2017-11-22 14:16:22] Witty Pi daemon (v2.56) is started.
[2017-11-22 14:16:25] Synchronizing time between system and Witty Pi...
[2017-11-22 14:16:26] Writing RTC time to system...
[2017-11-22 15:00:15] Done :-)
[2017-11-22 15:00:19] Schedule next shutdown at: 2017-11-22 15:15:00
[2017-11-22 15:00:20] Schedule next startup at: 2017-11-22 16:00:00
[2017-11-22 15:00:21] Pending for incoming shutdown command...
[2017-11-22 15:00:25] Internet detected, apply NTP time to system and Witty Pi...
[2017-11-22 15:00:25] Writing system time to RTC...
[2017-11-22 15:00:26] Done :-)
[2017-11-22 15:16:16] Shutdown command is received...
[2017-11-22 15:16:16] Halting all processes and then shutdown Raspberry Pi...
[2017-11-22 15:16:22] Witty Pi daemon (v2.56) is started.
[2017-11-22 15:16:25] Synchronizing time between system and Witty Pi...
[2017-11-22 15:16:25] Writing RTC time to system...
[2017-11-22 16:00:14] Done :-)
[2017-11-22 16:00:17] Schedule next shutdown at: 2017-11-22 16:15:00
[2017-11-22 16:00:18] Schedule next startup at: 2017-11-22 17:00:00
[2017-11-22 16:00:20] Pending for incoming shutdown command...
[2017-11-22 16:00:24] Internet detected, apply NTP time to system and Witty Pi...
[2017-11-22 16:00:24] Writing system time to RTC...
[2017-11-22 16:00:25] Done :-)
[2017-11-22 16:16:16] Shutdown command is received...
[2017-11-22 16:16:16] Halting all processes and then shutdown Raspberry Pi...
[2017-11-22 16:16:23] Witty Pi daemon (v2.56) is started.
[2017-11-22 16:16:25] Synchronizing time between system and Witty Pi...
[2017-11-22 16:16:26] Writing RTC time to system...
[2017-11-22 17:00:14] Done :-)
[2017-11-22 17:00:18] Schedule next shutdown at: 2017-11-22 17:15:00
[2017-11-22 17:00:18] Schedule next startup at: 2017-11-22 18:00:00
[2017-11-22 17:00:20] Pending for incoming shutdown command...
[2017-11-22 17:00:24] Internet detected, apply NTP time to system and Witty Pi...
[2017-11-22 17:00:24] Writing system time to RTC...
[2017-11-22 17:00:25] Done :-)
[2017-11-22 17:16:17] Shutdown command is received...
[2017-11-22 17:16:17] Halting all processes and then shutdown Raspberry Pi...
[2017-11-22 17:16:24] Witty Pi daemon (v2.56) is started.
[2017-11-22 17:16:26] Synchronizing time between system and Witty Pi...
[2017-11-22 17:16:27] Writing RTC time to system...
[2017-11-22 18:00:15] Done :-)
[2017-11-22 18:00:19] Schedule next shutdown at: 2017-11-22 18:15:00
[2017-11-22 18:00:19] Schedule next startup at: 2017-11-22 19:00:00
[2017-11-22 18:00:21] Pending for incoming shutdown command...
[2017-11-22 18:00:25] Internet detected, apply NTP time to system and Witty Pi...
[2017-11-22 18:00:25] Writing system time to RTC...
[2017-11-22 18:00:26] Done :-)
[2017-11-22 18:16:17] Shutdown command is received...
[2017-11-22 18:16:17] Halting all processes and then shutdown Raspberry Pi...
[2017-11-22 18:16:24] Witty Pi daemon (v2.56) is started.
[2017-11-22 18:16:26] Synchronizing time between system and Witty Pi...
[2017-11-22 18:16:27] Writing RTC time to system...
[2017-11-22 19:00:14] Done :-)
[2017-11-22 19:00:18] Schedule next shutdown at: 2017-11-22 19:15:00
[2017-11-22 19:00:18] Schedule next startup at: 2017-11-23 07:00:00
[2017-11-22 19:00:20] Pending for incoming shutdown command...
[2017-11-22 19:00:24] Internet detected, apply NTP time to system and Witty Pi...
[2017-11-22 19:00:24] Writing system time to RTC...
[2017-11-22 19:00:25] Done :-)
[2017-11-22 19:16:18] Shutdown command is received...
[2017-11-22 19:16:18] Halting all processes and then shutdown Raspberry Pi...
[2017-11-22 19:16:25] Witty Pi daemon (v2.56) is started.
[2017-11-22 19:16:27] Synchronizing time between system and Witty Pi...
[2017-11-22 19:16:28] Writing RTC time to system...
[2017-11-23 07:00:15] Done :-)
[2017-11-23 07:00:17] Schedule next shutdown at: 2017-11-23 07:15:00
[2017-11-23 07:00:18] Schedule next startup at: 2017-11-23 08:00:00
[2017-11-23 07:00:20] Pending for incoming shutdown command...
[2017-11-23 07:00:25] Internet detected, apply NTP time to system and Witty Pi...
[2017-11-23 07:00:25] Writing system time to RTC...
[2017-11-23 07:00:26] Done :-)
[2017-11-23 07:16:18] Shutdown command is received...
[2017-11-23 07:16:18] Halting all processes and then shutdown Raspberry Pi...
[2017-11-23 07:16:25] Witty Pi daemon (v2.56) is started.
[2017-11-23 07:16:27] Synchronizing time between system and Witty Pi...
[2017-11-23 07:16:28] Writing RTC time to system...
[2017-11-23 08:00:14] Done :-)
[2017-11-23 08:00:17] Schedule next shutdown at: 2017-11-23 08:15:00
[2017-11-23 08:00:18] Schedule next startup at: 2017-11-23 09:00:00
[2017-11-23 08:00:20] Pending for incoming shutdown command...
[2017-11-23 08:00:24] Internet detected, apply NTP time to system and Witty Pi...
[2017-11-23 08:00:24] Writing system time to RTC...
[2017-11-23 08:00:25] Done :-)
[2017-11-23 08:16:19] Shutdown command is received...
[2017-11-23 08:16:19] Halting all processes and then shutdown Raspberry Pi...
[2017-11-23 08:16:26] Witty Pi daemon (v2.56) is started.
[2017-11-23 08:16:28] Synchronizing time between system and Witty Pi...
[2017-11-23 08:16:29] Writing RTC time to system...
[2017-11-23 09:00:15] Done :-)
[2017-11-23 09:00:19] Schedule next shutdown at: 2017-11-23 09:15:00
[2017-11-23 09:00:19] Schedule next startup at: 2017-11-23 10:00:00
[2017-11-23 09:00:21] Pending for incoming shutdown command...
[2017-11-23 09:00:25] Internet detected, apply NTP time to system and Witty Pi...
[2017-11-23 09:00:25] Writing system time to RTC...
[2017-11-23 09:00:26] Done :-)
[2017-11-23 09:16:19] Shutdown command is received...
[2017-11-23 09:16:19] Halting all processes and then shutdown Raspberry Pi...
[2017-11-23 09:16:26] Witty Pi daemon (v2.56) is started.
[2017-11-23 09:16:28] Synchronizing time between system and Witty Pi...
[2017-11-23 09:16:29] Writing RTC time to system...
[2017-11-23 10:00:14] Done :-)
[2017-11-23 10:00:17] Schedule next shutdown at: 2017-11-23 10:15:00
[2017-11-23 10:00:18] Schedule next startup at: 2017-11-23 11:00:00
[2017-11-23 10:00:20] Pending for incoming shutdown command...
[2017-11-23 10:00:24] Internet detected, apply NTP time to system and Witty Pi...
[2017-11-23 10:00:24] Writing system time to RTC...
[2017-11-23 10:00:25] Done :-)
[2017-11-23 10:16:20] Shutdown command is received...
[2017-11-23 10:16:20] Halting all processes and then shutdown Raspberry Pi...
[2017-11-23 10:16:27] Witty Pi daemon (v2.56) is started.
[2017-11-23 10:16:29] Synchronizing time between system and Witty Pi...
[2017-11-23 10:16:30] Writing RTC time to system...
[2017-11-23 11:00:15] Done :-)
[2017-11-23 11:00:19] Schedule next shutdown at: 2017-11-23 11:15:00
[2017-11-23 11:00:19] Schedule next startup at: 2017-11-23 12:00:00
[2017-11-23 11:00:21] Pending for incoming shutdown command...
[2017-11-23 11:00:25] Internet detected, apply NTP time to system and Witty Pi...
[2017-11-23 11:00:25] Writing system time to RTC...
[2017-11-23 11:00:26] Done :-)
[2017-11-23 11:16:20] Shutdown command is received...
[2017-11-23 11:16:20] Halting all processes and then shutdown Raspberry Pi...
[2017-11-23 11:16:27] Witty Pi daemon (v2.56) is started.
[2017-11-23 11:16:30] Synchronizing time between system and Witty Pi...
[2017-11-23 11:16:31] Writing RTC time to system...
[2017-11-23 12:00:15] Done :-)
[2017-11-23 12:00:19] Schedule next shutdown at: 2017-11-23 12:15:00
[2017-11-23 12:00:19] Schedule next startup at: 2017-11-23 13:00:00
[2017-11-23 12:00:21] Pending for incoming shutdown command...
[2017-11-23 12:00:25] Internet detected, apply NTP time to system and Witty Pi...
[2017-11-23 12:00:25] Writing system time to RTC...
[2017-11-23 12:00:26] Done :-)
[2017-11-23 12:16:21] Shutdown command is received...
[2017-11-23 12:16:21] Halting all processes and then shutdown Raspberry Pi...
[2017-11-23 12:16:28] Witty Pi daemon (v2.56) is started.
[2017-11-23 12:16:30] Synchronizing time between system and Witty Pi...
[2017-11-23 12:16:31] Writing RTC time to system...
[2017-11-23 13:00:15] Done :-)
[2017-11-23 13:00:19] Schedule next shutdown at: 2017-11-23 13:15:00
[2017-11-23 13:00:19] Schedule next startup at: 2017-11-23 14:00:00
[2017-11-23 13:00:21] Pending for incoming shutdown command...
[2017-11-23 13:00:25] Internet detected, apply NTP time to system and Witty Pi...
[2017-11-23 13:00:25] Writing system time to RTC...
[2017-11-23 13:00:26] Done :-)
[2017-11-23 13:16:21] Shutdown command is received...
[2017-11-23 13:16:21] Halting all processes and then shutdown Raspberry Pi...
[2017-11-23 13:16:28] Witty Pi daemon (v2.56) is started.
[2017-11-23 13:16:31] Synchronizing time between system and Witty Pi...
[2017-11-23 13:16:32] Writing RTC time to system...
[2017-11-23 14:00:15] Done :-)
[2017-11-23 14:00:19] Schedule next shutdown at: 2017-11-23 14:15:00
[2017-11-23 14:00:19] Schedule next startup at: 2017-11-23 15:00:00
[2017-11-23 14:00:21] Pending for incoming shutdown command...
[2017-11-23 14:00:25] Internet detected, apply NTP time to system and Witty Pi...
[2017-11-23 14:00:25] Writing system time to RTC...
[2017-11-23 14:00:26] Done :-)
[2017-11-23 14:16:22] Shutdown command is received...
[2017-11-23 14:16:22] Halting all processes and then shutdown Raspberry Pi...
[2017-11-23 14:16:29] Witty Pi daemon (v2.56) is started.
[2017-11-23 14:16:31] Synchronizing time between system and Witty Pi...
[2017-11-23 14:16:32] Writing RTC time to system...
[2017-11-23 15:00:15] Done :-)
[2017-11-23 15:00:19] Schedule next shutdown at: 2017-11-23 15:15:00
[2017-11-23 15:00:20] Schedule next startup at: 2017-11-23 16:00:00
[2017-11-23 15:00:21] Pending for incoming shutdown command...
[2017-11-23 15:00:25] Internet detected, apply NTP time to system and Witty Pi...
[2017-11-23 15:00:25] Writing system time to RTC...
[2017-11-23 15:00:26] Done :-)
[2017-11-23 15:16:22] Shutdown command is received...
[2017-11-23 15:16:22] Halting all processes and then shutdown Raspberry Pi...
[2017-11-23 15:16:29] Witty Pi daemon (v2.56) is started.
[2017-11-23 15:16:32] Synchronizing time between system and Witty Pi...
[2017-11-23 15:16:33] Writing RTC time to system...
[2017-11-23 16:00:15] Done :-)
[2017-11-23 16:00:19] Schedule next shutdown at: 2017-11-23 16:15:00
[2017-11-23 16:00:19] Schedule next startup at: 2017-11-23 17:00:00
[2017-11-23 16:00:21] Pending for incoming shutdown command...
[2017-11-23 16:00:25] Internet detected, apply NTP time to system and Witty Pi...
[2017-11-23 16:00:25] Writing system time to RTC...
[2017-11-23 16:00:26] Done :-)
[2017-11-23 16:16:23] Shutdown command is received...
[2017-11-23 16:16:23] Halting all processes and then shutdown Raspberry Pi...
[2017-11-23 16:16:29] Witty Pi daemon (v2.56) is started.
[2017-11-23 16:16:32] Synchronizing time between system and Witty Pi...
[2017-11-23 16:16:32] Writing RTC time to system...
[2017-11-23 17:00:14] Done :-)
[2017-11-23 17:00:18] Schedule next shutdown at: 2017-11-23 17:15:00
[2017-11-23 17:00:18] Schedule next startup at: 2017-11-23 18:00:00
[2017-11-23 17:00:20] Pending for incoming shutdown command...
[2017-11-23 17:00:24] Internet detected, apply NTP time to system and Witty Pi...
[2017-11-23 17:00:24] Writing system time to RTC...
[2017-11-23 17:00:25] Done :-)
[2017-11-23 17:16:23] Shutdown command is received...
[2017-11-23 17:16:23] Halting all processes and then shutdown Raspberry Pi...
[2017-11-23 17:16:30] Witty Pi daemon (v2.56) is started.
[2017-11-23 17:16:33] Synchronizing time between system and Witty Pi...
[2017-11-23 17:16:33] Writing RTC time to system...
[2017-11-23 18:00:14] Done :-)
[2017-11-23 18:00:18] Schedule next shutdown at: 2017-11-23 18:15:00
[2017-11-23 18:00:18] Schedule next startup at: 2017-11-23 19:00:00
[2017-11-23 18:00:20] Pending for incoming shutdown command...
[2017-11-23 18:00:24] Internet detected, apply NTP time to system and Witty Pi...
[2017-11-23 18:00:24] Writing system time to RTC...
[2017-11-23 18:00:25] Done :-)
[2017-11-23 18:16:24] Shutdown command is received...
[2017-11-23 18:16:24] Halting all processes and then shutdown Raspberry Pi...
[2017-11-23 18:16:31] Witty Pi daemon (v2.56) is started.
[2017-11-23 18:16:33] Synchronizing time between system and Witty Pi...
[2017-11-23 18:16:34] Writing RTC time to system...
[2017-11-23 19:00:15] Done :-)
[2017-11-23 19:00:19] Schedule next shutdown at: 2017-11-23 19:15:00
[2017-11-23 19:00:20] Schedule next startup at: 2017-11-24 07:00:00
[2017-11-23 19:00:21] Pending for incoming shutdown command...
[2017-11-23 19:00:25] Internet detected, apply NTP time to system and Witty Pi...
[2017-11-23 19:00:25] Writing system time to RTC...
[2017-11-23 19:00:26] Done :-)
[2017-11-23 19:16:24] Shutdown command is received...
[2017-11-23 19:16:24] Halting all processes and then shutdown Raspberry Pi...
[2017-11-23 19:16:31] Witty Pi daemon (v2.56) is started.
[2017-11-23 19:16:33] Synchronizing time between system and Witty Pi...
[2017-11-23 19:16:34] Writing RTC time to system...
[2017-11-24 07:00:14] Done :-)
[2017-11-24 07:00:18] Schedule next shutdown at: 2017-11-24 07:15:00
[2017-11-24 07:00:18] Schedule next startup at: 2017-11-24 08:00:00
[2017-11-24 07:00:20] Pending for incoming shutdown command...
[2017-11-24 07:00:24] Internet detected, apply NTP time to system and Witty Pi...
[2017-11-24 07:00:24] Writing system time to RTC...
[2017-11-24 07:00:25] Done :-)
[2017-11-24 07:16:25] Shutdown command is received...
[2017-11-24 07:16:25] Halting all processes and then shutdown Raspberry Pi...
[2017-11-24 07:16:31] Witty Pi daemon (v2.56) is started.
[2017-11-24 07:16:34] Synchronizing time between system and Witty Pi...
[2017-11-24 07:16:34] Writing RTC time to system...
[2017-11-24 08:00:14] Done :-)
[2017-11-24 08:00:17] Schedule next shutdown at: 2017-11-24 08:15:00
[2017-11-24 08:00:18] Schedule next startup at: 2017-11-24 09:00:00
[2017-11-24 08:00:20] Pending for incoming shutdown command...
[2017-11-24 08:00:24] Internet detected, apply NTP time to system and Witty Pi...
[2017-11-24 08:00:24] Writing system time to RTC...
[2017-11-24 08:00:25] Done :-)
[2017-11-24 08:16:25] Shutdown command is received...
[2017-11-24 08:16:25] Halting all processes and then shutdown Raspberry Pi...
[2017-11-24 08:16:32] Witty Pi daemon (v2.56) is started.
[2017-11-24 08:16:35] Synchronizing time between system and Witty Pi...
[2017-11-24 08:16:36] Writing RTC time to system...
[2017-11-24 09:00:15] Done :-)
[2017-11-24 09:00:19] Schedule next shutdown at: 2017-11-24 09:15:00
[2017-11-24 09:00:19] Schedule next startup at: 2017-11-24 10:00:00
[2017-11-24 09:00:21] Pending for incoming shutdown command...
[2017-11-24 09:00:25] Internet detected, apply NTP time to system and Witty Pi...
[2017-11-24 09:00:25] Writing system time to RTC...
[2017-11-24 09:00:26] Done :-)
[2017-11-24 09:16:26] Shutdown command is received...
[2017-11-24 09:16:26] Halting all processes and then shutdown Raspberry Pi...
[2017-11-24 09:16:32] Witty Pi daemon (v2.56) is started.
[2017-11-24 09:16:35] Synchronizing time between system and Witty Pi...
[2017-11-24 09:16:35] Writing RTC time to system...
[2017-11-24 10:00:14] Done :-)
[2017-11-24 10:00:17] Schedule next shutdown at: 2017-11-24 10:15:00
[2017-11-24 10:00:18] Schedule next startup at: 2017-11-24 11:00:00
[2017-11-24 10:00:20] Pending for incoming shutdown command...
[2017-11-24 10:00:24] Internet detected, apply NTP time to system and Witty Pi...
[2017-11-24 10:00:24] Writing system time to RTC...
[2017-11-24 10:00:25] Done :-)
[2017-11-24 10:16:26] Shutdown command is received...
[2017-11-24 10:16:26] Halting all processes and then shutdown Raspberry Pi...
[2017-11-24 10:16:33] Witty Pi daemon (v2.56) is started.
[2017-11-24 10:16:35] Synchronizing time between system and Witty Pi...
[2017-11-24 10:16:36] Writing RTC time to system...
[2017-11-24 11:00:14] Done :-)
[2017-11-24 11:00:17] Schedule next shutdown at: 2017-11-24 11:15:00
[2017-11-24 11:00:18] Schedule next startup at: 2017-11-24 12:00:00
[2017-11-24 11:00:20] Pending for incoming shutdown command...
[2017-11-24 11:00:24] Internet detected, apply NTP time to system and Witty Pi...
[2017-11-24 11:00:24] Writing system time to RTC...
[2017-11-24 11:00:25] Done :-)
[2017-11-24 11:16:27] Shutdown command is received...
[2017-11-24 11:16:27] Halting all processes and then shutdown Raspberry Pi...
[2017-11-24 11:16:33] Witty Pi daemon (v2.56) is started.
[2017-11-24 11:16:36] Synchronizing time between system and Witty Pi...
[2017-11-24 11:16:36] Writing RTC time to system...
[2017-11-24 12:00:14] Done :-)
[2017-11-24 12:00:18] Schedule next shutdown at: 2017-11-24 12:15:00
[2017-11-24 12:00:18] Schedule next startup at: 2017-11-24 13:00:00
[2017-11-24 12:00:20] Pending for incoming shutdown command...
[2017-11-24 12:00:24] Internet detected, apply NTP time to system and Witty Pi...
[2017-11-24 12:00:24] Writing system time to RTC...
[2017-11-24 12:00:25] Done :-)
[2017-11-24 12:16:27] Shutdown command is received...
[2017-11-24 12:16:27] Halting all processes and then shutdown Raspberry Pi...
[2017-11-24 12:16:34] Witty Pi daemon (v2.56) is started.
[2017-11-24 12:16:36] Synchronizing time between system and Witty Pi...
[2017-11-24 12:16:37] Writing RTC time to system...
[2017-11-24 13:00:14] Done :-)
[2017-11-24 13:00:17] Schedule next shutdown at: 2017-11-24 13:15:00
[2017-11-24 13:00:18] Schedule next startup at: 2017-11-24 14:00:00
[2017-11-24 13:00:20] Pending for incoming shutdown command...
[2017-11-24 13:00:24] Internet detected, apply NTP time to system and Witty Pi...
[2017-11-24 13:00:24] Writing system time to RTC...
[2017-11-24 13:00:25] Done :-)
[2017-11-24 13:16:28] Shutdown command is received...
[2017-11-24 13:16:28] Halting all processes and then shutdown Raspberry Pi...
[2017-11-24 13:16:35] Witty Pi daemon (v2.56) is started.
[2017-11-24 13:16:37] Synchronizing time between system and Witty Pi...
[2017-11-24 13:16:38] Writing RTC time to system...
[2017-11-24 14:00:15] Done :-)
[2017-11-24 14:00:19] Schedule next shutdown at: 2017-11-24 14:15:00
[2017-11-24 14:00:19] Schedule next startup at: 2017-11-24 15:00:00
[2017-11-24 14:00:21] Pending for incoming shutdown command...
[2017-11-24 14:00:25] Internet detected, apply NTP time to system and Witty Pi...
[2017-11-24 14:00:25] Writing system time to RTC...
[2017-11-24 14:00:26] Done :-)
[2017-11-24 14:16:28] Shutdown command is received...
[2017-11-24 14:16:28] Halting all processes and then shutdown Raspberry Pi...
[2017-11-24 14:16:35] Witty Pi daemon (v2.56) is started.
[2017-11-24 14:16:38] Synchronizing time between system and Witty Pi...
[2017-11-24 14:16:39] Writing RTC time to system...
[2017-11-24 15:00:15] Done :-)
[2017-11-24 15:00:19] Schedule next shutdown at: 2017-11-24 15:15:00
[2017-11-24 15:00:19] Schedule next startup at: 2017-11-24 16:00:00
[2017-11-24 15:00:21] Pending for incoming shutdown command...
[2017-11-24 15:00:25] Internet detected, apply NTP time to system and Witty Pi...
[2017-11-24 15:00:25] Writing system time to RTC...
[2017-11-24 15:00:26] Done :-)
[2017-11-24 15:16:29] Shutdown command is received...
[2017-11-24 15:16:29] Halting all processes and then shutdown Raspberry Pi...
[2017-11-24 15:16:35] Witty Pi daemon (v2.56) is started.
[2017-11-24 15:16:38] Synchronizing time between system and Witty Pi...
[2017-11-24 15:16:39] Writing RTC time to system...
[2017-11-24 16:00:14] Done :-)
[2017-11-24 16:00:17] Schedule next shutdown at: 2017-11-24 16:15:00
[2017-11-24 16:00:18] Schedule next startup at: 2017-11-24 17:00:00
[2017-11-24 16:00:20] Pending for incoming shutdown command...
[2017-11-24 16:00:24] Internet detected, apply NTP time to system and Witty Pi...
[2017-11-24 16:00:24] Writing system time to RTC...
[2017-11-24 16:00:25] Done :-)
[2017-11-24 16:16:29] Shutdown command is received...
[2017-11-24 16:16:29] Halting all processes and then shutdown Raspberry Pi...
[2017-11-24 16:16:36] Witty Pi daemon (v2.56) is started.
[2017-11-24 16:16:38] Synchronizing time between system and Witty Pi...
[2017-11-24 16:16:39] Writing RTC time to system...
[2017-11-24 17:00:14] Done :-)
[2017-11-24 17:00:18] Schedule next shutdown at: 2017-11-24 17:15:00
[2017-11-24 17:00:18] Schedule next startup at: 2017-11-24 18:00:00
[2017-11-24 17:00:20] Pending for incoming shutdown command...
[2017-11-24 17:00:24] Internet detected, apply NTP time to system and Witty Pi...
[2017-11-24 17:00:24] Writing system time to RTC...
[2017-11-24 17:00:25] Done :-)
[2017-11-24 17:16:30] Shutdown command is received...
[2017-11-24 17:16:30] Halting all processes and then shutdown Raspberry Pi...
[2017-11-24 17:16:37] Witty Pi daemon (v2.56) is started.
[2017-11-24 17:16:39] Synchronizing time between system and Witty Pi...
[2017-11-24 17:16:40] Writing RTC time to system...
[2017-11-24 18:00:15] Done :-)
[2017-11-24 18:00:19] Schedule next shutdown at: 2017-11-24 18:15:00
[2017-11-24 18:00:19] Schedule next startup at: 2017-11-24 19:00:00
[2017-11-24 18:00:21] Pending for incoming shutdown command...
[2017-11-24 18:00:25] Internet detected, apply NTP time to system and Witty Pi...
[2017-11-24 18:00:25] Writing system time to RTC...
[2017-11-24 18:00:26] Done :-)
[2017-11-24 18:16:30] Shutdown command is received...
[2017-11-24 18:16:30] Halting all processes and then shutdown Raspberry Pi...
[2017-11-24 18:16:37] Witty Pi daemon (v2.56) is started.
[2017-11-24 18:16:40] Synchronizing time between system and Witty Pi...
[2017-11-24 18:16:41] Writing RTC time to system...
[2017-11-24 19:00:15] Done :-)
[2017-11-24 19:00:19] Schedule next shutdown at: 2017-11-24 19:15:00
[2017-11-24 19:00:20] Schedule next startup at: 2017-11-25 07:00:00
[2017-11-24 19:00:21] Pending for incoming shutdown command...
[2017-11-24 19:00:25] Internet detected, apply NTP time to system and Witty Pi...
[2017-11-24 19:00:25] Writing system time to RTC...
[2017-11-24 19:00:26] Done :-)
[2017-11-24 19:16:31] Shutdown command is received...
[2017-11-24 19:16:31] Halting all processes and then shutdown Raspberry Pi...
[2017-11-24 19:16:38] Witty Pi daemon (v2.56) is started.
[2017-11-24 19:16:40] Synchronizing time between system and Witty Pi...
[2017-11-24 19:16:41] Writing RTC time to system...
[2017-11-25 07:00:15] Done :-)
[2017-11-25 07:00:19] Schedule next shutdown at: 2017-11-25 07:15:00
[2017-11-25 07:00:19] Schedule next startup at: 2017-11-25 08:00:00
[2017-11-25 07:00:21] Pending for incoming shutdown command...
[2017-11-25 07:00:25] Internet detected, apply NTP time to system and Witty Pi...
[2017-11-25 07:00:25] Writing system time to RTC...
[2017-11-25 07:00:26] Done :-)
[2017-11-25 07:16:31] Shutdown command is received...
[2017-11-25 07:16:31] Halting all processes and then shutdown Raspberry Pi...
[2017-11-25 07:16:38] Witty Pi daemon (v2.56) is started.
[2017-11-25 07:16:40] Synchronizing time between system and Witty Pi...
[2017-11-25 07:16:41] Writing RTC time to system...
[2017-11-25 08:00:14] Done :-)
[2017-11-25 08:00:17] Schedule next shutdown at: 2017-11-25 08:15:00
[2017-11-25 08:00:18] Schedule next startup at: 2017-11-25 09:00:00
[2017-11-25 08:00:20] Pending for incoming shutdown command...
[2017-11-25 08:00:24] Internet detected, apply NTP time to system and Witty Pi...
[2017-11-25 08:00:24] Writing system time to RTC...
[2017-11-25 08:00:25] Done :-)
[2017-11-25 08:16:32] Shutdown command is received...
[2017-11-25 08:16:32] Halting all processes and then shutdown Raspberry Pi...
[2017-11-25 08:16:39] Witty Pi daemon (v2.56) is started.
[2017-11-25 08:16:41] Synchronizing time between system and Witty Pi...
[2017-11-25 08:16:42] Writing RTC time to system...
[2017-11-25 09:00:15] Done :-)
[2017-11-25 09:00:19] Schedule next shutdown at: 2017-11-25 09:15:00
[2017-11-25 09:00:19] Schedule next startup at: 2017-11-25 10:00:00
[2017-11-25 09:00:21] Pending for incoming shutdown command...
[2017-11-25 09:00:25] Internet detected, apply NTP time to system and Witty Pi...
[2017-11-25 09:00:25] Writing system time to RTC...
[2017-11-25 09:00:26] Done :-)
[2017-11-25 09:16:32] Shutdown command is received...
[2017-11-25 09:16:32] Halting all processes and then shutdown Raspberry Pi...
[2017-11-25 09:16:39] Witty Pi daemon (v2.56) is started.
[2017-11-25 09:16:41] Synchronizing time between system and Witty Pi...
[2017-11-25 09:16:42] Writing RTC time to system...
[2017-11-25 10:00:14] Done :-)
[2017-11-25 10:00:17] Schedule next shutdown at: 2017-11-25 10:15:00
[2017-11-25 10:00:18] Schedule next startup at: 2017-11-25 11:00:00
[2017-11-25 10:00:20] Pending for incoming shutdown command...
[2017-11-25 10:00:24] Internet detected, apply NTP time to system and Witty Pi...
[2017-11-25 10:00:24] Writing system time to RTC...
[2017-11-25 10:00:25] Done :-)
[2017-11-25 10:16:33] Shutdown command is received...
[2017-11-25 10:16:33] Halting all processes and then shutdown Raspberry Pi...
[2017-11-25 10:16:39] Witty Pi daemon (v2.56) is started.
[2017-11-25 10:16:42] Synchronizing time between system and Witty Pi...
[2017-11-25 10:16:42] Writing RTC time to system...
[2017-11-25 11:00:14] Done :-)
[2017-11-25 11:00:17] Schedule next shutdown at: 2017-11-25 11:15:00
[2017-11-25 11:00:18] Schedule next startup at: 2017-11-25 12:00:00
[2017-11-25 11:00:20] Pending for incoming shutdown command...
[2017-11-25 11:00:24] Internet detected, apply NTP time to system and Witty Pi...
[2017-11-25 11:00:24] Writing system time to RTC...
[2017-11-25 11:00:25] Done :-)
[2017-11-25 11:16:33] Shutdown command is received...
[2017-11-25 11:16:33] Halting all processes and then shutdown Raspberry Pi...
[2017-11-25 11:16:40] Witty Pi daemon (v2.56) is started.
[2017-11-25 11:16:42] Synchronizing time between system and Witty Pi...
[2017-11-25 11:16:43] Writing RTC time to system...
[2017-11-25 12:00:14] Done :-)
[2017-11-25 12:00:17] Schedule next shutdown at: 2017-11-25 12:15:00
[2017-11-25 12:00:18] Schedule next startup at: 2017-11-25 13:00:00
[2017-11-25 12:00:20] Pending for incoming shutdown command...
[2017-11-25 12:00:24] Internet detected, apply NTP time to system and Witty Pi...
[2017-11-25 12:00:24] Writing system time to RTC...
[2017-11-25 12:00:25] Done :-)
[2017-11-25 12:16:34] Shutdown command is received...
[2017-11-25 12:16:34] Halting all processes and then shutdown Raspberry Pi...
[2017-11-25 12:16:40] Witty Pi daemon (v2.56) is started.
[2017-11-25 12:16:43] Synchronizing time between system and Witty Pi...
[2017-11-25 12:16:43] Writing RTC time to system...
[2017-11-25 13:00:14] Done :-)
[2017-11-25 13:00:18] Schedule next shutdown at: 2017-11-25 13:15:00
[2017-11-25 13:00:18] Schedule next startup at: 2017-11-25 14:00:00
[2017-11-25 13:00:20] Pending for incoming shutdown command...
[2017-11-25 13:00:24] Internet detected, apply NTP time to system and Witty Pi...
[2017-11-25 13:00:24] Writing system time to RTC...
[2017-11-25 13:00:25] Done :-)
[2017-11-25 13:16:34] Shutdown command is received...
[2017-11-25 13:16:34] Halting all processes and then shutdown Raspberry Pi...
[2017-11-25 13:16:41] Witty Pi daemon (v2.56) is started.
[2017-11-25 13:16:43] Synchronizing time between system and Witty Pi...
[2017-11-25 13:16:44] Writing RTC time to system...
[2017-11-25 14:00:14] Done :-)
[2017-11-25 14:00:17] Schedule next shutdown at: 2017-11-25 14:15:00
[2017-11-25 14:00:18] Schedule next startup at: 2017-11-25 15:00:00
[2017-11-25 14:00:20] Pending for incoming shutdown command...
[2017-11-25 14:00:24] Internet detected, apply NTP time to system and Witty Pi...
[2017-11-25 14:00:24] Writing system time to RTC...
[2017-11-25 14:00:25] Done :-)
[2017-11-25 14:16:35] Shutdown command is received...
[2017-11-25 14:16:35] Halting all processes and then shutdown Raspberry Pi...
[2017-11-25 14:16:41] Witty Pi daemon (v2.56) is started.
[2017-11-25 14:16:43] Synchronizing time between system and Witty Pi...
[2017-11-25 14:16:44] Writing RTC time to system...
[2017-11-25 15:00:14] Done :-)
[2017-11-25 15:00:18] Schedule next shutdown at: 2017-11-25 15:15:00
[2017-11-25 15:00:18] Schedule next startup at: 2017-11-25 16:00:00
[2017-11-25 15:00:20] Pending for incoming shutdown command...
[2017-11-25 15:00:24] Internet detected, apply NTP time to system and Witty Pi...
[2017-11-25 15:00:24] Writing system time to RTC...
[2017-11-25 15:00:25] Done :-)
[2017-11-25 15:16:35] Shutdown command is received...
[2017-11-25 15:16:35] Halting all processes and then shutdown Raspberry Pi...
[2017-11-25 15:16:42] Witty Pi daemon (v2.56) is started.
[2017-11-25 15:16:44] Synchronizing time between system and Witty Pi...
[2017-11-25 15:16:45] Writing RTC time to system...
[2017-11-25 16:00:14] Done :-)
[2017-11-25 16:00:18] Schedule next shutdown at: 2017-11-25 16:15:00
[2017-11-25 16:00:18] Schedule next startup at: 2017-11-25 17:00:00
[2017-11-25 16:00:20] Pending for incoming shutdown command...
[2017-11-25 16:00:24] Internet detected, apply NTP time to system and Witty Pi...
[2017-11-25 16:00:24] Writing system time to RTC...
[2017-11-25 16:00:25] Done :-)
[2017-11-25 16:16:36] Shutdown command is received...
[2017-11-25 16:16:36] Halting all processes and then shutdown Raspberry Pi...
[2017-11-25 16:16:42] Witty Pi daemon (v2.56) is started.
[2017-11-25 16:16:44] Synchronizing time between system and Witty Pi...
[2017-11-25 16:16:45] Writing RTC time to system...
[2017-11-25 17:00:14] Done :-)
[2017-11-25 17:00:17] Schedule next shutdown at: 2017-11-25 17:15:00
[2017-11-25 17:00:18] Schedule next startup at: 2017-11-25 18:00:00
[2017-11-25 17:00:20] Pending for incoming shutdown command...
[2017-11-25 17:00:24] Internet detected, apply NTP time to system and Witty Pi...
[2017-11-25 17:00:24] Writing system time to RTC...
[2017-11-25 17:00:25] Done :-)
[2017-11-25 17:16:36] Shutdown command is received...
[2017-11-25 17:16:36] Halting all processes and then shutdown Raspberry Pi...
[2017-11-25 17:16:43] Witty Pi daemon (v2.56) is started.
[2017-11-25 17:16:46] Synchronizing time between system and Witty Pi...
[2017-11-25 17:16:47] Writing RTC time to system...
[2017-11-25 18:00:15] Done :-)
[2017-11-25 18:00:19] Schedule next shutdown at: 2017-11-25 18:15:00
[2017-11-25 18:00:20] Schedule next startup at: 2017-11-25 19:00:00
[2017-11-25 18:00:21] Pending for incoming shutdown command...
[2017-11-25 18:00:25] Internet detected, apply NTP time to system and Witty Pi...
[2017-11-25 18:00:25] Writing system time to RTC...
[2017-11-25 18:00:26] Done :-)
[2017-11-25 18:16:37] Shutdown command is received...
[2017-11-25 18:16:37] Halting all processes and then shutdown Raspberry Pi...
[2017-11-25 18:16:44] Witty Pi daemon (v2.56) is started.
[2017-11-25 18:16:46] Synchronizing time between system and Witty Pi...
[2017-11-25 18:16:47] Writing RTC time to system...
[2017-11-25 19:00:15] Done :-)
[2017-11-25 19:00:19] Schedule next shutdown at: 2017-11-25 19:15:00
[2017-11-25 19:00:20] Schedule next startup at: 2017-11-26 07:00:00
[2017-11-25 19:00:21] Pending for incoming shutdown command...
[2017-11-25 19:00:25] Internet detected, apply NTP time to system and Witty Pi...
[2017-11-25 19:00:25] Writing system time to RTC...
[2017-11-25 19:00:26] Done :-)
[2017-11-25 19:16:37] Shutdown command is received...
[2017-11-25 19:16:37] Halting all processes and then shutdown Raspberry Pi...
[2017-11-25 19:16:44] Witty Pi daemon (v2.56) is started.
[2017-11-25 19:16:46] Synchronizing time between system and Witty Pi...
[2017-11-25 19:16:47] Writing RTC time to system...
[2017-11-26 07:00:14] Done :-)
[2017-11-26 07:00:18] Schedule next shutdown at: 2017-11-26 07:15:00
[2017-11-26 07:00:18] Schedule next startup at: 2017-11-26 08:00:00
[2017-11-26 07:00:20] Pending for incoming shutdown command...
[2017-11-26 07:00:24] Internet detected, apply NTP time to system and Witty Pi...
[2017-11-26 07:00:24] Writing system time to RTC...
[2017-11-26 07:00:25] Done :-)
[2017-11-26 07:16:38] Shutdown command is received...
[2017-11-26 07:16:38] Halting all processes and then shutdown Raspberry Pi...
[2017-11-26 07:16:44] Witty Pi daemon (v2.56) is started.
[2017-11-26 07:16:47] Synchronizing time between system and Witty Pi...
[2017-11-26 07:16:47] Writing RTC time to system...
[2017-11-26 08:00:14] Done :-)
[2017-11-26 08:00:18] Schedule next shutdown at: 2017-11-26 08:15:00
[2017-11-26 08:00:18] Schedule next startup at: 2017-11-26 09:00:00
[2017-11-26 08:00:20] Pending for incoming shutdown command...
[2017-11-26 08:00:24] Internet detected, apply NTP time to system and Witty Pi...
[2017-11-26 08:00:24] Writing system time to RTC...
[2017-11-26 08:00:25] Done :-)
[2017-11-26 08:16:38] Shutdown command is received...
[2017-11-26 08:16:38] Halting all processes and then shutdown Raspberry Pi...
[2017-11-26 08:16:45] Witty Pi daemon (v2.56) is started.
[2017-11-26 08:16:47] Synchronizing time between system and Witty Pi...
[2017-11-26 08:16:48] Writing RTC time to system...
[2017-11-26 09:00:14] Done :-)
[2017-11-26 09:00:18] Schedule next shutdown at: 2017-11-26 09:15:00
[2017-11-26 09:00:18] Schedule next startup at: 2017-11-26 10:00:00
[2017-11-26 09:00:20] Pending for incoming shutdown command...
[2017-11-26 09:00:24] Internet detected, apply NTP time to system and Witty Pi...
[2017-11-26 09:00:24] Writing system time to RTC...
[2017-11-26 09:00:25] Done :-)
[2017-11-26 09:16:39] Shutdown command is received...
[2017-11-26 09:16:39] Halting all processes and then shutdown Raspberry Pi...
[2017-11-26 09:16:45] Witty Pi daemon (v2.56) is started.
[2017-11-26 09:16:48] Synchronizing time between system and Witty Pi...
[2017-11-26 09:16:48] Writing RTC time to system...
[2017-11-26 10:00:14] Done :-)
[2017-11-26 10:00:18] Schedule next shutdown at: 2017-11-26 10:15:00
[2017-11-26 10:00:18] Schedule next startup at: 2017-11-26 11:00:00
[2017-11-26 10:00:20] Pending for incoming shutdown command...
[2017-11-26 10:00:24] Internet detected, apply NTP time to system and Witty Pi...
[2017-11-26 10:00:24] Writing system time to RTC...
[2017-11-26 10:00:25] Done :-)
[2017-11-26 10:16:39] Shutdown command is received...
[2017-11-26 10:16:39] Halting all processes and then shutdown Raspberry Pi...
[2017-11-26 10:16:46] Witty Pi daemon (v2.56) is started.
[2017-11-26 10:16:49] Synchronizing time between system and Witty Pi...
[2017-11-26 10:16:50] Writing RTC time to system...
[2017-11-26 11:00:15] Done :-)
[2017-11-26 11:00:19] Schedule next shutdown at: 2017-11-26 11:15:00
[2017-11-26 11:00:19] Schedule next startup at: 2017-11-26 12:00:00
[2017-11-26 11:00:21] Pending for incoming shutdown command...
[2017-11-26 11:00:25] Internet detected, apply NTP time to system and Witty Pi...
[2017-11-26 11:00:25] Writing system time to RTC...
[2017-11-26 11:00:26] Done :-)
[2017-11-26 11:16:40] Shutdown command is received...
[2017-11-26 11:16:40] Halting all processes and then shutdown Raspberry Pi...
[2017-11-26 11:16:46] Witty Pi daemon (v2.56) is started.
[2017-11-26 11:16:49] Synchronizing time between system and Witty Pi...
[2017-11-26 11:16:49] Writing RTC time to system...
[2017-11-26 12:00:14] Done :-)
[2017-11-26 12:00:17] Schedule next shutdown at: 2017-11-26 12:15:00
[2017-11-26 12:00:18] Schedule next startup at: 2017-11-26 13:00:00
[2017-11-26 12:00:20] Pending for incoming shutdown command...
[2017-11-26 12:00:24] Internet detected, apply NTP time to system and Witty Pi...
[2017-11-26 12:00:24] Writing system time to RTC...
[2017-11-26 12:00:25] Done :-)
[2017-11-26 12:16:40] Shutdown command is received...
[2017-11-26 12:16:40] Halting all processes and then shutdown Raspberry Pi...
[2017-11-26 12:16:47] Witty Pi daemon (v2.56) is started.
[2017-11-26 12:16:49] Synchronizing time between system and Witty Pi...
[2017-11-26 12:16:50] Writing RTC time to system...
[2017-11-26 13:00:14] Done :-)
[2017-11-26 13:00:17] Schedule next shutdown at: 2017-11-26 13:15:00
[2017-11-26 13:00:18] Schedule next startup at: 2017-11-26 14:00:00
[2017-11-26 13:00:20] Pending for incoming shutdown command...
[2017-11-26 13:00:24] Internet detected, apply NTP time to system and Witty Pi...
[2017-11-26 13:00:24] Writing system time to RTC...
[2017-11-26 13:00:25] Done :-)
[2017-11-26 13:16:41] Shutdown command is received...
[2017-11-26 13:16:41] Halting all processes and then shutdown Raspberry Pi...
[2017-11-26 13:16:47] Witty Pi daemon (v2.56) is started.
[2017-11-26 13:16:50] Synchronizing time between system and Witty Pi...
[2017-11-26 13:16:50] Writing RTC time to system...
[2017-11-26 14:00:14] Done :-)
[2017-11-26 14:00:18] Schedule next shutdown at: 2017-11-26 14:15:00
[2017-11-26 14:00:18] Schedule next startup at: 2017-11-26 15:00:00
[2017-11-26 14:00:20] Pending for incoming shutdown command...
[2017-11-26 14:00:24] Internet detected, apply NTP time to system and Witty Pi...
[2017-11-26 14:00:24] Writing system time to RTC...
[2017-11-26 14:00:25] Done :-)
[2017-11-26 14:16:41] Shutdown command is received...
[2017-11-26 14:16:41] Halting all processes and then shutdown Raspberry Pi...
[2017-11-26 14:16:48] Witty Pi daemon (v2.56) is started.
[2017-11-26 14:16:50] Synchronizing time between system and Witty Pi...
[2017-11-26 14:16:51] Writing RTC time to system...
[2017-11-26 15:00:14] Done :-)
[2017-11-26 15:00:18] Schedule next shutdown at: 2017-11-26 15:15:00
[2017-11-26 15:00:18] Schedule next startup at: 2017-11-26 16:00:00
[2017-11-26 15:00:20] Pending for incoming shutdown command...
[2017-11-26 15:00:24] Internet detected, apply NTP time to system and Witty Pi...
[2017-11-26 15:00:24] Writing system time to RTC...
[2017-11-26 15:00:25] Done :-)
[2017-11-26 15:16:42] Shutdown command is received...
[2017-11-26 15:16:42] Halting all processes and then shutdown Raspberry Pi...
[2017-11-26 15:16:48] Witty Pi daemon (v2.56) is started.
[2017-11-26 15:16:51] Synchronizing time between system and Witty Pi...
[2017-11-26 15:16:51] Writing RTC time to system...
[2017-11-26 16:00:14] Done :-)
[2017-11-26 16:00:18] Schedule next shutdown at: 2017-11-26 16:15:00
[2017-11-26 16:00:18] Schedule next startup at: 2017-11-26 17:00:00
[2017-11-26 16:00:20] Pending for incoming shutdown command...
[2017-11-26 16:00:24] Internet detected, apply NTP time to system and Witty Pi...
[2017-11-26 16:00:24] Writing system time to RTC...
[2017-11-26 16:00:25] Done :-)
[2017-11-26 16:16:42] Shutdown command is received...
[2017-11-26 16:16:42] Halting all processes and then shutdown Raspberry Pi...
[2017-11-26 16:16:49] Witty Pi daemon (v2.56) is started.
[2017-11-26 16:16:51] Synchronizing time between system and Witty Pi...
[2017-11-26 16:16:52] Writing RTC time to system...
[2017-11-26 17:00:14] Done :-)
[2017-11-26 17:00:18] Schedule next shutdown at: 2017-11-26 17:15:00
[2017-11-26 17:00:18] Schedule next startup at: 2017-11-26 18:00:00
[2017-11-26 17:00:20] Pending for incoming shutdown command...
[2017-11-26 17:00:24] Internet detected, apply NTP time to system and Witty Pi...
[2017-11-26 17:00:24] Writing system time to RTC...
[2017-11-26 17:00:25] Done :-)
[2017-11-26 17:16:43] Shutdown command is received...
[2017-11-26 17:16:43] Halting all processes and then shutdown Raspberry Pi...
[2017-11-26 17:16:50] Witty Pi daemon (v2.56) is started.
[2017-11-26 17:16:52] Synchronizing time between system and Witty Pi...
[2017-11-26 17:16:53] Writing RTC time to system...
[2017-11-26 18:00:15] Done :-)
[2017-11-26 18:00:19] Schedule next shutdown at: 2017-11-26 18:15:00
[2017-11-26 18:00:20] Schedule next startup at: 2017-11-26 19:00:00
[2017-11-26 18:00:21] Pending for incoming shutdown command...
[2017-11-26 18:00:25] Internet detected, apply NTP time to system and Witty Pi...
[2017-11-26 18:00:25] Writing system time to RTC...
[2017-11-26 18:00:26] Done :-)
[2017-11-26 18:16:43] Shutdown command is received...
[2017-11-26 18:16:43] Halting all processes and then shutdown Raspberry Pi...
[2017-11-26 18:16:50] Witty Pi daemon (v2.56) is started.
[2017-11-26 18:16:53] Synchronizing time between system and Witty Pi...
[2017-11-26 18:16:54] Writing RTC time to system...
[2017-11-26 19:00:15] Done :-)
[2017-11-26 19:00:19] Schedule next shutdown at: 2017-11-26 19:15:00
[2017-11-26 19:00:20] Schedule next startup at: 2017-11-27 07:00:00
[2017-11-26 19:00:21] Pending for incoming shutdown command...
[2017-11-26 19:00:25] Internet detected, apply NTP time to system and Witty Pi...
[2017-11-26 19:00:25] Writing system time to RTC...
[2017-11-26 19:00:26] Done :-)
[2017-11-26 19:16:44] Shutdown command is received...
[2017-11-26 19:16:44] Halting all processes and then shutdown Raspberry Pi...
[2017-11-26 19:16:51] Witty Pi daemon (v2.56) is started.
[2017-11-26 19:16:53] Synchronizing time between system and Witty Pi...
[2017-11-26 19:16:54] Writing RTC time to system...
[2017-11-27 07:00:15] Done :-)
[2017-11-27 07:00:19] Schedule next shutdown at: 2017-11-27 07:15:00
[2017-11-27 07:00:19] Schedule next startup at: 2017-11-27 08:00:00
[2017-11-27 07:00:21] Pending for incoming shutdown command...
[2017-11-27 07:00:25] Internet detected, apply NTP time to system and Witty Pi...
[2017-11-27 07:00:25] Writing system time to RTC...
[2017-11-27 07:00:26] Done :-)
[2017-11-27 07:16:44] Shutdown command is received...
[2017-11-27 07:16:44] Halting all processes and then shutdown Raspberry Pi...
[2017-11-27 07:16:51] Witty Pi daemon (v2.56) is started.
[2017-11-27 07:16:53] Synchronizing time between system and Witty Pi...
[2017-11-27 07:16:54] Writing RTC time to system...
[2017-11-27 08:00:14] Done :-)
[2017-11-27 08:00:17] Schedule next shutdown at: 2017-11-27 08:15:00
[2017-11-27 08:00:18] Schedule next startup at: 2017-11-27 09:00:00
[2017-11-27 08:00:20] Pending for incoming shutdown command...
[2017-11-27 08:00:24] Internet detected, apply NTP time to system and Witty Pi...
[2017-11-27 08:00:24] Writing system time to RTC...
[2017-11-27 08:00:25] Done :-)
[2017-11-27 08:16:45] Shutdown command is received...
[2017-11-27 08:16:45] Halting all processes and then shutdown Raspberry Pi...
[2017-11-27 08:16:52] Witty Pi daemon (v2.56) is started.
[2017-11-27 08:16:54] Synchronizing time between system and Witty Pi...
[2017-11-27 08:16:55] Writing RTC time to system...
[2017-11-27 09:00:15] Done :-)
[2017-11-27 09:00:19] Schedule next shutdown at: 2017-11-27 09:15:00
[2017-11-27 09:00:19] Schedule next startup at: 2017-11-27 10:00:00
[2017-11-27 09:00:21] Pending for incoming shutdown command...
[2017-11-27 09:00:25] Internet detected, apply NTP time to system and Witty Pi...
[2017-11-27 09:00:25] Writing system time to RTC...
[2017-11-27 09:00:26] Done :-)
[2017-11-27 09:16:45] Shutdown command is received...
[2017-11-27 09:16:45] Halting all processes and then shutdown Raspberry Pi...
[2017-11-27 09:16:52] Witty Pi daemon (v2.56) is started.
[2017-11-27 09:16:55] Synchronizing time between system and Witty Pi...
[2017-11-27 09:16:56] Writing RTC time to system...
[2017-11-27 10:00:15] Done :-)
[2017-11-27 10:00:19] Schedule next shutdown at: 2017-11-27 10:15:00
[2017-11-27 10:00:19] Schedule next startup at: 2017-11-27 11:00:00
[2017-11-27 10:00:21] Pending for incoming shutdown command...
[2017-11-27 10:00:25] Internet detected, apply NTP time to system and Witty Pi...
[2017-11-27 10:00:25] Writing system time to RTC...
[2017-11-27 10:00:26] Done :-)
[2017-11-27 10:16:46] Shutdown command is received...
[2017-11-27 10:16:46] Halting all processes and then shutdown Raspberry Pi...
[2017-11-27 10:16:53] Witty Pi daemon (v2.56) is started.
[2017-11-27 10:16:55] Synchronizing time between system and Witty Pi...
[2017-11-27 10:16:56] Writing RTC time to system...
[2017-11-27 11:00:15] Done :-)
[2017-11-27 11:00:19] Schedule next shutdown at: 2017-11-27 11:15:00
[2017-11-27 11:00:20] Schedule next startup at: 2017-11-27 12:00:00
[2017-11-27 11:00:21] Pending for incoming shutdown command...
[2017-11-27 11:00:25] Internet detected, apply NTP time to system and Witty Pi...
[2017-11-27 11:00:25] Writing system time to RTC...
[2017-11-27 11:00:26] Done :-)
[2017-11-27 11:16:46] Shutdown command is received...
[2017-11-27 11:16:46] Halting all processes and then shutdown Raspberry Pi...
[2017-11-27 11:16:53] Witty Pi daemon (v2.56) is started.
[2017-11-27 11:16:55] Synchronizing time between system and Witty Pi...
[2017-11-27 11:16:56] Writing RTC time to system...
[2017-11-27 12:00:14] Done :-)
[2017-11-27 12:00:18] Schedule next shutdown at: 2017-11-27 12:15:00
[2017-11-27 12:00:18] Schedule next startup at: 2017-11-27 13:00:00
[2017-11-27 12:00:20] Pending for incoming shutdown command...
[2017-11-27 12:00:24] Internet detected, apply NTP time to system and Witty Pi...
[2017-11-27 12:00:24] Writing system time to RTC...
[2017-11-27 12:00:25] Done :-)
[2017-11-27 12:16:47] Shutdown command is received...
[2017-11-27 12:16:47] Halting all processes and then shutdown Raspberry Pi...
[2017-11-27 12:16:53] Witty Pi daemon (v2.56) is started.
[2017-11-27 12:16:55] Synchronizing time between system and Witty Pi...
[2017-11-27 12:16:56] Writing RTC time to system...
[2017-11-27 13:00:14] Done :-)
[2017-11-27 13:00:17] Schedule next shutdown at: 2017-11-27 13:15:00
[2017-11-27 13:00:18] Schedule next startup at: 2017-11-27 14:00:00
[2017-11-27 13:00:20] Pending for incoming shutdown command...
[2017-11-27 13:00:24] Internet detected, apply NTP time to system and Witty Pi...
[2017-11-27 13:00:24] Writing system time to RTC...
[2017-11-27 13:00:25] Done :-)
[2017-11-27 13:16:47] Shutdown command is received...
[2017-11-27 13:16:47] Halting all processes and then shutdown Raspberry Pi...
[2017-11-27 13:16:54] Witty Pi daemon (v2.56) is started.
[2017-11-27 13:16:57] Synchronizing time between system and Witty Pi...
[2017-11-27 13:16:58] Writing RTC time to system...
[2017-11-27 14:00:15] Done :-)
[2017-11-27 14:00:19] Schedule next shutdown at: 2017-11-27 14:15:00
[2017-11-27 14:00:20] Schedule next startup at: 2017-11-27 15:00:00
[2017-11-27 14:00:21] Pending for incoming shutdown command...
[2017-11-27 14:00:25] Internet detected, apply NTP time to system and Witty Pi...
[2017-11-27 14:00:25] Writing system time to RTC...
[2017-11-27 14:00:26] Done :-)
[2017-11-27 14:16:48] Shutdown command is received...
[2017-11-27 14:16:48] Halting all processes and then shutdown Raspberry Pi...
[2017-11-27 14:16:54] Witty Pi daemon (v2.56) is started.
[2017-11-27 14:16:57] Synchronizing time between system and Witty Pi...
[2017-11-27 14:16:57] Writing RTC time to system...
[2017-11-27 15:00:14] Done :-)
[2017-11-27 15:00:18] Schedule next shutdown at: 2017-11-27 15:15:00
[2017-11-27 15:00:18] Schedule next startup at: 2017-11-27 16:00:00
[2017-11-27 15:00:20] Pending for incoming shutdown command...
[2017-11-27 15:00:24] Internet detected, apply NTP time to system and Witty Pi...
[2017-11-27 15:00:24] Writing system time to RTC...
[2017-11-27 15:00:25] Done :-)
[2017-11-27 15:16:48] Shutdown command is received...
[2017-11-27 15:16:48] Halting all processes and then shutdown Raspberry Pi...
[2017-11-27 15:16:55] Witty Pi daemon (v2.56) is started.
[2017-11-27 15:16:58] Synchronizing time between system and Witty Pi...
[2017-11-27 15:16:59] Writing RTC time to system...
[2017-11-27 16:00:15] Done :-)
[2017-11-27 16:00:19] Schedule next shutdown at: 2017-11-27 16:15:00
[2017-11-27 16:00:19] Schedule next startup at: 2017-11-27 17:00:00
[2017-11-27 16:00:21] Pending for incoming shutdown command...
[2017-11-27 16:00:25] Internet detected, apply NTP time to system and Witty Pi...
[2017-11-27 16:00:25] Writing system time to RTC...
[2017-11-27 16:00:26] Done :-)
[2017-11-27 16:16:49] Shutdown command is received...
[2017-11-27 16:16:49] Halting all processes and then shutdown Raspberry Pi...
[2017-11-27 16:16:55] Witty Pi daemon (v2.56) is started.
[2017-11-27 16:16:58] Synchronizing time between system and Witty Pi...
[2017-11-27 16:16:58] Writing RTC time to system...
[2017-11-27 17:00:14] Done :-)
[2017-11-27 17:00:18] Schedule next shutdown at: 2017-11-27 17:15:00
[2017-11-27 17:00:18] Schedule next startup at: 2017-11-27 18:00:00
[2017-11-27 17:00:20] Pending for incoming shutdown command...
[2017-11-27 17:00:24] Internet detected, apply NTP time to system and Witty Pi...
[2017-11-27 17:00:24] Writing system time to RTC...
[2017-11-27 17:00:25] Done :-)
[2017-11-27 17:16:49] Shutdown command is received...
[2017-11-27 17:16:49] Halting all processes and then shutdown Raspberry Pi...
[2017-11-27 17:16:56] Witty Pi daemon (v2.56) is started.
[2017-11-27 17:16:59] Synchronizing time between system and Witty Pi...
[2017-11-27 17:16:59] Writing RTC time to system...
[2017-11-27 18:00:14] Done :-)
[2017-11-27 18:00:18] Schedule next shutdown at: 2017-11-27 18:15:00
[2017-11-27 18:00:18] Schedule next startup at: 2017-11-27 19:00:00
[2017-11-27 18:00:20] Pending for incoming shutdown command...
[2017-11-27 18:00:24] Internet detected, apply NTP time to system and Witty Pi...
[2017-11-27 18:00:24] Writing system time to RTC...
[2017-11-27 18:00:25] Done :-)
[2017-11-27 18:16:50] Shutdown command is received...
[2017-11-27 18:16:50] Halting all processes and then shutdown Raspberry Pi...
[2017-11-27 18:16:57] Witty Pi daemon (v2.56) is started.
[2017-11-27 18:16:59] Synchronizing time between system and Witty Pi...
[2017-11-27 18:17:00] Writing RTC time to system...
[2017-11-27 19:00:15] Done :-)
[2017-11-27 19:00:19] Schedule next shutdown at: 2017-11-27 19:15:00
[2017-11-27 19:00:19] Schedule next startup at: 2017-11-28 07:00:00
[2017-11-27 19:00:21] Pending for incoming shutdown command...
[2017-11-27 19:00:25] Internet detected, apply NTP time to system and Witty Pi...
[2017-11-27 19:00:25] Writing system time to RTC...
[2017-11-27 19:00:26] Done :-)
[2017-11-27 19:16:50] Shutdown command is received...
[2017-11-27 19:16:50] Halting all processes and then shutdown Raspberry Pi...
[2017-11-27 19:16:57] Witty Pi daemon (v2.56) is started.
[2017-11-27 19:17:00] Synchronizing time between system and Witty Pi...
[2017-11-27 19:17:01] Writing RTC time to system...
[2017-11-28 07:00:15] Done :-)
[2017-11-28 07:00:19] Schedule next shutdown at: 2017-11-28 07:15:00
[2017-11-28 07:00:19] Schedule next startup at: 2017-11-28 08:00:00
[2017-11-28 07:00:21] Pending for incoming shutdown command...
[2017-11-28 07:00:25] Internet detected, apply NTP time to system and Witty Pi...
[2017-11-28 07:00:25] Writing system time to RTC...
[2017-11-28 07:00:26] Done :-)
[2017-11-28 07:16:51] Shutdown command is received...
[2017-11-28 07:16:51] Halting all processes and then shutdown Raspberry Pi...
[2017-11-28 07:16:57] Witty Pi daemon (v2.56) is started.
[2017-11-28 07:17:00] Synchronizing time between system and Witty Pi...
[2017-11-28 07:17:00] Writing RTC time to system...
[2017-11-28 08:00:14] Done :-)
[2017-11-28 08:00:17] Schedule next shutdown at: 2017-11-28 08:15:00
[2017-11-28 08:00:18] Schedule next startup at: 2017-11-28 09:00:00
[2017-11-28 08:00:20] Pending for incoming shutdown command...
[2017-11-28 08:00:24] Internet detected, apply NTP time to system and Witty Pi...
[2017-11-28 08:00:24] Writing system time to RTC...
[2017-11-28 08:00:25] Done :-)
[2017-11-28 08:16:51] Shutdown command is received...
[2017-11-28 08:16:51] Halting all processes and then shutdown Raspberry Pi...
[2017-11-28 08:16:58] Witty Pi daemon (v2.56) is started.
[2017-11-28 08:17:00] Synchronizing time between system and Witty Pi...
[2017-11-28 08:17:01] Writing RTC time to system...
[2017-11-28 09:00:14] Done :-)
[2017-11-28 09:00:17] Schedule next shutdown at: 2017-11-28 09:15:00
[2017-11-28 09:00:18] Schedule next startup at: 2017-11-28 10:00:00
[2017-11-28 09:00:20] Pending for incoming shutdown command...
[2017-11-28 09:00:24] Internet detected, apply NTP time to system and Witty Pi...
[2017-11-28 09:00:24] Writing system time to RTC...
[2017-11-28 09:00:25] Done :-)
[2017-11-28 09:16:52] Shutdown command is received...
[2017-11-28 09:16:52] Halting all processes and then shutdown Raspberry Pi...
[2017-11-28 09:16:59] Witty Pi daemon (v2.56) is started.
[2017-11-28 09:17:01] Synchronizing time between system and Witty Pi...
[2017-11-28 09:17:02] Writing RTC time to system...
[2017-11-28 10:00:15] Done :-)
[2017-11-28 10:00:19] Schedule next shutdown at: 2017-11-28 10:15:00
[2017-11-28 10:00:19] Schedule next startup at: 2017-11-28 11:00:00
[2017-11-28 10:00:21] Pending for incoming shutdown command...
[2017-11-28 10:00:25] Internet detected, apply NTP time to system and Witty Pi...
[2017-11-28 10:00:25] Writing system time to RTC...
[2017-11-28 10:00:26] Done :-)
[2017-11-28 10:16:52] Shutdown command is received...
[2017-11-28 10:16:52] Halting all processes and then shutdown Raspberry Pi...
[2017-11-28 10:16:59] Witty Pi daemon (v2.56) is started.
[2017-11-28 10:17:01] Synchronizing time between system and Witty Pi...
[2017-11-28 10:17:02] Writing RTC time to system...
[2017-11-28 11:00:14] Done :-)
[2017-11-28 11:00:18] Schedule next shutdown at: 2017-11-28 11:15:00
[2017-11-28 11:00:18] Schedule next startup at: 2017-11-28 12:00:00
[2017-11-28 11:00:20] Pending for incoming shutdown command...
[2017-11-28 11:00:24] Internet detected, apply NTP time to system and Witty Pi...
[2017-11-28 11:00:24] Writing system time to RTC...
[2017-11-28 11:00:25] Done :-)
[2017-11-28 11:16:53] Shutdown command is received...
[2017-11-28 11:16:53] Halting all processes and then shutdown Raspberry Pi...
[2017-11-28 11:16:59] Witty Pi daemon (v2.56) is started.
[2017-11-28 11:17:02] Synchronizing time between system and Witty Pi...
[2017-11-28 11:17:03] Writing RTC time to system...
[2017-11-28 12:00:14] Done :-)
[2017-11-28 12:00:18] Schedule next shutdown at: 2017-11-28 12:15:00
[2017-11-28 12:00:18] Schedule next startup at: 2017-11-28 13:00:00
[2017-11-28 12:00:20] Pending for incoming shutdown command...
[2017-11-28 12:00:24] Internet detected, apply NTP time to system and Witty Pi...
[2017-11-28 12:00:24] Writing system time to RTC...
[2017-11-28 12:00:25] Done :-)
[2017-11-28 12:16:53] Shutdown command is received...
[2017-11-28 12:16:53] Halting all processes and then shutdown Raspberry Pi...
[2017-11-28 12:17:00] Witty Pi daemon (v2.56) is started.
[2017-11-28 12:17:03] Synchronizing time between system and Witty Pi...
[2017-11-28 12:17:04] Writing RTC time to system...
[2017-11-28 13:00:15] Done :-)
[2017-11-28 13:00:19] Schedule next shutdown at: 2017-11-28 13:15:00
[2017-11-28 13:00:19] Schedule next startup at: 2017-11-28 14:00:00
[2017-11-28 13:00:21] Pending for incoming shutdown command...
[2017-11-28 13:00:25] Internet detected, apply NTP time to system and Witty Pi...
[2017-11-28 13:00:25] Writing system time to RTC...
[2017-11-28 13:00:26] Done :-)
[2017-11-28 13:16:54] Shutdown command is received...
[2017-11-28 13:16:54] Halting all processes and then shutdown Raspberry Pi...
[2017-11-28 13:17:00] Witty Pi daemon (v2.56) is started.
[2017-11-28 13:17:03] Synchronizing time between system and Witty Pi...
[2017-11-28 13:17:03] Writing RTC time to system...
[2017-11-28 14:00:14] Done :-)
[2017-11-28 14:00:18] Schedule next shutdown at: 2017-11-28 14:15:00
[2017-11-28 14:00:18] Schedule next startup at: 2017-11-28 15:00:00
[2017-11-28 14:00:20] Pending for incoming shutdown command...
[2017-11-28 14:00:24] Internet detected, apply NTP time to system and Witty Pi...
[2017-11-28 14:00:24] Writing system time to RTC...
[2017-11-28 14:00:25] Done :-)
[2017-11-28 14:16:54] Shutdown command is received...
[2017-11-28 14:16:54] Halting all processes and then shutdown Raspberry Pi...
[2017-11-28 14:17:01] Witty Pi daemon (v2.56) is started.
[2017-11-28 14:17:04] Synchronizing time between system and Witty Pi...
[2017-11-28 14:17:05] Writing RTC time to system...
[2017-11-28 15:00:15] Done :-)
[2017-11-28 15:00:19] Schedule next shutdown at: 2017-11-28 15:15:00
[2017-11-28 15:00:19] Schedule next startup at: 2017-11-28 16:00:00
[2017-11-28 15:00:21] Pending for incoming shutdown command...
[2017-11-28 15:00:25] Internet detected, apply NTP time to system and Witty Pi...
[2017-11-28 15:00:25] Writing system time to RTC...
[2017-11-28 15:00:26] Done :-)
[2017-11-28 15:16:55] Shutdown command is received...
[2017-11-28 15:16:55] Halting all processes and then shutdown Raspberry Pi...
[2017-11-28 15:17:01] Witty Pi daemon (v2.56) is started.
[2017-11-28 15:17:04] Synchronizing time between system and Witty Pi...
[2017-11-28 15:17:04] Writing RTC time to system...
[2017-11-28 16:00:14] Done :-)
[2017-11-28 16:00:18] Schedule next shutdown at: 2017-11-28 16:15:00
[2017-11-28 16:00:18] Schedule next startup at: 2017-11-28 17:00:00
[2017-11-28 16:00:20] Pending for incoming shutdown command...
[2017-11-28 16:00:24] Internet detected, apply NTP time to system and Witty Pi...
[2017-11-28 16:00:24] Writing system time to RTC...
[2017-11-28 16:00:25] Done :-)
[2017-11-28 16:16:55] Shutdown command is received...
[2017-11-28 16:16:55] Halting all processes and then shutdown Raspberry Pi...
[2017-11-28 16:17:02] Witty Pi daemon (v2.56) is started.
[2017-11-28 16:17:05] Synchronizing time between system and Witty Pi...
[2017-11-28 16:17:06] Writing RTC time to system...
[2017-11-28 17:00:15] Done :-)
[2017-11-28 17:00:19] Schedule next shutdown at: 2017-11-28 17:15:00
[2017-11-28 17:00:19] Schedule next startup at: 2017-11-28 18:00:00
[2017-11-28 17:00:20] Pending for incoming shutdown command...
[2017-11-28 17:00:25] Internet detected, apply NTP time to system and Witty Pi...
[2017-11-28 17:00:25] Writing system time to RTC...
[2017-11-28 17:00:26] Done :-)
[2017-11-28 17:16:56] Shutdown command is received...
[2017-11-28 17:16:56] Halting all processes and then shutdown Raspberry Pi...
[2017-11-28 17:17:02] Witty Pi daemon (v2.56) is started.
[2017-11-28 17:17:05] Synchronizing time between system and Witty Pi...
[2017-11-28 17:17:05] Writing RTC time to system...
[2017-11-28 18:00:14] Done :-)
[2017-11-28 18:00:18] Schedule next shutdown at: 2017-11-28 18:15:00
[2017-11-28 18:00:18] Schedule next startup at: 2017-11-28 19:00:00
[2017-11-28 18:00:20] Pending for incoming shutdown command...
[2017-11-28 18:00:24] Internet detected, apply NTP time to system and Witty Pi...
[2017-11-28 18:00:24] Writing system time to RTC...
[2017-11-28 18:00:25] Done :-)
[2017-11-28 18:16:56] Shutdown command is received...
[2017-11-28 18:16:56] Halting all processes and then shutdown Raspberry Pi...
[2017-11-28 18:17:03] Witty Pi daemon (v2.56) is started.
[2017-11-28 18:17:06] Synchronizing time between system and Witty Pi...
[2017-11-28 18:17:07] Writing RTC time to system...
[2017-11-28 19:00:15] Done :-)
[2017-11-28 19:00:19] Schedule next shutdown at: 2017-11-28 19:15:00
[2017-11-28 19:00:19] Schedule next startup at: 2017-11-29 07:00:00
[2017-11-28 19:00:21] Pending for incoming shutdown command...
[2017-11-28 19:00:25] Internet detected, apply NTP time to system and Witty Pi...
[2017-11-28 19:00:25] Writing system time to RTC...
[2017-11-28 19:00:26] Done :-)
[2017-11-28 19:16:57] Shutdown command is received...
[2017-11-28 19:16:57] Halting all processes and then shutdown Raspberry Pi...
[2017-11-28 19:17:04] Witty Pi daemon (v2.56) is started.
[2017-11-28 19:17:06] Synchronizing time between system and Witty Pi...
[2017-11-28 19:17:07] Writing RTC time to system...
[2017-11-29 07:00:15] Done :-)
[2017-11-29 07:00:19] Schedule next shutdown at: 2017-11-29 07:15:00
[2017-11-29 07:00:19] Schedule next startup at: 2017-11-29 08:00:00
[2017-11-29 07:00:21] Pending for incoming shutdown command...
[2017-11-29 07:00:25] Internet detected, apply NTP time to system and Witty Pi...
[2017-11-29 07:00:25] Writing system time to RTC...
[2017-11-29 07:00:26] Done :-)
[2017-11-29 07:16:57] Shutdown command is received...
[2017-11-29 07:16:57] Halting all processes and then shutdown Raspberry Pi...
[2017-11-29 07:17:04] Witty Pi daemon (v2.56) is started.
[2017-11-29 07:17:07] Synchronizing time between system and Witty Pi...
[2017-11-29 07:17:08] Writing RTC time to system...
[2017-11-29 08:00:15] Done :-)
[2017-11-29 08:00:19] Schedule next shutdown at: 2017-11-29 08:15:00
[2017-11-29 08:00:19] Schedule next startup at: 2017-11-29 09:00:00
[2017-11-29 08:00:21] Pending for incoming shutdown command...
[2017-11-29 08:00:25] Internet detected, apply NTP time to system and Witty Pi...
[2017-11-29 08:00:25] Writing system time to RTC...
[2017-11-29 08:00:26] Done :-)
[2017-11-29 08:16:58] Shutdown command is received...
[2017-11-29 08:16:58] Halting all processes and then shutdown Raspberry Pi...
[2017-11-29 08:17:04] Witty Pi daemon (v2.56) is started.
[2017-11-29 08:17:07] Synchronizing time between system and Witty Pi...
[2017-11-29 08:17:07] Writing RTC time to system...
[2017-11-29 09:00:14] Done :-)
[2017-11-29 09:00:17] Schedule next shutdown at: 2017-11-29 09:15:00
[2017-11-29 09:00:18] Schedule next startup at: 2017-11-29 10:00:00
[2017-11-29 09:00:20] Pending for incoming shutdown command...
[2017-11-29 09:00:24] Internet detected, apply NTP time to system and Witty Pi...
[2017-11-29 09:00:24] Writing system time to RTC...
[2017-11-29 09:00:25] Done :-)
[2017-11-29 09:16:58] Shutdown command is received...
[2017-11-29 09:16:58] Halting all processes and then shutdown Raspberry Pi...
[2017-11-29 09:17:05] Witty Pi daemon (v2.56) is started.
[2017-11-29 09:17:07] Synchronizing time between system and Witty Pi...
[2017-11-29 09:17:08] Writing RTC time to system...
[2017-11-29 10:00:14] Done :-)
[2017-11-29 10:00:17] Schedule next shutdown at: 2017-11-29 10:15:00
[2017-11-29 10:00:18] Schedule next startup at: 2017-11-29 11:00:00
[2017-11-29 10:00:20] Pending for incoming shutdown command...
[2017-11-29 10:00:24] Internet detected, apply NTP time to system and Witty Pi...
[2017-11-29 10:00:24] Writing system time to RTC...
[2017-11-29 10:00:25] Done :-)
[2017-11-29 10:16:59] Shutdown command is received...
[2017-11-29 10:16:59] Halting all processes and then shutdown Raspberry Pi...
[2017-11-29 10:17:05] Witty Pi daemon (v2.56) is started.
[2017-11-29 10:17:07] Synchronizing time between system and Witty Pi...
[2017-11-29 10:17:08] Writing RTC time to system...
[2017-11-29 11:00:14] Done :-)
[2017-11-29 11:00:17] Schedule next shutdown at: 2017-11-29 11:15:00
[2017-11-29 11:00:18] Schedule next startup at: 2017-11-29 12:00:00
[2017-11-29 11:00:20] Pending for incoming shutdown command...
[2017-11-29 11:00:24] Internet detected, apply NTP time to system and Witty Pi...
[2017-11-29 11:00:24] Writing system time to RTC...
[2017-11-29 11:00:25] Done :-)
[2017-11-29 11:16:59] Shutdown command is received...
[2017-11-29 11:16:59] Halting all processes and then shutdown Raspberry Pi...
[2017-11-29 11:17:06] Witty Pi daemon (v2.56) is started.
[2017-11-29 11:17:09] Synchronizing time between system and Witty Pi...
[2017-11-29 11:17:10] Writing RTC time to system...
[2017-11-29 12:00:15] Done :-)
[2017-11-29 12:00:19] Schedule next shutdown at: 2017-11-29 12:15:00
[2017-11-29 12:00:19] Schedule next startup at: 2017-11-29 13:00:00
[2017-11-29 12:00:21] Pending for incoming shutdown command...
[2017-11-29 12:00:25] Internet detected, apply NTP time to system and Witty Pi...
[2017-11-29 12:00:25] Writing system time to RTC...
[2017-11-29 12:00:26] Done :-)
[2017-11-29 12:17:00] Shutdown command is received...
[2017-11-29 12:17:00] Halting all processes and then shutdown Raspberry Pi...
[2017-11-29 12:17:06] Witty Pi daemon (v2.56) is started.
[2017-11-29 12:17:08] Synchronizing time between system and Witty Pi...
[2017-11-29 12:17:09] Writing RTC time to system...
[2017-11-29 13:00:14] Done :-)
[2017-11-29 13:00:17] Schedule next shutdown at: 2017-11-29 13:15:00
[2017-11-29 13:00:18] Schedule next startup at: 2017-11-29 14:00:00
[2017-11-29 13:00:20] Pending for incoming shutdown command...
[2017-11-29 13:00:24] Internet detected, apply NTP time to system and Witty Pi...
[2017-11-29 13:00:24] Writing system time to RTC...
[2017-11-29 13:00:25] Done :-)
[2017-11-29 13:17:00] Shutdown command is received...
[2017-11-29 13:17:00] Halting all processes and then shutdown Raspberry Pi...
[2017-11-29 13:17:07] Witty Pi daemon (v2.56) is started.
[2017-11-29 13:17:09] Synchronizing time between system and Witty Pi...
[2017-11-29 13:17:11] Writing RTC time to system...
[2017-11-29 14:00:15] Done :-)
[2017-11-29 14:00:19] Schedule next shutdown at: 2017-11-29 14:15:00
[2017-11-29 14:00:19] Schedule next startup at: 2017-11-29 15:00:00
[2017-11-29 14:00:20] Pending for incoming shutdown command...
[2017-11-29 14:00:25] Internet detected, apply NTP time to system and Witty Pi...
[2017-11-29 14:00:25] Writing system time to RTC...
[2017-11-29 14:00:26] Done :-)
[2017-11-29 14:17:01] Shutdown command is received...
[2017-11-29 14:17:01] Halting all processes and then shutdown Raspberry Pi...
[2017-11-29 14:17:08] Witty Pi daemon (v2.56) is started.
[2017-11-29 14:17:10] Synchronizing time between system and Witty Pi...
[2017-11-29 14:17:11] Writing RTC time to system...
[2017-11-29 15:00:15] Done :-)
[2017-11-29 15:00:19] Schedule next shutdown at: 2017-11-29 15:15:00
[2017-11-29 15:00:19] Schedule next startup at: 2017-11-29 16:00:00
[2017-11-29 15:00:21] Pending for incoming shutdown command...
[2017-11-29 15:00:25] Internet detected, apply NTP time to system and Witty Pi...
[2017-11-29 15:00:25] Writing system time to RTC...
[2017-11-29 15:00:26] Done :-)
[2017-11-29 15:17:01] Shutdown command is received...
[2017-11-29 15:17:01] Halting all processes and then shutdown Raspberry Pi...
[2017-11-29 15:17:08] Witty Pi daemon (v2.56) is started.
[2017-11-29 15:17:11] Synchronizing time between system and Witty Pi...
[2017-11-29 15:17:12] Writing RTC time to system...
[2017-11-29 16:00:15] Done :-)
[2017-11-29 16:00:19] Schedule next shutdown at: 2017-11-29 16:15:00
[2017-11-29 16:00:20] Schedule next startup at: 2017-11-29 17:00:00
[2017-11-29 16:00:21] Pending for incoming shutdown command...
[2017-11-29 16:00:25] Internet detected, apply NTP time to system and Witty Pi...
[2017-11-29 16:00:25] Writing system time to RTC...
[2017-11-29 16:00:26] Done :-)
[2017-11-29 16:17:02] Shutdown command is received...
[2017-11-29 16:17:02] Halting all processes and then shutdown Raspberry Pi...
[2017-11-29 16:17:08] Witty Pi daemon (v2.56) is started.
[2017-11-29 16:17:11] Synchronizing time between system and Witty Pi...
[2017-11-29 16:17:11] Writing RTC time to system...
[2017-11-29 17:00:14] Done :-)
[2017-11-29 17:00:18] Schedule next shutdown at: 2017-11-29 17:15:00
[2017-11-29 17:00:18] Schedule next startup at: 2017-11-29 18:00:00
[2017-11-29 17:00:20] Pending for incoming shutdown command...
[2017-11-29 17:00:24] Internet detected, apply NTP time to system and Witty Pi...
[2017-11-29 17:00:24] Writing system time to RTC...
[2017-11-29 17:00:25] Done :-)
[2017-11-29 17:17:02] Shutdown command is received...
[2017-11-29 17:17:02] Halting all processes and then shutdown Raspberry Pi...
[2017-11-29 17:17:09] Witty Pi daemon (v2.56) is started.
[2017-11-29 17:17:12] Synchronizing time between system and Witty Pi...
[2017-11-29 17:17:13] Writing RTC time to system...
[2017-11-29 18:00:15] Done :-)
[2017-11-29 18:00:19] Schedule next shutdown at: 2017-11-29 18:15:00
[2017-11-29 18:00:20] Schedule next startup at: 2017-11-29 19:00:00
[2017-11-29 18:00:21] Pending for incoming shutdown command...
[2017-11-29 18:00:25] Internet detected, apply NTP time to system and Witty Pi...
[2017-11-29 18:00:25] Writing system time to RTC...
[2017-11-29 18:00:26] Done :-)
[2017-11-29 18:17:03] Shutdown command is received...
[2017-11-29 18:17:03] Halting all processes and then shutdown Raspberry Pi...
[2017-11-29 18:17:10] Witty Pi daemon (v2.56) is started.
[2017-11-29 18:17:12] Synchronizing time between system and Witty Pi...
[2017-11-29 18:17:13] Writing RTC time to system...
[2017-11-29 19:00:15] Done :-)
[2017-11-29 19:00:19] Schedule next shutdown at: 2017-11-29 19:15:00
[2017-11-29 19:00:20] Schedule next startup at: 2017-11-30 07:00:00
[2017-11-29 19:00:21] Pending for incoming shutdown command...
[2017-11-29 19:00:25] Internet detected, apply NTP time to system and Witty Pi...
[2017-11-29 19:00:25] Writing system time to RTC...
[2017-11-29 19:00:26] Done :-)
[2017-11-29 19:17:03] Shutdown command is received...
[2017-11-29 19:17:03] Halting all processes and then shutdown Raspberry Pi...
[2017-11-29 19:17:10] Witty Pi daemon (v2.56) is started.
[2017-11-29 19:17:12] Synchronizing time between system and Witty Pi...
[2017-11-29 19:17:13] Writing RTC time to system...
[2017-11-30 07:00:14] Done :-)
[2017-11-30 07:00:18] Schedule next shutdown at: 2017-11-30 07:15:00
[2017-11-30 07:00:18] Schedule next startup at: 2017-11-30 08:00:00
[2017-11-30 07:00:20] Pending for incoming shutdown command...
[2017-11-30 07:00:24] Internet detected, apply NTP time to system and Witty Pi...
[2017-11-30 07:00:24] Writing system time to RTC...
[2017-11-30 07:00:25] Done :-)
[2017-11-30 07:17:04] Shutdown command is received...
[2017-11-30 07:17:04] Halting all processes and then shutdown Raspberry Pi...
[2017-11-30 07:17:10] Witty Pi daemon (v2.56) is started.
[2017-11-30 07:17:12] Synchronizing time between system and Witty Pi...
[2017-11-30 07:17:13] Writing RTC time to system...
[2017-11-30 08:00:14] Done :-)
[2017-11-30 08:00:17] Schedule next shutdown at: 2017-11-30 08:15:00
[2017-11-30 08:00:18] Schedule next startup at: 2017-11-30 09:00:00
[2017-11-30 08:00:20] Pending for incoming shutdown command...
[2017-11-30 08:00:24] Internet detected, apply NTP time to system and Witty Pi...
[2017-11-30 08:00:24] Writing system time to RTC...
[2017-11-30 08:00:25] Done :-)
[2017-11-30 08:17:04] Shutdown command is received...
[2017-11-30 08:17:04] Halting all processes and then shutdown Raspberry Pi...
[2017-11-30 08:17:10] Witty Pi daemon (v2.56) is started.
[2017-11-30 08:17:13] Synchronizing time between system and Witty Pi...
[2017-11-30 08:17:14] Writing RTC time to system...
[2017-11-30 09:00:14] Done :-)
[2017-11-30 09:00:18] Schedule next shutdown at: 2017-11-30 09:15:00
[2017-11-30 09:00:18] Schedule next startup at: 2017-11-30 10:00:00
[2017-11-30 09:00:20] Pending for incoming shutdown command...
[2017-11-30 09:00:24] Internet detected, apply NTP time to system and Witty Pi...
[2017-11-30 09:00:24] Writing system time to RTC...
[2017-11-30 09:00:25] Done :-)
[2017-11-30 09:17:05] Shutdown command is received...
[2017-11-30 09:17:05] Halting all processes and then shutdown Raspberry Pi...
[2017-11-30 09:17:12] Witty Pi daemon (v2.56) is started.
[2017-11-30 09:17:14] Synchronizing time between system and Witty Pi...
[2017-11-30 09:17:15] Writing RTC time to system...
[2017-11-30 10:00:15] Done :-)
[2017-11-30 10:00:19] Schedule next shutdown at: 2017-11-30 10:15:00
[2017-11-30 10:00:19] Schedule next startup at: 2017-11-30 11:00:00
[2017-11-30 10:00:21] Pending for incoming shutdown command...
[2017-11-30 10:00:25] Internet detected, apply NTP time to system and Witty Pi...
[2017-11-30 10:00:25] Writing system time to RTC...
[2017-11-30 10:00:26] Done :-)
[2017-11-30 10:17:05] Shutdown command is received...
[2017-11-30 10:17:05] Halting all processes and then shutdown Raspberry Pi...
[2017-11-30 10:17:12] Witty Pi daemon (v2.56) is started.
[2017-11-30 10:17:14] Synchronizing time between system and Witty Pi...
[2017-11-30 10:17:15] Writing RTC time to system...
[2017-11-30 11:00:14] Done :-)
[2017-11-30 11:00:18] Schedule next shutdown at: 2017-11-30 11:15:00
[2017-11-30 11:00:18] Schedule next startup at: 2017-11-30 12:00:00
[2017-11-30 11:00:20] Pending for incoming shutdown command...
[2017-11-30 11:00:24] Internet detected, apply NTP time to system and Witty Pi...
[2017-11-30 11:00:24] Writing system time to RTC...
[2017-11-30 11:00:25] Done :-)
[2017-11-30 11:17:06] Shutdown command is received...
[2017-11-30 11:17:06] Halting all processes and then shutdown Raspberry Pi...
[2017-11-30 11:17:13] Witty Pi daemon (v2.56) is started.
[2017-11-30 11:17:15] Synchronizing time between system and Witty Pi...
[2017-11-30 11:17:16] Writing RTC time to system...
[2017-11-30 12:00:15] Done :-)
[2017-11-30 12:00:19] Schedule next shutdown at: 2017-11-30 12:15:00
[2017-11-30 12:00:19] Schedule next startup at: 2017-11-30 13:00:00
[2017-11-30 12:00:21] Pending for incoming shutdown command...
[2017-11-30 12:00:25] Internet detected, apply NTP time to system and Witty Pi...
[2017-11-30 12:00:25] Writing system time to RTC...
[2017-11-30 12:00:26] Done :-)
[2017-11-30 12:17:06] Shutdown command is received...
[2017-11-30 12:17:06] Halting all processes and then shutdown Raspberry Pi...
[2017-11-30 12:17:13] Witty Pi daemon (v2.56) is started.
[2017-11-30 12:17:15] Synchronizing time between system and Witty Pi...
[2017-11-30 12:17:16] Writing RTC time to system...
[2017-11-30 13:00:14] Done :-)
[2017-11-30 13:00:18] Schedule next shutdown at: 2017-11-30 13:15:00
[2017-11-30 13:00:18] Schedule next startup at: 2017-11-30 14:00:00
[2017-11-30 13:00:20] Pending for incoming shutdown command...
[2017-11-30 13:00:24] Internet detected, apply NTP time to system and Witty Pi...
[2017-11-30 13:00:24] Writing system time to RTC...
[2017-11-30 13:00:25] Done :-)
[2017-11-30 13:17:07] Shutdown command is received...
[2017-11-30 13:17:07] Halting all processes and then shutdown Raspberry Pi...
[2017-11-30 13:17:13] Witty Pi daemon (v2.56) is started.
[2017-11-30 13:17:16] Synchronizing time between system and Witty Pi...
[2017-11-30 13:17:16] Writing RTC time to system...
[2017-11-30 14:00:14] Done :-)
[2017-11-30 14:00:17] Schedule next shutdown at: 2017-11-30 14:15:00
[2017-11-30 14:00:18] Schedule next startup at: 2017-11-30 15:00:00
[2017-11-30 14:00:20] Pending for incoming shutdown command...
[2017-11-30 14:00:24] Internet detected, apply NTP time to system and Witty Pi...
[2017-11-30 14:00:24] Writing system time to RTC...
[2017-11-30 14:00:25] Done :-)
[2017-11-30 14:17:07] Shutdown command is received...
[2017-11-30 14:17:07] Halting all processes and then shutdown Raspberry Pi...
[2017-11-30 14:17:14] Witty Pi daemon (v2.56) is started.
[2017-11-30 14:17:16] Synchronizing time between system and Witty Pi...
[2017-11-30 14:17:17] Writing RTC time to system...
[2017-11-30 15:00:14] Done :-)
[2017-11-30 15:00:17] Schedule next shutdown at: 2017-11-30 15:15:00
[2017-11-30 15:00:18] Schedule next startup at: 2017-11-30 16:00:00
[2017-11-30 15:00:20] Pending for incoming shutdown command...
[2017-11-30 15:00:24] Internet detected, apply NTP time to system and Witty Pi...
[2017-11-30 15:00:24] Writing system time to RTC...
[2017-11-30 15:00:25] Done :-)
[2017-11-30 15:17:08] Shutdown command is received...
[2017-11-30 15:17:08] Halting all processes and then shutdown Raspberry Pi...
[2017-11-30 15:17:15] Witty Pi daemon (v2.56) is started.
[2017-11-30 15:17:17] Synchronizing time between system and Witty Pi...
[2017-11-30 15:17:18] Writing RTC time to system...
[2017-11-30 16:00:15] Done :-)
[2017-11-30 16:00:19] Schedule next shutdown at: 2017-11-30 16:15:00
[2017-11-30 16:00:20] Schedule next startup at: 2017-11-30 17:00:00
[2017-11-30 16:00:21] Pending for incoming shutdown command...
[2017-11-30 16:00:25] Internet detected, apply NTP time to system and Witty Pi...
[2017-11-30 16:00:25] Writing system time to RTC...
[2017-11-30 16:00:26] Done :-)
[2017-11-30 16:17:08] Shutdown command is received...
[2017-11-30 16:17:08] Halting all processes and then shutdown Raspberry Pi...
[2017-11-30 16:17:15] Witty Pi daemon (v2.56) is started.
[2017-11-30 16:17:18] Synchronizing time between system and Witty Pi...
[2017-11-30 16:17:19] Writing RTC time to system...
[2017-11-30 17:00:15] Done :-)
[2017-11-30 17:00:19] Schedule next shutdown at: 2017-11-30 17:15:00
[2017-11-30 17:00:19] Schedule next startup at: 2017-11-30 18:00:00
[2017-11-30 17:00:21] Pending for incoming shutdown command...
[2017-11-30 17:00:25] Internet detected, apply NTP time to system and Witty Pi...
[2017-11-30 17:00:25] Writing system time to RTC...
[2017-11-30 17:00:26] Done :-)
[2017-11-30 17:17:09] Shutdown command is received...
[2017-11-30 17:17:09] Halting all processes and then shutdown Raspberry Pi...
[2017-11-30 17:17:15] Witty Pi daemon (v2.56) is started.
[2017-11-30 17:17:18] Synchronizing time between system and Witty Pi...
[2017-11-30 17:17:18] Writing RTC time to system...
[2017-11-30 18:00:14] Done :-)
[2017-11-30 18:00:18] Schedule next shutdown at: 2017-11-30 18:15:00
[2017-11-30 18:00:18] Schedule next startup at: 2017-11-30 19:00:00
[2017-11-30 18:00:20] Pending for incoming shutdown command...
[2017-11-30 18:00:24] Internet detected, apply NTP time to system and Witty Pi...
[2017-11-30 18:00:24] Writing system time to RTC...
[2017-11-30 18:00:25] Done :-)
[2017-11-30 18:17:09] Shutdown command is received...
[2017-11-30 18:17:09] Halting all processes and then shutdown Raspberry Pi...
[2017-11-30 18:17:16] Witty Pi daemon (v2.56) is started.
[2017-11-30 18:17:19] Synchronizing time between system and Witty Pi...
[2017-11-30 18:17:19] Writing RTC time to system...
[2017-11-30 19:00:15] Done :-)
[2017-11-30 19:00:19] Schedule next shutdown at: 2017-11-30 19:15:00
[2017-11-30 19:00:19] Schedule next startup at: 2017-12-01 07:00:00
[2017-11-30 19:00:21] Pending for incoming shutdown command...
[2017-11-30 19:00:25] Internet detected, apply NTP time to system and Witty Pi...
[2017-11-30 19:00:25] Writing system time to RTC...
[2017-11-30 19:00:26] Done :-)
[2017-11-30 19:17:10] Shutdown command is received...
[2017-11-30 19:17:10] Halting all processes and then shutdown Raspberry Pi...
[2017-11-30 19:17:16] Witty Pi daemon (v2.56) is started.
[2017-11-30 19:17:18] Synchronizing time between system and Witty Pi...
[2017-11-30 19:17:19] Writing RTC time to system...
[2017-12-01 07:00:14] Done :-)
[2017-12-01 07:00:18] Schedule next shutdown at: 2017-12-01 07:15:00
[2017-12-01 07:00:18] Schedule next startup at: 2017-12-01 08:00:00
[2017-12-01 07:00:20] Pending for incoming shutdown command...
[2017-12-01 07:00:24] Internet detected, apply NTP time to system and Witty Pi...
[2017-12-01 07:00:24] Writing system time to RTC...
[2017-12-01 07:00:25] Done :-)
[2017-12-01 07:17:10] Shutdown command is received...
[2017-12-01 07:17:10] Halting all processes and then shutdown Raspberry Pi...
[2017-12-01 07:17:17] Witty Pi daemon (v2.56) is started.
[2017-12-01 07:17:19] Synchronizing time between system and Witty Pi...
[2017-12-01 07:17:20] Writing RTC time to system...
[2017-12-01 08:00:14] Done :-)
[2017-12-01 08:00:17] Schedule next shutdown at: 2017-12-01 08:15:00
[2017-12-01 08:00:18] Schedule next startup at: 2017-12-01 09:00:00
[2017-12-01 08:00:20] Pending for incoming shutdown command...
[2017-12-01 08:00:24] Internet detected, apply NTP time to system and Witty Pi...
[2017-12-01 08:00:24] Writing system time to RTC...
[2017-12-01 08:00:25] Done :-)
[2017-12-01 08:17:11] Shutdown command is received...
[2017-12-01 08:17:11] Halting all processes and then shutdown Raspberry Pi...
[2017-12-01 08:17:18] Witty Pi daemon (v2.56) is started.
[2017-12-01 08:17:20] Synchronizing time between system and Witty Pi...
[2017-12-01 08:17:21] Writing RTC time to system...
[2017-12-01 09:00:15] Done :-)
[2017-12-01 09:00:19] Schedule next shutdown at: 2017-12-01 09:15:00
[2017-12-01 09:00:19] Schedule next startup at: 2017-12-01 10:00:00
[2017-12-01 09:00:21] Pending for incoming shutdown command...
[2017-12-01 09:00:25] Internet detected, apply NTP time to system and Witty Pi...
[2017-12-01 09:00:25] Writing system time to RTC...
[2017-12-01 09:00:26] Done :-)
[2017-12-01 09:17:11] Shutdown command is received...
[2017-12-01 09:17:11] Halting all processes and then shutdown Raspberry Pi...
[2017-12-01 09:17:18] Witty Pi daemon (v2.56) is started.
[2017-12-01 09:17:21] Synchronizing time between system and Witty Pi...
[2017-12-01 09:17:22] Writing RTC time to system...
[2017-12-01 10:00:15] Done :-)
[2017-12-01 10:00:19] Schedule next shutdown at: 2017-12-01 10:15:00
[2017-12-01 10:00:19] Schedule next startup at: 2017-12-01 11:00:00
[2017-12-01 10:00:21] Pending for incoming shutdown command...
[2017-12-01 10:00:25] Internet detected, apply NTP time to system and Witty Pi...
[2017-12-01 10:00:25] Writing system time to RTC...
[2017-12-01 10:00:26] Done :-)
[2017-12-01 10:17:12] Shutdown command is received...
[2017-12-01 10:17:12] Halting all processes and then shutdown Raspberry Pi...
[2017-12-01 10:17:18] Witty Pi daemon (v2.56) is started.
[2017-12-01 10:17:21] Synchronizing time between system and Witty Pi...
[2017-12-01 10:17:21] Writing RTC time to system...
[2017-12-01 11:00:14] Done :-)
[2017-12-01 11:00:17] Schedule next shutdown at: 2017-12-01 11:15:00
[2017-12-01 11:00:18] Schedule next startup at: 2017-12-01 12:00:00
[2017-12-01 11:00:20] Pending for incoming shutdown command...
[2017-12-01 11:00:24] Internet detected, apply NTP time to system and Witty Pi...
[2017-12-01 11:00:24] Writing system time to RTC...
[2017-12-01 11:00:25] Done :-)
[2017-12-01 11:17:12] Shutdown command is received...
[2017-12-01 11:17:12] Halting all processes and then shutdown Raspberry Pi...
[2017-12-01 11:17:18] Witty Pi daemon (v2.56) is started.
[2017-12-01 11:17:21] Synchronizing time between system and Witty Pi...
[2017-12-01 11:17:22] Writing RTC time to system...
[2017-12-01 12:00:14] Done :-)
[2017-12-01 12:00:17] Schedule next shutdown at: 2017-12-01 12:15:00
[2017-12-01 12:00:18] Schedule next startup at: 2017-12-01 13:00:00
[2017-12-01 12:00:20] Pending for incoming shutdown command...
[2017-12-01 12:00:24] Internet detected, apply NTP time to system and Witty Pi...
[2017-12-01 12:00:24] Writing system time to RTC...
[2017-12-01 12:00:25] Done :-)
[2017-12-01 12:17:13] Shutdown command is received...
[2017-12-01 12:17:13] Halting all processes and then shutdown Raspberry Pi...
[2017-12-01 12:17:19] Witty Pi daemon (v2.56) is started.
[2017-12-01 12:17:22] Synchronizing time between system and Witty Pi...
[2017-12-01 12:17:22] Writing RTC time to system...
[2017-12-01 13:00:14] Done :-)
[2017-12-01 13:00:17] Schedule next shutdown at: 2017-12-01 13:15:00
[2017-12-01 13:00:18] Schedule next startup at: 2017-12-01 14:00:00
[2017-12-01 13:00:20] Pending for incoming shutdown command...
[2017-12-01 13:00:24] Internet detected, apply NTP time to system and Witty Pi...
[2017-12-01 13:00:24] Writing system time to RTC...
[2017-12-01 13:00:25] Done :-)
[2017-12-01 13:17:13] Shutdown command is received...
[2017-12-01 13:17:13] Halting all processes and then shutdown Raspberry Pi...
[2017-12-01 13:17:20] Witty Pi daemon (v2.56) is started.
[2017-12-01 13:17:22] Synchronizing time between system and Witty Pi...
[2017-12-01 13:17:23] Writing RTC time to system...
[2017-12-01 14:00:14] Done :-)
[2017-12-01 14:00:18] Schedule next shutdown at: 2017-12-01 14:15:00
[2017-12-01 14:00:18] Schedule next startup at: 2017-12-01 15:00:00
[2017-12-01 14:00:20] Pending for incoming shutdown command...
[2017-12-01 14:00:24] Internet detected, apply NTP time to system and Witty Pi...
[2017-12-01 14:00:24] Writing system time to RTC...
[2017-12-01 14:00:25] Done :-)
[2017-12-01 14:17:14] Shutdown command is received...
[2017-12-01 14:17:14] Halting all processes and then shutdown Raspberry Pi...
[2017-12-01 14:17:21] Witty Pi daemon (v2.56) is started.
[2017-12-01 14:17:23] Synchronizing time between system and Witty Pi...
[2017-12-01 14:17:24] Writing RTC time to system...
[2017-12-01 15:00:15] Done :-)
[2017-12-01 15:00:19] Schedule next shutdown at: 2017-12-01 15:15:00
[2017-12-01 15:00:20] Schedule next startup at: 2017-12-01 16:00:00
[2017-12-01 15:00:21] Pending for incoming shutdown command...
[2017-12-01 15:00:25] Internet detected, apply NTP time to system and Witty Pi...
[2017-12-01 15:00:25] Writing system time to RTC...
[2017-12-01 15:00:26] Done :-)
[2017-12-01 15:17:14] Shutdown command is received...
[2017-12-01 15:17:14] Halting all processes and then shutdown Raspberry Pi...
[2017-12-01 15:17:21] Witty Pi daemon (v2.56) is started.
[2017-12-01 15:17:23] Synchronizing time between system and Witty Pi...
[2017-12-01 15:17:24] Writing RTC time to system...
[2017-12-01 16:00:14] Done :-)
[2017-12-01 16:00:18] Schedule next shutdown at: 2017-12-01 16:15:00
[2017-12-01 16:00:18] Schedule next startup at: 2017-12-01 17:00:00
[2017-12-01 16:00:20] Pending for incoming shutdown command...
[2017-12-01 16:00:24] Internet detected, apply NTP time to system and Witty Pi...
[2017-12-01 16:00:24] Writing system time to RTC...
[2017-12-01 16:00:25] Done :-)
[2017-12-01 16:17:15] Shutdown command is received...
[2017-12-01 16:17:15] Halting all processes and then shutdown Raspberry Pi...
[2017-12-01 16:17:22] Witty Pi daemon (v2.56) is started.
[2017-12-01 16:17:24] Synchronizing time between system and Witty Pi...
[2017-12-01 16:17:25] Writing RTC time to system...
[2017-12-01 17:00:15] Done :-)
[2017-12-01 17:00:19] Schedule next shutdown at: 2017-12-01 17:15:00
[2017-12-01 17:00:19] Schedule next startup at: 2017-12-01 18:00:00
[2017-12-01 17:00:21] Pending for incoming shutdown command...
[2017-12-01 17:00:25] Internet detected, apply NTP time to system and Witty Pi...
[2017-12-01 17:00:25] Writing system time to RTC...
[2017-12-01 17:00:26] Done :-)
[2017-12-01 17:17:15] Shutdown command is received...
[2017-12-01 17:17:15] Halting all processes and then shutdown Raspberry Pi...
[2017-12-01 17:17:22] Witty Pi daemon (v2.56) is started.
[2017-12-01 17:17:25] Synchronizing time between system and Witty Pi...
[2017-12-01 17:17:26] Writing RTC time to system...
[2017-12-01 18:00:15] Done :-)
[2017-12-01 18:00:19] Schedule next shutdown at: 2017-12-01 18:15:00
[2017-12-01 18:00:20] Schedule next startup at: 2017-12-01 19:00:00
[2017-12-01 18:00:21] Pending for incoming shutdown command...
[2017-12-01 18:00:25] Internet detected, apply NTP time to system and Witty Pi...
[2017-12-01 18:00:25] Writing system time to RTC...
[2017-12-01 18:00:26] Done :-)
[2017-12-01 18:17:16] Shutdown command is received...
[2017-12-01 18:17:16] Halting all processes and then shutdown Raspberry Pi...
[2017-12-01 18:17:22] Witty Pi daemon (v2.56) is started.
[2017-12-01 18:17:24] Synchronizing time between system and Witty Pi...
[2017-12-01 18:17:25] Writing RTC time to system...
[2017-12-01 19:00:14] Done :-)
[2017-12-01 19:00:18] Schedule next shutdown at: 2017-12-01 19:15:00
[2017-12-01 19:00:18] Schedule next startup at: 2017-12-02 07:00:00
[2017-12-01 19:00:20] Pending for incoming shutdown command...
[2017-12-01 19:00:24] Internet detected, apply NTP time to system and Witty Pi...
[2017-12-01 19:00:24] Writing system time to RTC...
[2017-12-01 19:00:25] Done :-)
[2017-12-01 19:17:16] Shutdown command is received...
[2017-12-01 19:17:16] Halting all processes and then shutdown Raspberry Pi...
[2017-12-01 19:17:23] Witty Pi daemon (v2.56) is started.
[2017-12-01 19:17:26] Synchronizing time between system and Witty Pi...
[2017-12-01 19:17:27] Writing RTC time to system...
[2017-12-02 07:00:15] Done :-)
[2017-12-02 07:00:18] Schedule next shutdown at: 2017-12-02 07:15:00
[2017-12-02 07:00:19] Schedule next startup at: 2017-12-02 08:00:00
[2017-12-02 07:00:21] Pending for incoming shutdown command...
[2017-12-02 07:00:25] Internet detected, apply NTP time to system and Witty Pi...
[2017-12-02 07:00:25] Writing system time to RTC...
[2017-12-02 07:00:26] Done :-)
[2017-12-02 07:17:17] Shutdown command is received...
[2017-12-02 07:17:17] Halting all processes and then shutdown Raspberry Pi...
[2017-12-02 07:17:24] Witty Pi daemon (v2.56) is started.
[2017-12-02 07:17:26] Synchronizing time between system and Witty Pi...
[2017-12-02 07:17:27] Writing RTC time to system...
[2017-12-02 08:00:15] Done :-)
[2017-12-02 08:00:19] Schedule next shutdown at: 2017-12-02 08:15:00
[2017-12-02 08:00:20] Schedule next startup at: 2017-12-02 09:00:00
[2017-12-02 08:00:21] Pending for incoming shutdown command...
[2017-12-02 08:00:25] Internet detected, apply NTP time to system and Witty Pi...
[2017-12-02 08:00:25] Writing system time to RTC...
[2017-12-02 08:00:26] Done :-)
[2017-12-02 08:17:17] Shutdown command is received...
[2017-12-02 08:17:17] Halting all processes and then shutdown Raspberry Pi...
[2017-12-02 08:17:24] Witty Pi daemon (v2.56) is started.
[2017-12-02 08:17:26] Synchronizing time between system and Witty Pi...
[2017-12-02 08:17:26] Writing RTC time to system...
[2017-12-02 09:00:14] Done :-)
[2017-12-02 09:00:17] Schedule next shutdown at: 2017-12-02 09:15:00
[2017-12-02 09:00:18] Schedule next startup at: 2017-12-02 10:00:00
[2017-12-02 09:00:20] Pending for incoming shutdown command...
[2017-12-02 09:00:24] Internet detected, apply NTP time to system and Witty Pi...
[2017-12-02 09:00:24] Writing system time to RTC...
[2017-12-02 09:00:25] Done :-)
[2017-12-02 09:17:18] Shutdown command is received...
[2017-12-02 09:17:18] Halting all processes and then shutdown Raspberry Pi...
[2017-12-02 09:17:25] Witty Pi daemon (v2.56) is started.
[2017-12-02 09:17:28] Synchronizing time between system and Witty Pi...
[2017-12-02 09:17:28] Writing RTC time to system...
[2017-12-02 10:00:15] Done :-)
[2017-12-02 10:00:18] Schedule next shutdown at: 2017-12-02 10:15:00
[2017-12-02 10:00:19] Schedule next startup at: 2017-12-02 11:00:00
[2017-12-02 10:00:21] Pending for incoming shutdown command...
[2017-12-02 10:00:25] Internet detected, apply NTP time to system and Witty Pi...
[2017-12-02 10:00:25] Writing system time to RTC...
[2017-12-02 10:00:26] Done :-)
[2017-12-02 10:17:18] Shutdown command is received...
[2017-12-02 10:17:18] Halting all processes and then shutdown Raspberry Pi...
[2017-12-02 10:17:25] Witty Pi daemon (v2.56) is started.
[2017-12-02 10:17:27] Synchronizing time between system and Witty Pi...
[2017-12-02 10:17:28] Writing RTC time to system...
[2017-12-02 11:00:14] Done :-)
[2017-12-02 11:00:17] Schedule next shutdown at: 2017-12-02 11:15:00
[2017-12-02 11:00:18] Schedule next startup at: 2017-12-02 12:00:00
[2017-12-02 11:00:20] Pending for incoming shutdown command...
[2017-12-02 11:00:24] Internet detected, apply NTP time to system and Witty Pi...
[2017-12-02 11:00:24] Writing system time to RTC...
[2017-12-02 11:00:25] Done :-)
[2017-12-02 11:17:19] Shutdown command is received...
[2017-12-02 11:17:19] Halting all processes and then shutdown Raspberry Pi...
[2017-12-02 11:17:25] Witty Pi daemon (v2.56) is started.
[2017-12-02 11:17:28] Synchronizing time between system and Witty Pi...
[2017-12-02 11:17:28] Writing RTC time to system...
[2017-12-02 12:00:14] Done :-)
[2017-12-02 12:00:18] Schedule next shutdown at: 2017-12-02 12:15:00
[2017-12-02 12:00:18] Schedule next startup at: 2017-12-02 13:00:00
[2017-12-02 12:00:20] Pending for incoming shutdown command...
[2017-12-02 12:00:24] Internet detected, apply NTP time to system and Witty Pi...
[2017-12-02 12:00:24] Writing system time to RTC...
[2017-12-02 12:00:25] Done :-)
[2017-12-02 12:17:19] Shutdown command is received...
[2017-12-02 12:17:19] Halting all processes and then shutdown Raspberry Pi...
[2017-12-02 12:17:26] Witty Pi daemon (v2.56) is started.
[2017-12-02 12:17:28] Synchronizing time between system and Witty Pi...
[2017-12-02 12:17:29] Writing RTC time to system...
[2017-12-02 13:00:14] Done :-)
[2017-12-02 13:00:17] Schedule next shutdown at: 2017-12-02 13:15:00
[2017-12-02 13:00:18] Schedule next startup at: 2017-12-02 14:00:00
[2017-12-02 13:00:20] Pending for incoming shutdown command...
[2017-12-02 13:00:24] Internet detected, apply NTP time to system and Witty Pi...
[2017-12-02 13:00:24] Writing system time to RTC...
[2017-12-02 13:00:25] Done :-)
[2017-12-02 13:17:20] Shutdown command is received...
[2017-12-02 13:17:20] Halting all processes and then shutdown Raspberry Pi...
[2017-12-02 13:17:26] Witty Pi daemon (v2.56) is started.
[2017-12-02 13:17:29] Synchronizing time between system and Witty Pi...
[2017-12-02 13:17:29] Writing RTC time to system...
[2017-12-02 14:00:14] Done :-)
[2017-12-02 14:00:17] Schedule next shutdown at: 2017-12-02 14:15:00
[2017-12-02 14:00:18] Schedule next startup at: 2017-12-02 15:00:00
[2017-12-02 14:00:20] Pending for incoming shutdown command...
[2017-12-02 14:00:24] Internet detected, apply NTP time to system and Witty Pi...
[2017-12-02 14:00:24] Writing system time to RTC...
[2017-12-02 14:00:25] Done :-)
[2017-12-02 14:17:20] Shutdown command is received...
[2017-12-02 14:17:20] Halting all processes and then shutdown Raspberry Pi...
[2017-12-02 14:17:26] Witty Pi daemon (v2.56) is started.
[2017-12-02 14:17:29] Synchronizing time between system and Witty Pi...
[2017-12-02 14:17:29] Writing RTC time to system...
[2017-12-02 15:00:14] Done :-)
[2017-12-02 15:00:18] Schedule next shutdown at: 2017-12-02 15:15:00
[2017-12-02 15:00:18] Schedule next startup at: 2017-12-02 16:00:00
[2017-12-02 15:00:20] Pending for incoming shutdown command...
[2017-12-02 15:00:24] Internet detected, apply NTP time to system and Witty Pi...
[2017-12-02 15:00:24] Writing system time to RTC...
[2017-12-02 15:00:25] Done :-)
[2017-12-02 15:17:21] Shutdown command is received...
[2017-12-02 15:17:21] Halting all processes and then shutdown Raspberry Pi...
[2017-12-02 15:17:27] Witty Pi daemon (v2.56) is started.
[2017-12-02 15:17:29] Synchronizing time between system and Witty Pi...
[2017-12-02 15:17:30] Writing RTC time to system...
[2017-12-02 16:00:14] Done :-)
[2017-12-02 16:00:18] Schedule next shutdown at: 2017-12-02 16:15:00
[2017-12-02 16:00:18] Schedule next startup at: 2017-12-02 17:00:00
[2017-12-02 16:00:20] Pending for incoming shutdown command...
[2017-12-02 16:00:24] Internet detected, apply NTP time to system and Witty Pi...
[2017-12-02 16:00:24] Writing system time to RTC...
[2017-12-02 16:00:25] Done :-)
[2017-12-02 16:17:21] Shutdown command is received...
[2017-12-02 16:17:21] Halting all processes and then shutdown Raspberry Pi...
[2017-12-02 16:17:28] Witty Pi daemon (v2.56) is started.
[2017-12-02 16:17:30] Synchronizing time between system and Witty Pi...
[2017-12-02 16:17:31] Writing RTC time to system...
[2017-12-02 17:00:14] Done :-)
[2017-12-02 17:00:17] Schedule next shutdown at: 2017-12-02 17:15:00
[2017-12-02 17:00:18] Schedule next startup at: 2017-12-02 18:00:00
[2017-12-02 17:00:20] Pending for incoming shutdown command...
[2017-12-02 17:00:24] Internet detected, apply NTP time to system and Witty Pi...
[2017-12-02 17:00:24] Writing system time to RTC...
[2017-12-02 17:00:25] Done :-)
[2017-12-02 17:17:22] Shutdown command is received...
[2017-12-02 17:17:22] Halting all processes and then shutdown Raspberry Pi...
[2017-12-02 17:17:28] Witty Pi daemon (v2.56) is started.
[2017-12-02 17:17:30] Synchronizing time between system and Witty Pi...
[2017-12-02 17:17:31] Writing RTC time to system...
[2017-12-02 18:00:14] Done :-)
[2017-12-02 18:00:18] Schedule next shutdown at: 2017-12-02 18:15:00
[2017-12-02 18:00:18] Schedule next startup at: 2017-12-02 19:00:00
[2017-12-02 18:00:20] Pending for incoming shutdown command...
[2017-12-02 18:00:24] Internet detected, apply NTP time to system and Witty Pi...
[2017-12-02 18:00:24] Writing system time to RTC...
[2017-12-02 18:00:25] Done :-)
[2017-12-02 18:17:22] Shutdown command is received...
[2017-12-02 18:17:22] Halting all processes and then shutdown Raspberry Pi...
[2017-12-02 18:17:29] Witty Pi daemon (v2.56) is started.
[2017-12-02 18:17:32] Synchronizing time between system and Witty Pi...
[2017-12-02 18:17:32] Writing RTC time to system...
[2017-12-02 19:00:15] Done :-)
[2017-12-02 19:00:19] Schedule next shutdown at: 2017-12-02 19:15:00
[2017-12-02 19:00:19] Schedule next startup at: 2017-12-03 07:00:00
[2017-12-02 19:00:21] Pending for incoming shutdown command...
[2017-12-02 19:00:25] Internet detected, apply NTP time to system and Witty Pi...
[2017-12-02 19:00:25] Writing system time to RTC...
[2017-12-02 19:00:26] Done :-)
[2017-12-02 19:17:23] Shutdown command is received...
[2017-12-02 19:17:23] Halting all processes and then shutdown Raspberry Pi...
[2017-12-02 19:17:29] Witty Pi daemon (v2.56) is started.
[2017-12-02 19:17:32] Synchronizing time between system and Witty Pi...
[2017-12-02 19:17:32] Writing RTC time to system...
[2017-12-03 07:00:14] Done :-)
[2017-12-03 07:00:18] Schedule next shutdown at: 2017-12-03 07:15:00
[2017-12-03 07:00:18] Schedule next startup at: 2017-12-03 08:00:00
[2017-12-03 07:00:20] Pending for incoming shutdown command...
[2017-12-03 07:00:24] Internet detected, apply NTP time to system and Witty Pi...
[2017-12-03 07:00:24] Writing system time to RTC...
[2017-12-03 07:00:25] Done :-)
[2017-12-03 07:17:23] Shutdown command is received...
[2017-12-03 07:17:23] Halting all processes and then shutdown Raspberry Pi...
[2017-12-03 07:17:30] Witty Pi daemon (v2.56) is started.
[2017-12-03 07:17:32] Synchronizing time between system and Witty Pi...
[2017-12-03 07:17:33] Writing RTC time to system...
[2017-12-03 08:00:15] Done :-)
[2017-12-03 08:00:19] Schedule next shutdown at: 2017-12-03 08:15:00
[2017-12-03 08:00:19] Schedule next startup at: 2017-12-03 09:00:00
[2017-12-03 08:00:21] Pending for incoming shutdown command...
[2017-12-03 08:00:25] Internet detected, apply NTP time to system and Witty Pi...
[2017-12-03 08:00:25] Writing system time to RTC...
[2017-12-03 08:00:26] Done :-)
[2017-12-03 08:17:24] Shutdown command is received...
[2017-12-03 08:17:24] Halting all processes and then shutdown Raspberry Pi...
[2017-12-03 08:17:31] Witty Pi daemon (v2.56) is started.
[2017-12-03 08:17:33] Synchronizing time between system and Witty Pi...
[2017-12-03 08:17:34] Writing RTC time to system...
[2017-12-03 09:00:15] Done :-)
[2017-12-03 09:00:19] Schedule next shutdown at: 2017-12-03 09:15:00
[2017-12-03 09:00:19] Schedule next startup at: 2017-12-03 10:00:00
[2017-12-03 09:00:21] Pending for incoming shutdown command...
[2017-12-03 09:00:25] Internet detected, apply NTP time to system and Witty Pi...
[2017-12-03 09:00:25] Writing system time to RTC...
[2017-12-03 09:00:26] Done :-)
[2017-12-03 09:17:24] Shutdown command is received...
[2017-12-03 09:17:24] Halting all processes and then shutdown Raspberry Pi...
[2017-12-03 09:17:31] Witty Pi daemon (v2.56) is started.
[2017-12-03 09:17:33] Synchronizing time between system and Witty Pi...
[2017-12-03 09:17:34] Writing RTC time to system...
[2017-12-03 10:00:14] Done :-)
[2017-12-03 10:00:17] Schedule next shutdown at: 2017-12-03 10:15:00
[2017-12-03 10:00:18] Schedule next startup at: 2017-12-03 11:00:00
[2017-12-03 10:00:20] Pending for incoming shutdown command...
[2017-12-03 10:00:24] Internet detected, apply NTP time to system and Witty Pi...
[2017-12-03 10:00:24] Writing system time to RTC...
[2017-12-03 10:00:25] Done :-)
[2017-12-03 10:17:25] Shutdown command is received...
[2017-12-03 10:17:25] Halting all processes and then shutdown Raspberry Pi...
[2017-12-03 10:17:32] Witty Pi daemon (v2.56) is started.
[2017-12-03 10:17:34] Synchronizing time between system and Witty Pi...
[2017-12-03 10:17:35] Writing RTC time to system...
[2017-12-03 11:00:15] Done :-)
[2017-12-03 11:00:19] Schedule next shutdown at: 2017-12-03 11:15:00
[2017-12-03 11:00:19] Schedule next startup at: 2017-12-03 12:00:00
[2017-12-03 11:00:21] Pending for incoming shutdown command...
[2017-12-03 11:00:25] Internet detected, apply NTP time to system and Witty Pi...
[2017-12-03 11:00:25] Writing system time to RTC...
[2017-12-03 11:00:26] Done :-)
[2017-12-03 11:17:25] Shutdown command is received...
[2017-12-03 11:17:25] Halting all processes and then shutdown Raspberry Pi...
[2017-12-03 11:17:32] Witty Pi daemon (v2.56) is started.
[2017-12-03 11:17:35] Synchronizing time between system and Witty Pi...
[2017-12-03 11:17:36] Writing RTC time to system...
[2017-12-03 12:00:15] Done :-)
[2017-12-03 12:00:19] Schedule next shutdown at: 2017-12-03 12:15:00
[2017-12-03 12:00:19] Schedule next startup at: 2017-12-03 13:00:00
[2017-12-03 12:00:21] Pending for incoming shutdown command...
[2017-12-03 12:00:25] Internet detected, apply NTP time to system and Witty Pi...
[2017-12-03 12:00:25] Writing system time to RTC...
[2017-12-03 12:00:26] Done :-)
[2017-12-03 12:17:26] Shutdown command is received...
[2017-12-03 12:17:26] Halting all processes and then shutdown Raspberry Pi...
[2017-12-03 12:17:33] Witty Pi daemon (v2.56) is started.
[2017-12-03 12:17:35] Synchronizing time between system and Witty Pi...
[2017-12-03 12:17:36] Writing RTC time to system...
[2017-12-03 13:00:15] Done :-)
[2017-12-03 13:00:19] Schedule next shutdown at: 2017-12-03 13:15:00
[2017-12-03 13:00:19] Schedule next startup at: 2017-12-03 14:00:00
[2017-12-03 13:00:21] Pending for incoming shutdown command...
[2017-12-03 13:00:25] Internet detected, apply NTP time to system and Witty Pi...
[2017-12-03 13:00:25] Writing system time to RTC...
[2017-12-03 13:00:26] Done :-)
[2017-12-03 13:17:26] Shutdown command is received...
[2017-12-03 13:17:26] Halting all processes and then shutdown Raspberry Pi...
[2017-12-03 13:17:33] Witty Pi daemon (v2.56) is started.
[2017-12-03 13:17:35] Synchronizing time between system and Witty Pi...
[2017-12-03 13:17:36] Writing RTC time to system...
[2017-12-03 14:00:14] Done :-)
[2017-12-03 14:00:18] Schedule next shutdown at: 2017-12-03 14:15:00
[2017-12-03 14:00:18] Schedule next startup at: 2017-12-03 15:00:00
[2017-12-03 14:00:20] Pending for incoming shutdown command...
[2017-12-03 14:00:24] Internet detected, apply NTP time to system and Witty Pi...
[2017-12-03 14:00:24] Writing system time to RTC...
[2017-12-03 14:00:25] Done :-)
[2017-12-03 14:17:27] Shutdown command is received...
[2017-12-03 14:17:27] Halting all processes and then shutdown Raspberry Pi...
[2017-12-03 14:17:33] Witty Pi daemon (v2.56) is started.
[2017-12-03 14:17:36] Synchronizing time between system and Witty Pi...
[2017-12-03 14:17:36] Writing RTC time to system...
[2017-12-03 15:00:14] Done :-)
[2017-12-03 15:00:17] Schedule next shutdown at: 2017-12-03 15:15:00
[2017-12-03 15:00:18] Schedule next startup at: 2017-12-03 16:00:00
[2017-12-03 15:00:20] Pending for incoming shutdown command...
[2017-12-03 15:00:24] Internet detected, apply NTP time to system and Witty Pi...
[2017-12-03 15:00:24] Writing system time to RTC...
[2017-12-03 15:00:25] Done :-)
[2017-12-03 15:17:27] Shutdown command is received...
[2017-12-03 15:17:27] Halting all processes and then shutdown Raspberry Pi...
[2017-12-03 15:17:34] Witty Pi daemon (v2.56) is started.
[2017-12-03 15:17:36] Synchronizing time between system and Witty Pi...
[2017-12-03 15:17:37] Writing RTC time to system...
[2017-12-03 16:00:14] Done :-)
[2017-12-03 16:00:18] Schedule next shutdown at: 2017-12-03 16:15:00
[2017-12-03 16:00:18] Schedule next startup at: 2017-12-03 17:00:00
[2017-12-03 16:00:20] Pending for incoming shutdown command...
[2017-12-03 16:00:24] Internet detected, apply NTP time to system and Witty Pi...
[2017-12-03 16:00:24] Writing system time to RTC...
[2017-12-03 16:00:25] Done :-)
[2017-12-03 16:17:28] Shutdown command is received...
[2017-12-03 16:17:28] Halting all processes and then shutdown Raspberry Pi...
[2017-12-03 16:17:34] Witty Pi daemon (v2.56) is started.
[2017-12-03 16:17:36] Synchronizing time between system and Witty Pi...
[2017-12-03 16:17:37] Writing RTC time to system...
[2017-12-03 17:00:14] Done :-)
[2017-12-03 17:00:18] Schedule next shutdown at: 2017-12-03 17:15:00
[2017-12-03 17:00:18] Schedule next startup at: 2017-12-03 18:00:00
[2017-12-03 17:00:20] Pending for incoming shutdown command...
[2017-12-03 17:00:24] Internet detected, apply NTP time to system and Witty Pi...
[2017-12-03 17:00:24] Writing system time to RTC...
[2017-12-03 17:00:25] Done :-)
[2017-12-03 17:17:28] Shutdown command is received...
[2017-12-03 17:17:28] Halting all processes and then shutdown Raspberry Pi...
[2017-12-03 17:17:35] Witty Pi daemon (v2.56) is started.
[2017-12-03 17:17:37] Synchronizing time between system and Witty Pi...
[2017-12-03 17:17:38] Writing RTC time to system...
[2017-12-03 18:00:15] Done :-)
[2017-12-03 18:00:19] Schedule next shutdown at: 2017-12-03 18:15:00
[2017-12-03 18:00:19] Schedule next startup at: 2017-12-03 19:00:00
[2017-12-03 18:00:21] Pending for incoming shutdown command...
[2017-12-03 18:00:25] Internet detected, apply NTP time to system and Witty Pi...
[2017-12-03 18:00:25] Writing system time to RTC...
[2017-12-03 18:00:26] Done :-)
[2017-12-03 18:17:29] Shutdown command is received...
[2017-12-03 18:17:29] Halting all processes and then shutdown Raspberry Pi...
[2017-12-03 18:17:35] Witty Pi daemon (v2.56) is started.
[2017-12-03 18:17:38] Synchronizing time between system and Witty Pi...
[2017-12-03 18:17:38] Writing RTC time to system...
[2017-12-03 19:00:14] Done :-)
[2017-12-03 19:00:17] Schedule next shutdown at: 2017-12-03 19:15:00
[2017-12-03 19:00:18] Schedule next startup at: 2017-12-04 07:00:00
[2017-12-03 19:00:20] Pending for incoming shutdown command...
[2017-12-03 19:00:24] Internet detected, apply NTP time to system and Witty Pi...
[2017-12-03 19:00:24] Writing system time to RTC...
[2017-12-03 19:00:25] Done :-)
[2017-12-03 19:17:29] Shutdown command is received...
[2017-12-03 19:17:29] Halting all processes and then shutdown Raspberry Pi...
[2017-12-03 19:17:36] Witty Pi daemon (v2.56) is started.
[2017-12-03 19:17:38] Synchronizing time between system and Witty Pi...
[2017-12-03 19:17:39] Writing RTC time to system...
[2017-12-04 07:00:14] Done :-)
[2017-12-04 07:00:18] Schedule next shutdown at: 2017-12-04 07:15:00
[2017-12-04 07:00:18] Schedule next startup at: 2017-12-04 08:00:00
[2017-12-04 07:00:20] Pending for incoming shutdown command...
[2017-12-04 07:00:24] Internet detected, apply NTP time to system and Witty Pi...
[2017-12-04 07:00:24] Writing system time to RTC...
[2017-12-04 07:00:25] Done :-)
[2017-12-04 07:17:30] Shutdown command is received...
[2017-12-04 07:17:30] Halting all processes and then shutdown Raspberry Pi...
[2017-12-04 07:17:37] Witty Pi daemon (v2.56) is started.
[2017-12-04 07:17:39] Synchronizing time between system and Witty Pi...
[2017-12-04 07:17:40] Writing RTC time to system...
[2017-12-04 08:00:15] Done :-)
[2017-12-04 08:00:19] Schedule next shutdown at: 2017-12-04 08:15:00
[2017-12-04 08:00:19] Schedule next startup at: 2017-12-04 09:00:00
[2017-12-04 08:00:21] Pending for incoming shutdown command...
[2017-12-04 08:00:25] Internet detected, apply NTP time to system and Witty Pi...
[2017-12-04 08:00:25] Writing system time to RTC...
[2017-12-04 08:00:26] Done :-)
[2017-12-04 08:17:30] Shutdown command is received...
[2017-12-04 08:17:30] Halting all processes and then shutdown Raspberry Pi...
[2017-12-04 08:17:37] Witty Pi daemon (v2.56) is started.
[2017-12-04 08:17:40] Synchronizing time between system and Witty Pi...
[2017-12-04 08:17:41] Writing RTC time to system...
[2017-12-04 09:00:15] Done :-)
[2017-12-04 09:00:17] Schedule next shutdown at: 2017-12-04 09:15:00
[2017-12-04 09:00:18] Schedule next startup at: 2017-12-04 10:00:00
[2017-12-04 09:00:20] Pending for incoming shutdown command...
[2017-12-04 09:00:25] Internet detected, apply NTP time to system and Witty Pi...
[2017-12-04 09:00:25] Writing system time to RTC...
[2017-12-04 09:00:26] Done :-)
[2017-12-04 09:17:31] Shutdown command is received...
[2017-12-04 09:17:31] Halting all processes and then shutdown Raspberry Pi...
[2017-12-04 09:17:37] Witty Pi daemon (v2.56) is started.
[2017-12-04 09:17:39] Synchronizing time between system and Witty Pi...
[2017-12-04 09:17:40] Writing RTC time to system...
[2017-12-04 10:00:14] Done :-)
[2017-12-04 10:00:17] Schedule next shutdown at: 2017-12-04 10:15:00
[2017-12-04 10:00:18] Schedule next startup at: 2017-12-04 11:00:00
[2017-12-04 10:00:20] Pending for incoming shutdown command...
[2017-12-04 10:00:24] Internet detected, apply NTP time to system and Witty Pi...
[2017-12-04 10:00:24] Writing system time to RTC...
[2017-12-04 10:00:25] Done :-)
[2017-12-04 10:17:31] Shutdown command is received...
[2017-12-04 10:17:31] Halting all processes and then shutdown Raspberry Pi...
[2017-12-04 10:17:38] Witty Pi daemon (v2.56) is started.
[2017-12-04 10:17:40] Synchronizing time between system and Witty Pi...
[2017-12-04 10:17:41] Writing RTC time to system...
[2017-12-04 11:00:14] Done :-)
[2017-12-04 11:00:17] Schedule next shutdown at: 2017-12-04 11:15:00
[2017-12-04 11:00:18] Schedule next startup at: 2017-12-04 12:00:00
[2017-12-04 11:00:20] Pending for incoming shutdown command...
[2017-12-04 11:00:24] Internet detected, apply NTP time to system and Witty Pi...
[2017-12-04 11:00:24] Writing system time to RTC...
[2017-12-04 11:00:25] Done :-)
[2017-12-04 11:17:32] Shutdown command is received...
[2017-12-04 11:17:32] Halting all processes and then shutdown Raspberry Pi...
[2017-12-04 11:17:39] Witty Pi daemon (v2.56) is started.
[2017-12-04 11:17:41] Synchronizing time between system and Witty Pi...
[2017-12-04 11:17:42] Writing RTC time to system...
[2017-12-04 12:00:15] Done :-)
[2017-12-04 12:00:19] Schedule next shutdown at: 2017-12-04 12:15:00
[2017-12-04 12:00:19] Schedule next startup at: 2017-12-04 13:00:00
[2017-12-04 12:00:21] Pending for incoming shutdown command...
[2017-12-04 12:00:25] Internet detected, apply NTP time to system and Witty Pi...
[2017-12-04 12:00:25] Writing system time to RTC...
[2017-12-04 12:00:26] Done :-)
[2017-12-04 12:17:32] Shutdown command is received...
[2017-12-04 12:17:32] Halting all processes and then shutdown Raspberry Pi...
[2017-12-04 12:17:39] Witty Pi daemon (v2.56) is started.
[2017-12-04 12:17:42] Synchronizing time between system and Witty Pi...
[2017-12-04 12:17:42] Writing RTC time to system...
[2017-12-04 13:00:15] Done :-)
[2017-12-04 13:00:19] Schedule next shutdown at: 2017-12-04 13:15:00
[2017-12-04 13:00:19] Schedule next startup at: 2017-12-04 14:00:00
[2017-12-04 13:00:21] Pending for incoming shutdown command...
[2017-12-04 13:00:25] Internet detected, apply NTP time to system and Witty Pi...
[2017-12-04 13:00:25] Writing system time to RTC...
[2017-12-04 13:00:26] Done :-)
[2017-12-04 13:17:33] Shutdown command is received...
[2017-12-04 13:17:33] Halting all processes and then shutdown Raspberry Pi...
[2017-12-04 13:17:40] Witty Pi daemon (v2.56) is started.
[2017-12-04 13:17:42] Synchronizing time between system and Witty Pi...
[2017-12-04 13:17:42] Writing RTC time to system...
[2017-12-04 14:00:14] Done :-)
[2017-12-04 14:00:18] Schedule next shutdown at: 2017-12-04 14:15:00
[2017-12-04 14:00:18] Schedule next startup at: 2017-12-04 15:00:00
[2017-12-04 14:00:20] Pending for incoming shutdown command...
[2017-12-04 14:00:24] Internet detected, apply NTP time to system and Witty Pi...
[2017-12-04 14:00:24] Writing system time to RTC...
[2017-12-04 14:00:25] Done :-)
[2017-12-04 14:17:33] Shutdown command is received...
[2017-12-04 14:17:33] Halting all processes and then shutdown Raspberry Pi...
[2017-12-04 14:17:40] Witty Pi daemon (v2.56) is started.
[2017-12-04 14:17:42] Synchronizing time between system and Witty Pi...
[2017-12-04 14:17:43] Writing RTC time to system...
[2017-12-04 15:00:14] Done :-)
[2017-12-04 15:00:18] Schedule next shutdown at: 2017-12-04 15:15:00
[2017-12-04 15:00:18] Schedule next startup at: 2017-12-04 16:00:00
[2017-12-04 15:00:20] Pending for incoming shutdown command...
[2017-12-04 15:00:24] Internet detected, apply NTP time to system and Witty Pi...
[2017-12-04 15:00:24] Writing system time to RTC...
[2017-12-04 15:00:25] Done :-)
[2017-12-04 15:17:34] Shutdown command is received...
[2017-12-04 15:17:34] Halting all processes and then shutdown Raspberry Pi...
[2017-12-04 15:17:41] Witty Pi daemon (v2.56) is started.
[2017-12-04 15:17:43] Synchronizing time between system and Witty Pi...
[2017-12-04 15:17:44] Writing RTC time to system...
[2017-12-04 16:00:15] Done :-)
[2017-12-04 16:00:19] Schedule next shutdown at: 2017-12-04 16:15:00
[2017-12-04 16:00:19] Schedule next startup at: 2017-12-04 17:00:00
[2017-12-04 16:00:21] Pending for incoming shutdown command...
[2017-12-04 16:00:25] Internet detected, apply NTP time to system and Witty Pi...
[2017-12-04 16:00:25] Writing system time to RTC...
[2017-12-04 16:00:26] Done :-)
[2017-12-04 16:17:34] Shutdown command is received...
[2017-12-04 16:17:34] Halting all processes and then shutdown Raspberry Pi...
[2017-12-04 16:17:41] Witty Pi daemon (v2.56) is started.
[2017-12-04 16:17:43] Synchronizing time between system and Witty Pi...
[2017-12-04 16:17:43] Writing RTC time to system...
[2017-12-04 17:00:14] Done :-)
[2017-12-04 17:00:18] Schedule next shutdown at: 2017-12-04 17:15:00
[2017-12-04 17:00:18] Schedule next startup at: 2017-12-04 18:00:00
[2017-12-04 17:00:20] Pending for incoming shutdown command...
[2017-12-04 17:00:24] Internet detected, apply NTP time to system and Witty Pi...
[2017-12-04 17:00:24] Writing system time to RTC...
[2017-12-04 17:00:25] Done :-)
[2017-12-04 17:17:35] Shutdown command is received...
[2017-12-04 17:17:35] Halting all processes and then shutdown Raspberry Pi...
[2017-12-04 17:17:41] Witty Pi daemon (v2.56) is started.
[2017-12-04 17:17:44] Synchronizing time between system and Witty Pi...
[2017-12-04 17:17:44] Writing RTC time to system...
[2017-12-04 18:00:14] Done :-)
[2017-12-04 18:00:18] Schedule next shutdown at: 2017-12-04 18:15:00
[2017-12-04 18:00:18] Schedule next startup at: 2017-12-04 19:00:00
[2017-12-04 18:00:20] Pending for incoming shutdown command...
[2017-12-04 18:00:24] Internet detected, apply NTP time to system and Witty Pi...
[2017-12-04 18:00:24] Writing system time to RTC...
[2017-12-04 18:00:25] Done :-)
[2017-12-04 18:17:35] Shutdown command is received...
[2017-12-04 18:17:35] Halting all processes and then shutdown Raspberry Pi...
[2017-12-04 18:17:42] Witty Pi daemon (v2.56) is started.
[2017-12-04 18:17:44] Synchronizing time between system and Witty Pi...
[2017-12-04 18:17:45] Writing RTC time to system...
[2017-12-04 19:00:14] Done :-)
[2017-12-04 19:00:18] Schedule next shutdown at: 2017-12-04 19:15:00
[2017-12-04 19:00:18] Schedule next startup at: 2017-12-05 07:00:00
[2017-12-04 19:00:20] Pending for incoming shutdown command...
[2017-12-04 19:00:24] Internet detected, apply NTP time to system and Witty Pi...
[2017-12-04 19:00:24] Writing system time to RTC...
[2017-12-04 19:00:25] Done :-)
[2017-12-04 19:17:36] Shutdown command is received...
[2017-12-04 19:17:36] Halting all processes and then shutdown Raspberry Pi...
[2017-12-04 19:17:42] Witty Pi daemon (v2.56) is started.
[2017-12-04 19:17:45] Synchronizing time between system and Witty Pi...
[2017-12-04 19:17:45] Writing RTC time to system...
[2017-12-05 07:00:14] Done :-)
[2017-12-05 07:00:18] Schedule next shutdown at: 2017-12-05 07:15:00
[2017-12-05 07:00:18] Schedule next startup at: 2017-12-05 08:00:00
[2017-12-05 07:00:20] Pending for incoming shutdown command...
[2017-12-05 07:00:24] Internet detected, apply NTP time to system and Witty Pi...
[2017-12-05 07:00:24] Writing system time to RTC...
[2017-12-05 07:00:25] Done :-)
[2017-12-05 07:17:36] Shutdown command is received...
[2017-12-05 07:17:36] Halting all processes and then shutdown Raspberry Pi...
[2017-12-05 07:17:43] Witty Pi daemon (v2.56) is started.
[2017-12-05 07:17:46] Synchronizing time between system and Witty Pi...
[2017-12-05 07:17:47] Writing RTC time to system...
[2017-12-05 08:00:15] Done :-)
[2017-12-05 08:00:19] Schedule next shutdown at: 2017-12-05 08:15:00
[2017-12-05 08:00:19] Schedule next startup at: 2017-12-05 09:00:00
[2017-12-05 08:00:21] Pending for incoming shutdown command...
[2017-12-05 08:00:25] Internet detected, apply NTP time to system and Witty Pi...
[2017-12-05 08:00:25] Writing system time to RTC...
[2017-12-05 08:00:26] Done :-)
[2017-12-05 08:17:37] Shutdown command is received...
[2017-12-05 08:17:37] Halting all processes and then shutdown Raspberry Pi...
[2017-12-05 08:17:43] Witty Pi daemon (v2.56) is started.
[2017-12-05 08:17:46] Synchronizing time between system and Witty Pi...
[2017-12-05 08:17:46] Writing RTC time to system...
[2017-12-05 09:00:14] Done :-)
[2017-12-05 09:00:18] Schedule next shutdown at: 2017-12-05 09:15:00
[2017-12-05 09:00:18] Schedule next startup at: 2017-12-05 10:00:00
[2017-12-05 09:00:20] Pending for incoming shutdown command...
[2017-12-05 09:00:24] Internet detected, apply NTP time to system and Witty Pi...
[2017-12-05 09:00:24] Writing system time to RTC...
[2017-12-05 09:00:25] Done :-)
[2017-12-05 09:17:37] Shutdown command is received...
[2017-12-05 09:17:37] Halting all processes and then shutdown Raspberry Pi...
[2017-12-05 09:17:44] Witty Pi daemon (v2.56) is started.
[2017-12-05 09:17:47] Synchronizing time between system and Witty Pi...
[2017-12-05 09:17:47] Writing RTC time to system...
[2017-12-05 10:00:15] Done :-)
[2017-12-05 10:00:19] Schedule next shutdown at: 2017-12-05 10:15:00
[2017-12-05 10:00:19] Schedule next startup at: 2017-12-05 11:00:00
[2017-12-05 10:00:21] Pending for incoming shutdown command...
[2017-12-05 10:00:25] Internet detected, apply NTP time to system and Witty Pi...
[2017-12-05 10:00:25] Writing system time to RTC...
[2017-12-05 10:00:26] Done :-)
[2017-12-05 10:17:38] Shutdown command is received...
[2017-12-05 10:17:38] Halting all processes and then shutdown Raspberry Pi...
[2017-12-05 10:17:44] Witty Pi daemon (v2.56) is started.
[2017-12-05 10:17:47] Synchronizing time between system and Witty Pi...
[2017-12-05 10:17:47] Writing RTC time to system...
[2017-12-05 11:00:14] Done :-)
[2017-12-05 11:00:17] Schedule next shutdown at: 2017-12-05 11:15:00
[2017-12-05 11:00:18] Schedule next startup at: 2017-12-05 12:00:00
[2017-12-05 11:00:20] Pending for incoming shutdown command...
[2017-12-05 11:00:24] Internet detected, apply NTP time to system and Witty Pi...
[2017-12-05 11:00:24] Writing system time to RTC...
[2017-12-05 11:00:25] Done :-)
[2017-12-05 11:17:38] Shutdown command is received...
[2017-12-05 11:17:38] Halting all processes and then shutdown Raspberry Pi...
[2017-12-05 11:17:45] Witty Pi daemon (v2.56) is started.
[2017-12-05 11:17:48] Synchronizing time between system and Witty Pi...
[2017-12-05 11:17:49] Writing RTC time to system...
[2017-12-05 12:00:15] Done :-)
[2017-12-05 12:00:19] Schedule next shutdown at: 2017-12-05 12:15:00
[2017-12-05 12:00:19] Schedule next startup at: 2017-12-05 13:00:00
[2017-12-05 12:00:21] Pending for incoming shutdown command...
[2017-12-05 12:00:25] Internet detected, apply NTP time to system and Witty Pi...
[2017-12-05 12:00:25] Writing system time to RTC...
[2017-12-05 12:00:26] Done :-)
[2017-12-05 12:17:39] Shutdown command is received...
[2017-12-05 12:17:39] Halting all processes and then shutdown Raspberry Pi...
[2017-12-05 12:17:46] Witty Pi daemon (v2.56) is started.
[2017-12-05 12:17:48] Synchronizing time between system and Witty Pi...
[2017-12-05 12:17:49] Writing RTC time to system...
[2017-12-05 13:00:15] Done :-)
[2017-12-05 13:00:19] Schedule next shutdown at: 2017-12-05 13:15:00
[2017-12-05 13:00:19] Schedule next startup at: 2017-12-05 14:00:00
[2017-12-05 13:00:21] Pending for incoming shutdown command...
[2017-12-05 13:00:25] Internet detected, apply NTP time to system and Witty Pi...
[2017-12-05 13:00:25] Writing system time to RTC...
[2017-12-05 13:00:26] Done :-)
[2017-12-05 13:17:39] Shutdown command is received...
[2017-12-05 13:17:39] Halting all processes and then shutdown Raspberry Pi...
[2017-12-05 13:17:46] Witty Pi daemon (v2.56) is started.
[2017-12-05 13:17:48] Synchronizing time between system and Witty Pi...
[2017-12-05 13:17:48] Writing RTC time to system...
[2017-12-05 14:00:14] Done :-)
[2017-12-05 14:00:18] Schedule next shutdown at: 2017-12-05 14:15:00
[2017-12-05 14:00:18] Schedule next startup at: 2017-12-05 15:00:00
[2017-12-05 14:00:20] Pending for incoming shutdown command...
[2017-12-05 14:00:24] Internet detected, apply NTP time to system and Witty Pi...
[2017-12-05 14:00:24] Writing system time to RTC...
[2017-12-05 14:00:25] Done :-)
[2017-12-05 14:17:40] Shutdown command is received...
[2017-12-05 14:17:40] Halting all processes and then shutdown Raspberry Pi...
[2017-12-05 14:17:46] Witty Pi daemon (v2.56) is started.
[2017-12-05 14:17:48] Synchronizing time between system and Witty Pi...
[2017-12-05 14:17:49] Writing RTC time to system...
[2017-12-05 15:00:14] Done :-)
[2017-12-05 15:00:18] Schedule next shutdown at: 2017-12-05 15:15:00
[2017-12-05 15:00:18] Schedule next startup at: 2017-12-05 16:00:00
[2017-12-05 15:00:20] Pending for incoming shutdown command...
[2017-12-05 15:00:24] Internet detected, apply NTP time to system and Witty Pi...
[2017-12-05 15:00:24] Writing system time to RTC...
[2017-12-05 15:00:25] Done :-)
[2017-12-05 15:17:40] Shutdown command is received...
[2017-12-05 15:17:40] Halting all processes and then shutdown Raspberry Pi...
[2017-12-05 15:17:47] Witty Pi daemon (v2.56) is started.
[2017-12-05 15:17:50] Synchronizing time between system and Witty Pi...
[2017-12-05 15:17:51] Writing RTC time to system...
[2017-12-05 16:00:15] Done :-)
[2017-12-05 16:00:19] Schedule next shutdown at: 2017-12-05 16:15:00
[2017-12-05 16:00:20] Schedule next startup at: 2017-12-05 17:00:00
[2017-12-05 16:00:21] Pending for incoming shutdown command...
[2017-12-05 16:00:25] Internet detected, apply NTP time to system and Witty Pi...
[2017-12-05 16:00:25] Writing system time to RTC...
[2017-12-05 16:00:26] Done :-)
[2017-12-05 16:17:41] Shutdown command is received...
[2017-12-05 16:17:41] Halting all processes and then shutdown Raspberry Pi...
[2017-12-05 16:17:47] Witty Pi daemon (v2.56) is started.
[2017-12-05 16:17:50] Synchronizing time between system and Witty Pi...
[2017-12-05 16:17:50] Writing RTC time to system...
[2017-12-05 17:00:14] Done :-)
[2017-12-05 17:00:19] Schedule next shutdown at: 2017-12-05 17:15:00
[2017-12-05 17:00:20] Schedule next startup at: 2017-12-05 18:00:00
[2017-12-05 17:00:21] Pending for incoming shutdown command...
[2017-12-05 17:00:24] Internet detected, apply NTP time to system and Witty Pi...
[2017-12-05 17:00:24] Writing system time to RTC...
[2017-12-05 17:00:25] Done :-)
[2017-12-05 17:17:41] Shutdown command is received...
[2017-12-05 17:17:41] Halting all processes and then shutdown Raspberry Pi...
[2017-12-05 17:17:48] Witty Pi daemon (v2.56) is started.
[2017-12-05 17:17:50] Synchronizing time between system and Witty Pi...
[2017-12-05 17:17:51] Writing RTC time to system...
[2017-12-05 18:00:15] Done :-)
[2017-12-05 18:00:19] Schedule next shutdown at: 2017-12-05 18:15:00
[2017-12-05 18:00:20] Schedule next startup at: 2017-12-05 19:00:00
[2017-12-05 18:00:21] Pending for incoming shutdown command...
[2017-12-05 18:00:25] Internet detected, apply NTP time to system and Witty Pi...
[2017-12-05 18:00:25] Writing system time to RTC...
[2017-12-05 18:00:26] Done :-)
[2017-12-05 18:17:42] Shutdown command is received...
[2017-12-05 18:17:42] Halting all processes and then shutdown Raspberry Pi...
[2017-12-05 18:17:48] Witty Pi daemon (v2.56) is started.
[2017-12-05 18:17:51] Synchronizing time between system and Witty Pi...
[2017-12-05 18:17:51] Writing RTC time to system...
[2017-12-05 19:00:14] Done :-)
[2017-12-05 19:00:18] Schedule next shutdown at: 2017-12-05 19:15:00
[2017-12-05 19:00:18] Schedule next startup at: 2017-12-06 07:00:00
[2017-12-05 19:00:20] Pending for incoming shutdown command...
[2017-12-05 19:00:24] Internet detected, apply NTP time to system and Witty Pi...
[2017-12-05 19:00:24] Writing system time to RTC...
[2017-12-05 19:00:25] Done :-)
[2017-12-05 19:17:42] Shutdown command is received...
[2017-12-05 19:17:42] Halting all processes and then shutdown Raspberry Pi...
[2017-12-05 19:17:49] Witty Pi daemon (v2.56) is started.
[2017-12-05 19:17:51] Synchronizing time between system and Witty Pi...
[2017-12-05 19:17:52] Writing RTC time to system...
[2017-12-06 07:00:14] Done :-)
[2017-12-06 07:00:18] Schedule next shutdown at: 2017-12-06 07:15:00
[2017-12-06 07:00:18] Schedule next startup at: 2017-12-06 08:00:00
[2017-12-06 07:00:20] Pending for incoming shutdown command...
[2017-12-06 07:00:24] Internet detected, apply NTP time to system and Witty Pi...
[2017-12-06 07:00:24] Writing system time to RTC...
[2017-12-06 07:00:25] Done :-)
[2017-12-06 07:17:43] Shutdown command is received...
[2017-12-06 07:17:43] Halting all processes and then shutdown Raspberry Pi...
[2017-12-06 07:17:50] Witty Pi daemon (v2.56) is started.
[2017-12-06 07:17:52] Synchronizing time between system and Witty Pi...
[2017-12-06 07:17:53] Writing RTC time to system...
[2017-12-06 08:00:15] Done :-)
[2017-12-06 08:00:19] Schedule next shutdown at: 2017-12-06 08:15:00
[2017-12-06 08:00:19] Schedule next startup at: 2017-12-06 09:00:00
[2017-12-06 08:00:21] Pending for incoming shutdown command...
[2017-12-06 08:00:25] Internet detected, apply NTP time to system and Witty Pi...
[2017-12-06 08:00:25] Writing system time to RTC...
[2017-12-06 08:00:26] Done :-)
[2017-12-06 08:17:43] Shutdown command is received...
[2017-12-06 08:17:43] Halting all processes and then shutdown Raspberry Pi...
[2017-12-06 08:17:50] Witty Pi daemon (v2.56) is started.
[2017-12-06 08:17:53] Synchronizing time between system and Witty Pi...
[2017-12-06 08:17:54] Writing RTC time to system...
[2017-12-06 09:00:15] Done :-)
[2017-12-06 09:00:19] Schedule next shutdown at: 2017-12-06 09:15:00
[2017-12-06 09:00:19] Schedule next startup at: 2017-12-06 10:00:00
[2017-12-06 09:00:21] Pending for incoming shutdown command...
[2017-12-06 09:00:25] Internet detected, apply NTP time to system and Witty Pi...
[2017-12-06 09:00:25] Writing system time to RTC...
[2017-12-06 09:00:26] Done :-)
[2017-12-06 09:17:44] Shutdown command is received...
[2017-12-06 09:17:44] Halting all processes and then shutdown Raspberry Pi...
[2017-12-06 09:17:51] Witty Pi daemon (v2.56) is started.
[2017-12-06 09:17:53] Synchronizing time between system and Witty Pi...
[2017-12-06 09:17:54] Writing RTC time to system...
[2017-12-06 10:00:15] Done :-)
[2017-12-06 10:00:19] Schedule next shutdown at: 2017-12-06 10:15:00
[2017-12-06 10:00:19] Schedule next startup at: 2017-12-06 11:00:00
[2017-12-06 10:00:21] Pending for incoming shutdown command...
[2017-12-06 10:00:25] Internet detected, apply NTP time to system and Witty Pi...
[2017-12-06 10:00:25] Writing system time to RTC...
[2017-12-06 10:00:26] Done :-)
[2017-12-06 10:17:44] Shutdown command is received...
[2017-12-06 10:17:44] Halting all processes and then shutdown Raspberry Pi...
[2017-12-06 10:17:51] Witty Pi daemon (v2.56) is started.
[2017-12-06 10:17:53] Synchronizing time between system and Witty Pi...
[2017-12-06 10:17:54] Writing RTC time to system...
[2017-12-06 11:00:14] Done :-)
[2017-12-06 11:00:18] Schedule next shutdown at: 2017-12-06 11:15:00
[2017-12-06 11:00:18] Schedule next startup at: 2017-12-06 12:00:00
[2017-12-06 11:00:20] Pending for incoming shutdown command...
[2017-12-06 11:00:24] Internet detected, apply NTP time to system and Witty Pi...
[2017-12-06 11:00:24] Writing system time to RTC...
[2017-12-06 11:00:25] Done :-)
[2017-12-06 11:17:45] Shutdown command is received...
[2017-12-06 11:17:45] Halting all processes and then shutdown Raspberry Pi...
[2017-12-06 11:17:51] Witty Pi daemon (v2.56) is started.
[2017-12-06 11:17:53] Synchronizing time between system and Witty Pi...
[2017-12-06 11:17:54] Writing RTC time to system...
[2017-12-06 12:00:14] Done :-)
[2017-12-06 12:00:17] Schedule next shutdown at: 2017-12-06 12:15:00
[2017-12-06 12:00:18] Schedule next startup at: 2017-12-06 13:00:00
[2017-12-06 12:00:20] Pending for incoming shutdown command...
[2017-12-06 12:00:24] Internet detected, apply NTP time to system and Witty Pi...
[2017-12-06 12:00:24] Writing system time to RTC...
[2017-12-06 12:00:25] Done :-)
[2017-12-06 12:17:45] Shutdown command is received...
[2017-12-06 12:17:45] Halting all processes and then shutdown Raspberry Pi...
[2017-12-06 12:17:52] Witty Pi daemon (v2.56) is started.
[2017-12-06 12:17:54] Synchronizing time between system and Witty Pi...
[2017-12-06 12:17:54] Writing RTC time to system...
[2017-12-06 13:00:14] Done :-)
[2017-12-06 13:00:17] Schedule next shutdown at: 2017-12-06 13:15:00
[2017-12-06 13:00:18] Schedule next startup at: 2017-12-06 14:00:00
[2017-12-06 13:00:20] Pending for incoming shutdown command...
[2017-12-06 13:00:24] Internet detected, apply NTP time to system and Witty Pi...
[2017-12-06 13:00:24] Writing system time to RTC...
[2017-12-06 13:00:25] Done :-)
[2017-12-06 13:17:46] Shutdown command is received...
[2017-12-06 13:17:46] Halting all processes and then shutdown Raspberry Pi...
[2017-12-06 13:17:52] Witty Pi daemon (v2.56) is started.
[2017-12-06 13:17:55] Synchronizing time between system and Witty Pi...
[2017-12-06 13:17:55] Writing RTC time to system...
[2017-12-06 14:00:14] Done :-)
[2017-12-06 14:00:17] Schedule next shutdown at: 2017-12-06 14:15:00
[2017-12-06 14:00:18] Schedule next startup at: 2017-12-06 15:00:00
[2017-12-06 14:00:20] Pending for incoming shutdown command...
[2017-12-06 14:00:24] Internet detected, apply NTP time to system and Witty Pi...
[2017-12-06 14:00:24] Writing system time to RTC...
[2017-12-06 14:00:25] Done :-)
[2017-12-06 14:17:46] Shutdown command is received...
[2017-12-06 14:17:46] Halting all processes and then shutdown Raspberry Pi...
[2017-12-06 14:17:53] Witty Pi daemon (v2.56) is started.
[2017-12-06 14:17:55] Synchronizing time between system and Witty Pi...
[2017-12-06 14:17:56] Writing RTC time to system...
[2017-12-06 15:00:14] Done :-)
[2017-12-06 15:00:17] Schedule next shutdown at: 2017-12-06 15:15:00
[2017-12-06 15:00:18] Schedule next startup at: 2017-12-06 16:00:00
[2017-12-06 15:00:20] Pending for incoming shutdown command...
[2017-12-06 15:00:24] Internet detected, apply NTP time to system and Witty Pi...
[2017-12-06 15:00:24] Writing system time to RTC...
[2017-12-06 15:00:25] Done :-)
[2017-12-06 15:17:47] Shutdown command is received...
[2017-12-06 15:17:47] Halting all processes and then shutdown Raspberry Pi...
[2017-12-06 15:17:54] Witty Pi daemon (v2.56) is started.
[2017-12-06 15:17:56] Synchronizing time between system and Witty Pi...
[2017-12-06 15:17:57] Writing RTC time to system...
[2017-12-06 16:00:15] Done :-)
[2017-12-06 16:00:19] Schedule next shutdown at: 2017-12-06 16:15:00
[2017-12-06 16:00:20] Schedule next startup at: 2017-12-06 17:00:00
[2017-12-06 16:00:21] Pending for incoming shutdown command...
[2017-12-06 16:00:25] Internet detected, apply NTP time to system and Witty Pi...
[2017-12-06 16:00:25] Writing system time to RTC...
[2017-12-06 16:00:26] Done :-)
[2017-12-06 16:17:47] Shutdown command is received...
[2017-12-06 16:17:47] Halting all processes and then shutdown Raspberry Pi...
[2017-12-06 16:17:54] Witty Pi daemon (v2.56) is started.
[2017-12-06 16:17:57] Synchronizing time between system and Witty Pi...
[2017-12-06 16:17:58] Writing RTC time to system...
[2017-12-06 17:00:15] Done :-)
[2017-12-06 17:00:19] Schedule next shutdown at: 2017-12-06 17:15:00
[2017-12-06 17:00:20] Schedule next startup at: 2017-12-06 18:00:00
[2017-12-06 17:00:21] Pending for incoming shutdown command...
[2017-12-06 17:00:25] Internet detected, apply NTP time to system and Witty Pi...
[2017-12-06 17:00:25] Writing system time to RTC...
[2017-12-06 17:00:26] Done :-)
[2017-12-06 17:17:48] Shutdown command is received...
[2017-12-06 17:17:48] Halting all processes and then shutdown Raspberry Pi...
[2017-12-06 17:17:54] Witty Pi daemon (v2.56) is started.
[2017-12-06 17:17:57] Synchronizing time between system and Witty Pi...
[2017-12-06 17:17:57] Writing RTC time to system...
[2017-12-06 18:00:14] Done :-)
[2017-12-06 18:00:18] Schedule next shutdown at: 2017-12-06 18:15:00
[2017-12-06 18:00:18] Schedule next startup at: 2017-12-06 19:00:00
[2017-12-06 18:00:20] Pending for incoming shutdown command...
[2017-12-06 18:00:24] Internet detected, apply NTP time to system and Witty Pi...
[2017-12-06 18:00:24] Writing system time to RTC...
[2017-12-06 18:00:25] Done :-)
[2017-12-06 18:17:48] Shutdown command is received...
[2017-12-06 18:17:48] Halting all processes and then shutdown Raspberry Pi...
[2017-12-06 18:17:55] Witty Pi daemon (v2.56) is started.
[2017-12-06 18:17:57] Synchronizing time between system and Witty Pi...
[2017-12-06 18:17:57] Writing RTC time to system...
[2017-12-06 19:00:14] Done :-)
[2017-12-06 19:00:17] Schedule next shutdown at: 2017-12-06 19:15:00
[2017-12-06 19:00:18] Schedule next startup at: 2017-12-07 07:00:00
[2017-12-06 19:00:20] Pending for incoming shutdown command...
[2017-12-06 19:00:24] Internet detected, apply NTP time to system and Witty Pi...
[2017-12-06 19:00:24] Writing system time to RTC...
[2017-12-06 19:00:25] Done :-)
[2017-12-06 19:17:49] Shutdown command is received...
[2017-12-06 19:17:49] Halting all processes and then shutdown Raspberry Pi...
[2017-12-06 19:17:55] Witty Pi daemon (v2.56) is started.
[2017-12-06 19:17:58] Synchronizing time between system and Witty Pi...
[2017-12-06 19:17:58] Writing RTC time to system...
[2017-12-07 07:00:14] Done :-)
[2017-12-07 07:00:18] Schedule next shutdown at: 2017-12-07 07:15:00
[2017-12-07 07:00:18] Schedule next startup at: 2017-12-07 08:00:00
[2017-12-07 07:00:20] Pending for incoming shutdown command...
[2017-12-07 07:00:24] Internet detected, apply NTP time to system and Witty Pi...
[2017-12-07 07:00:24] Writing system time to RTC...
[2017-12-07 07:00:25] Done :-)
[2017-12-07 07:17:49] Shutdown command is received...
[2017-12-07 07:17:49] Halting all processes and then shutdown Raspberry Pi...
[2017-12-07 07:17:55] Witty Pi daemon (v2.56) is started.
[2017-12-07 07:17:58] Synchronizing time between system and Witty Pi...
[2017-12-07 07:17:58] Writing RTC time to system...
[2017-12-07 08:00:14] Done :-)
[2017-12-07 08:00:17] Schedule next shutdown at: 2017-12-07 08:15:00
[2017-12-07 08:00:18] Schedule next startup at: 2017-12-07 09:00:00
[2017-12-07 08:00:20] Pending for incoming shutdown command...
[2017-12-07 08:00:24] Internet detected, apply NTP time to system and Witty Pi...
[2017-12-07 08:00:24] Writing system time to RTC...
[2017-12-07 08:00:25] Done :-)
[2017-12-07 08:17:50] Shutdown command is received...
[2017-12-07 08:17:50] Halting all processes and then shutdown Raspberry Pi...
[2017-12-07 08:17:56] Witty Pi daemon (v2.56) is started.
[2017-12-07 08:17:58] Synchronizing time between system and Witty Pi...
[2017-12-07 08:17:59] Writing RTC time to system...
[2017-12-07 09:00:14] Done :-)
[2017-12-07 09:00:17] Schedule next shutdown at: 2017-12-07 09:15:00
[2017-12-07 09:00:18] Schedule next startup at: 2017-12-07 10:00:00
[2017-12-07 09:00:20] Pending for incoming shutdown command...
[2017-12-07 09:00:24] Internet detected, apply NTP time to system and Witty Pi...
[2017-12-07 09:00:24] Writing system time to RTC...
[2017-12-07 09:00:25] Done :-)
[2017-12-07 09:17:50] Shutdown command is received...
[2017-12-07 09:17:50] Halting all processes and then shutdown Raspberry Pi...
[2017-12-07 09:17:57] Witty Pi daemon (v2.56) is started.
[2017-12-07 09:17:59] Synchronizing time between system and Witty Pi...
[2017-12-07 09:18:00] Writing RTC time to system...
[2017-12-07 10:00:15] Done :-)
[2017-12-07 10:00:19] Schedule next shutdown at: 2017-12-07 10:15:00
[2017-12-07 10:00:19] Schedule next startup at: 2017-12-07 11:00:00
[2017-12-07 10:00:21] Pending for incoming shutdown command...
[2017-12-07 10:00:25] Internet detected, apply NTP time to system and Witty Pi...
[2017-12-07 10:00:25] Writing system time to RTC...
[2017-12-07 10:00:26] Done :-)
[2017-12-07 10:17:51] Shutdown command is received...
[2017-12-07 10:17:51] Halting all processes and then shutdown Raspberry Pi...
[2017-12-07 10:17:58] Witty Pi daemon (v2.56) is started.
[2017-12-07 10:18:00] Synchronizing time between system and Witty Pi...
[2017-12-07 10:18:01] Writing RTC time to system...
[2017-12-07 11:00:15] Done :-)
[2017-12-07 11:00:19] Schedule next shutdown at: 2017-12-07 11:15:00
[2017-12-07 11:00:19] Schedule next startup at: 2017-12-07 12:00:00
[2017-12-07 11:00:21] Pending for incoming shutdown command...
[2017-12-07 11:00:25] Internet detected, apply NTP time to system and Witty Pi...
[2017-12-07 11:00:25] Writing system time to RTC...
[2017-12-07 11:00:26] Done :-)
[2017-12-07 11:17:51] Shutdown command is received...
[2017-12-07 11:17:51] Halting all processes and then shutdown Raspberry Pi...
[2017-12-07 11:17:58] Witty Pi daemon (v2.56) is started.
[2017-12-07 11:18:00] Synchronizing time between system and Witty Pi...
[2017-12-07 11:18:01] Writing RTC time to system...
[2017-12-07 12:00:14] Done :-)
[2017-12-07 12:00:17] Schedule next shutdown at: 2017-12-07 12:15:00
[2017-12-07 12:00:18] Schedule next startup at: 2017-12-07 13:00:00
[2017-12-07 12:00:20] Pending for incoming shutdown command...
[2017-12-07 12:00:24] Internet detected, apply NTP time to system and Witty Pi...
[2017-12-07 12:00:24] Writing system time to RTC...
[2017-12-07 12:00:25] Done :-)
[2017-12-07 12:17:52] Shutdown command is received...
[2017-12-07 12:17:52] Halting all processes and then shutdown Raspberry Pi...
[2017-12-07 12:17:59] Witty Pi daemon (v2.56) is started.
[2017-12-07 12:18:01] Synchronizing time between system and Witty Pi...
[2017-12-07 12:18:02] Writing RTC time to system...
[2017-12-07 13:00:15] Done :-)
[2017-12-07 13:00:19] Schedule next shutdown at: 2017-12-07 13:15:00
[2017-12-07 13:00:20] Schedule next startup at: 2017-12-07 14:00:00
[2017-12-07 13:00:21] Pending for incoming shutdown command...
[2017-12-07 13:00:25] Internet detected, apply NTP time to system and Witty Pi...
[2017-12-07 13:00:25] Writing system time to RTC...
[2017-12-07 13:00:26] Done :-)
[2017-12-07 13:17:52] Shutdown command is received...
[2017-12-07 13:17:52] Halting all processes and then shutdown Raspberry Pi...
[2017-12-07 13:17:59] Witty Pi daemon (v2.56) is started.
[2017-12-07 13:18:01] Synchronizing time between system and Witty Pi...
[2017-12-07 13:18:02] Writing RTC time to system...
[2017-12-07 14:00:15] Done :-)
[2017-12-07 14:00:19] Schedule next shutdown at: 2017-12-07 14:15:00
[2017-12-07 14:00:20] Schedule next startup at: 2017-12-07 15:00:00
[2017-12-07 14:00:21] Pending for incoming shutdown command...
[2017-12-07 14:00:25] Internet detected, apply NTP time to system and Witty Pi...
[2017-12-07 14:00:25] Writing system time to RTC...
[2017-12-07 14:00:26] Done :-)
[2017-12-07 14:17:53] Shutdown command is received...
[2017-12-07 14:17:53] Halting all processes and then shutdown Raspberry Pi...
[2017-12-07 14:18:00] Witty Pi daemon (v2.56) is started.
[2017-12-07 14:18:02] Synchronizing time between system and Witty Pi...
[2017-12-07 14:18:03] Writing RTC time to system...
[2017-12-07 15:00:15] Done :-)
[2017-12-07 15:00:19] Schedule next shutdown at: 2017-12-07 15:15:00
[2017-12-07 15:00:19] Schedule next startup at: 2017-12-07 16:00:00
[2017-12-07 15:00:21] Pending for incoming shutdown command...
[2017-12-07 15:00:25] Internet detected, apply NTP time to system and Witty Pi...
[2017-12-07 15:00:25] Writing system time to RTC...
[2017-12-07 15:00:26] Done :-)
[2017-12-07 15:17:53] Shutdown command is received...
[2017-12-07 15:17:53] Halting all processes and then shutdown Raspberry Pi...
[2017-12-07 15:18:00] Witty Pi daemon (v2.56) is started.
[2017-12-07 15:18:02] Synchronizing time between system and Witty Pi...
[2017-12-07 15:18:03] Writing RTC time to system...
[2017-12-07 16:00:14] Done :-)
[2017-12-07 16:00:18] Schedule next shutdown at: 2017-12-07 16:15:00
[2017-12-07 16:00:18] Schedule next startup at: 2017-12-07 17:00:00
[2017-12-07 16:00:20] Pending for incoming shutdown command...
[2017-12-07 16:00:24] Internet detected, apply NTP time to system and Witty Pi...
[2017-12-07 16:00:24] Writing system time to RTC...
[2017-12-07 16:00:25] Done :-)
[2017-12-07 16:17:54] Shutdown command is received...
[2017-12-07 16:17:54] Halting all processes and then shutdown Raspberry Pi...
[2017-12-07 16:18:01] Witty Pi daemon (v2.56) is started.
[2017-12-07 16:18:03] Synchronizing time between system and Witty Pi...
[2017-12-07 16:18:04] Writing RTC time to system...
[2017-12-07 17:00:15] Done :-)
[2017-12-07 17:00:19] Schedule next shutdown at: 2017-12-07 17:15:00
[2017-12-07 17:00:20] Schedule next startup at: 2017-12-07 18:00:00
[2017-12-07 17:00:21] Pending for incoming shutdown command...
[2017-12-07 17:00:25] Internet detected, apply NTP time to system and Witty Pi...
[2017-12-07 17:00:25] Writing system time to RTC...
[2017-12-07 17:00:26] Done :-)
[2017-12-07 17:17:54] Shutdown command is received...
[2017-12-07 17:17:54] Halting all processes and then shutdown Raspberry Pi...
[2017-12-07 17:18:01] Witty Pi daemon (v2.56) is started.
[2017-12-07 17:18:03] Synchronizing time between system and Witty Pi...
[2017-12-07 17:18:03] Writing RTC time to system...
[2017-12-07 18:00:14] Done :-)
[2017-12-07 18:00:18] Schedule next shutdown at: 2017-12-07 18:15:00
[2017-12-07 18:00:18] Schedule next startup at: 2017-12-07 19:00:00
[2017-12-07 18:00:20] Pending for incoming shutdown command...
[2017-12-07 18:00:24] Internet detected, apply NTP time to system and Witty Pi...
[2017-12-07 18:00:24] Writing system time to RTC...
[2017-12-07 18:00:25] Done :-)
[2017-12-07 18:17:55] Shutdown command is received...
[2017-12-07 18:17:55] Halting all processes and then shutdown Raspberry Pi...
[2017-12-07 18:18:01] Witty Pi daemon (v2.56) is started.
[2017-12-07 18:18:03] Synchronizing time between system and Witty Pi...
[2017-12-07 18:18:04] Writing RTC time to system...
[2017-12-07 19:00:14] Done :-)
[2017-12-07 19:00:18] Schedule next shutdown at: 2017-12-07 19:15:00
[2017-12-07 19:00:18] Schedule next startup at: 2017-12-08 07:00:00
[2017-12-07 19:00:20] Pending for incoming shutdown command...
[2017-12-07 19:00:24] Internet detected, apply NTP time to system and Witty Pi...
[2017-12-07 19:00:24] Writing system time to RTC...
[2017-12-07 19:00:25] Done :-)
[2017-12-07 19:17:55] Shutdown command is received...
[2017-12-07 19:17:55] Halting all processes and then shutdown Raspberry Pi...
[2017-12-07 19:18:02] Witty Pi daemon (v2.56) is started.
[2017-12-07 19:18:04] Synchronizing time between system and Witty Pi...
[2017-12-07 19:18:05] Writing RTC time to system...
[2017-12-08 07:00:14] Done :-)
[2017-12-08 07:00:18] Schedule next shutdown at: 2017-12-08 07:15:00
[2017-12-08 07:00:18] Schedule next startup at: 2017-12-08 08:00:00
[2017-12-08 07:00:20] Pending for incoming shutdown command...
[2017-12-08 07:00:24] Internet detected, apply NTP time to system and Witty Pi...
[2017-12-08 07:00:24] Writing system time to RTC...
[2017-12-08 07:00:25] Done :-)
[2017-12-08 07:17:56] Shutdown command is received...
[2017-12-08 07:17:56] Halting all processes and then shutdown Raspberry Pi...
[2017-12-08 07:18:02] Witty Pi daemon (v2.56) is started.
[2017-12-08 07:18:05] Synchronizing time between system and Witty Pi...
[2017-12-08 07:18:05] Writing RTC time to system...
[2017-12-08 08:00:14] Done :-)
[2017-12-08 08:00:17] Schedule next shutdown at: 2017-12-08 08:15:00
[2017-12-08 08:00:18] Schedule next startup at: 2017-12-08 09:00:00
[2017-12-08 08:00:20] Pending for incoming shutdown command...
[2017-12-08 08:00:24] Internet detected, apply NTP time to system and Witty Pi...
[2017-12-08 08:00:24] Writing system time to RTC...
[2017-12-08 08:00:25] Done :-)
[2017-12-08 08:17:56] Shutdown command is received...
[2017-12-08 08:17:56] Halting all processes and then shutdown Raspberry Pi...
[2017-12-08 08:18:03] Witty Pi daemon (v2.56) is started.
[2017-12-08 08:18:05] Synchronizing time between system and Witty Pi...
[2017-12-08 08:18:05] Writing RTC time to system...
[2017-12-08 09:00:14] Done :-)
[2017-12-08 09:00:17] Schedule next shutdown at: 2017-12-08 09:15:00
[2017-12-08 09:00:18] Schedule next startup at: 2017-12-08 10:00:00
[2017-12-08 09:00:20] Pending for incoming shutdown command...
[2017-12-08 09:00:24] Internet detected, apply NTP time to system and Witty Pi...
[2017-12-08 09:00:24] Writing system time to RTC...
[2017-12-08 09:00:25] Done :-)
[2017-12-08 09:17:57] Shutdown command is received...
[2017-12-08 09:17:57] Halting all processes and then shutdown Raspberry Pi...
[2017-12-08 09:18:04] Witty Pi daemon (v2.56) is started.
[2017-12-08 09:18:06] Synchronizing time between system and Witty Pi...
[2017-12-08 09:18:07] Writing RTC time to system...
[2017-12-08 10:00:15] Done :-)
[2017-12-08 10:00:19] Schedule next shutdown at: 2017-12-08 10:15:00
[2017-12-08 10:00:19] Schedule next startup at: 2017-12-08 11:00:00
[2017-12-08 10:00:21] Pending for incoming shutdown command...
[2017-12-08 10:00:25] Internet detected, apply NTP time to system and Witty Pi...
[2017-12-08 10:00:25] Writing system time to RTC...
[2017-12-08 10:00:26] Done :-)
[2017-12-08 10:17:57] Shutdown command is received...
[2017-12-08 10:17:57] Halting all processes and then shutdown Raspberry Pi...
[2017-12-08 10:18:04] Witty Pi daemon (v2.56) is started.
[2017-12-08 10:18:07] Synchronizing time between system and Witty Pi...
[2017-12-08 10:18:07] Writing RTC time to system...
[2017-12-08 11:00:15] Done :-)
[2017-12-08 11:00:19] Schedule next shutdown at: 2017-12-08 11:15:00
[2017-12-08 11:00:19] Schedule next startup at: 2017-12-08 12:00:00
[2017-12-08 11:00:21] Pending for incoming shutdown command...
[2017-12-08 11:00:25] Internet detected, apply NTP time to system and Witty Pi...
[2017-12-08 11:00:25] Writing system time to RTC...
[2017-12-08 11:00:26] Done :-)
[2017-12-08 11:17:58] Shutdown command is received...
[2017-12-08 11:17:58] Halting all processes and then shutdown Raspberry Pi...
[2017-12-08 11:18:04] Witty Pi daemon (v2.56) is started.
[2017-12-08 11:18:06] Synchronizing time between system and Witty Pi...
[2017-12-08 11:18:07] Writing RTC time to system...
[2017-12-08 12:00:14] Done :-)
[2017-12-08 12:00:17] Schedule next shutdown at: 2017-12-08 12:15:00
[2017-12-08 12:00:18] Schedule next startup at: 2017-12-08 13:00:00
[2017-12-08 12:00:20] Pending for incoming shutdown command...
[2017-12-08 12:00:24] Internet detected, apply NTP time to system and Witty Pi...
[2017-12-08 12:00:24] Writing system time to RTC...
[2017-12-08 12:00:25] Done :-)
[2017-12-08 12:17:58] Shutdown command is received...
[2017-12-08 12:17:58] Halting all processes and then shutdown Raspberry Pi...
[2017-12-08 12:18:04] Witty Pi daemon (v2.56) is started.
[2017-12-08 12:18:07] Synchronizing time between system and Witty Pi...
[2017-12-08 12:18:07] Writing RTC time to system...
[2017-12-08 13:00:14] Done :-)
[2017-12-08 13:00:18] Schedule next shutdown at: 2017-12-08 13:15:00
[2017-12-08 13:00:18] Schedule next startup at: 2017-12-08 14:00:00
[2017-12-08 13:00:20] Pending for incoming shutdown command...
[2017-12-08 13:00:24] Internet detected, apply NTP time to system and Witty Pi...
[2017-12-08 13:00:24] Writing system time to RTC...
[2017-12-08 13:00:25] Done :-)
[2017-12-08 13:17:59] Shutdown command is received...
[2017-12-08 13:17:59] Halting all processes and then shutdown Raspberry Pi...
[2017-12-08 13:18:06] Witty Pi daemon (v2.56) is started.
[2017-12-08 13:18:08] Synchronizing time between system and Witty Pi...
[2017-12-08 13:18:09] Writing RTC time to system...
[2017-12-08 14:00:15] Done :-)
[2017-12-08 14:00:17] Schedule next shutdown at: 2017-12-08 14:15:00
[2017-12-08 14:00:18] Schedule next startup at: 2017-12-08 15:00:00
[2017-12-08 14:00:20] Pending for incoming shutdown command...
[2017-12-08 14:00:25] Internet detected, apply NTP time to system and Witty Pi...
[2017-12-08 14:00:25] Writing system time to RTC...
[2017-12-08 14:00:26] Done :-)
[2017-12-08 14:17:59] Shutdown command is received...
[2017-12-08 14:17:59] Halting all processes and then shutdown Raspberry Pi...
[2017-12-08 14:18:06] Witty Pi daemon (v2.56) is started.
[2017-12-08 14:18:08] Synchronizing time between system and Witty Pi...
[2017-12-08 14:18:09] Writing RTC time to system...
[2017-12-08 15:00:14] Done :-)
[2017-12-08 15:00:18] Schedule next shutdown at: 2017-12-08 15:15:00
[2017-12-08 15:00:18] Schedule next startup at: 2017-12-08 16:00:00
[2017-12-08 15:00:20] Pending for incoming shutdown command...
[2017-12-08 15:00:24] Internet detected, apply NTP time to system and Witty Pi...
[2017-12-08 15:00:24] Writing system time to RTC...
[2017-12-08 15:00:25] Done :-)
[2017-12-08 15:18:00] Shutdown command is received...
[2017-12-08 15:18:00] Halting all processes and then shutdown Raspberry Pi...
[2017-12-08 15:18:06] Witty Pi daemon (v2.56) is started.
[2017-12-08 15:18:08] Synchronizing time between system and Witty Pi...
[2017-12-08 15:18:09] Writing RTC time to system...
[2017-12-08 16:00:14] Done :-)
[2017-12-08 16:00:17] Schedule next shutdown at: 2017-12-08 16:15:00
[2017-12-08 16:00:18] Schedule next startup at: 2017-12-08 17:00:00
[2017-12-08 16:00:20] Pending for incoming shutdown command...
[2017-12-08 16:00:24] Internet detected, apply NTP time to system and Witty Pi...
[2017-12-08 16:00:24] Writing system time to RTC...
[2017-12-08 16:00:25] Done :-)
[2017-12-08 16:18:00] Shutdown command is received...
[2017-12-08 16:18:00] Halting all processes and then shutdown Raspberry Pi...
[2017-12-08 16:18:07] Witty Pi daemon (v2.56) is started.
[2017-12-08 16:18:09] Synchronizing time between system and Witty Pi...
[2017-12-08 16:18:10] Writing RTC time to system...
[2017-12-08 17:00:14] Done :-)
[2017-12-08 17:00:18] Schedule next shutdown at: 2017-12-08 17:15:00
[2017-12-08 17:00:18] Schedule next startup at: 2017-12-08 18:00:00
[2017-12-08 17:00:20] Pending for incoming shutdown command...
[2017-12-08 17:00:24] Internet detected, apply NTP time to system and Witty Pi...
[2017-12-08 17:00:24] Writing system time to RTC...
[2017-12-08 17:00:25] Done :-)
[2017-12-08 17:18:01] Shutdown command is received...
[2017-12-08 17:18:01] Halting all processes and then shutdown Raspberry Pi...
[2017-12-08 17:18:07] Witty Pi daemon (v2.56) is started.
[2017-12-08 17:18:10] Synchronizing time between system and Witty Pi...
[2017-12-08 17:18:10] Writing RTC time to system...
[2017-12-08 18:00:14] Done :-)
[2017-12-08 18:00:18] Schedule next shutdown at: 2017-12-08 18:15:00
[2017-12-08 18:00:18] Schedule next startup at: 2017-12-08 19:00:00
[2017-12-08 18:00:20] Pending for incoming shutdown command...
[2017-12-08 18:00:24] Internet detected, apply NTP time to system and Witty Pi...
[2017-12-08 18:00:24] Writing system time to RTC...
[2017-12-08 18:00:25] Done :-)
[2017-12-08 18:18:01] Shutdown command is received...
[2017-12-08 18:18:01] Halting all processes and then shutdown Raspberry Pi...
[2017-12-08 18:18:08] Witty Pi daemon (v2.56) is started.
[2017-12-08 18:18:10] Synchronizing time between system and Witty Pi...
[2017-12-08 18:18:11] Writing RTC time to system...
[2017-12-08 19:00:14] Done :-)
[2017-12-08 19:00:18] Schedule next shutdown at: 2017-12-08 19:15:00
[2017-12-08 19:00:18] Schedule next startup at: 2017-12-09 07:00:00
[2017-12-08 19:00:20] Pending for incoming shutdown command...
[2017-12-08 19:00:24] Internet detected, apply NTP time to system and Witty Pi...
[2017-12-08 19:00:24] Writing system time to RTC...
[2017-12-08 19:00:25] Done :-)
[2017-12-08 19:18:02] Shutdown command is received...
[2017-12-08 19:18:02] Halting all processes and then shutdown Raspberry Pi...
[2017-12-08 19:18:08] Witty Pi daemon (v2.56) is started.
[2017-12-08 19:18:11] Synchronizing time between system and Witty Pi...
[2017-12-08 19:18:12] Writing RTC time to system...
[2017-12-09 07:00:15] Done :-)
[2017-12-09 07:00:19] Schedule next shutdown at: 2017-12-09 07:15:00
[2017-12-09 07:00:19] Schedule next startup at: 2017-12-09 08:00:00
[2017-12-09 07:00:21] Pending for incoming shutdown command...
[2017-12-09 07:00:25] Internet detected, apply NTP time to system and Witty Pi...
[2017-12-09 07:00:25] Writing system time to RTC...
[2017-12-09 07:00:26] Done :-)
[2017-12-09 07:18:02] Shutdown command is received...
[2017-12-09 07:18:02] Halting all processes and then shutdown Raspberry Pi...
[2017-12-09 07:18:08] Witty Pi daemon (v2.56) is started.
[2017-12-09 07:18:11] Synchronizing time between system and Witty Pi...
[2017-12-09 07:18:11] Writing RTC time to system...
[2017-12-09 08:00:14] Done :-)
[2017-12-09 08:00:18] Schedule next shutdown at: 2017-12-09 08:15:00
[2017-12-09 08:00:18] Schedule next startup at: 2017-12-09 09:00:00
[2017-12-09 08:00:20] Pending for incoming shutdown command...
[2017-12-09 08:00:24] Internet detected, apply NTP time to system and Witty Pi...
[2017-12-09 08:00:24] Writing system time to RTC...
[2017-12-09 08:00:25] Done :-)
[2017-12-09 08:18:02] Shutdown command is received...
[2017-12-09 08:18:03] Halting all processes and then shutdown Raspberry Pi...
[2017-12-09 08:18:09] Witty Pi daemon (v2.56) is started.
[2017-12-09 08:18:12] Synchronizing time between system and Witty Pi...
[2017-12-09 08:18:13] Writing RTC time to system...
[2017-12-09 09:00:15] Done :-)
[2017-12-09 09:00:19] Schedule next shutdown at: 2017-12-09 09:15:00
[2017-12-09 09:00:19] Schedule next startup at: 2017-12-09 10:00:00
[2017-12-09 09:00:21] Pending for incoming shutdown command...
[2017-12-09 09:00:25] Internet detected, apply NTP time to system and Witty Pi...
[2017-12-09 09:00:25] Writing system time to RTC...
[2017-12-09 09:00:26] Done :-)
[2017-12-09 09:18:03] Shutdown command is received...
[2017-12-09 09:18:03] Halting all processes and then shutdown Raspberry Pi...
[2017-12-09 09:18:10] Witty Pi daemon (v2.56) is started.
[2017-12-09 09:18:12] Synchronizing time between system and Witty Pi...
[2017-12-09 09:18:12] Writing RTC time to system...
[2017-12-09 10:00:14] Done :-)
[2017-12-09 10:00:17] Schedule next shutdown at: 2017-12-09 10:15:00
[2017-12-09 10:00:18] Schedule next startup at: 2017-12-09 11:00:00
[2017-12-09 10:00:20] Pending for incoming shutdown command...
[2017-12-09 10:00:24] Internet detected, apply NTP time to system and Witty Pi...
[2017-12-09 10:00:24] Writing system time to RTC...
[2017-12-09 10:00:25] Done :-)
[2017-12-09 10:18:03] Shutdown command is received...
[2017-12-09 10:18:04] Halting all processes and then shutdown Raspberry Pi...
[2017-12-09 10:18:10] Witty Pi daemon (v2.56) is started.
[2017-12-09 10:18:13] Synchronizing time between system and Witty Pi...
[2017-12-09 10:18:13] Writing RTC time to system...
[2017-12-09 11:00:14] Done :-)
[2017-12-09 11:00:17] Schedule next shutdown at: 2017-12-09 11:15:00
[2017-12-09 11:00:18] Schedule next startup at: 2017-12-09 12:00:00
[2017-12-09 11:00:20] Pending for incoming shutdown command...
[2017-12-09 11:00:24] Internet detected, apply NTP time to system and Witty Pi...
[2017-12-09 11:00:24] Writing system time to RTC...
[2017-12-09 11:00:25] Done :-)
[2017-12-09 11:18:04] Shutdown command is received...
[2017-12-09 11:18:04] Halting all processes and then shutdown Raspberry Pi...
[2017-12-09 11:18:11] Witty Pi daemon (v2.56) is started.
[2017-12-09 11:18:13] Synchronizing time between system and Witty Pi...
[2017-12-09 11:18:14] Writing RTC time to system...
[2017-12-09 12:00:14] Done :-)
[2017-12-09 12:00:17] Schedule next shutdown at: 2017-12-09 12:15:00
[2017-12-09 12:00:18] Schedule next startup at: 2017-12-09 13:00:00
[2017-12-09 12:00:20] Pending for incoming shutdown command...
[2017-12-09 12:00:24] Internet detected, apply NTP time to system and Witty Pi...
[2017-12-09 12:00:24] Writing system time to RTC...
[2017-12-09 12:00:25] Done :-)
[2017-12-09 12:18:04] Shutdown command is received...
[2017-12-09 12:18:05] Halting all processes and then shutdown Raspberry Pi...
[2017-12-09 12:18:11] Witty Pi daemon (v2.56) is started.
[2017-12-09 12:18:13] Synchronizing time between system and Witty Pi...
[2017-12-09 12:18:14] Writing RTC time to system...
[2017-12-09 13:00:14] Done :-)
[2017-12-09 13:00:17] Schedule next shutdown at: 2017-12-09 13:15:00
[2017-12-09 13:00:18] Schedule next startup at: 2017-12-09 14:00:00
[2017-12-09 13:00:20] Pending for incoming shutdown command...
[2017-12-09 13:00:24] Internet detected, apply NTP time to system and Witty Pi...
[2017-12-09 13:00:24] Writing system time to RTC...
[2017-12-09 13:00:25] Done :-)
[2017-12-09 13:18:05] Shutdown command is received...
[2017-12-09 13:18:05] Halting all processes and then shutdown Raspberry Pi...
[2017-12-09 13:18:12] Witty Pi daemon (v2.56) is started.
[2017-12-09 13:18:15] Synchronizing time between system and Witty Pi...
[2017-12-09 13:18:16] Writing RTC time to system...
[2017-12-09 14:00:15] Done :-)
[2017-12-09 14:00:19] Schedule next shutdown at: 2017-12-09 14:15:00
[2017-12-09 14:00:20] Schedule next startup at: 2017-12-09 15:00:00
[2017-12-09 14:00:21] Pending for incoming shutdown command...
[2017-12-09 14:00:25] Internet detected, apply NTP time to system and Witty Pi...
[2017-12-09 14:00:25] Writing system time to RTC...
[2017-12-09 14:00:26] Done :-)
[2017-12-09 14:18:05] Shutdown command is received...
[2017-12-09 14:18:06] Halting all processes and then shutdown Raspberry Pi...
[2017-12-09 14:18:12] Witty Pi daemon (v2.56) is started.
[2017-12-09 14:18:14] Synchronizing time between system and Witty Pi...
[2017-12-09 14:18:15] Writing RTC time to system...
[2017-12-09 15:00:14] Done :-)
[2017-12-09 15:00:18] Schedule next shutdown at: 2017-12-09 15:15:00
[2017-12-09 15:00:18] Schedule next startup at: 2017-12-09 16:00:00
[2017-12-09 15:00:20] Pending for incoming shutdown command...
[2017-12-09 15:00:24] Internet detected, apply NTP time to system and Witty Pi...
[2017-12-09 15:00:24] Writing system time to RTC...
[2017-12-09 15:00:25] Done :-)
[2017-12-09 15:18:06] Shutdown command is received...
[2017-12-09 15:18:06] Halting all processes and then shutdown Raspberry Pi...
[2017-12-09 15:18:12] Witty Pi daemon (v2.56) is started.
[2017-12-09 15:18:15] Synchronizing time between system and Witty Pi...
[2017-12-09 15:18:15] Writing RTC time to system...
[2017-12-09 16:00:14] Done :-)
[2017-12-09 16:00:18] Schedule next shutdown at: 2017-12-09 16:15:00
[2017-12-09 16:00:18] Schedule next startup at: 2017-12-09 17:00:00
[2017-12-09 16:00:20] Pending for incoming shutdown command...
[2017-12-09 16:00:24] Internet detected, apply NTP time to system and Witty Pi...
[2017-12-09 16:00:24] Writing system time to RTC...
[2017-12-09 16:00:25] Done :-)
[2017-12-09 16:18:06] Shutdown command is received...
[2017-12-09 16:18:07] Halting all processes and then shutdown Raspberry Pi...
[2017-12-09 16:18:14] Witty Pi daemon (v2.56) is started.
[2017-12-09 16:18:16] Synchronizing time between system and Witty Pi...
[2017-12-09 16:18:17] Writing RTC time to system...
[2017-12-09 17:00:15] Done :-)
[2017-12-09 17:00:19] Schedule next shutdown at: 2017-12-09 17:15:00
[2017-12-09 17:00:19] Schedule next startup at: 2017-12-09 18:00:00
[2017-12-09 17:00:21] Pending for incoming shutdown command...
[2017-12-09 17:00:25] Internet detected, apply NTP time to system and Witty Pi...
[2017-12-09 17:00:25] Writing system time to RTC...
[2017-12-09 17:00:26] Done :-)
[2017-12-09 17:18:07] Shutdown command is received...
[2017-12-09 17:18:07] Halting all processes and then shutdown Raspberry Pi...
[2017-12-09 17:18:14] Witty Pi daemon (v2.56) is started.
[2017-12-09 17:18:17] Synchronizing time between system and Witty Pi...
[2017-12-09 17:18:18] Writing RTC time to system...
[2017-12-09 18:00:15] Done :-)
[2017-12-09 18:00:19] Schedule next shutdown at: 2017-12-09 18:15:00
[2017-12-09 18:00:19] Schedule next startup at: 2017-12-09 19:00:00
[2017-12-09 18:00:21] Pending for incoming shutdown command...
[2017-12-09 18:00:25] Internet detected, apply NTP time to system and Witty Pi...
[2017-12-09 18:00:25] Writing system time to RTC...
[2017-12-09 18:00:26] Done :-)
[2017-12-09 18:18:07] Shutdown command is received...
[2017-12-09 18:18:08] Halting all processes and then shutdown Raspberry Pi...
[2017-12-09 18:18:15] Witty Pi daemon (v2.56) is started.
[2017-12-09 18:18:17] Synchronizing time between system and Witty Pi...
[2017-12-09 18:18:18] Writing RTC time to system...
[2017-12-09 19:00:15] Done :-)
[2017-12-09 19:00:19] Schedule next shutdown at: 2017-12-09 19:15:00
[2017-12-09 19:00:20] Schedule next startup at: 2017-12-10 07:00:00
[2017-12-09 19:00:21] Pending for incoming shutdown command...
[2017-12-09 19:00:25] Internet detected, apply NTP time to system and Witty Pi...
[2017-12-09 19:00:25] Writing system time to RTC...
[2017-12-09 19:00:26] Done :-)
[2017-12-09 19:18:08] Shutdown command is received...
[2017-12-09 19:18:08] Halting all processes and then shutdown Raspberry Pi...
[2017-12-09 19:18:15] Witty Pi daemon (v2.56) is started.
[2017-12-09 19:18:17] Synchronizing time between system and Witty Pi...
[2017-12-09 19:18:17] Writing RTC time to system...
[2017-12-10 07:00:14] Done :-)
[2017-12-10 07:00:17] Schedule next shutdown at: 2017-12-10 07:15:00
[2017-12-10 07:00:18] Schedule next startup at: 2017-12-10 08:00:00
[2017-12-10 07:00:20] Pending for incoming shutdown command...
[2017-12-10 07:00:24] Internet detected, apply NTP time to system and Witty Pi...
[2017-12-10 07:00:24] Writing system time to RTC...
[2017-12-10 07:00:25] Done :-)
[2017-12-10 07:18:08] Shutdown command is received...
[2017-12-10 07:18:09] Halting all processes and then shutdown Raspberry Pi...
[2017-12-10 07:18:15] Witty Pi daemon (v2.56) is started.
[2017-12-10 07:18:17] Synchronizing time between system and Witty Pi...
[2017-12-10 07:18:18] Writing RTC time to system...
[2017-12-10 08:00:14] Done :-)
[2017-12-10 08:00:17] Schedule next shutdown at: 2017-12-10 08:15:00
[2017-12-10 08:00:18] Schedule next startup at: 2017-12-10 09:00:00
[2017-12-10 08:00:20] Pending for incoming shutdown command...
[2017-12-10 08:00:24] Internet detected, apply NTP time to system and Witty Pi...
[2017-12-10 08:00:24] Writing system time to RTC...
[2017-12-10 08:00:25] Done :-)
[2017-12-10 08:18:09] Shutdown command is received...
[2017-12-10 08:18:09] Halting all processes and then shutdown Raspberry Pi...
[2017-12-10 08:18:15] Witty Pi daemon (v2.56) is started.
[2017-12-10 08:18:18] Synchronizing time between system and Witty Pi...
[2017-12-10 08:18:18] Writing RTC time to system...
[2017-12-10 09:00:14] Done :-)
[2017-12-10 09:00:17] Schedule next shutdown at: 2017-12-10 09:15:00
[2017-12-10 09:00:18] Schedule next startup at: 2017-12-10 10:00:00
[2017-12-10 09:00:20] Pending for incoming shutdown command...
[2017-12-10 09:00:24] Internet detected, apply NTP time to system and Witty Pi...
[2017-12-10 09:00:24] Writing system time to RTC...
[2017-12-10 09:00:25] Done :-)
[2017-12-10 09:18:09] Shutdown command is received...
[2017-12-10 09:18:10] Halting all processes and then shutdown Raspberry Pi...
[2017-12-10 09:18:16] Witty Pi daemon (v2.56) is started.
[2017-12-10 09:18:19] Synchronizing time between system and Witty Pi...
[2017-12-10 09:18:19] Writing RTC time to system...
[2017-12-10 10:00:14] Done :-)
[2017-12-10 10:00:17] Schedule next shutdown at: 2017-12-10 10:15:00
[2017-12-10 10:00:18] Schedule next startup at: 2017-12-10 11:00:00
[2017-12-10 10:00:20] Pending for incoming shutdown command...
[2017-12-10 10:00:24] Internet detected, apply NTP time to system and Witty Pi...
[2017-12-10 10:00:24] Writing system time to RTC...
[2017-12-10 10:00:25] Done :-)
[2017-12-10 10:18:10] Shutdown command is received...
[2017-12-10 10:18:10] Halting all processes and then shutdown Raspberry Pi...
[2017-12-10 10:18:16] Witty Pi daemon (v2.56) is started.
[2017-12-10 10:18:19] Synchronizing time between system and Witty Pi...
[2017-12-10 10:18:20] Writing RTC time to system...
[2017-12-10 11:00:14] Done :-)
[2017-12-10 11:00:17] Schedule next shutdown at: 2017-12-10 11:15:00
[2017-12-10 11:00:18] Schedule next startup at: 2017-12-10 12:00:00
[2017-12-10 11:00:20] Pending for incoming shutdown command...
[2017-12-10 11:00:24] Internet detected, apply NTP time to system and Witty Pi...
[2017-12-10 11:00:24] Writing system time to RTC...
[2017-12-10 11:00:25] Done :-)
[2017-12-10 11:18:10] Shutdown command is received...
[2017-12-10 11:18:11] Halting all processes and then shutdown Raspberry Pi...
[2017-12-10 11:18:17] Witty Pi daemon (v2.56) is started.
[2017-12-10 11:18:19] Synchronizing time between system and Witty Pi...
[2017-12-10 11:18:20] Writing RTC time to system...
[2017-12-10 12:00:14] Done :-)
[2017-12-10 12:00:17] Schedule next shutdown at: 2017-12-10 12:15:00
[2017-12-10 12:00:18] Schedule next startup at: 2017-12-10 13:00:00
[2017-12-10 12:00:20] Pending for incoming shutdown command...
[2017-12-10 12:00:24] Internet detected, apply NTP time to system and Witty Pi...
[2017-12-10 12:00:24] Writing system time to RTC...
[2017-12-10 12:00:25] Done :-)
[2017-12-10 12:18:11] Shutdown command is received...
[2017-12-10 12:18:11] Halting all processes and then shutdown Raspberry Pi...
[2017-12-10 12:18:17] Witty Pi daemon (v2.56) is started.
[2017-12-10 12:18:20] Synchronizing time between system and Witty Pi...
[2017-12-10 12:18:21] Writing RTC time to system...
[2017-12-10 13:00:14] Done :-)
[2017-12-10 13:00:18] Schedule next shutdown at: 2017-12-10 13:15:00
[2017-12-10 13:00:18] Schedule next startup at: 2017-12-10 14:00:00
[2017-12-10 13:00:20] Pending for incoming shutdown command...
[2017-12-10 13:00:24] Internet detected, apply NTP time to system and Witty Pi...
[2017-12-10 13:00:24] Writing system time to RTC...
[2017-12-10 13:00:25] Done :-)
[2017-12-10 13:18:11] Shutdown command is received...
[2017-12-10 13:18:12] Halting all processes and then shutdown Raspberry Pi...
[2017-12-10 13:18:18] Witty Pi daemon (v2.56) is started.
[2017-12-10 13:18:20] Synchronizing time between system and Witty Pi...
[2017-12-10 13:18:21] Writing RTC time to system...
[2017-12-10 14:00:14] Done :-)
[2017-12-10 14:00:17] Schedule next shutdown at: 2017-12-10 14:15:00
[2017-12-10 14:00:18] Schedule next startup at: 2017-12-10 15:00:00
[2017-12-10 14:00:20] Pending for incoming shutdown command...
[2017-12-10 14:00:24] Internet detected, apply NTP time to system and Witty Pi...
[2017-12-10 14:00:24] Writing system time to RTC...
[2017-12-10 14:00:25] Done :-)
[2017-12-10 14:18:12] Shutdown command is received...
[2017-12-10 14:18:12] Halting all processes and then shutdown Raspberry Pi...
[2017-12-10 14:18:19] Witty Pi daemon (v2.56) is started.
[2017-12-10 14:18:21] Synchronizing time between system and Witty Pi...
[2017-12-10 14:18:22] Writing RTC time to system...
[2017-12-10 15:00:14] Done :-)
[2017-12-10 15:00:17] Schedule next shutdown at: 2017-12-10 15:15:00
[2017-12-10 15:00:18] Schedule next startup at: 2017-12-10 16:00:00
[2017-12-10 15:00:20] Pending for incoming shutdown command...
[2017-12-10 15:00:24] Internet detected, apply NTP time to system and Witty Pi...
[2017-12-10 15:00:24] Writing system time to RTC...
[2017-12-10 15:00:25] Done :-)
[2017-12-10 15:18:12] Shutdown command is received...
[2017-12-10 15:18:13] Halting all processes and then shutdown Raspberry Pi...
[2017-12-10 15:18:19] Witty Pi daemon (v2.56) is started.
[2017-12-10 15:18:22] Synchronizing time between system and Witty Pi...
[2017-12-10 15:18:22] Writing RTC time to system...
[2017-12-10 16:00:14] Done :-)
[2017-12-10 16:00:18] Schedule next shutdown at: 2017-12-10 16:15:00
[2017-12-10 16:00:18] Schedule next startup at: 2017-12-10 17:00:00
[2017-12-10 16:00:20] Pending for incoming shutdown command...
[2017-12-10 16:00:24] Internet detected, apply NTP time to system and Witty Pi...
[2017-12-10 16:00:24] Writing system time to RTC...
[2017-12-10 16:00:25] Done :-)
[2017-12-10 16:18:13] Shutdown command is received...
[2017-12-10 16:18:13] Halting all processes and then shutdown Raspberry Pi...
[2017-12-10 16:18:19] Witty Pi daemon (v2.56) is started.
[2017-12-10 16:18:22] Synchronizing time between system and Witty Pi...
[2017-12-10 16:18:22] Writing RTC time to system...
[2017-12-10 17:00:14] Done :-)
[2017-12-10 17:00:17] Schedule next shutdown at: 2017-12-10 17:15:00
[2017-12-10 17:00:18] Schedule next startup at: 2017-12-10 18:00:00
[2017-12-10 17:00:20] Pending for incoming shutdown command...
[2017-12-10 17:00:24] Internet detected, apply NTP time to system and Witty Pi...
[2017-12-10 17:00:24] Writing system time to RTC...
[2017-12-10 17:00:25] Done :-)
[2017-12-10 17:18:13] Shutdown command is received...
[2017-12-10 17:18:14] Halting all processes and then shutdown Raspberry Pi...
[2017-12-10 17:18:20] Witty Pi daemon (v2.56) is started.
[2017-12-10 17:18:23] Synchronizing time between system and Witty Pi...
[2017-12-10 17:18:24] Writing RTC time to system...
[2017-12-10 18:00:15] Done :-)
[2017-12-10 18:00:19] Schedule next shutdown at: 2017-12-10 18:15:00
[2017-12-10 18:00:19] Schedule next startup at: 2017-12-10 19:00:00
[2017-12-10 18:00:21] Pending for incoming shutdown command...
[2017-12-10 18:00:25] Internet detected, apply NTP time to system and Witty Pi...
[2017-12-10 18:00:25] Writing system time to RTC...
[2017-12-10 18:00:26] Done :-)
[2017-12-10 18:18:14] Shutdown command is received...
[2017-12-10 18:18:14] Halting all processes and then shutdown Raspberry Pi...
[2017-12-10 18:18:21] Witty Pi daemon (v2.56) is started.
[2017-12-10 18:18:23] Synchronizing time between system and Witty Pi...
[2017-12-10 18:18:24] Writing RTC time to system...
[2017-12-10 19:00:15] Done :-)
[2017-12-10 19:00:19] Schedule next shutdown at: 2017-12-10 19:15:00
[2017-12-10 19:00:20] Schedule next startup at: 2017-12-11 07:00:00
[2017-12-10 19:00:21] Pending for incoming shutdown command...
[2017-12-10 19:00:25] Internet detected, apply NTP time to system and Witty Pi...
[2017-12-10 19:00:25] Writing system time to RTC...
[2017-12-10 19:00:26] Done :-)
[2017-12-10 19:18:14] Shutdown command is received...
[2017-12-10 19:18:15] Halting all processes and then shutdown Raspberry Pi...
[2017-12-10 19:18:21] Witty Pi daemon (v2.56) is started.
[2017-12-10 19:18:23] Synchronizing time between system and Witty Pi...
[2017-12-10 19:18:24] Writing RTC time to system...
[2017-12-11 07:00:14] Done :-)
[2017-12-11 07:00:18] Schedule next shutdown at: 2017-12-11 07:15:00
[2017-12-11 07:00:18] Schedule next startup at: 2017-12-11 08:00:00
[2017-12-11 07:00:20] Pending for incoming shutdown command...
[2017-12-11 07:00:24] Internet detected, apply NTP time to system and Witty Pi...
[2017-12-11 07:00:24] Writing system time to RTC...
[2017-12-11 07:00:25] Done :-)
[2017-12-11 07:18:15] Shutdown command is received...
[2017-12-11 07:18:15] Halting all processes and then shutdown Raspberry Pi...
[2017-12-11 07:18:22] Witty Pi daemon (v2.56) is started.
[2017-12-11 07:18:24] Synchronizing time between system and Witty Pi...
[2017-12-11 07:18:24] Writing RTC time to system...
[2017-12-11 08:00:14] Done :-)
[2017-12-11 08:00:17] Schedule next shutdown at: 2017-12-11 08:15:00
[2017-12-11 08:00:18] Schedule next startup at: 2017-12-11 09:00:00
[2017-12-11 08:00:20] Pending for incoming shutdown command...
[2017-12-11 08:00:24] Internet detected, apply NTP time to system and Witty Pi...
[2017-12-11 08:00:24] Writing system time to RTC...
[2017-12-11 08:00:25] Done :-)
[2017-12-11 08:18:15] Shutdown command is received...
[2017-12-11 08:18:16] Halting all processes and then shutdown Raspberry Pi...
[2017-12-11 08:18:22] Witty Pi daemon (v2.56) is started.
[2017-12-11 08:18:24] Synchronizing time between system and Witty Pi...
[2017-12-11 08:18:25] Writing RTC time to system...
[2017-12-11 09:00:14] Done :-)
[2017-12-11 09:00:17] Schedule next shutdown at: 2017-12-11 09:15:00
[2017-12-11 09:00:18] Schedule next startup at: 2017-12-11 10:00:00
[2017-12-11 09:00:20] Pending for incoming shutdown command...
[2017-12-11 09:00:24] Internet detected, apply NTP time to system and Witty Pi...
[2017-12-11 09:00:24] Writing system time to RTC...
[2017-12-11 09:00:25] Done :-)
[2017-12-11 09:18:16] Shutdown command is received...
[2017-12-11 09:18:16] Halting all processes and then shutdown Raspberry Pi...
[2017-12-11 09:18:23] Witty Pi daemon (v2.56) is started.
[2017-12-11 09:18:25] Synchronizing time between system and Witty Pi...
[2017-12-11 09:18:26] Writing RTC time to system...
[2017-12-11 10:00:15] Done :-)
[2017-12-11 10:00:19] Schedule next shutdown at: 2017-12-11 10:15:00
[2017-12-11 10:00:19] Schedule next startup at: 2017-12-11 11:00:00
[2017-12-11 10:00:21] Pending for incoming shutdown command...
[2017-12-11 10:00:25] Internet detected, apply NTP time to system and Witty Pi...
[2017-12-11 10:00:25] Writing system time to RTC...
[2017-12-11 10:00:26] Done :-)
[2017-12-11 10:18:16] Shutdown command is received...
[2017-12-11 10:18:17] Halting all processes and then shutdown Raspberry Pi...
[2017-12-11 10:18:23] Witty Pi daemon (v2.56) is started.
[2017-12-11 10:18:25] Synchronizing time between system and Witty Pi...
[2017-12-11 10:18:26] Writing RTC time to system...
[2017-12-11 11:00:14] Done :-)
[2017-12-11 11:00:17] Schedule next shutdown at: 2017-12-11 11:15:00
[2017-12-11 11:00:18] Schedule next startup at: 2017-12-11 12:00:00
[2017-12-11 11:00:20] Pending for incoming shutdown command...
[2017-12-11 11:00:24] Internet detected, apply NTP time to system and Witty Pi...
[2017-12-11 11:00:24] Writing system time to RTC...
[2017-12-11 11:00:25] Done :-)
[2017-12-11 11:18:17] Shutdown command is received...
[2017-12-11 11:18:17] Halting all processes and then shutdown Raspberry Pi...
[2017-12-11 11:18:24] Witty Pi daemon (v2.56) is started.
[2017-12-11 11:18:26] Synchronizing time between system and Witty Pi...
[2017-12-11 11:18:27] Writing RTC time to system...
[2017-12-11 12:00:15] Done :-)
[2017-12-11 12:00:19] Schedule next shutdown at: 2017-12-11 12:15:00
[2017-12-11 12:00:19] Schedule next startup at: 2017-12-11 13:00:00
[2017-12-11 12:00:21] Pending for incoming shutdown command...
[2017-12-11 12:00:25] Internet detected, apply NTP time to system and Witty Pi...
[2017-12-11 12:00:25] Writing system time to RTC...
[2017-12-11 12:00:26] Done :-)
[2017-12-11 12:18:17] Shutdown command is received...
[2017-12-11 12:18:18] Halting all processes and then shutdown Raspberry Pi...
[2017-12-11 12:18:24] Witty Pi daemon (v2.56) is started.
[2017-12-11 12:18:27] Synchronizing time between system and Witty Pi...
[2017-12-11 12:18:28] Writing RTC time to system...
[2017-12-11 13:00:15] Done :-)
[2017-12-11 13:00:19] Schedule next shutdown at: 2017-12-11 13:15:00
[2017-12-11 13:00:19] Schedule next startup at: 2017-12-11 14:00:00
[2017-12-11 13:00:21] Pending for incoming shutdown command...
[2017-12-11 13:00:25] Internet detected, apply NTP time to system and Witty Pi...
[2017-12-11 13:00:25] Writing system time to RTC...
[2017-12-11 13:00:26] Done :-)
[2017-12-11 13:18:18] Shutdown command is received...
[2017-12-11 13:18:18] Halting all processes and then shutdown Raspberry Pi...
[2017-12-11 13:18:24] Witty Pi daemon (v2.56) is started.
[2017-12-11 13:18:27] Synchronizing time between system and Witty Pi...
[2017-12-11 13:18:27] Writing RTC time to system...
[2017-12-11 14:00:14] Done :-)
[2017-12-11 14:00:17] Schedule next shutdown at: 2017-12-11 14:15:00
[2017-12-11 14:00:18] Schedule next startup at: 2017-12-11 15:00:00
[2017-12-11 14:00:20] Pending for incoming shutdown command...
[2017-12-11 14:00:24] Internet detected, apply NTP time to system and Witty Pi...
[2017-12-11 14:00:24] Writing system time to RTC...
[2017-12-11 14:00:25] Done :-)
[2017-12-11 14:18:18] Shutdown command is received...
[2017-12-11 14:18:19] Halting all processes and then shutdown Raspberry Pi...
[2017-12-11 14:18:26] Witty Pi daemon (v2.56) is started.
[2017-12-11 14:18:28] Synchronizing time between system and Witty Pi...
[2017-12-11 14:18:29] Writing RTC time to system...
[2017-12-11 15:00:15] Done :-)
[2017-12-11 15:00:19] Schedule next shutdown at: 2017-12-11 15:15:00
[2017-12-11 15:00:20] Schedule next startup at: 2017-12-11 16:00:00
[2017-12-11 15:00:21] Pending for incoming shutdown command...
[2017-12-11 15:00:25] Internet detected, apply NTP time to system and Witty Pi...
[2017-12-11 15:00:25] Writing system time to RTC...
[2017-12-11 15:00:26] Done :-)
[2017-12-11 15:18:19] Shutdown command is received...
[2017-12-11 15:18:19] Halting all processes and then shutdown Raspberry Pi...
[2017-12-11 15:18:25] Witty Pi daemon (v2.56) is started.
[2017-12-11 15:18:28] Synchronizing time between system and Witty Pi...
[2017-12-11 15:18:28] Writing RTC time to system...
[2017-12-11 16:00:14] Done :-)
[2017-12-11 16:00:18] Schedule next shutdown at: 2017-12-11 16:15:00
[2017-12-11 16:00:18] Schedule next startup at: 2017-12-11 17:00:00
[2017-12-11 16:00:20] Pending for incoming shutdown command...
[2017-12-11 16:00:24] Internet detected, apply NTP time to system and Witty Pi...
[2017-12-11 16:00:24] Writing system time to RTC...
[2017-12-11 16:00:25] Done :-)
[2017-12-11 16:18:19] Shutdown command is received...
[2017-12-11 16:18:20] Halting all processes and then shutdown Raspberry Pi...
[2017-12-11 16:18:27] Witty Pi daemon (v2.56) is started.
[2017-12-11 16:18:29] Synchronizing time between system and Witty Pi...
[2017-12-11 16:18:30] Writing RTC time to system...
[2017-12-11 17:00:15] Done :-)
[2017-12-11 17:00:19] Schedule next shutdown at: 2017-12-11 17:15:00
[2017-12-11 17:00:20] Schedule next startup at: 2017-12-11 18:00:00
[2017-12-11 17:00:21] Pending for incoming shutdown command...
[2017-12-11 17:00:25] Internet detected, apply NTP time to system and Witty Pi...
[2017-12-11 17:00:25] Writing system time to RTC...
[2017-12-11 17:00:26] Done :-)
[2017-12-11 17:18:20] Shutdown command is received...
[2017-12-11 17:18:20] Halting all processes and then shutdown Raspberry Pi...
[2017-12-11 17:18:27] Witty Pi daemon (v2.56) is started.
[2017-12-11 17:18:29] Synchronizing time between system and Witty Pi...
[2017-12-11 17:18:30] Writing RTC time to system...
[2017-12-11 18:00:15] Done :-)
[2017-12-11 18:00:19] Schedule next shutdown at: 2017-12-11 18:15:00
[2017-12-11 18:00:20] Schedule next startup at: 2017-12-11 19:00:00
[2017-12-11 18:00:21] Pending for incoming shutdown command...
[2017-12-11 18:00:25] Internet detected, apply NTP time to system and Witty Pi...
[2017-12-11 18:00:25] Writing system time to RTC...
[2017-12-11 18:00:26] Done :-)
[2017-12-11 18:18:20] Shutdown command is received...
[2017-12-11 18:18:21] Halting all processes and then shutdown Raspberry Pi...
[2017-12-11 18:18:27] Witty Pi daemon (v2.56) is started.
[2017-12-11 18:18:29] Synchronizing time between system and Witty Pi...
[2017-12-11 18:18:30] Writing RTC time to system...
[2017-12-11 19:00:14] Done :-)
[2017-12-11 19:00:18] Schedule next shutdown at: 2017-12-11 19:15:00
[2017-12-11 19:00:18] Schedule next startup at: 2017-12-12 07:00:00
[2017-12-11 19:00:20] Pending for incoming shutdown command...
[2017-12-11 19:00:24] Internet detected, apply NTP time to system and Witty Pi...
[2017-12-11 19:00:24] Writing system time to RTC...
[2017-12-11 19:00:25] Done :-)
[2017-12-11 19:18:21] Shutdown command is received...
[2017-12-11 19:18:21] Halting all processes and then shutdown Raspberry Pi...
[2017-12-11 19:18:28] Witty Pi daemon (v2.56) is started.
[2017-12-11 19:18:31] Synchronizing time between system and Witty Pi...
[2017-12-11 19:18:32] Writing RTC time to system...
[2017-12-12 07:00:15] Done :-)
[2017-12-12 07:00:19] Schedule next shutdown at: 2017-12-12 07:15:00
[2017-12-12 07:00:19] Schedule next startup at: 2017-12-12 08:00:00
[2017-12-12 07:00:21] Pending for incoming shutdown command...
[2017-12-12 07:00:25] Internet detected, apply NTP time to system and Witty Pi...
[2017-12-12 07:00:25] Writing system time to RTC...
[2017-12-12 07:00:26] Done :-)
[2017-12-12 07:18:21] Shutdown command is received...
[2017-12-12 07:18:22] Halting all processes and then shutdown Raspberry Pi...
[2017-12-12 07:18:28] Witty Pi daemon (v2.56) is started.
[2017-12-12 07:18:30] Synchronizing time between system and Witty Pi...
[2017-12-12 07:18:31] Writing RTC time to system...
[2017-12-12 08:00:14] Done :-)
[2017-12-12 08:00:17] Schedule next shutdown at: 2017-12-12 08:15:00
[2017-12-12 08:00:18] Schedule next startup at: 2017-12-12 09:00:00
[2017-12-12 08:00:20] Pending for incoming shutdown command...
[2017-12-12 08:00:24] Internet detected, apply NTP time to system and Witty Pi...
[2017-12-12 08:00:24] Writing system time to RTC...
[2017-12-12 08:00:25] Done :-)
[2017-12-12 08:18:22] Shutdown command is received...
[2017-12-12 08:18:22] Halting all processes and then shutdown Raspberry Pi...
[2017-12-12 08:18:29] Witty Pi daemon (v2.56) is started.
[2017-12-12 08:18:32] Synchronizing time between system and Witty Pi...
[2017-12-12 08:18:32] Writing RTC time to system...
[2017-12-12 09:00:15] Done :-)
[2017-12-12 09:00:19] Schedule next shutdown at: 2017-12-12 09:15:00
[2017-12-12 09:00:19] Schedule next startup at: 2017-12-12 10:00:00
[2017-12-12 09:00:21] Pending for incoming shutdown command...
[2017-12-12 09:00:25] Internet detected, apply NTP time to system and Witty Pi...
[2017-12-12 09:00:25] Writing system time to RTC...
[2017-12-12 09:00:26] Done :-)
[2017-12-12 09:18:22] Shutdown command is received...
[2017-12-12 09:18:23] Halting all processes and then shutdown Raspberry Pi...
[2017-12-12 09:18:30] Witty Pi daemon (v2.56) is started.
[2017-12-12 09:18:32] Synchronizing time between system and Witty Pi...
[2017-12-12 09:18:33] Writing RTC time to system...
[2017-12-12 10:00:15] Done :-)
[2017-12-12 10:00:19] Schedule next shutdown at: 2017-12-12 10:15:00
[2017-12-12 10:00:19] Schedule next startup at: 2017-12-12 11:00:00
[2017-12-12 10:00:21] Pending for incoming shutdown command...
[2017-12-12 10:00:25] Internet detected, apply NTP time to system and Witty Pi...
[2017-12-12 10:00:25] Writing system time to RTC...
[2017-12-12 10:00:26] Done :-)
[2017-12-12 10:18:23] Shutdown command is received...
[2017-12-12 10:18:23] Halting all processes and then shutdown Raspberry Pi...
[2017-12-12 10:18:30] Witty Pi daemon (v2.56) is started.
[2017-12-12 10:18:32] Synchronizing time between system and Witty Pi...
[2017-12-12 10:18:33] Writing RTC time to system...
[2017-12-12 11:00:15] Done :-)
[2017-12-12 11:00:19] Schedule next shutdown at: 2017-12-12 11:15:00
[2017-12-12 11:00:19] Schedule next startup at: 2017-12-12 12:00:00
[2017-12-12 11:00:21] Pending for incoming shutdown command...
[2017-12-12 11:00:25] Internet detected, apply NTP time to system and Witty Pi...
[2017-12-12 11:00:25] Writing system time to RTC...
[2017-12-12 11:00:26] Done :-)
[2017-12-12 11:18:23] Shutdown command is received...
[2017-12-12 11:18:24] Halting all processes and then shutdown Raspberry Pi...
[2017-12-12 11:18:30] Witty Pi daemon (v2.56) is started.
[2017-12-12 11:18:32] Synchronizing time between system and Witty Pi...
[2017-12-12 11:18:33] Writing RTC time to system...
[2017-12-12 12:00:14] Done :-)
[2017-12-12 12:00:18] Schedule next shutdown at: 2017-12-12 12:15:00
[2017-12-12 12:00:18] Schedule next startup at: 2017-12-12 13:00:00
[2017-12-12 12:00:20] Pending for incoming shutdown command...
[2017-12-12 12:00:24] Internet detected, apply NTP time to system and Witty Pi...
[2017-12-12 12:00:24] Writing system time to RTC...
[2017-12-12 12:00:25] Done :-)
[2017-12-12 12:18:24] Shutdown command is received...
[2017-12-12 12:18:24] Halting all processes and then shutdown Raspberry Pi...
[2017-12-12 12:18:31] Witty Pi daemon (v2.56) is started.
[2017-12-12 12:18:33] Synchronizing time between system and Witty Pi...
[2017-12-12 12:18:34] Writing RTC time to system...
[2017-12-12 13:00:15] Done :-)
[2017-12-12 13:00:19] Schedule next shutdown at: 2017-12-12 13:15:00
[2017-12-12 13:00:19] Schedule next startup at: 2017-12-12 14:00:00
[2017-12-12 13:00:21] Pending for incoming shutdown command...
[2017-12-12 13:00:25] Internet detected, apply NTP time to system and Witty Pi...
[2017-12-12 13:00:25] Writing system time to RTC...
[2017-12-12 13:00:26] Done :-)
[2017-12-12 13:18:24] Shutdown command is received...
[2017-12-12 13:18:25] Halting all processes and then shutdown Raspberry Pi...
[2017-12-12 13:18:32] Witty Pi daemon (v2.56) is started.
[2017-12-12 13:18:34] Synchronizing time between system and Witty Pi...
[2017-12-12 13:18:35] Writing RTC time to system...
[2017-12-12 14:00:15] Done :-)
[2017-12-12 14:00:19] Schedule next shutdown at: 2017-12-12 14:15:00
[2017-12-12 14:00:19] Schedule next startup at: 2017-12-12 15:00:00
[2017-12-12 14:00:21] Pending for incoming shutdown command...
[2017-12-12 14:00:25] Internet detected, apply NTP time to system and Witty Pi...
[2017-12-12 14:00:25] Writing system time to RTC...
[2017-12-12 14:00:26] Done :-)
[2017-12-12 14:18:25] Shutdown command is received...
[2017-12-12 14:18:25] Halting all processes and then shutdown Raspberry Pi...
[2017-12-12 14:18:32] Witty Pi daemon (v2.56) is started.
[2017-12-12 14:18:34] Synchronizing time between system and Witty Pi...
[2017-12-12 14:18:34] Writing RTC time to system...
[2017-12-12 15:00:14] Done :-)
[2017-12-12 15:00:18] Schedule next shutdown at: 2017-12-12 15:15:00
[2017-12-12 15:00:18] Schedule next startup at: 2017-12-12 16:00:00
[2017-12-12 15:00:20] Pending for incoming shutdown command...
[2017-12-12 15:00:24] Internet detected, apply NTP time to system and Witty Pi...
[2017-12-12 15:00:24] Writing system time to RTC...
[2017-12-12 15:00:25] Done :-)
[2017-12-12 15:18:25] Shutdown command is received...
[2017-12-12 15:18:26] Halting all processes and then shutdown Raspberry Pi...
[2017-12-12 15:18:32] Witty Pi daemon (v2.56) is started.
[2017-12-12 15:18:34] Synchronizing time between system and Witty Pi...
[2017-12-12 15:18:35] Writing RTC time to system...
[2017-12-12 16:00:14] Done :-)
[2017-12-12 16:00:18] Schedule next shutdown at: 2017-12-12 16:15:00
[2017-12-12 16:00:18] Schedule next startup at: 2017-12-12 17:00:00
[2017-12-12 16:00:20] Pending for incoming shutdown command...
[2017-12-12 16:00:24] Internet detected, apply NTP time to system and Witty Pi...
[2017-12-12 16:00:24] Writing system time to RTC...
[2017-12-12 16:00:25] Done :-)
[2017-12-12 16:18:26] Shutdown command is received...
[2017-12-12 16:18:26] Halting all processes and then shutdown Raspberry Pi...
[2017-12-12 16:18:33] Witty Pi daemon (v2.56) is started.
[2017-12-12 16:18:35] Synchronizing time between system and Witty Pi...
[2017-12-12 16:18:36] Writing RTC time to system...
[2017-12-12 17:00:15] Done :-)
[2017-12-12 17:00:19] Schedule next shutdown at: 2017-12-12 17:15:00
[2017-12-12 17:00:19] Schedule next startup at: 2017-12-12 18:00:00
[2017-12-12 17:00:21] Pending for incoming shutdown command...
[2017-12-12 17:00:25] Internet detected, apply NTP time to system and Witty Pi...
[2017-12-12 17:00:25] Writing system time to RTC...
[2017-12-12 17:00:26] Done :-)
[2017-12-12 17:18:26] Shutdown command is received...
[2017-12-12 17:18:27] Halting all processes and then shutdown Raspberry Pi...
[2017-12-12 17:18:33] Witty Pi daemon (v2.56) is started.
[2017-12-12 17:18:35] Synchronizing time between system and Witty Pi...
[2017-12-12 17:18:36] Writing RTC time to system...
[2017-12-12 18:00:14] Done :-)
[2017-12-12 18:00:18] Schedule next shutdown at: 2017-12-12 18:15:00
[2017-12-12 18:00:18] Schedule next startup at: 2017-12-12 19:00:00
[2017-12-12 18:00:20] Pending for incoming shutdown command...
[2017-12-12 18:00:24] Internet detected, apply NTP time to system and Witty Pi...
[2017-12-12 18:00:24] Writing system time to RTC...
[2017-12-12 18:00:25] Done :-)
[2017-12-12 18:18:27] Shutdown command is received...
[2017-12-12 18:18:27] Halting all processes and then shutdown Raspberry Pi...
[2017-12-12 18:18:33] Witty Pi daemon (v2.56) is started.
[2017-12-12 18:18:36] Synchronizing time between system and Witty Pi...
[2017-12-12 18:18:36] Writing RTC time to system...
[2017-12-12 19:00:14] Done :-)
[2017-12-12 19:00:18] Schedule next shutdown at: 2017-12-12 19:15:00
[2017-12-12 19:00:18] Schedule next startup at: 2017-12-13 07:00:00
[2017-12-12 19:00:20] Pending for incoming shutdown command...
[2017-12-12 19:00:24] Internet detected, apply NTP time to system and Witty Pi...
[2017-12-12 19:00:24] Writing system time to RTC...
[2017-12-12 19:00:25] Done :-)
[2017-12-12 19:18:27] Shutdown command is received...
[2017-12-12 19:18:28] Halting all processes and then shutdown Raspberry Pi...
[2017-12-12 19:18:35] Witty Pi daemon (v2.56) is started.
[2017-12-12 19:18:37] Synchronizing time between system and Witty Pi...
[2017-12-12 19:18:38] Writing RTC time to system...
[2017-12-13 07:00:15] Done :-)
[2017-12-13 07:00:19] Schedule next shutdown at: 2017-12-13 07:15:00
[2017-12-13 07:00:19] Schedule next startup at: 2017-12-13 08:00:00
[2017-12-13 07:00:21] Pending for incoming shutdown command...
[2017-12-13 07:00:25] Internet detected, apply NTP time to system and Witty Pi...
[2017-12-13 07:00:25] Writing system time to RTC...
[2017-12-13 07:00:26] Done :-)
[2017-12-13 07:18:28] Shutdown command is received...
[2017-12-13 07:18:28] Halting all processes and then shutdown Raspberry Pi...
[2017-12-13 07:18:35] Witty Pi daemon (v2.56) is started.
[2017-12-13 07:18:37] Synchronizing time between system and Witty Pi...
[2017-12-13 07:18:38] Writing RTC time to system...
[2017-12-13 08:00:15] Done :-)
[2017-12-13 08:00:19] Schedule next shutdown at: 2017-12-13 08:15:00
[2017-12-13 08:00:19] Schedule next startup at: 2017-12-13 09:00:00
[2017-12-13 08:00:21] Pending for incoming shutdown command...
[2017-12-13 08:00:25] Internet detected, apply NTP time to system and Witty Pi...
[2017-12-13 08:00:25] Writing system time to RTC...
[2017-12-13 08:00:26] Done :-)
[2017-12-13 08:18:28] Shutdown command is received...
[2017-12-13 08:18:28] Halting all processes and then shutdown Raspberry Pi...
[2017-12-13 08:18:35] Witty Pi daemon (v2.56) is started.
[2017-12-13 08:18:37] Synchronizing time between system and Witty Pi...
[2017-12-13 08:18:38] Writing RTC time to system...
[2017-12-13 09:00:14] Done :-)
[2017-12-13 09:00:17] Schedule next shutdown at: 2017-12-13 09:15:00
[2017-12-13 09:00:18] Schedule next startup at: 2017-12-13 10:00:00
[2017-12-13 09:00:20] Pending for incoming shutdown command...
[2017-12-13 09:00:24] Internet detected, apply NTP time to system and Witty Pi...
[2017-12-13 09:00:24] Writing system time to RTC...
[2017-12-13 09:00:25] Done :-)
[2017-12-13 09:18:29] Shutdown command is received...
[2017-12-13 09:18:29] Halting all processes and then shutdown Raspberry Pi...
[2017-12-13 09:18:35] Witty Pi daemon (v2.56) is started.
[2017-12-13 09:18:38] Synchronizing time between system and Witty Pi...
[2017-12-13 09:18:38] Writing RTC time to system...
[2017-12-13 10:00:14] Done :-)
[2017-12-13 10:00:18] Schedule next shutdown at: 2017-12-13 10:15:00
[2017-12-13 10:00:18] Schedule next startup at: 2017-12-13 11:00:00
[2017-12-13 10:00:20] Pending for incoming shutdown command...
[2017-12-13 10:00:24] Internet detected, apply NTP time to system and Witty Pi...
[2017-12-13 10:00:24] Writing system time to RTC...
[2017-12-13 10:00:25] Done :-)
[2017-12-13 10:18:29] Shutdown command is received...
[2017-12-13 10:18:29] Halting all processes and then shutdown Raspberry Pi...
[2017-12-13 10:18:36] Witty Pi daemon (v2.56) is started.
[2017-12-13 10:18:38] Synchronizing time between system and Witty Pi...
[2017-12-13 10:18:39] Writing RTC time to system...
[2017-12-13 11:00:14] Done :-)
[2017-12-13 11:00:17] Schedule next shutdown at: 2017-12-13 11:15:00
[2017-12-13 11:00:18] Schedule next startup at: 2017-12-13 12:00:00
[2017-12-13 11:00:20] Pending for incoming shutdown command...
[2017-12-13 11:00:24] Internet detected, apply NTP time to system and Witty Pi...
[2017-12-13 11:00:24] Writing system time to RTC...
[2017-12-13 11:00:25] Done :-)
[2017-12-13 11:18:30] Shutdown command is received...
[2017-12-13 11:18:30] Halting all processes and then shutdown Raspberry Pi...
[2017-12-13 11:18:37] Witty Pi daemon (v2.56) is started.
[2017-12-13 11:18:39] Synchronizing time between system and Witty Pi...
[2017-12-13 11:18:40] Writing RTC time to system...
[2017-12-13 12:00:15] Done :-)
[2017-12-13 12:00:19] Schedule next shutdown at: 2017-12-13 12:15:00
[2017-12-13 12:00:19] Schedule next startup at: 2017-12-13 13:00:00
[2017-12-13 12:00:21] Pending for incoming shutdown command...
[2017-12-13 12:00:25] Internet detected, apply NTP time to system and Witty Pi...
[2017-12-13 12:00:25] Writing system time to RTC...
[2017-12-13 12:00:26] Done :-)
[2017-12-13 12:18:30] Shutdown command is received...
[2017-12-13 12:18:30] Halting all processes and then shutdown Raspberry Pi...
[2017-12-13 12:18:37] Witty Pi daemon (v2.56) is started.
[2017-12-13 12:18:39] Synchronizing time between system and Witty Pi...
[2017-12-13 12:18:40] Writing RTC time to system...
[2017-12-13 13:00:14] Done :-)
[2017-12-13 13:00:18] Schedule next shutdown at: 2017-12-13 13:15:00
[2017-12-13 13:00:18] Schedule next startup at: 2017-12-13 14:00:00
[2017-12-13 13:00:20] Pending for incoming shutdown command...
[2017-12-13 13:00:24] Internet detected, apply NTP time to system and Witty Pi...
[2017-12-13 13:00:24] Writing system time to RTC...
[2017-12-13 13:00:25] Done :-)
[2017-12-13 13:18:31] Shutdown command is received...
[2017-12-13 13:18:31] Halting all processes and then shutdown Raspberry Pi...
[2017-12-13 13:18:37] Witty Pi daemon (v2.56) is started.
[2017-12-13 13:18:40] Synchronizing time between system and Witty Pi...
[2017-12-13 13:18:40] Writing RTC time to system...
[2017-12-13 14:00:14] Done :-)
[2017-12-13 14:00:18] Schedule next shutdown at: 2017-12-13 14:15:00
[2017-12-13 14:00:18] Schedule next startup at: 2017-12-13 15:00:00
[2017-12-13 14:00:20] Pending for incoming shutdown command...
[2017-12-13 14:00:24] Internet detected, apply NTP time to system and Witty Pi...
[2017-12-13 14:00:24] Writing system time to RTC...
[2017-12-13 14:00:25] Done :-)
[2017-12-13 14:18:31] Shutdown command is received...
[2017-12-13 14:18:31] Halting all processes and then shutdown Raspberry Pi...
[2017-12-13 14:18:39] Witty Pi daemon (v2.56) is started.
[2017-12-13 14:18:41] Synchronizing time between system and Witty Pi...
[2017-12-13 14:18:42] Writing RTC time to system...
[2017-12-13 15:00:15] Done :-)
[2017-12-13 15:00:19] Schedule next shutdown at: 2017-12-13 15:15:00
[2017-12-13 15:00:19] Schedule next startup at: 2017-12-13 16:00:00
[2017-12-13 15:00:21] Pending for incoming shutdown command...
[2017-12-13 15:00:25] Internet detected, apply NTP time to system and Witty Pi...
[2017-12-13 15:00:25] Writing system time to RTC...
[2017-12-13 15:00:26] Done :-)
[2017-12-13 15:18:32] Shutdown command is received...
[2017-12-13 15:18:32] Halting all processes and then shutdown Raspberry Pi...
[2017-12-13 15:18:38] Witty Pi daemon (v2.56) is started.
[2017-12-13 15:18:41] Synchronizing time between system and Witty Pi...
[2017-12-13 15:18:41] Writing RTC time to system...
[2017-12-13 16:00:14] Done :-)
[2017-12-13 16:00:17] Schedule next shutdown at: 2017-12-13 16:15:00
[2017-12-13 16:00:18] Schedule next startup at: 2017-12-13 17:00:00
[2017-12-13 16:00:20] Pending for incoming shutdown command...
[2017-12-13 16:00:24] Internet detected, apply NTP time to system and Witty Pi...
[2017-12-13 16:00:24] Writing system time to RTC...
[2017-12-13 16:00:25] Done :-)
[2017-12-13 16:18:32] Shutdown command is received...
[2017-12-13 16:18:32] Halting all processes and then shutdown Raspberry Pi...
[2017-12-13 16:18:39] Witty Pi daemon (v2.56) is started.
[2017-12-13 16:18:42] Synchronizing time between system and Witty Pi...
[2017-12-13 16:18:43] Writing RTC time to system...
[2017-12-13 17:00:15] Done :-)
[2017-12-13 17:00:19] Schedule next shutdown at: 2017-12-13 17:15:00
[2017-12-13 17:00:20] Schedule next startup at: 2017-12-13 18:00:00
[2017-12-13 17:00:21] Pending for incoming shutdown command...
[2017-12-13 17:00:25] Internet detected, apply NTP time to system and Witty Pi...
[2017-12-13 17:00:25] Writing system time to RTC...
[2017-12-13 17:00:26] Done :-)
[2017-12-13 17:18:33] Shutdown command is received...
[2017-12-13 17:18:33] Halting all processes and then shutdown Raspberry Pi...
[2017-12-13 17:18:39] Witty Pi daemon (v2.56) is started.
[2017-12-13 17:18:42] Synchronizing time between system and Witty Pi...
[2017-12-13 17:18:42] Writing RTC time to system...
[2017-12-13 18:00:14] Done :-)
[2017-12-13 18:00:18] Schedule next shutdown at: 2017-12-13 18:15:00
[2017-12-13 18:00:18] Schedule next startup at: 2017-12-13 19:00:00
[2017-12-13 18:00:20] Pending for incoming shutdown command...
[2017-12-13 18:00:24] Internet detected, apply NTP time to system and Witty Pi...
[2017-12-13 18:00:24] Writing system time to RTC...
[2017-12-13 18:00:25] Done :-)
[2017-12-13 18:18:33] Shutdown command is received...
[2017-12-13 18:18:33] Halting all processes and then shutdown Raspberry Pi...
[2017-12-13 18:18:40] Witty Pi daemon (v2.56) is started.
[2017-12-13 18:18:42] Synchronizing time between system and Witty Pi...
[2017-12-13 18:18:43] Writing RTC time to system...
[2017-12-13 19:00:14] Done :-)
[2017-12-13 19:00:18] Schedule next shutdown at: 2017-12-13 19:15:00
[2017-12-13 19:00:18] Schedule next startup at: 2017-12-14 07:00:00
[2017-12-13 19:00:20] Pending for incoming shutdown command...
[2017-12-13 19:00:24] Internet detected, apply NTP time to system and Witty Pi...
[2017-12-13 19:00:24] Writing system time to RTC...
[2017-12-13 19:00:25] Done :-)
[2017-12-13 19:18:34] Shutdown command is received...
[2017-12-13 19:18:34] Halting all processes and then shutdown Raspberry Pi...
[2017-12-13 19:18:41] Witty Pi daemon (v2.56) is started.
[2017-12-13 19:18:43] Synchronizing time between system and Witty Pi...
[2017-12-13 19:18:44] Writing RTC time to system...
[2017-12-14 07:00:15] Done :-)
[2017-12-14 07:00:19] Schedule next shutdown at: 2017-12-14 07:15:00
[2017-12-14 07:00:19] Schedule next startup at: 2017-12-14 08:00:00
[2017-12-14 07:00:21] Pending for incoming shutdown command...
[2017-12-14 07:00:25] Internet detected, apply NTP time to system and Witty Pi...
[2017-12-14 07:00:25] Writing system time to RTC...
[2017-12-14 07:00:26] Done :-)
[2017-12-14 07:18:34] Shutdown command is received...
[2017-12-14 07:18:34] Halting all processes and then shutdown Raspberry Pi...
[2017-12-14 07:18:41] Witty Pi daemon (v2.56) is started.
[2017-12-14 07:18:44] Synchronizing time between system and Witty Pi...
[2017-12-14 07:18:45] Writing RTC time to system...
[2017-12-14 08:00:15] Done :-)
[2017-12-14 08:00:19] Schedule next shutdown at: 2017-12-14 08:15:00
[2017-12-14 08:00:19] Schedule next startup at: 2017-12-14 09:00:00
[2017-12-14 08:00:21] Pending for incoming shutdown command...
[2017-12-14 08:00:25] Internet detected, apply NTP time to system and Witty Pi...
[2017-12-14 08:00:25] Writing system time to RTC...
[2017-12-14 08:00:26] Done :-)
[2017-12-14 08:18:35] Shutdown command is received...
[2017-12-14 08:18:35] Halting all processes and then shutdown Raspberry Pi...
[2017-12-14 08:18:41] Witty Pi daemon (v2.56) is started.
[2017-12-14 08:18:44] Synchronizing time between system and Witty Pi...
[2017-12-14 08:18:44] Writing RTC time to system...
[2017-12-14 09:00:14] Done :-)
[2017-12-14 09:00:17] Schedule next shutdown at: 2017-12-14 09:15:00
[2017-12-14 09:00:18] Schedule next startup at: 2017-12-14 10:00:00
[2017-12-14 09:00:20] Pending for incoming shutdown command...
[2017-12-14 09:00:24] Internet detected, apply NTP time to system and Witty Pi...
[2017-12-14 09:00:24] Writing system time to RTC...
[2017-12-14 09:00:25] Done :-)
[2017-12-14 09:18:35] Shutdown command is received...
[2017-12-14 09:18:35] Halting all processes and then shutdown Raspberry Pi...
[2017-12-14 09:18:43] Witty Pi daemon (v2.56) is started.
[2017-12-14 09:18:45] Synchronizing time between system and Witty Pi...
[2017-12-14 09:18:46] Writing RTC time to system...
[2017-12-14 10:00:15] Done :-)
[2017-12-14 10:00:19] Schedule next shutdown at: 2017-12-14 10:15:00
[2017-12-14 10:00:19] Schedule next startup at: 2017-12-14 11:00:00
[2017-12-14 10:00:21] Pending for incoming shutdown command...
[2017-12-14 10:00:25] Internet detected, apply NTP time to system and Witty Pi...
[2017-12-14 10:00:25] Writing system time to RTC...
[2017-12-14 10:00:26] Done :-)
[2017-12-14 10:18:36] Shutdown command is received...
[2017-12-14 10:18:36] Halting all processes and then shutdown Raspberry Pi...
[2017-12-14 10:18:43] Witty Pi daemon (v2.56) is started.
[2017-12-14 10:18:45] Synchronizing time between system and Witty Pi...
[2017-12-14 10:18:46] Writing RTC time to system...
[2017-12-14 11:00:15] Done :-)
[2017-12-14 11:00:19] Schedule next shutdown at: 2017-12-14 11:15:00
[2017-12-14 11:00:19] Schedule next startup at: 2017-12-14 12:00:00
[2017-12-14 11:00:21] Pending for incoming shutdown command...
[2017-12-14 11:00:25] Internet detected, apply NTP time to system and Witty Pi...
[2017-12-14 11:00:25] Writing system time to RTC...
[2017-12-14 11:00:26] Done :-)
[2017-12-14 11:18:36] Shutdown command is received...
[2017-12-14 11:18:36] Halting all processes and then shutdown Raspberry Pi...
[2017-12-14 11:18:43] Witty Pi daemon (v2.56) is started.
[2017-12-14 11:18:46] Synchronizing time between system and Witty Pi...
[2017-12-14 11:18:47] Writing RTC time to system...
[2017-12-14 12:00:15] Done :-)
[2017-12-14 12:00:19] Schedule next shutdown at: 2017-12-14 12:15:00
[2017-12-14 12:00:20] Schedule next startup at: 2017-12-14 13:00:00
[2017-12-14 12:00:21] Pending for incoming shutdown command...
[2017-12-14 12:00:25] Internet detected, apply NTP time to system and Witty Pi...
[2017-12-14 12:00:25] Writing system time to RTC...
[2017-12-14 12:00:26] Done :-)
[2017-12-14 12:18:37] Shutdown command is received...
[2017-12-14 12:18:37] Halting all processes and then shutdown Raspberry Pi...
[2017-12-14 12:18:44] Witty Pi daemon (v2.56) is started.
[2017-12-14 12:18:46] Synchronizing time between system and Witty Pi...
[2017-12-14 12:18:47] Writing RTC time to system...
[2017-12-14 13:00:15] Done :-)
[2017-12-14 13:00:19] Schedule next shutdown at: 2017-12-14 13:15:00
[2017-12-14 13:00:20] Schedule next startup at: 2017-12-14 14:00:00
[2017-12-14 13:00:21] Pending for incoming shutdown command...
[2017-12-14 13:00:25] Internet detected, apply NTP time to system and Witty Pi...
[2017-12-14 13:00:25] Writing system time to RTC...
[2017-12-14 13:00:26] Done :-)
[2017-12-14 13:18:37] Shutdown command is received...
[2017-12-14 13:18:37] Halting all processes and then shutdown Raspberry Pi...
[2017-12-14 13:18:44] Witty Pi daemon (v2.56) is started.
[2017-12-14 13:18:47] Synchronizing time between system and Witty Pi...
[2017-12-14 13:18:48] Writing RTC time to system...
[2017-12-14 14:00:15] Done :-)
[2017-12-14 14:00:19] Schedule next shutdown at: 2017-12-14 14:15:00
[2017-12-14 14:00:19] Schedule next startup at: 2017-12-14 15:00:00
[2017-12-14 14:00:20] Pending for incoming shutdown command...
[2017-12-14 14:00:25] Internet detected, apply NTP time to system and Witty Pi...
[2017-12-14 14:00:25] Writing system time to RTC...
[2017-12-14 14:00:26] Done :-)
[2017-12-14 14:18:38] Shutdown command is received...
[2017-12-14 14:18:38] Halting all processes and then shutdown Raspberry Pi...
[2017-12-14 14:18:44] Witty Pi daemon (v2.56) is started.
[2017-12-14 14:18:47] Synchronizing time between system and Witty Pi...
[2017-12-14 14:18:47] Writing RTC time to system...
[2017-12-14 15:00:14] Done :-)
[2017-12-14 15:00:18] Schedule next shutdown at: 2017-12-14 15:15:00
[2017-12-14 15:00:18] Schedule next startup at: 2017-12-14 16:00:00
[2017-12-14 15:00:20] Pending for incoming shutdown command...
[2017-12-14 15:00:24] Internet detected, apply NTP time to system and Witty Pi...
[2017-12-14 15:00:24] Writing system time to RTC...
[2017-12-14 15:00:25] Done :-)
[2017-12-14 15:18:38] Shutdown command is received...
[2017-12-14 15:18:38] Halting all processes and then shutdown Raspberry Pi...
[2017-12-14 15:18:45] Witty Pi daemon (v2.56) is started.
[2017-12-14 15:18:47] Synchronizing time between system and Witty Pi...
[2017-12-14 15:18:48] Writing RTC time to system...
[2017-12-14 16:00:14] Done :-)
[2017-12-14 16:00:18] Schedule next shutdown at: 2017-12-14 16:15:00
[2017-12-14 16:00:18] Schedule next startup at: 2017-12-14 17:00:00
[2017-12-14 16:00:20] Pending for incoming shutdown command...
[2017-12-14 16:00:24] Internet detected, apply NTP time to system and Witty Pi...
[2017-12-14 16:00:24] Writing system time to RTC...
[2017-12-14 16:00:25] Done :-)
[2017-12-14 16:18:39] Shutdown command is received...
[2017-12-14 16:18:39] Halting all processes and then shutdown Raspberry Pi...
[2017-12-14 16:18:45] Witty Pi daemon (v2.56) is started.
[2017-12-14 16:18:48] Synchronizing time between system and Witty Pi...
[2017-12-14 16:18:48] Writing RTC time to system...
[2017-12-14 17:00:14] Done :-)
[2017-12-14 17:00:18] Schedule next shutdown at: 2017-12-14 17:15:00
[2017-12-14 17:00:18] Schedule next startup at: 2017-12-14 18:00:00
[2017-12-14 17:00:20] Pending for incoming shutdown command...
[2017-12-14 17:00:24] Internet detected, apply NTP time to system and Witty Pi...
[2017-12-14 17:00:24] Writing system time to RTC...
[2017-12-14 17:00:25] Done :-)
[2017-12-14 17:18:39] Shutdown command is received...
[2017-12-14 17:18:39] Halting all processes and then shutdown Raspberry Pi...
[2017-12-14 17:18:46] Witty Pi daemon (v2.56) is started.
[2017-12-14 17:18:48] Synchronizing time between system and Witty Pi...
[2017-12-14 17:18:49] Writing RTC time to system...
[2017-12-14 18:00:14] Done :-)
[2017-12-14 18:00:18] Schedule next shutdown at: 2017-12-14 18:15:00
[2017-12-14 18:00:18] Schedule next startup at: 2017-12-14 19:00:00
[2017-12-14 18:00:20] Pending for incoming shutdown command...
[2017-12-14 18:00:24] Internet detected, apply NTP time to system and Witty Pi...
[2017-12-14 18:00:24] Writing system time to RTC...
[2017-12-14 18:00:25] Done :-)
[2017-12-14 18:18:40] Shutdown command is received...
[2017-12-14 18:18:40] Halting all processes and then shutdown Raspberry Pi...
[2017-12-14 18:18:47] Witty Pi daemon (v2.56) is started.
[2017-12-14 18:18:49] Synchronizing time between system and Witty Pi...
[2017-12-14 18:18:50] Writing RTC time to system...
[2017-12-14 19:00:15] Done :-)
[2017-12-14 19:00:19] Schedule next shutdown at: 2017-12-14 19:15:00
[2017-12-14 19:00:19] Schedule next startup at: 2017-12-15 07:00:00
[2017-12-14 19:00:21] Pending for incoming shutdown command...
[2017-12-14 19:00:25] Internet detected, apply NTP time to system and Witty Pi...
[2017-12-14 19:00:25] Writing system time to RTC...
[2017-12-14 19:00:26] Done :-)
[2017-12-14 19:18:40] Shutdown command is received...
[2017-12-14 19:18:40] Halting all processes and then shutdown Raspberry Pi...
[2017-12-14 19:18:47] Witty Pi daemon (v2.56) is started.
[2017-12-14 19:18:50] Synchronizing time between system and Witty Pi...
[2017-12-14 19:18:50] Writing RTC time to system...
[2017-12-15 07:00:14] Done :-)
[2017-12-15 07:00:17] Schedule next shutdown at: 2017-12-15 07:15:00
[2017-12-15 07:00:18] Schedule next startup at: 2017-12-15 08:00:00
[2017-12-15 07:00:20] Pending for incoming shutdown command...
[2017-12-15 07:00:24] Internet detected, apply NTP time to system and Witty Pi...
[2017-12-15 07:00:24] Writing system time to RTC...
[2017-12-15 07:00:25] Done :-)
[2017-12-15 07:18:41] Shutdown command is received...
[2017-12-15 07:18:41] Halting all processes and then shutdown Raspberry Pi...
[2017-12-15 07:18:47] Witty Pi daemon (v2.56) is started.
[2017-12-15 07:18:50] Synchronizing time between system and Witty Pi...
[2017-12-15 07:18:50] Writing RTC time to system...
[2017-12-15 08:00:14] Done :-)
[2017-12-15 08:00:17] Schedule next shutdown at: 2017-12-15 08:15:00
[2017-12-15 08:00:18] Schedule next startup at: 2017-12-15 09:00:00
[2017-12-15 08:00:20] Pending for incoming shutdown command...
[2017-12-15 08:00:24] Internet detected, apply NTP time to system and Witty Pi...
[2017-12-15 08:00:24] Writing system time to RTC...
[2017-12-15 08:00:25] Done :-)
[2017-12-15 08:18:41] Shutdown command is received...
[2017-12-15 08:18:41] Halting all processes and then shutdown Raspberry Pi...
[2017-12-15 08:18:48] Witty Pi daemon (v2.56) is started.
[2017-12-15 08:18:50] Synchronizing time between system and Witty Pi...
[2017-12-15 08:18:51] Writing RTC time to system...
[2017-12-15 09:00:14] Done :-)
[2017-12-15 09:00:17] Schedule next shutdown at: 2017-12-15 09:15:00
[2017-12-15 09:00:18] Schedule next startup at: 2017-12-15 10:00:00
[2017-12-15 09:00:20] Pending for incoming shutdown command...
[2017-12-15 09:00:24] Internet detected, apply NTP time to system and Witty Pi...
[2017-12-15 09:00:24] Writing system time to RTC...
[2017-12-15 09:00:25] Done :-)
[2017-12-15 09:18:42] Shutdown command is received...
[2017-12-15 09:18:42] Halting all processes and then shutdown Raspberry Pi...
[2017-12-15 09:18:49] Witty Pi daemon (v2.56) is started.
[2017-12-15 09:18:51] Synchronizing time between system and Witty Pi...
[2017-12-15 09:18:52] Writing RTC time to system...
[2017-12-15 10:00:15] Done :-)
[2017-12-15 10:00:19] Schedule next shutdown at: 2017-12-15 10:15:00
[2017-12-15 10:00:19] Schedule next startup at: 2017-12-15 11:00:00
[2017-12-15 10:00:21] Pending for incoming shutdown command...
[2017-12-15 10:00:25] Internet detected, apply NTP time to system and Witty Pi...
[2017-12-15 10:00:25] Writing system time to RTC...
[2017-12-15 10:00:26] Done :-)
[2017-12-15 10:18:42] Shutdown command is received...
[2017-12-15 10:18:42] Halting all processes and then shutdown Raspberry Pi...
[2017-12-15 10:18:49] Witty Pi daemon (v2.56) is started.
[2017-12-15 10:18:52] Synchronizing time between system and Witty Pi...
[2017-12-15 10:18:53] Writing RTC time to system...
[2017-12-15 11:00:15] Done :-)
[2017-12-15 11:00:19] Schedule next shutdown at: 2017-12-15 11:15:00
[2017-12-15 11:00:19] Schedule next startup at: 2017-12-15 12:00:00
[2017-12-15 11:00:21] Pending for incoming shutdown command...
[2017-12-15 11:00:25] Internet detected, apply NTP time to system and Witty Pi...
[2017-12-15 11:00:25] Writing system time to RTC...
[2017-12-15 11:00:26] Done :-)
[2017-12-15 11:18:43] Shutdown command is received...
[2017-12-15 11:18:43] Halting all processes and then shutdown Raspberry Pi...
[2017-12-15 11:18:49] Witty Pi daemon (v2.56) is started.
[2017-12-15 11:18:51] Synchronizing time between system and Witty Pi...
[2017-12-15 11:18:52] Writing RTC time to system...
[2017-12-15 12:00:14] Done :-)
[2017-12-15 12:00:17] Schedule next shutdown at: 2017-12-15 12:15:00
[2017-12-15 12:00:18] Schedule next startup at: 2017-12-15 13:00:00
[2017-12-15 12:00:20] Pending for incoming shutdown command...
[2017-12-15 12:00:24] Internet detected, apply NTP time to system and Witty Pi...
[2017-12-15 12:00:24] Writing system time to RTC...
[2017-12-15 12:00:25] Done :-)
[2017-12-15 12:18:43] Shutdown command is received...
[2017-12-15 12:18:43] Halting all processes and then shutdown Raspberry Pi...
[2017-12-15 12:18:50] Witty Pi daemon (v2.56) is started.
[2017-12-15 12:18:52] Synchronizing time between system and Witty Pi...
[2017-12-15 12:18:53] Writing RTC time to system...
[2017-12-15 13:00:14] Done :-)
[2017-12-15 13:00:17] Schedule next shutdown at: 2017-12-15 13:15:00
[2017-12-15 13:00:18] Schedule next startup at: 2017-12-15 14:00:00
[2017-12-15 13:00:20] Pending for incoming shutdown command...
[2017-12-15 13:00:24] Internet detected, apply NTP time to system and Witty Pi...
[2017-12-15 13:00:24] Writing system time to RTC...
[2017-12-15 13:00:25] Done :-)
[2017-12-15 13:18:44] Shutdown command is received...
[2017-12-15 13:18:44] Halting all processes and then shutdown Raspberry Pi...
[2017-12-15 13:18:50] Witty Pi daemon (v2.56) is started.
[2017-12-15 13:18:53] Synchronizing time between system and Witty Pi...
[2017-12-15 13:18:53] Writing RTC time to system...
[2017-12-15 14:00:14] Done :-)
[2017-12-15 14:00:17] Schedule next shutdown at: 2017-12-15 14:15:00
[2017-12-15 14:00:18] Schedule next startup at: 2017-12-15 15:00:00
[2017-12-15 14:00:20] Pending for incoming shutdown command...
[2017-12-15 14:00:24] Internet detected, apply NTP time to system and Witty Pi...
[2017-12-15 14:00:24] Writing system time to RTC...
[2017-12-15 14:00:25] Done :-)
[2017-12-15 14:18:44] Shutdown command is received...
[2017-12-15 14:18:44] Halting all processes and then shutdown Raspberry Pi...
[2017-12-15 14:18:51] Witty Pi daemon (v2.56) is started.
[2017-12-15 14:18:53] Synchronizing time between system and Witty Pi...
[2017-12-15 14:18:54] Writing RTC time to system...
[2017-12-15 15:00:14] Done :-)
[2017-12-15 15:00:18] Schedule next shutdown at: 2017-12-15 15:15:00
[2017-12-15 15:00:18] Schedule next startup at: 2017-12-15 16:00:00
[2017-12-15 15:00:20] Pending for incoming shutdown command...
[2017-12-15 15:00:24] Internet detected, apply NTP time to system and Witty Pi...
[2017-12-15 15:00:24] Writing system time to RTC...
[2017-12-15 15:00:25] Done :-)
[2017-12-15 15:18:45] Shutdown command is received...
[2017-12-15 15:18:45] Halting all processes and then shutdown Raspberry Pi...
[2017-12-15 15:18:51] Witty Pi daemon (v2.56) is started.
[2017-12-15 15:18:54] Synchronizing time between system and Witty Pi...
[2017-12-15 15:18:54] Writing RTC time to system...
[2017-12-15 16:00:14] Done :-)
[2017-12-15 16:00:17] Schedule next shutdown at: 2017-12-15 16:15:00
[2017-12-15 16:00:18] Schedule next startup at: 2017-12-15 17:00:00
[2017-12-15 16:00:20] Pending for incoming shutdown command...
[2017-12-15 16:00:24] Internet detected, apply NTP time to system and Witty Pi...
[2017-12-15 16:00:24] Writing system time to RTC...
[2017-12-15 16:00:25] Done :-)
[2017-12-15 16:18:45] Shutdown command is received...
[2017-12-15 16:18:45] Halting all processes and then shutdown Raspberry Pi...
[2017-12-15 16:18:52] Witty Pi daemon (v2.56) is started.
[2017-12-15 16:18:55] Synchronizing time between system and Witty Pi...
[2017-12-15 16:18:56] Writing RTC time to system...
[2017-12-15 17:00:15] Done :-)
[2017-12-15 17:00:19] Schedule next shutdown at: 2017-12-15 17:15:00
[2017-12-15 17:00:20] Schedule next startup at: 2017-12-15 18:00:00
[2017-12-15 17:00:21] Pending for incoming shutdown command...
[2017-12-15 17:00:25] Internet detected, apply NTP time to system and Witty Pi...
[2017-12-15 17:00:25] Writing system time to RTC...
[2017-12-15 17:00:26] Done :-)
[2017-12-15 17:18:46] Shutdown command is received...
[2017-12-15 17:18:46] Halting all processes and then shutdown Raspberry Pi...
[2017-12-15 17:18:52] Witty Pi daemon (v2.56) is started.
[2017-12-15 17:18:55] Synchronizing time between system and Witty Pi...
[2017-12-15 17:18:55] Writing RTC time to system...
[2017-12-15 18:00:14] Done :-)
[2017-12-15 18:00:18] Schedule next shutdown at: 2017-12-15 18:15:00
[2017-12-15 18:00:18] Schedule next startup at: 2017-12-15 19:00:00
[2017-12-15 18:00:20] Pending for incoming shutdown command...
[2017-12-15 18:00:24] Internet detected, apply NTP time to system and Witty Pi...
[2017-12-15 18:00:24] Writing system time to RTC...
[2017-12-15 18:00:25] Done :-)
[2017-12-15 18:18:46] Shutdown command is received...
[2017-12-15 18:18:46] Halting all processes and then shutdown Raspberry Pi...
[2017-12-15 18:18:53] Witty Pi daemon (v2.56) is started.
[2017-12-15 18:18:55] Synchronizing time between system and Witty Pi...
[2017-12-15 18:18:56] Writing RTC time to system...
[2017-12-15 19:00:14] Done :-)
[2017-12-15 19:00:18] Schedule next shutdown at: 2017-12-15 19:15:00
[2017-12-15 19:00:18] Schedule next startup at: 2017-12-16 07:00:00
[2017-12-15 19:00:20] Pending for incoming shutdown command...
[2017-12-15 19:00:24] Internet detected, apply NTP time to system and Witty Pi...
[2017-12-15 19:00:24] Writing system time to RTC...
[2017-12-15 19:00:25] Done :-)
[2017-12-15 19:18:47] Shutdown command is received...
[2017-12-15 19:18:47] Halting all processes and then shutdown Raspberry Pi...
[2017-12-15 19:18:54] Witty Pi daemon (v2.56) is started.
[2017-12-15 19:18:56] Synchronizing time between system and Witty Pi...
[2017-12-15 19:18:57] Writing RTC time to system...
[2017-12-16 07:00:15] Done :-)
[2017-12-16 07:00:19] Schedule next shutdown at: 2017-12-16 07:15:00
[2017-12-16 07:00:19] Schedule next startup at: 2017-12-16 08:00:00
[2017-12-16 07:00:21] Pending for incoming shutdown command...
[2017-12-16 07:00:25] Internet detected, apply NTP time to system and Witty Pi...
[2017-12-16 07:00:25] Writing system time to RTC...
[2017-12-16 07:00:26] Done :-)
[2017-12-16 07:18:47] Shutdown command is received...
[2017-12-16 07:18:47] Halting all processes and then shutdown Raspberry Pi...
[2017-12-16 07:18:54] Witty Pi daemon (v2.56) is started.
[2017-12-16 07:18:56] Synchronizing time between system and Witty Pi...
[2017-12-16 07:18:57] Writing RTC time to system...
[2017-12-16 08:00:14] Done :-)
[2017-12-16 08:00:17] Schedule next shutdown at: 2017-12-16 08:15:00
[2017-12-16 08:00:18] Schedule next startup at: 2017-12-16 09:00:00
[2017-12-16 08:00:20] Pending for incoming shutdown command...
[2017-12-16 08:00:24] Internet detected, apply NTP time to system and Witty Pi...
[2017-12-16 08:00:24] Writing system time to RTC...
[2017-12-16 08:00:25] Done :-)
[2017-12-16 08:18:48] Shutdown command is received...
[2017-12-16 08:18:48] Halting all processes and then shutdown Raspberry Pi...
[2017-12-16 08:18:55] Witty Pi daemon (v2.56) is started.
[2017-12-16 08:18:58] Synchronizing time between system and Witty Pi...
[2017-12-16 08:18:58] Writing RTC time to system...
[2017-12-16 09:00:15] Done :-)
[2017-12-16 09:00:19] Schedule next shutdown at: 2017-12-16 09:15:00
[2017-12-16 09:00:19] Schedule next startup at: 2017-12-16 10:00:00
[2017-12-16 09:00:21] Pending for incoming shutdown command...
[2017-12-16 09:00:25] Internet detected, apply NTP time to system and Witty Pi...
[2017-12-16 09:00:25] Writing system time to RTC...
[2017-12-16 09:00:26] Done :-)
[2017-12-16 09:18:48] Shutdown command is received...
[2017-12-16 09:18:48] Halting all processes and then shutdown Raspberry Pi...
[2017-12-16 09:18:55] Witty Pi daemon (v2.56) is started.
[2017-12-16 09:18:57] Synchronizing time between system and Witty Pi...
[2017-12-16 09:18:58] Writing RTC time to system...
[2017-12-16 10:00:14] Done :-)
[2017-12-16 10:00:17] Schedule next shutdown at: 2017-12-16 10:15:00
[2017-12-16 10:00:18] Schedule next startup at: 2017-12-16 11:00:00
[2017-12-16 10:00:20] Pending for incoming shutdown command...
[2017-12-16 10:00:24] Internet detected, apply NTP time to system and Witty Pi...
[2017-12-16 10:00:24] Writing system time to RTC...
[2017-12-16 10:00:25] Done :-)
[2017-12-16 10:18:49] Shutdown command is received...
[2017-12-16 10:18:49] Halting all processes and then shutdown Raspberry Pi...
[2017-12-16 10:18:56] Witty Pi daemon (v2.56) is started.
[2017-12-16 10:18:58] Synchronizing time between system and Witty Pi...
[2017-12-16 10:18:58] Writing RTC time to system...
[2017-12-16 11:00:14] Done :-)
[2017-12-16 11:00:17] Schedule next shutdown at: 2017-12-16 11:15:00
[2017-12-16 11:00:18] Schedule next startup at: 2017-12-16 12:00:00
[2017-12-16 11:00:20] Pending for incoming shutdown command...
[2017-12-16 11:00:24] Internet detected, apply NTP time to system and Witty Pi...
[2017-12-16 11:00:24] Writing system time to RTC...
[2017-12-16 11:00:25] Done :-)
[2017-12-16 11:18:49] Shutdown command is received...
[2017-12-16 11:18:49] Halting all processes and then shutdown Raspberry Pi...
[2017-12-16 11:18:56] Witty Pi daemon (v2.56) is started.
[2017-12-16 11:18:58] Synchronizing time between system and Witty Pi...
[2017-12-16 11:18:59] Writing RTC time to system...
[2017-12-16 12:00:14] Done :-)
[2017-12-16 12:00:18] Schedule next shutdown at: 2017-12-16 12:15:00
[2017-12-16 12:00:18] Schedule next startup at: 2017-12-16 13:00:00
[2017-12-16 12:00:20] Pending for incoming shutdown command...
[2017-12-16 12:00:24] Internet detected, apply NTP time to system and Witty Pi...
[2017-12-16 12:00:24] Writing system time to RTC...
[2017-12-16 12:00:26] Done :-)
[2017-12-16 12:18:50] Shutdown command is received...
[2017-12-16 12:18:50] Halting all processes and then shutdown Raspberry Pi...
[2017-12-16 12:18:56] Witty Pi daemon (v2.56) is started.
[2017-12-16 12:18:59] Synchronizing time between system and Witty Pi...
[2017-12-16 12:18:59] Writing RTC time to system...
[2017-12-16 13:00:14] Done :-)
[2017-12-16 13:00:18] Schedule next shutdown at: 2017-12-16 13:15:00
[2017-12-16 13:00:18] Schedule next startup at: 2017-12-16 14:00:00
[2017-12-16 13:00:20] Pending for incoming shutdown command...
[2017-12-16 13:00:24] Internet detected, apply NTP time to system and Witty Pi...
[2017-12-16 13:00:24] Writing system time to RTC...
[2017-12-16 13:00:25] Done :-)
[2017-12-16 13:18:50] Shutdown command is received...
[2017-12-16 13:18:50] Halting all processes and then shutdown Raspberry Pi...
[2017-12-16 13:18:57] Witty Pi daemon (v2.56) is started.
[2017-12-16 13:19:00] Synchronizing time between system and Witty Pi...
[2017-12-16 13:19:01] Writing RTC time to system...
[2017-12-16 14:00:15] Done :-)
[2017-12-16 14:00:19] Schedule next shutdown at: 2017-12-16 14:15:00
[2017-12-16 14:00:20] Schedule next startup at: 2017-12-16 15:00:00
[2017-12-16 14:00:21] Pending for incoming shutdown command...
[2017-12-16 14:00:25] Internet detected, apply NTP time to system and Witty Pi...
[2017-12-16 14:00:25] Writing system time to RTC...
[2017-12-16 14:00:26] Done :-)
[2017-12-16 14:18:51] Shutdown command is received...
[2017-12-16 14:18:51] Halting all processes and then shutdown Raspberry Pi...
[2017-12-16 14:18:57] Witty Pi daemon (v2.56) is started.
[2017-12-16 14:19:00] Synchronizing time between system and Witty Pi...
[2017-12-16 14:19:00] Writing RTC time to system...
[2017-12-16 15:00:14] Done :-)
[2017-12-16 15:00:17] Schedule next shutdown at: 2017-12-16 15:15:00
[2017-12-16 15:00:18] Schedule next startup at: 2017-12-16 16:00:00
[2017-12-16 15:00:20] Pending for incoming shutdown command...
[2017-12-16 15:00:24] Internet detected, apply NTP time to system and Witty Pi...
[2017-12-16 15:00:24] Writing system time to RTC...
[2017-12-16 15:00:25] Done :-)
[2017-12-16 15:18:51] Shutdown command is received...
[2017-12-16 15:18:51] Halting all processes and then shutdown Raspberry Pi...
[2017-12-16 15:18:58] Witty Pi daemon (v2.56) is started.
[2017-12-16 15:19:00] Synchronizing time between system and Witty Pi...
[2017-12-16 15:19:01] Writing RTC time to system...
[2017-12-16 16:00:14] Done :-)
[2017-12-16 16:00:17] Schedule next shutdown at: 2017-12-16 16:15:00
[2017-12-16 16:00:18] Schedule next startup at: 2017-12-16 17:00:00
[2017-12-16 16:00:20] Pending for incoming shutdown command...
[2017-12-16 16:00:24] Internet detected, apply NTP time to system and Witty Pi...
[2017-12-16 16:00:24] Writing system time to RTC...
[2017-12-16 16:00:25] Done :-)
[2017-12-16 16:18:52] Shutdown command is received...
[2017-12-16 16:18:52] Halting all processes and then shutdown Raspberry Pi...
[2017-12-16 16:18:59] Witty Pi daemon (v2.56) is started.
[2017-12-16 16:19:01] Synchronizing time between system and Witty Pi...
[2017-12-16 16:19:02] Writing RTC time to system...
[2017-12-16 17:00:15] Done :-)
[2017-12-16 17:00:19] Schedule next shutdown at: 2017-12-16 17:15:00
[2017-12-16 17:00:19] Schedule next startup at: 2017-12-16 18:00:00
[2017-12-16 17:00:21] Pending for incoming shutdown command...
[2017-12-16 17:00:25] Internet detected, apply NTP time to system and Witty Pi...
[2017-12-16 17:00:25] Writing system time to RTC...
[2017-12-16 17:00:26] Done :-)
[2017-12-16 17:18:52] Shutdown command is received...
[2017-12-16 17:18:52] Halting all processes and then shutdown Raspberry Pi...
[2017-12-16 17:18:59] Witty Pi daemon (v2.56) is started.
[2017-12-16 17:19:01] Synchronizing time between system and Witty Pi...
[2017-12-16 17:19:02] Writing RTC time to system...
[2017-12-16 18:00:14] Done :-)
[2017-12-16 18:00:18] Schedule next shutdown at: 2017-12-16 18:15:00
[2017-12-16 18:00:18] Schedule next startup at: 2017-12-16 19:00:00
[2017-12-16 18:00:20] Pending for incoming shutdown command...
[2017-12-16 18:00:24] Internet detected, apply NTP time to system and Witty Pi...
[2017-12-16 18:00:24] Writing system time to RTC...
[2017-12-16 18:00:25] Done :-)
[2017-12-16 18:18:53] Shutdown command is received...
[2017-12-16 18:18:53] Halting all processes and then shutdown Raspberry Pi...
[2017-12-16 18:18:59] Witty Pi daemon (v2.56) is started.
[2017-12-16 18:19:02] Synchronizing time between system and Witty Pi...
[2017-12-16 18:19:02] Writing RTC time to system...
[2017-12-16 19:00:14] Done :-)
[2017-12-16 19:00:18] Schedule next shutdown at: 2017-12-16 19:15:00
[2017-12-16 19:00:18] Schedule next startup at: 2017-12-17 07:00:00
[2017-12-16 19:00:20] Pending for incoming shutdown command...
[2017-12-16 19:00:24] Internet detected, apply NTP time to system and Witty Pi...
[2017-12-16 19:00:24] Writing system time to RTC...
[2017-12-16 19:00:25] Done :-)
[2017-12-16 19:18:53] Shutdown command is received...
[2017-12-16 19:18:53] Halting all processes and then shutdown Raspberry Pi...
[2017-12-16 19:19:00] Witty Pi daemon (v2.56) is started.
[2017-12-16 19:19:02] Synchronizing time between system and Witty Pi...
[2017-12-16 19:19:03] Writing RTC time to system...
[2017-12-17 07:00:14] Done :-)
[2017-12-17 07:00:18] Schedule next shutdown at: 2017-12-17 07:15:00
[2017-12-17 07:00:18] Schedule next startup at: 2017-12-17 08:00:00
[2017-12-17 07:00:20] Pending for incoming shutdown command...
[2017-12-17 07:00:24] Internet detected, apply NTP time to system and Witty Pi...
[2017-12-17 07:00:24] Writing system time to RTC...
[2017-12-17 07:00:25] Done :-)
[2017-12-17 07:18:54] Shutdown command is received...
[2017-12-17 07:18:54] Halting all processes and then shutdown Raspberry Pi...
[2017-12-17 07:19:00] Witty Pi daemon (v2.56) is started.
[2017-12-17 07:19:03] Synchronizing time between system and Witty Pi...
[2017-12-17 07:19:03] Writing RTC time to system...
[2017-12-17 08:00:14] Done :-)
[2017-12-17 08:00:17] Schedule next shutdown at: 2017-12-17 08:15:00
[2017-12-17 08:00:18] Schedule next startup at: 2017-12-17 09:00:00
[2017-12-17 08:00:20] Pending for incoming shutdown command...
[2017-12-17 08:00:24] Internet detected, apply NTP time to system and Witty Pi...
[2017-12-17 08:00:24] Writing system time to RTC...
[2017-12-17 08:00:25] Done :-)
[2017-12-17 08:18:54] Shutdown command is received...
[2017-12-17 08:18:54] Halting all processes and then shutdown Raspberry Pi...
[2017-12-17 08:19:01] Witty Pi daemon (v2.56) is started.
[2017-12-17 08:19:04] Synchronizing time between system and Witty Pi...
[2017-12-17 08:19:05] Writing RTC time to system...
[2017-12-17 09:00:15] Done :-)
[2017-12-17 09:00:19] Schedule next shutdown at: 2017-12-17 09:15:00
[2017-12-17 09:00:19] Schedule next startup at: 2017-12-17 10:00:00
[2017-12-17 09:00:21] Pending for incoming shutdown command...
[2017-12-17 09:00:25] Internet detected, apply NTP time to system and Witty Pi...
[2017-12-17 09:00:25] Writing system time to RTC...
[2017-12-17 09:00:26] Done :-)
[2017-12-17 09:18:55] Shutdown command is received...
[2017-12-17 09:18:55] Halting all processes and then shutdown Raspberry Pi...
[2017-12-17 09:19:01] Witty Pi daemon (v2.56) is started.
[2017-12-17 09:19:04] Synchronizing time between system and Witty Pi...
[2017-12-17 09:19:04] Writing RTC time to system...
[2017-12-17 10:00:14] Done :-)
[2017-12-17 10:00:18] Schedule next shutdown at: 2017-12-17 10:15:00
[2017-12-17 10:00:18] Schedule next startup at: 2017-12-17 11:00:00
[2017-12-17 10:00:20] Pending for incoming shutdown command...
[2017-12-17 10:00:24] Internet detected, apply NTP time to system and Witty Pi...
[2017-12-17 10:00:24] Writing system time to RTC...
[2017-12-17 10:00:25] Done :-)
[2017-12-17 10:18:55] Shutdown command is received...
[2017-12-17 10:18:55] Halting all processes and then shutdown Raspberry Pi...
[2017-12-17 10:19:03] Witty Pi daemon (v2.56) is started.
[2017-12-17 10:19:05] Synchronizing time between system and Witty Pi...
[2017-12-17 10:19:06] Writing RTC time to system...
[2017-12-17 11:00:15] Done :-)
[2017-12-17 11:00:19] Schedule next shutdown at: 2017-12-17 11:15:00
[2017-12-17 11:00:19] Schedule next startup at: 2017-12-17 12:00:00
[2017-12-17 11:00:21] Pending for incoming shutdown command...
[2017-12-17 11:00:25] Internet detected, apply NTP time to system and Witty Pi...
[2017-12-17 11:00:25] Writing system time to RTC...
[2017-12-17 11:00:26] Done :-)
[2017-12-17 11:18:56] Shutdown command is received...
[2017-12-17 11:18:56] Halting all processes and then shutdown Raspberry Pi...
[2017-12-17 11:19:02] Witty Pi daemon (v2.56) is started.
[2017-12-17 11:19:05] Synchronizing time between system and Witty Pi...
[2017-12-17 11:19:05] Writing RTC time to system...
[2017-12-17 12:00:14] Done :-)
[2017-12-17 12:00:17] Schedule next shutdown at: 2017-12-17 12:15:00
[2017-12-17 12:00:18] Schedule next startup at: 2017-12-17 13:00:00
[2017-12-17 12:00:20] Pending for incoming shutdown command...
[2017-12-17 12:00:24] Internet detected, apply NTP time to system and Witty Pi...
[2017-12-17 12:00:24] Writing system time to RTC...
[2017-12-17 12:00:25] Done :-)
[2017-12-17 12:18:56] Shutdown command is received...
[2017-12-17 12:18:56] Halting all processes and then shutdown Raspberry Pi...
[2017-12-17 12:19:03] Witty Pi daemon (v2.56) is started.
[2017-12-17 12:19:05] Synchronizing time between system and Witty Pi...
[2017-12-17 12:19:06] Writing RTC time to system...
[2017-12-17 13:00:14] Done :-)
[2017-12-17 13:00:17] Schedule next shutdown at: 2017-12-17 13:15:00
[2017-12-17 13:00:18] Schedule next startup at: 2017-12-17 14:00:00
[2017-12-17 13:00:20] Pending for incoming shutdown command...
[2017-12-17 13:00:24] Internet detected, apply NTP time to system and Witty Pi...
[2017-12-17 13:00:24] Writing system time to RTC...
[2017-12-17 13:00:25] Done :-)
[2017-12-17 13:18:57] Shutdown command is received...
[2017-12-17 13:18:57] Halting all processes and then shutdown Raspberry Pi...
[2017-12-17 13:19:04] Witty Pi daemon (v2.56) is started.
[2017-12-17 13:19:06] Synchronizing time between system and Witty Pi...
[2017-12-17 13:19:07] Writing RTC time to system...
[2017-12-17 14:00:15] Done :-)
[2017-12-17 14:00:19] Schedule next shutdown at: 2017-12-17 14:15:00
[2017-12-17 14:00:19] Schedule next startup at: 2017-12-17 15:00:00
[2017-12-17 14:00:21] Pending for incoming shutdown command...
[2017-12-17 14:00:25] Internet detected, apply NTP time to system and Witty Pi...
[2017-12-17 14:00:25] Writing system time to RTC...
[2017-12-17 14:00:26] Done :-)
[2017-12-17 14:18:57] Shutdown command is received...
[2017-12-17 14:18:57] Halting all processes and then shutdown Raspberry Pi...
[2017-12-17 14:19:04] Witty Pi daemon (v2.56) is started.
[2017-12-17 14:19:06] Synchronizing time between system and Witty Pi...
[2017-12-17 14:19:07] Writing RTC time to system...
[2017-12-17 15:00:14] Done :-)
[2017-12-17 15:00:17] Schedule next shutdown at: 2017-12-17 15:15:00
[2017-12-17 15:00:18] Schedule next startup at: 2017-12-17 16:00:00
[2017-12-17 15:00:20] Pending for incoming shutdown command...
[2017-12-17 15:00:24] Internet detected, apply NTP time to system and Witty Pi...
[2017-12-17 15:00:24] Writing system time to RTC...
[2017-12-17 15:00:25] Done :-)
[2017-12-17 15:18:58] Shutdown command is received...
[2017-12-17 15:18:58] Halting all processes and then shutdown Raspberry Pi...
[2017-12-17 15:19:04] Witty Pi daemon (v2.56) is started.
[2017-12-17 15:19:07] Synchronizing time between system and Witty Pi...
[2017-12-17 15:19:07] Writing RTC time to system...
[2017-12-17 16:00:14] Done :-)
[2017-12-17 16:00:18] Schedule next shutdown at: 2017-12-17 16:15:00
[2017-12-17 16:00:18] Schedule next startup at: 2017-12-17 17:00:00
[2017-12-17 16:00:20] Pending for incoming shutdown command...
[2017-12-17 16:00:24] Internet detected, apply NTP time to system and Witty Pi...
[2017-12-17 16:00:24] Writing system time to RTC...
[2017-12-17 16:00:25] Done :-)
[2017-12-17 16:18:58] Shutdown command is received...
[2017-12-17 16:18:58] Halting all processes and then shutdown Raspberry Pi...
[2017-12-17 16:19:05] Witty Pi daemon (v2.56) is started.
[2017-12-17 16:19:07] Synchronizing time between system and Witty Pi...
[2017-12-17 16:19:08] Writing RTC time to system...
[2017-12-17 17:00:14] Done :-)
[2017-12-17 17:00:18] Schedule next shutdown at: 2017-12-17 17:15:00
[2017-12-17 17:00:18] Schedule next startup at: 2017-12-17 18:00:00
[2017-12-17 17:00:20] Pending for incoming shutdown command...
[2017-12-17 17:00:24] Internet detected, apply NTP time to system and Witty Pi...
[2017-12-17 17:00:24] Writing system time to RTC...
[2017-12-17 17:00:25] Done :-)
[2017-12-17 17:18:59] Shutdown command is received...
[2017-12-17 17:18:59] Halting all processes and then shutdown Raspberry Pi...
[2017-12-17 17:19:05] Witty Pi daemon (v2.56) is started.
[2017-12-17 17:19:08] Synchronizing time between system and Witty Pi...
[2017-12-17 17:19:08] Writing RTC time to system...
[2017-12-17 18:00:14] Done :-)
[2017-12-17 18:00:17] Schedule next shutdown at: 2017-12-17 18:15:00
[2017-12-17 18:00:18] Schedule next startup at: 2017-12-17 19:00:00
[2017-12-17 18:00:20] Pending for incoming shutdown command...
[2017-12-17 18:00:24] Internet detected, apply NTP time to system and Witty Pi...
[2017-12-17 18:00:24] Writing system time to RTC...
[2017-12-17 18:00:25] Done :-)
[2017-12-17 18:18:59] Shutdown command is received...
[2017-12-17 18:18:59] Halting all processes and then shutdown Raspberry Pi...
[2017-12-17 18:19:06] Witty Pi daemon (v2.56) is started.
[2017-12-17 18:19:08] Synchronizing time between system and Witty Pi...
[2017-12-17 18:19:09] Writing RTC time to system...
[2017-12-17 19:00:14] Done :-)
[2017-12-17 19:00:18] Schedule next shutdown at: 2017-12-17 19:15:00
[2017-12-17 19:00:18] Schedule next startup at: 2017-12-18 07:00:00
[2017-12-17 19:00:20] Pending for incoming shutdown command...
[2017-12-17 19:00:24] Internet detected, apply NTP time to system and Witty Pi...
[2017-12-17 19:00:24] Writing system time to RTC...
[2017-12-17 19:00:25] Done :-)
[2017-12-17 19:19:00] Shutdown command is received...
[2017-12-17 19:19:00] Halting all processes and then shutdown Raspberry Pi...
[2017-12-17 19:19:07] Witty Pi daemon (v2.56) is started.
[2017-12-17 19:19:09] Synchronizing time between system and Witty Pi...
[2017-12-17 19:19:10] Writing RTC time to system...
[2017-12-18 07:00:15] Done :-)
[2017-12-18 07:00:19] Schedule next shutdown at: 2017-12-18 07:15:00
[2017-12-18 07:00:19] Schedule next startup at: 2017-12-18 08:00:00
[2017-12-18 07:00:21] Pending for incoming shutdown command...
[2017-12-18 07:00:25] Internet detected, apply NTP time to system and Witty Pi...
[2017-12-18 07:00:25] Writing system time to RTC...
[2017-12-18 07:00:26] Done :-)
[2017-12-18 07:19:00] Shutdown command is received...
[2017-12-18 07:19:00] Halting all processes and then shutdown Raspberry Pi...
[2017-12-18 07:19:07] Witty Pi daemon (v2.56) is started.
[2017-12-18 07:19:09] Synchronizing time between system and Witty Pi...
[2017-12-18 07:19:10] Writing RTC time to system...
[2017-12-18 08:00:14] Done :-)
[2017-12-18 08:00:17] Schedule next shutdown at: 2017-12-18 08:15:00
[2017-12-18 08:00:18] Schedule next startup at: 2017-12-18 09:00:00
[2017-12-18 08:00:20] Pending for incoming shutdown command...
[2017-12-18 08:00:24] Internet detected, apply NTP time to system and Witty Pi...
[2017-12-18 08:00:24] Writing system time to RTC...
[2017-12-18 08:00:25] Done :-)
[2017-12-18 08:19:01] Shutdown command is received...
[2017-12-18 08:19:01] Halting all processes and then shutdown Raspberry Pi...
[2017-12-18 08:19:07] Witty Pi daemon (v2.56) is started.
[2017-12-18 08:19:10] Synchronizing time between system and Witty Pi...
[2017-12-18 08:19:10] Writing RTC time to system...
[2017-12-18 09:00:14] Done :-)
[2017-12-18 09:00:17] Schedule next shutdown at: 2017-12-18 09:15:00
[2017-12-18 09:00:18] Schedule next startup at: 2017-12-18 10:00:00
[2017-12-18 09:00:20] Pending for incoming shutdown command...
[2017-12-18 09:00:24] Internet detected, apply NTP time to system and Witty Pi...
[2017-12-18 09:00:24] Writing system time to RTC...
[2017-12-18 09:00:25] Done :-)
[2017-12-18 09:19:01] Shutdown command is received...
[2017-12-18 09:19:01] Halting all processes and then shutdown Raspberry Pi...
[2017-12-18 09:19:08] Witty Pi daemon (v2.56) is started.
[2017-12-18 09:19:11] Synchronizing time between system and Witty Pi...
[2017-12-18 09:19:12] Writing RTC time to system...
[2017-12-18 10:00:15] Done :-)
[2017-12-18 10:00:19] Schedule next shutdown at: 2017-12-18 10:15:00
[2017-12-18 10:00:19] Schedule next startup at: 2017-12-18 11:00:00
[2017-12-18 10:00:21] Pending for incoming shutdown command...
[2017-12-18 10:00:25] Internet detected, apply NTP time to system and Witty Pi...
[2017-12-18 10:00:25] Writing system time to RTC...
[2017-12-18 10:00:26] Done :-)
[2017-12-18 10:19:02] Shutdown command is received...
[2017-12-18 10:19:02] Halting all processes and then shutdown Raspberry Pi...
[2017-12-18 10:19:08] Witty Pi daemon (v2.56) is started.
[2017-12-18 10:19:11] Synchronizing time between system and Witty Pi...
[2017-12-18 10:19:11] Writing RTC time to system...
[2017-12-18 11:00:14] Done :-)
[2017-12-18 11:00:17] Schedule next shutdown at: 2017-12-18 11:15:00
[2017-12-18 11:00:18] Schedule next startup at: 2017-12-18 12:00:00
[2017-12-18 11:00:20] Pending for incoming shutdown command...
[2017-12-18 11:00:24] Internet detected, apply NTP time to system and Witty Pi...
[2017-12-18 11:00:24] Writing system time to RTC...
[2017-12-18 11:00:25] Done :-)
[2017-12-18 11:19:02] Shutdown command is received...
[2017-12-18 11:19:02] Halting all processes and then shutdown Raspberry Pi...
[2017-12-18 11:19:09] Witty Pi daemon (v2.56) is started.
[2017-12-18 11:19:11] Synchronizing time between system and Witty Pi...
[2017-12-18 11:19:12] Writing RTC time to system...
[2017-12-18 12:00:14] Done :-)
[2017-12-18 12:00:17] Schedule next shutdown at: 2017-12-18 12:15:00
[2017-12-18 12:00:18] Schedule next startup at: 2017-12-18 13:00:00
[2017-12-18 12:00:20] Pending for incoming shutdown command...
[2017-12-18 12:00:24] Internet detected, apply NTP time to system and Witty Pi...
[2017-12-18 12:00:24] Writing system time to RTC...
[2017-12-18 12:00:25] Done :-)
[2017-12-18 12:19:03] Shutdown command is received...
[2017-12-18 12:19:03] Halting all processes and then shutdown Raspberry Pi...
[2017-12-18 12:19:09] Witty Pi daemon (v2.56) is started.
[2017-12-18 12:19:12] Synchronizing time between system and Witty Pi...
[2017-12-18 12:19:12] Writing RTC time to system...
[2017-12-18 13:00:14] Done :-)
[2017-12-18 13:00:17] Schedule next shutdown at: 2017-12-18 13:15:00
[2017-12-18 13:00:18] Schedule next startup at: 2017-12-18 14:00:00
[2017-12-18 13:00:20] Pending for incoming shutdown command...
[2017-12-18 13:00:24] Internet detected, apply NTP time to system and Witty Pi...
[2017-12-18 13:00:24] Writing system time to RTC...
[2017-12-18 13:00:25] Done :-)
[2017-12-18 13:19:03] Shutdown command is received...
[2017-12-18 13:19:03] Halting all processes and then shutdown Raspberry Pi...
[2017-12-18 13:19:10] Witty Pi daemon (v2.56) is started.
[2017-12-18 13:19:13] Synchronizing time between system and Witty Pi...
[2017-12-18 13:19:14] Writing RTC time to system...
[2017-12-18 14:00:15] Done :-)
[2017-12-18 14:00:19] Schedule next shutdown at: 2017-12-18 14:15:00
[2017-12-18 14:00:19] Schedule next startup at: 2017-12-18 15:00:00
[2017-12-18 14:00:21] Pending for incoming shutdown command...
[2017-12-18 14:00:25] Internet detected, apply NTP time to system and Witty Pi...
[2017-12-18 14:00:25] Writing system time to RTC...
[2017-12-18 14:00:26] Done :-)
[2017-12-18 14:19:04] Shutdown command is received...
[2017-12-18 14:19:04] Halting all processes and then shutdown Raspberry Pi...
[2017-12-18 14:19:11] Witty Pi daemon (v2.56) is started.
[2017-12-18 14:19:13] Synchronizing time between system and Witty Pi...
[2017-12-18 14:19:14] Writing RTC time to system...
[2017-12-18 15:00:15] Done :-)
[2017-12-18 15:00:19] Schedule next shutdown at: 2017-12-18 15:15:00
[2017-12-18 15:00:20] Schedule next startup at: 2017-12-18 16:00:00
[2017-12-18 15:00:21] Pending for incoming shutdown command...
[2017-12-18 15:00:25] Internet detected, apply NTP time to system and Witty Pi...
[2017-12-18 15:00:25] Writing system time to RTC...
[2017-12-18 15:00:26] Done :-)
[2017-12-18 15:19:04] Shutdown command is received...
[2017-12-18 15:19:04] Halting all processes and then shutdown Raspberry Pi...
[2017-12-18 15:19:11] Witty Pi daemon (v2.56) is started.
[2017-12-18 15:19:13] Synchronizing time between system and Witty Pi...
[2017-12-18 15:19:14] Writing RTC time to system...
[2017-12-18 16:00:14] Done :-)
[2017-12-18 16:00:18] Schedule next shutdown at: 2017-12-18 16:15:00
[2017-12-18 16:00:18] Schedule next startup at: 2017-12-18 17:00:00
[2017-12-18 16:00:20] Pending for incoming shutdown command...
[2017-12-18 16:00:24] Internet detected, apply NTP time to system and Witty Pi...
[2017-12-18 16:00:24] Writing system time to RTC...
[2017-12-18 16:00:25] Done :-)
[2017-12-18 16:19:05] Shutdown command is received...
[2017-12-18 16:19:05] Halting all processes and then shutdown Raspberry Pi...
[2017-12-18 16:19:11] Witty Pi daemon (v2.56) is started.
[2017-12-18 16:19:14] Synchronizing time between system and Witty Pi...
[2017-12-18 16:19:14] Writing RTC time to system...
[2017-12-18 17:00:14] Done :-)
[2017-12-18 17:00:18] Schedule next shutdown at: 2017-12-18 17:15:00
[2017-12-18 17:00:18] Schedule next startup at: 2017-12-18 18:00:00
[2017-12-18 17:00:20] Pending for incoming shutdown command...
[2017-12-18 17:00:24] Internet detected, apply NTP time to system and Witty Pi...
[2017-12-18 17:00:24] Writing system time to RTC...
[2017-12-18 17:00:25] Done :-)
[2017-12-18 17:19:05] Shutdown command is received...
[2017-12-18 17:19:05] Halting all processes and then shutdown Raspberry Pi...
[2017-12-18 17:19:12] Witty Pi daemon (v2.56) is started.
[2017-12-18 17:19:15] Synchronizing time between system and Witty Pi...
[2017-12-18 17:19:16] Writing RTC time to system...
[2017-12-18 18:00:15] Done :-)
[2017-12-18 18:00:19] Schedule next shutdown at: 2017-12-18 18:15:00
[2017-12-18 18:00:20] Schedule next startup at: 2017-12-18 19:00:00
[2017-12-18 18:00:21] Pending for incoming shutdown command...
[2017-12-18 18:00:25] Internet detected, apply NTP time to system and Witty Pi...
[2017-12-18 18:00:25] Writing system time to RTC...
[2017-12-18 18:00:26] Done :-)
[2017-12-18 18:19:06] Shutdown command is received...
[2017-12-18 18:19:06] Halting all processes and then shutdown Raspberry Pi...
[2017-12-18 18:19:12] Witty Pi daemon (v2.56) is started.
[2017-12-18 18:19:15] Synchronizing time between system and Witty Pi...
[2017-12-18 18:19:15] Writing RTC time to system...
[2017-12-18 19:00:14] Done :-)
[2017-12-18 19:00:17] Schedule next shutdown at: 2017-12-18 19:15:00
[2017-12-18 19:00:18] Schedule next startup at: 2017-12-19 07:00:00
[2017-12-18 19:00:20] Pending for incoming shutdown command...
[2017-12-18 19:00:24] Internet detected, apply NTP time to system and Witty Pi...
[2017-12-18 19:00:24] Writing system time to RTC...
[2017-12-18 19:00:25] Done :-)
[2017-12-18 19:19:06] Shutdown command is received...
[2017-12-18 19:19:06] Halting all processes and then shutdown Raspberry Pi...
[2017-12-18 19:19:14] Witty Pi daemon (v2.56) is started.
[2017-12-18 19:19:16] Synchronizing time between system and Witty Pi...
[2017-12-18 19:19:17] Writing RTC time to system...
[2017-12-19 07:00:15] Done :-)
[2017-12-19 07:00:18] Schedule next shutdown at: 2017-12-19 07:15:00
[2017-12-19 07:00:19] Schedule next startup at: 2017-12-19 08:00:00
[2017-12-19 07:00:21] Pending for incoming shutdown command...
[2017-12-19 07:00:25] Internet detected, apply NTP time to system and Witty Pi...
[2017-12-19 07:00:25] Writing system time to RTC...
[2017-12-19 07:00:26] Done :-)
[2017-12-19 07:19:07] Shutdown command is received...
[2017-12-19 07:19:07] Halting all processes and then shutdown Raspberry Pi...
[2017-12-19 07:19:13] Witty Pi daemon (v2.56) is started.
[2017-12-19 07:19:16] Synchronizing time between system and Witty Pi...
[2017-12-19 07:19:16] Writing RTC time to system...
[2017-12-19 08:00:14] Done :-)
[2017-12-19 08:00:17] Schedule next shutdown at: 2017-12-19 08:15:00
[2017-12-19 08:00:18] Schedule next startup at: 2017-12-19 09:00:00
[2017-12-19 08:00:20] Pending for incoming shutdown command...
[2017-12-19 08:00:24] Internet detected, apply NTP time to system and Witty Pi...
[2017-12-19 08:00:24] Writing system time to RTC...
[2017-12-19 08:00:25] Done :-)
[2017-12-19 08:19:07] Shutdown command is received...
[2017-12-19 08:19:07] Halting all processes and then shutdown Raspberry Pi...
[2017-12-19 08:19:14] Witty Pi daemon (v2.56) is started.
[2017-12-19 08:19:16] Synchronizing time between system and Witty Pi...
[2017-12-19 08:19:17] Writing RTC time to system...
[2017-12-19 09:00:14] Done :-)
[2017-12-19 09:00:17] Schedule next shutdown at: 2017-12-19 09:15:00
[2017-12-19 09:00:18] Schedule next startup at: 2017-12-19 10:00:00
[2017-12-19 09:00:20] Pending for incoming shutdown command...
[2017-12-19 09:00:24] Internet detected, apply NTP time to system and Witty Pi...
[2017-12-19 09:00:24] Writing system time to RTC...
[2017-12-19 09:00:25] Done :-)
[2017-12-19 09:19:08] Shutdown command is received...
[2017-12-19 09:19:08] Halting all processes and then shutdown Raspberry Pi...
[2017-12-19 09:19:14] Witty Pi daemon (v2.56) is started.
[2017-12-19 09:19:16] Synchronizing time between system and Witty Pi...
[2017-12-19 09:19:17] Writing RTC time to system...
[2017-12-19 10:00:14] Done :-)
[2017-12-19 10:00:17] Schedule next shutdown at: 2017-12-19 10:15:00
[2017-12-19 10:00:18] Schedule next startup at: 2017-12-19 11:00:00
[2017-12-19 10:00:20] Pending for incoming shutdown command...
[2017-12-19 10:00:24] Internet detected, apply NTP time to system and Witty Pi...
[2017-12-19 10:00:24] Writing system time to RTC...
[2017-12-19 10:00:25] Done :-)
[2017-12-19 10:19:08] Shutdown command is received...
[2017-12-19 10:19:08] Halting all processes and then shutdown Raspberry Pi...
[2017-12-19 10:19:15] Witty Pi daemon (v2.56) is started.
[2017-12-19 10:19:18] Synchronizing time between system and Witty Pi...
[2017-12-19 10:19:19] Writing RTC time to system...
[2017-12-19 11:00:15] Done :-)
[2017-12-19 11:00:19] Schedule next shutdown at: 2017-12-19 11:15:00
[2017-12-19 11:00:19] Schedule next startup at: 2017-12-19 12:00:00
[2017-12-19 11:00:21] Pending for incoming shutdown command...
[2017-12-19 11:00:25] Internet detected, apply NTP time to system and Witty Pi...
[2017-12-19 11:00:25] Writing system time to RTC...
[2017-12-19 11:00:26] Done :-)
[2017-12-19 11:19:09] Shutdown command is received...
[2017-12-19 11:19:09] Halting all processes and then shutdown Raspberry Pi...
[2017-12-19 11:19:15] Witty Pi daemon (v2.56) is started.
[2017-12-19 11:19:17] Synchronizing time between system and Witty Pi...
[2017-12-19 11:19:18] Writing RTC time to system...
[2017-12-19 12:00:14] Done :-)
[2017-12-19 12:00:17] Schedule next shutdown at: 2017-12-19 12:15:00
[2017-12-19 12:00:18] Schedule next startup at: 2017-12-19 13:00:00
[2017-12-19 12:00:20] Pending for incoming shutdown command...
[2017-12-19 12:00:24] Internet detected, apply NTP time to system and Witty Pi...
[2017-12-19 12:00:24] Writing system time to RTC...
[2017-12-19 12:00:25] Done :-)
[2017-12-19 12:19:09] Shutdown command is received...
[2017-12-19 12:19:09] Halting all processes and then shutdown Raspberry Pi...
[2017-12-19 12:19:16] Witty Pi daemon (v2.56) is started.
[2017-12-19 12:19:18] Synchronizing time between system and Witty Pi...
[2017-12-19 12:19:19] Writing RTC time to system...
[2017-12-19 13:00:14] Done :-)
[2017-12-19 13:00:18] Schedule next shutdown at: 2017-12-19 13:15:00
[2017-12-19 13:00:18] Schedule next startup at: 2017-12-19 14:00:00
[2017-12-19 13:00:20] Pending for incoming shutdown command...
[2017-12-19 13:00:24] Internet detected, apply NTP time to system and Witty Pi...
[2017-12-19 13:00:24] Writing system time to RTC...
[2017-12-19 13:00:25] Done :-)
[2017-12-19 13:19:10] Shutdown command is received...
[2017-12-19 13:19:10] Halting all processes and then shutdown Raspberry Pi...
[2017-12-19 13:19:16] Witty Pi daemon (v2.56) is started.
[2017-12-19 13:19:19] Synchronizing time between system and Witty Pi...
[2017-12-19 13:19:19] Writing RTC time to system...
[2017-12-19 14:00:14] Done :-)
[2017-12-19 14:00:17] Schedule next shutdown at: 2017-12-19 14:15:00
[2017-12-19 14:00:18] Schedule next startup at: 2017-12-19 15:00:00
[2017-12-19 14:00:20] Pending for incoming shutdown command...
[2017-12-19 14:00:24] Internet detected, apply NTP time to system and Witty Pi...
[2017-12-19 14:00:24] Writing system time to RTC...
[2017-12-19 14:00:25] Done :-)
[2017-12-19 14:19:10] Shutdown command is received...
[2017-12-19 14:19:10] Halting all processes and then shutdown Raspberry Pi...
[2017-12-19 14:19:17] Witty Pi daemon (v2.56) is started.
[2017-12-19 14:19:19] Synchronizing time between system and Witty Pi...
[2017-12-19 14:19:20] Writing RTC time to system...
[2017-12-19 15:00:14] Done :-)
[2017-12-19 15:00:17] Schedule next shutdown at: 2017-12-19 15:15:00
[2017-12-19 15:00:18] Schedule next startup at: 2017-12-19 16:00:00
[2017-12-19 15:00:20] Pending for incoming shutdown command...
[2017-12-19 15:00:24] Internet detected, apply NTP time to system and Witty Pi...
[2017-12-19 15:00:24] Writing system time to RTC...
[2017-12-19 15:00:25] Done :-)
[2017-12-19 15:19:11] Shutdown command is received...
[2017-12-19 15:19:11] Halting all processes and then shutdown Raspberry Pi...
[2017-12-19 15:19:18] Witty Pi daemon (v2.56) is started.
[2017-12-19 15:19:20] Synchronizing time between system and Witty Pi...
[2017-12-19 15:19:21] Writing RTC time to system...
[2017-12-19 16:00:15] Done :-)
[2017-12-19 16:00:19] Schedule next shutdown at: 2017-12-19 16:15:00
[2017-12-19 16:00:20] Schedule next startup at: 2017-12-19 17:00:00
[2017-12-19 16:00:21] Pending for incoming shutdown command...
[2017-12-19 16:00:25] Internet detected, apply NTP time to system and Witty Pi...
[2017-12-19 16:00:25] Writing system time to RTC...
[2017-12-19 16:00:26] Done :-)
[2017-12-19 16:19:11] Shutdown command is received...
[2017-12-19 16:19:11] Halting all processes and then shutdown Raspberry Pi...
[2017-12-19 16:19:18] Witty Pi daemon (v2.56) is started.
[2017-12-19 16:19:20] Synchronizing time between system and Witty Pi...
[2017-12-19 16:19:21] Writing RTC time to system...
[2017-12-19 17:00:14] Done :-)
[2017-12-19 17:00:18] Schedule next shutdown at: 2017-12-19 17:15:00
[2017-12-19 17:00:18] Schedule next startup at: 2017-12-19 18:00:00
[2017-12-19 17:00:20] Pending for incoming shutdown command...
[2017-12-19 17:00:24] Internet detected, apply NTP time to system and Witty Pi...
[2017-12-19 17:00:24] Writing system time to RTC...
[2017-12-19 17:00:25] Done :-)
[2017-12-19 17:19:12] Shutdown command is received...
[2017-12-19 17:19:12] Halting all processes and then shutdown Raspberry Pi...
[2017-12-19 17:19:19] Witty Pi daemon (v2.56) is started.
[2017-12-19 17:19:21] Synchronizing time between system and Witty Pi...
[2017-12-19 17:19:22] Writing RTC time to system...
[2017-12-19 18:00:15] Done :-)
[2017-12-19 18:00:19] Schedule next shutdown at: 2017-12-19 18:15:00
[2017-12-19 18:00:20] Schedule next startup at: 2017-12-19 19:00:00
[2017-12-19 18:00:21] Pending for incoming shutdown command...
[2017-12-19 18:00:25] Internet detected, apply NTP time to system and Witty Pi...
[2017-12-19 18:00:25] Writing system time to RTC...
[2017-12-19 18:00:26] Done :-)
[2017-12-19 18:19:12] Shutdown command is received...
[2017-12-19 18:19:12] Halting all processes and then shutdown Raspberry Pi...
[2017-12-19 18:19:19] Witty Pi daemon (v2.56) is started.
[2017-12-19 18:19:22] Synchronizing time between system and Witty Pi...
[2017-12-19 18:19:23] Writing RTC time to system...
[2017-12-19 19:00:15] Done :-)
[2017-12-19 19:00:19] Schedule next shutdown at: 2017-12-19 19:15:00
[2017-12-19 19:00:19] Schedule next startup at: 2017-12-20 07:00:00
[2017-12-19 19:00:21] Pending for incoming shutdown command...
[2017-12-19 19:00:25] Internet detected, apply NTP time to system and Witty Pi...
[2017-12-19 19:00:25] Writing system time to RTC...
[2017-12-19 19:00:26] Done :-)
[2017-12-19 19:19:13] Shutdown command is received...
[2017-12-19 19:19:13] Halting all processes and then shutdown Raspberry Pi...
[2017-12-19 19:19:19] Witty Pi daemon (v2.56) is started.
[2017-12-19 19:19:22] Synchronizing time between system and Witty Pi...
[2017-12-19 19:19:22] Writing RTC time to system...
[2017-12-20 07:00:14] Done :-)
[2017-12-20 07:00:18] Schedule next shutdown at: 2017-12-20 07:15:00
[2017-12-20 07:00:18] Schedule next startup at: 2017-12-20 08:00:00
[2017-12-20 07:00:20] Pending for incoming shutdown command...
[2017-12-20 07:00:24] Internet detected, apply NTP time to system and Witty Pi...
[2017-12-20 07:00:24] Writing system time to RTC...
[2017-12-20 07:00:26] Done :-)
[2017-12-20 07:19:13] Shutdown command is received...
[2017-12-20 07:19:13] Halting all processes and then shutdown Raspberry Pi...
[2017-12-20 07:19:20] Witty Pi daemon (v2.56) is started.
[2017-12-20 07:19:23] Synchronizing time between system and Witty Pi...
[2017-12-20 07:19:24] Writing RTC time to system...
[2017-12-20 08:00:15] Done :-)
[2017-12-20 08:00:17] Schedule next shutdown at: 2017-12-20 08:15:00
[2017-12-20 08:00:18] Schedule next startup at: 2017-12-20 09:00:00
[2017-12-20 08:00:20] Pending for incoming shutdown command...
[2017-12-20 08:00:25] Internet detected, apply NTP time to system and Witty Pi...
[2017-12-20 08:00:25] Writing system time to RTC...
[2017-12-20 08:00:26] Done :-)
[2017-12-20 08:19:14] Shutdown command is received...
[2017-12-20 08:19:14] Halting all processes and then shutdown Raspberry Pi...
[2017-12-20 08:19:20] Witty Pi daemon (v2.56) is started.
[2017-12-20 08:19:23] Synchronizing time between system and Witty Pi...
[2017-12-20 08:19:23] Writing RTC time to system...
[2017-12-20 09:00:14] Done :-)
[2017-12-20 09:00:17] Schedule next shutdown at: 2017-12-20 09:15:00
[2017-12-20 09:00:18] Schedule next startup at: 2017-12-20 10:00:00
[2017-12-20 09:00:20] Pending for incoming shutdown command...
[2017-12-20 09:00:24] Internet detected, apply NTP time to system and Witty Pi...
[2017-12-20 09:00:24] Writing system time to RTC...
[2017-12-20 09:00:25] Done :-)
[2017-12-20 09:19:14] Shutdown command is received...
[2017-12-20 09:19:14] Halting all processes and then shutdown Raspberry Pi...
[2017-12-20 09:19:21] Witty Pi daemon (v2.56) is started.
[2017-12-20 09:19:24] Synchronizing time between system and Witty Pi...
[2017-12-20 09:19:24] Writing RTC time to system...
[2017-12-20 10:00:15] Done :-)
[2017-12-20 10:00:19] Schedule next shutdown at: 2017-12-20 10:15:00
[2017-12-20 10:00:19] Schedule next startup at: 2017-12-20 11:00:00
[2017-12-20 10:00:21] Pending for incoming shutdown command...
[2017-12-20 10:00:25] Internet detected, apply NTP time to system and Witty Pi...
[2017-12-20 10:00:25] Writing system time to RTC...
[2017-12-20 10:00:26] Done :-)
[2017-12-20 10:19:15] Shutdown command is received...
[2017-12-20 10:19:15] Halting all processes and then shutdown Raspberry Pi...
[2017-12-20 10:19:21] Witty Pi daemon (v2.56) is started.
[2017-12-20 10:19:24] Synchronizing time between system and Witty Pi...
[2017-12-20 10:19:24] Writing RTC time to system...
[2017-12-20 11:00:14] Done :-)
[2017-12-20 11:00:17] Schedule next shutdown at: 2017-12-20 11:15:00
[2017-12-20 11:00:18] Schedule next startup at: 2017-12-20 12:00:00
[2017-12-20 11:00:20] Pending for incoming shutdown command...
[2017-12-20 11:00:24] Internet detected, apply NTP time to system and Witty Pi...
[2017-12-20 11:00:24] Writing system time to RTC...
[2017-12-20 11:00:25] Done :-)
[2017-12-20 11:19:15] Shutdown command is received...
[2017-12-20 11:19:15] Halting all processes and then shutdown Raspberry Pi...
[2017-12-20 11:19:22] Witty Pi daemon (v2.56) is started.
[2017-12-20 11:19:25] Synchronizing time between system and Witty Pi...
[2017-12-20 11:19:26] Writing RTC time to system...
[2017-12-20 12:00:15] Done :-)
[2017-12-20 12:00:19] Schedule next shutdown at: 2017-12-20 12:15:00
[2017-12-20 12:00:19] Schedule next startup at: 2017-12-20 13:00:00
[2017-12-20 12:00:21] Pending for incoming shutdown command...
[2017-12-20 12:00:25] Internet detected, apply NTP time to system and Witty Pi...
[2017-12-20 12:00:25] Writing system time to RTC...
[2017-12-20 12:00:26] Done :-)
[2017-12-20 12:19:16] Shutdown command is received...
[2017-12-20 12:19:16] Halting all processes and then shutdown Raspberry Pi...
[2017-12-20 12:19:23] Witty Pi daemon (v2.56) is started.
[2017-12-20 12:19:25] Synchronizing time between system and Witty Pi...
[2017-12-20 12:19:26] Writing RTC time to system...
[2017-12-20 13:00:15] Done :-)
[2017-12-20 13:00:19] Schedule next shutdown at: 2017-12-20 13:15:00
[2017-12-20 13:00:19] Schedule next startup at: 2017-12-20 14:00:00
[2017-12-20 13:00:21] Pending for incoming shutdown command...
[2017-12-20 13:00:25] Internet detected, apply NTP time to system and Witty Pi...
[2017-12-20 13:00:25] Writing system time to RTC...
[2017-12-20 13:00:26] Done :-)
[2017-12-20 13:19:16] Shutdown command is received...
[2017-12-20 13:19:16] Halting all processes and then shutdown Raspberry Pi...
[2017-12-20 13:19:23] Witty Pi daemon (v2.56) is started.
[2017-12-20 13:19:25] Synchronizing time between system and Witty Pi...
[2017-12-20 13:19:26] Writing RTC time to system...
[2017-12-20 14:00:14] Done :-)
[2017-12-20 14:00:18] Schedule next shutdown at: 2017-12-20 14:15:00
[2017-12-20 14:00:18] Schedule next startup at: 2017-12-20 15:00:00
[2017-12-20 14:00:20] Pending for incoming shutdown command...
[2017-12-20 14:00:24] Internet detected, apply NTP time to system and Witty Pi...
[2017-12-20 14:00:24] Writing system time to RTC...
[2017-12-20 14:00:25] Done :-)
[2017-12-20 14:19:17] Shutdown command is received...
[2017-12-20 14:19:17] Halting all processes and then shutdown Raspberry Pi...
[2017-12-20 14:19:24] Witty Pi daemon (v2.56) is started.
[2017-12-20 14:19:26] Synchronizing time between system and Witty Pi...
[2017-12-20 14:19:27] Writing RTC time to system...
[2017-12-20 15:00:15] Done :-)
[2017-12-20 15:00:19] Schedule next shutdown at: 2017-12-20 15:15:00
[2017-12-20 15:00:19] Schedule next startup at: 2017-12-20 16:00:00
[2017-12-20 15:00:21] Pending for incoming shutdown command...
[2017-12-20 15:00:25] Internet detected, apply NTP time to system and Witty Pi...
[2017-12-20 15:00:25] Writing system time to RTC...
[2017-12-20 15:00:26] Done :-)
[2017-12-20 15:19:17] Shutdown command is received...
[2017-12-20 15:19:17] Halting all processes and then shutdown Raspberry Pi...
[2017-12-20 15:19:24] Witty Pi daemon (v2.56) is started.
[2017-12-20 15:19:26] Synchronizing time between system and Witty Pi...
[2017-12-20 15:19:27] Writing RTC time to system...
[2017-12-20 16:00:14] Done :-)
[2017-12-20 16:00:18] Schedule next shutdown at: 2017-12-20 16:15:00
[2017-12-20 16:00:18] Schedule next startup at: 2017-12-20 17:00:00
[2017-12-20 16:00:20] Pending for incoming shutdown command...
[2017-12-20 16:00:24] Internet detected, apply NTP time to system and Witty Pi...
[2017-12-20 16:00:24] Writing system time to RTC...
[2017-12-20 16:00:25] Done :-)
[2017-12-20 16:19:18] Shutdown command is received...
[2017-12-20 16:19:18] Halting all processes and then shutdown Raspberry Pi...
[2017-12-20 16:19:25] Witty Pi daemon (v2.56) is started.
[2017-12-20 16:19:27] Synchronizing time between system and Witty Pi...
[2017-12-20 16:19:28] Writing RTC time to system...
[2017-12-20 17:00:15] Done :-)
[2017-12-20 17:00:19] Schedule next shutdown at: 2017-12-20 17:15:00
[2017-12-20 17:00:20] Schedule next startup at: 2017-12-20 18:00:00
[2017-12-20 17:00:21] Pending for incoming shutdown command...
[2017-12-20 17:00:25] Internet detected, apply NTP time to system and Witty Pi...
[2017-12-20 17:00:25] Writing system time to RTC...
[2017-12-20 17:00:26] Done :-)
[2017-12-20 17:19:18] Shutdown command is received...
[2017-12-20 17:19:18] Halting all processes and then shutdown Raspberry Pi...
[2017-12-20 17:19:25] Witty Pi daemon (v2.56) is started.
[2017-12-20 17:19:27] Synchronizing time between system and Witty Pi...
[2017-12-20 17:19:29] Writing RTC time to system...
[2017-12-20 18:00:15] Done :-)
[2017-12-20 18:00:18] Schedule next shutdown at: 2017-12-20 18:15:00
[2017-12-20 18:00:18] Schedule next startup at: 2017-12-20 19:00:00
[2017-12-20 18:00:20] Pending for incoming shutdown command...
[2017-12-20 18:00:25] Internet detected, apply NTP time to system and Witty Pi...
[2017-12-20 18:00:25] Writing system time to RTC...
[2017-12-20 18:00:26] Done :-)
[2017-12-20 18:19:19] Shutdown command is received...
[2017-12-20 18:19:19] Halting all processes and then shutdown Raspberry Pi...
[2017-12-20 18:19:25] Witty Pi daemon (v2.56) is started.
[2017-12-20 18:19:27] Synchronizing time between system and Witty Pi...
[2017-12-20 18:19:28] Writing RTC time to system...
[2017-12-20 19:00:14] Done :-)
[2017-12-20 19:00:18] Schedule next shutdown at: 2017-12-20 19:15:00
[2017-12-20 19:00:18] Schedule next startup at: 2017-12-21 07:00:00
[2017-12-20 19:00:20] Pending for incoming shutdown command...
[2017-12-20 19:00:24] Internet detected, apply NTP time to system and Witty Pi...
[2017-12-20 19:00:24] Writing system time to RTC...
[2017-12-20 19:00:25] Done :-)
[2017-12-20 19:19:19] Shutdown command is received...
[2017-12-20 19:19:19] Halting all processes and then shutdown Raspberry Pi...
[2017-12-20 19:19:26] Witty Pi daemon (v2.56) is started.
[2017-12-20 19:19:29] Synchronizing time between system and Witty Pi...
[2017-12-20 19:19:30] Writing RTC time to system...
[2017-12-21 07:00:15] Done :-)
[2017-12-21 07:00:17] Schedule next shutdown at: 2017-12-21 07:15:00
[2017-12-21 07:00:18] Schedule next startup at: 2017-12-21 08:00:00
[2017-12-21 07:00:20] Pending for incoming shutdown command...
[2017-12-21 07:00:25] Internet detected, apply NTP time to system and Witty Pi...
[2017-12-21 07:00:25] Writing system time to RTC...
[2017-12-21 07:00:26] Done :-)
[2017-12-21 07:19:20] Shutdown command is received...
[2017-12-21 07:19:20] Halting all processes and then shutdown Raspberry Pi...
[2017-12-21 07:19:27] Witty Pi daemon (v2.56) is started.
[2017-12-21 07:19:29] Synchronizing time between system and Witty Pi...
[2017-12-21 07:19:30] Writing RTC time to system...
[2017-12-21 08:00:15] Done :-)
[2017-12-21 08:00:19] Schedule next shutdown at: 2017-12-21 08:15:00
[2017-12-21 08:00:19] Schedule next startup at: 2017-12-21 09:00:00
[2017-12-21 08:00:21] Pending for incoming shutdown command...
[2017-12-21 08:00:25] Internet detected, apply NTP time to system and Witty Pi...
[2017-12-21 08:00:25] Writing system time to RTC...
[2017-12-21 08:00:26] Done :-)
[2017-12-21 08:19:20] Shutdown command is received...
[2017-12-21 08:19:20] Halting all processes and then shutdown Raspberry Pi...
[2017-12-21 08:19:27] Witty Pi daemon (v2.56) is started.
[2017-12-21 08:19:29] Synchronizing time between system and Witty Pi...
[2017-12-21 08:19:30] Writing RTC time to system...
[2017-12-21 09:00:14] Done :-)
[2017-12-21 09:00:17] Schedule next shutdown at: 2017-12-21 09:15:00
[2017-12-21 09:00:18] Schedule next startup at: 2017-12-21 10:00:00
[2017-12-21 09:00:20] Pending for incoming shutdown command...
[2017-12-21 09:00:24] Internet detected, apply NTP time to system and Witty Pi...
[2017-12-21 09:00:24] Writing system time to RTC...
[2017-12-21 09:00:25] Done :-)
[2017-12-21 09:19:21] Shutdown command is received...
[2017-12-21 09:19:21] Halting all processes and then shutdown Raspberry Pi...
[2017-12-21 09:19:27] Witty Pi daemon (v2.56) is started.
[2017-12-21 09:19:29] Synchronizing time between system and Witty Pi...
[2017-12-21 09:19:30] Writing RTC time to system...
[2017-12-21 10:00:14] Done :-)
[2017-12-21 10:00:17] Schedule next shutdown at: 2017-12-21 10:15:00
[2017-12-21 10:00:18] Schedule next startup at: 2017-12-21 11:00:00
[2017-12-21 10:00:20] Pending for incoming shutdown command...
[2017-12-21 10:00:24] Internet detected, apply NTP time to system and Witty Pi...
[2017-12-21 10:00:24] Writing system time to RTC...
[2017-12-21 10:00:25] Done :-)
[2017-12-21 10:19:21] Shutdown command is received...
[2017-12-21 10:19:21] Halting all processes and then shutdown Raspberry Pi...
[2017-12-21 10:19:28] Witty Pi daemon (v2.56) is started.
[2017-12-21 10:19:30] Synchronizing time between system and Witty Pi...
[2017-12-21 10:19:30] Writing RTC time to system...
[2017-12-21 11:00:14] Done :-)
[2017-12-21 11:00:17] Schedule next shutdown at: 2017-12-21 11:15:00
[2017-12-21 11:00:18] Schedule next startup at: 2017-12-21 12:00:00
[2017-12-21 11:00:20] Pending for incoming shutdown command...
[2017-12-21 11:00:24] Internet detected, apply NTP time to system and Witty Pi...
[2017-12-21 11:00:24] Writing system time to RTC...
[2017-12-21 11:00:25] Done :-)
[2017-12-21 11:19:22] Shutdown command is received...
[2017-12-21 11:19:22] Halting all processes and then shutdown Raspberry Pi...
[2017-12-21 11:19:28] Witty Pi daemon (v2.56) is started.
[2017-12-21 11:19:31] Synchronizing time between system and Witty Pi...
[2017-12-21 11:19:31] Writing RTC time to system...
[2017-12-21 12:00:14] Done :-)
[2017-12-21 12:00:17] Schedule next shutdown at: 2017-12-21 12:15:00
[2017-12-21 12:00:18] Schedule next startup at: 2017-12-21 13:00:00
[2017-12-21 12:00:20] Pending for incoming shutdown command...
[2017-12-21 12:00:24] Internet detected, apply NTP time to system and Witty Pi...
[2017-12-21 12:00:24] Writing system time to RTC...
[2017-12-21 12:00:25] Done :-)
[2017-12-21 12:19:22] Shutdown command is received...
[2017-12-21 12:19:22] Halting all processes and then shutdown Raspberry Pi...
[2017-12-21 12:19:29] Witty Pi daemon (v2.56) is started.
[2017-12-21 12:19:32] Synchronizing time between system and Witty Pi...
[2017-12-21 12:19:33] Writing RTC time to system...
[2017-12-21 13:00:15] Done :-)
[2017-12-21 13:00:19] Schedule next shutdown at: 2017-12-21 13:15:00
[2017-12-21 13:00:20] Schedule next startup at: 2017-12-21 14:00:00
[2017-12-21 13:00:21] Pending for incoming shutdown command...
[2017-12-21 13:00:25] Internet detected, apply NTP time to system and Witty Pi...
[2017-12-21 13:00:25] Writing system time to RTC...
[2017-12-21 13:00:26] Done :-)
[2017-12-21 13:19:23] Shutdown command is received...
[2017-12-21 13:19:23] Halting all processes and then shutdown Raspberry Pi...
[2017-12-21 13:19:30] Witty Pi daemon (v2.56) is started.
[2017-12-21 13:19:32] Synchronizing time between system and Witty Pi...
[2017-12-21 13:19:33] Writing RTC time to system...
[2017-12-21 14:00:15] Done :-)
[2017-12-21 14:00:19] Schedule next shutdown at: 2017-12-21 14:15:00
[2017-12-21 14:00:19] Schedule next startup at: 2017-12-21 15:00:00
[2017-12-21 14:00:21] Pending for incoming shutdown command...
[2017-12-21 14:00:25] Internet detected, apply NTP time to system and Witty Pi...
[2017-12-21 14:00:25] Writing system time to RTC...
[2017-12-21 14:00:26] Done :-)
[2017-12-21 14:19:23] Shutdown command is received...
[2017-12-21 14:19:23] Halting all processes and then shutdown Raspberry Pi...
[2017-12-21 14:19:30] Witty Pi daemon (v2.56) is started.
[2017-12-21 14:19:32] Synchronizing time between system and Witty Pi...
[2017-12-21 14:19:33] Writing RTC time to system...
[2017-12-21 15:00:14] Done :-)
[2017-12-21 15:00:18] Schedule next shutdown at: 2017-12-21 15:15:00
[2017-12-21 15:00:18] Schedule next startup at: 2017-12-21 16:00:00
[2017-12-21 15:00:20] Pending for incoming shutdown command...
[2017-12-21 15:00:24] Internet detected, apply NTP time to system and Witty Pi...
[2017-12-21 15:00:24] Writing system time to RTC...
[2017-12-21 15:00:25] Done :-)
[2017-12-21 15:19:24] Shutdown command is received...
[2017-12-21 15:19:24] Halting all processes and then shutdown Raspberry Pi...
[2017-12-21 15:19:30] Witty Pi daemon (v2.56) is started.
[2017-12-21 15:19:33] Synchronizing time between system and Witty Pi...
[2017-12-21 15:19:33] Writing RTC time to system...
[2017-12-21 16:00:14] Done :-)
[2017-12-21 16:00:17] Schedule next shutdown at: 2017-12-21 16:15:00
[2017-12-21 16:00:18] Schedule next startup at: 2017-12-21 17:00:00
[2017-12-21 16:00:20] Pending for incoming shutdown command...
[2017-12-21 16:00:24] Internet detected, apply NTP time to system and Witty Pi...
[2017-12-21 16:00:24] Writing system time to RTC...
[2017-12-21 16:00:25] Done :-)
[2017-12-21 16:19:24] Shutdown command is received...
[2017-12-21 16:19:24] Halting all processes and then shutdown Raspberry Pi...
[2017-12-21 16:19:31] Witty Pi daemon (v2.56) is started.
[2017-12-21 16:19:33] Synchronizing time between system and Witty Pi...
[2017-12-21 16:19:33] Writing RTC time to system...
[2017-12-21 17:00:14] Done :-)
[2017-12-21 17:00:18] Schedule next shutdown at: 2017-12-21 17:15:00
[2017-12-21 17:00:18] Schedule next startup at: 2017-12-21 18:00:00
[2017-12-21 17:00:20] Pending for incoming shutdown command...
[2017-12-21 17:00:24] Internet detected, apply NTP time to system and Witty Pi...
[2017-12-21 17:00:24] Writing system time to RTC...
[2017-12-21 17:00:25] Done :-)
[2017-12-21 17:19:25] Shutdown command is received...
[2017-12-21 17:19:25] Halting all processes and then shutdown Raspberry Pi...
[2017-12-21 17:19:32] Witty Pi daemon (v2.56) is started.
[2017-12-21 17:19:34] Synchronizing time between system and Witty Pi...
[2017-12-21 17:19:35] Writing RTC time to system...
[2017-12-21 18:00:15] Done :-)
[2017-12-21 18:00:19] Schedule next shutdown at: 2017-12-21 18:15:00
[2017-12-21 18:00:20] Schedule next startup at: 2017-12-21 19:00:00
[2017-12-21 18:00:21] Pending for incoming shutdown command...
[2017-12-21 18:00:25] Internet detected, apply NTP time to system and Witty Pi...
[2017-12-21 18:00:25] Writing system time to RTC...
[2017-12-21 18:00:26] Done :-)
[2017-12-21 18:19:25] Shutdown command is received...
[2017-12-21 18:19:25] Halting all processes and then shutdown Raspberry Pi...
[2017-12-21 18:19:32] Witty Pi daemon (v2.56) is started.
[2017-12-21 18:19:34] Synchronizing time between system and Witty Pi...
[2017-12-21 18:19:35] Writing RTC time to system...
[2017-12-21 19:00:14] Done :-)
[2017-12-21 19:00:17] Schedule next shutdown at: 2017-12-21 19:15:00
[2017-12-21 19:00:18] Schedule next startup at: 2017-12-22 07:00:00
[2017-12-21 19:00:20] Pending for incoming shutdown command...
[2017-12-21 19:00:24] Internet detected, apply NTP time to system and Witty Pi...
[2017-12-21 19:00:24] Writing system time to RTC...
[2017-12-21 19:00:25] Done :-)
[2017-12-21 19:19:26] Shutdown command is received...
[2017-12-21 19:19:26] Halting all processes and then shutdown Raspberry Pi...
[2017-12-21 19:19:32] Witty Pi daemon (v2.56) is started.
[2017-12-21 19:19:35] Synchronizing time between system and Witty Pi...
[2017-12-21 19:19:35] Writing RTC time to system...
[2017-12-22 07:00:14] Done :-)
[2017-12-22 07:00:18] Schedule next shutdown at: 2017-12-22 07:15:00
[2017-12-22 07:00:18] Schedule next startup at: 2017-12-22 08:00:00
[2017-12-22 07:00:20] Pending for incoming shutdown command...
[2017-12-22 07:00:24] Internet detected, apply NTP time to system and Witty Pi...
[2017-12-22 07:00:24] Writing system time to RTC...
[2017-12-22 07:00:25] Done :-)
[2017-12-22 07:19:26] Shutdown command is received...
[2017-12-22 07:19:26] Halting all processes and then shutdown Raspberry Pi...
[2017-12-22 07:19:33] Witty Pi daemon (v2.56) is started.
[2017-12-22 07:19:36] Synchronizing time between system and Witty Pi...
[2017-12-22 07:19:37] Writing RTC time to system...
[2017-12-22 08:00:15] Done :-)
[2017-12-22 08:00:19] Schedule next shutdown at: 2017-12-22 08:15:00
[2017-12-22 08:00:19] Schedule next startup at: 2017-12-22 09:00:00
[2017-12-22 08:00:21] Pending for incoming shutdown command...
[2017-12-22 08:00:25] Internet detected, apply NTP time to system and Witty Pi...
[2017-12-22 08:00:25] Writing system time to RTC...
[2017-12-22 08:00:26] Done :-)
[2017-12-22 08:19:27] Shutdown command is received...
[2017-12-22 08:19:27] Halting all processes and then shutdown Raspberry Pi...
[2017-12-22 08:19:34] Witty Pi daemon (v2.56) is started.
[2017-12-22 08:19:36] Synchronizing time between system and Witty Pi...
[2017-12-22 08:19:37] Writing RTC time to system...
[2017-12-22 09:00:15] Done :-)
[2017-12-22 09:00:19] Schedule next shutdown at: 2017-12-22 09:15:00
[2017-12-22 09:00:19] Schedule next startup at: 2017-12-22 10:00:00
[2017-12-22 09:00:21] Pending for incoming shutdown command...
[2017-12-22 09:00:25] Internet detected, apply NTP time to system and Witty Pi...
[2017-12-22 09:00:25] Writing system time to RTC...
[2017-12-22 09:00:26] Done :-)
[2017-12-22 09:19:27] Shutdown command is received...
[2017-12-22 09:19:27] Halting all processes and then shutdown Raspberry Pi...
[2017-12-22 09:19:34] Witty Pi daemon (v2.56) is started.
[2017-12-22 09:19:36] Synchronizing time between system and Witty Pi...
[2017-12-22 09:19:37] Writing RTC time to system...
[2017-12-22 10:00:14] Done :-)
[2017-12-22 10:00:17] Schedule next shutdown at: 2017-12-22 10:15:00
[2017-12-22 10:00:18] Schedule next startup at: 2017-12-22 11:00:00
[2017-12-22 10:00:20] Pending for incoming shutdown command...
[2017-12-22 10:00:24] Internet detected, apply NTP time to system and Witty Pi...
[2017-12-22 10:00:24] Writing system time to RTC...
[2017-12-22 10:00:25] Done :-)
[2017-12-22 10:19:28] Shutdown command is received...
[2017-12-22 10:19:28] Halting all processes and then shutdown Raspberry Pi...
[2017-12-22 10:19:35] Witty Pi daemon (v2.56) is started.
[2017-12-22 10:19:37] Synchronizing time between system and Witty Pi...
[2017-12-22 10:19:38] Writing RTC time to system...
[2017-12-22 11:00:15] Done :-)
[2017-12-22 11:00:18] Schedule next shutdown at: 2017-12-22 11:15:00
[2017-12-22 11:00:19] Schedule next startup at: 2017-12-22 12:00:00
[2017-12-22 11:00:21] Pending for incoming shutdown command...
[2017-12-22 11:00:25] Internet detected, apply NTP time to system and Witty Pi...
[2017-12-22 11:00:25] Writing system time to RTC...
[2017-12-22 11:00:26] Done :-)
[2017-12-22 11:19:28] Shutdown command is received...
[2017-12-22 11:19:28] Halting all processes and then shutdown Raspberry Pi...
[2017-12-22 11:19:35] Witty Pi daemon (v2.56) is started.
[2017-12-22 11:19:37] Synchronizing time between system and Witty Pi...
[2017-12-22 11:19:38] Writing RTC time to system...
[2017-12-22 12:00:14] Done :-)
[2017-12-22 12:00:17] Schedule next shutdown at: 2017-12-22 12:15:00
[2017-12-22 12:00:18] Schedule next startup at: 2017-12-22 13:00:00
[2017-12-22 12:00:20] Pending for incoming shutdown command...
[2017-12-22 12:00:24] Internet detected, apply NTP time to system and Witty Pi...
[2017-12-22 12:00:24] Writing system time to RTC...
[2017-12-22 12:00:25] Done :-)
[2017-12-22 12:19:29] Shutdown command is received...
[2017-12-22 12:19:29] Halting all processes and then shutdown Raspberry Pi...
[2017-12-22 12:19:36] Witty Pi daemon (v2.56) is started.
[2017-12-22 12:19:38] Synchronizing time between system and Witty Pi...
[2017-12-22 12:19:39] Writing RTC time to system...
[2017-12-22 13:00:15] Done :-)
[2017-12-22 13:00:19] Schedule next shutdown at: 2017-12-22 13:15:00
[2017-12-22 13:00:19] Schedule next startup at: 2017-12-22 14:00:00
[2017-12-22 13:00:21] Pending for incoming shutdown command...
[2017-12-22 13:00:25] Internet detected, apply NTP time to system and Witty Pi...
[2017-12-22 13:00:25] Writing system time to RTC...
[2017-12-22 13:00:26] Done :-)
[2017-12-22 13:19:29] Shutdown command is received...
[2017-12-22 13:19:29] Halting all processes and then shutdown Raspberry Pi...
[2017-12-22 13:19:36] Witty Pi daemon (v2.56) is started.
[2017-12-22 13:19:38] Synchronizing time between system and Witty Pi...
[2017-12-22 13:19:39] Writing RTC time to system...
[2017-12-22 14:00:14] Done :-)
[2017-12-22 14:00:17] Schedule next shutdown at: 2017-12-22 14:15:00
[2017-12-22 14:00:18] Schedule next startup at: 2017-12-22 15:00:00
[2017-12-22 14:00:20] Pending for incoming shutdown command...
[2017-12-22 14:00:24] Internet detected, apply NTP time to system and Witty Pi...
[2017-12-22 14:00:24] Writing system time to RTC...
[2017-12-22 14:00:25] Done :-)
[2017-12-22 14:19:30] Shutdown command is received...
[2017-12-22 14:19:30] Halting all processes and then shutdown Raspberry Pi...
[2017-12-22 14:19:37] Witty Pi daemon (v2.56) is started.
[2017-12-22 14:19:39] Synchronizing time between system and Witty Pi...
[2017-12-22 14:19:40] Writing RTC time to system...
[2017-12-22 15:00:15] Done :-)
[2017-12-22 15:00:19] Schedule next shutdown at: 2017-12-22 15:15:00
[2017-12-22 15:00:19] Schedule next startup at: 2017-12-22 16:00:00
[2017-12-22 15:00:21] Pending for incoming shutdown command...
[2017-12-22 15:00:25] Internet detected, apply NTP time to system and Witty Pi...
[2017-12-22 15:00:25] Writing system time to RTC...
[2017-12-22 15:00:26] Done :-)
[2017-12-22 15:19:30] Shutdown command is received...
[2017-12-22 15:19:30] Halting all processes and then shutdown Raspberry Pi...
[2017-12-22 15:19:37] Witty Pi daemon (v2.56) is started.
[2017-12-22 15:19:40] Synchronizing time between system and Witty Pi...
[2017-12-22 15:19:40] Writing RTC time to system...
[2017-12-22 16:00:14] Done :-)
[2017-12-22 16:00:18] Schedule next shutdown at: 2017-12-22 16:15:00
[2017-12-22 16:00:18] Schedule next startup at: 2017-12-22 17:00:00
[2017-12-22 16:00:20] Pending for incoming shutdown command...
[2017-12-22 16:00:24] Internet detected, apply NTP time to system and Witty Pi...
[2017-12-22 16:00:24] Writing system time to RTC...
[2017-12-22 16:00:25] Done :-)
[2017-12-22 16:19:31] Shutdown command is received...
[2017-12-22 16:19:31] Halting all processes and then shutdown Raspberry Pi...
[2017-12-22 16:19:37] Witty Pi daemon (v2.56) is started.
[2017-12-22 16:19:40] Synchronizing time between system and Witty Pi...
[2017-12-22 16:19:40] Writing RTC time to system...
[2017-12-22 17:00:14] Done :-)
[2017-12-22 17:00:18] Schedule next shutdown at: 2017-12-22 17:15:00
[2017-12-22 17:00:18] Schedule next startup at: 2017-12-22 18:00:00
[2017-12-22 17:00:20] Pending for incoming shutdown command...
[2017-12-22 17:00:24] Internet detected, apply NTP time to system and Witty Pi...
[2017-12-22 17:00:24] Writing system time to RTC...
[2017-12-22 17:00:25] Done :-)
[2017-12-22 17:19:31] Shutdown command is received...
[2017-12-22 17:19:31] Halting all processes and then shutdown Raspberry Pi...
[2017-12-22 17:19:37] Witty Pi daemon (v2.56) is started.
[2017-12-22 17:19:40] Synchronizing time between system and Witty Pi...
[2017-12-22 17:19:40] Writing RTC time to system...
[2017-12-22 18:00:14] Done :-)
[2017-12-22 18:00:17] Schedule next shutdown at: 2017-12-22 18:15:00
[2017-12-22 18:00:18] Schedule next startup at: 2017-12-22 19:00:00
[2017-12-22 18:00:20] Pending for incoming shutdown command...
[2017-12-22 18:00:24] Internet detected, apply NTP time to system and Witty Pi...
[2017-12-22 18:00:24] Writing system time to RTC...
[2017-12-22 18:00:25] Done :-)
[2017-12-22 18:19:32] Shutdown command is received...
[2017-12-22 18:19:32] Halting all processes and then shutdown Raspberry Pi...
[2017-12-22 18:19:38] Witty Pi daemon (v2.56) is started.
[2017-12-22 18:19:40] Synchronizing time between system and Witty Pi...
[2017-12-22 18:19:41] Writing RTC time to system...
[2017-12-22 19:00:14] Done :-)
[2017-12-22 19:00:18] Schedule next shutdown at: 2017-12-22 19:15:00
[2017-12-22 19:00:18] Schedule next startup at: 2017-12-23 07:00:00
[2017-12-22 19:00:20] Pending for incoming shutdown command...
[2017-12-22 19:00:24] Internet detected, apply NTP time to system and Witty Pi...
[2017-12-22 19:00:24] Writing system time to RTC...
[2017-12-22 19:00:25] Done :-)
[2017-12-22 19:19:32] Shutdown command is received...
[2017-12-22 19:19:32] Halting all processes and then shutdown Raspberry Pi...
[2017-12-22 19:19:39] Witty Pi daemon (v2.56) is started.
[2017-12-22 19:19:41] Synchronizing time between system and Witty Pi...
[2017-12-22 19:19:42] Writing RTC time to system...
[2017-12-23 07:00:14] Done :-)
[2017-12-23 07:00:18] Schedule next shutdown at: 2017-12-23 07:15:00
[2017-12-23 07:00:18] Schedule next startup at: 2017-12-23 08:00:00
[2017-12-23 07:00:20] Pending for incoming shutdown command...
[2017-12-23 07:00:24] Internet detected, apply NTP time to system and Witty Pi...
[2017-12-23 07:00:24] Writing system time to RTC...
[2017-12-23 07:00:25] Done :-)
[2017-12-23 07:19:33] Shutdown command is received...
[2017-12-23 07:19:33] Halting all processes and then shutdown Raspberry Pi...
[2017-12-23 07:19:39] Witty Pi daemon (v2.56) is started.
[2017-12-23 07:19:41] Synchronizing time between system and Witty Pi...
[2017-12-23 07:19:42] Writing RTC time to system...
[2017-12-23 08:00:14] Done :-)
[2017-12-23 08:00:17] Schedule next shutdown at: 2017-12-23 08:15:00
[2017-12-23 08:00:18] Schedule next startup at: 2017-12-23 09:00:00
[2017-12-23 08:00:20] Pending for incoming shutdown command...
[2017-12-23 08:00:24] Internet detected, apply NTP time to system and Witty Pi...
[2017-12-23 08:00:24] Writing system time to RTC...
[2017-12-23 08:00:25] Done :-)
[2017-12-23 08:19:33] Shutdown command is received...
[2017-12-23 08:19:33] Halting all processes and then shutdown Raspberry Pi...
[2017-12-23 08:19:40] Witty Pi daemon (v2.56) is started.
[2017-12-23 08:19:43] Synchronizing time between system and Witty Pi...
[2017-12-23 08:19:44] Writing RTC time to system...
[2017-12-23 09:00:15] Done :-)
[2017-12-23 09:00:19] Schedule next shutdown at: 2017-12-23 09:15:00
[2017-12-23 09:00:19] Schedule next startup at: 2017-12-23 10:00:00
[2017-12-23 09:00:21] Pending for incoming shutdown command...
[2017-12-23 09:00:25] Internet detected, apply NTP time to system and Witty Pi...
[2017-12-23 09:00:25] Writing system time to RTC...
[2017-12-23 09:00:26] Done :-)
[2017-12-23 09:19:34] Shutdown command is received...
[2017-12-23 09:19:34] Halting all processes and then shutdown Raspberry Pi...
[2017-12-23 09:19:41] Witty Pi daemon (v2.56) is started.
[2017-12-23 09:19:43] Synchronizing time between system and Witty Pi...
[2017-12-23 09:19:44] Writing RTC time to system...
[2017-12-23 10:00:15] Done :-)
[2017-12-23 10:00:19] Schedule next shutdown at: 2017-12-23 10:15:00
[2017-12-23 10:00:19] Schedule next startup at: 2017-12-23 11:00:00
[2017-12-23 10:00:21] Pending for incoming shutdown command...
[2017-12-23 10:00:25] Internet detected, apply NTP time to system and Witty Pi...
[2017-12-23 10:00:25] Writing system time to RTC...
[2017-12-23 10:00:26] Done :-)
[2017-12-23 10:19:34] Shutdown command is received...
[2017-12-23 10:19:34] Halting all processes and then shutdown Raspberry Pi...
[2017-12-23 10:19:41] Witty Pi daemon (v2.56) is started.
[2017-12-23 10:19:43] Synchronizing time between system and Witty Pi...
[2017-12-23 10:19:43] Writing RTC time to system...
[2017-12-23 11:00:14] Done :-)
[2017-12-23 11:00:18] Schedule next shutdown at: 2017-12-23 11:15:00
[2017-12-23 11:00:18] Schedule next startup at: 2017-12-23 12:00:00
[2017-12-23 11:00:20] Pending for incoming shutdown command...
[2017-12-23 11:00:24] Internet detected, apply NTP time to system and Witty Pi...
[2017-12-23 11:00:24] Writing system time to RTC...
[2017-12-23 11:00:25] Done :-)
[2017-12-23 11:19:35] Shutdown command is received...
[2017-12-23 11:19:35] Halting all processes and then shutdown Raspberry Pi...
[2017-12-23 11:19:42] Witty Pi daemon (v2.56) is started.
[2017-12-23 11:19:44] Synchronizing time between system and Witty Pi...
[2017-12-23 11:19:45] Writing RTC time to system...
[2017-12-23 12:00:15] Done :-)
[2017-12-23 12:00:19] Schedule next shutdown at: 2017-12-23 12:15:00
[2017-12-23 12:00:19] Schedule next startup at: 2017-12-23 13:00:00
[2017-12-23 12:00:21] Pending for incoming shutdown command...
[2017-12-23 12:00:25] Internet detected, apply NTP time to system and Witty Pi...
[2017-12-23 12:00:25] Writing system time to RTC...
[2017-12-23 12:00:26] Done :-)
[2017-12-23 12:19:35] Shutdown command is received...
[2017-12-23 12:19:35] Halting all processes and then shutdown Raspberry Pi...
[2017-12-23 12:19:42] Witty Pi daemon (v2.56) is started.
[2017-12-23 12:19:44] Synchronizing time between system and Witty Pi...
[2017-12-23 12:19:46] Writing RTC time to system...
[2017-12-23 13:00:15] Done :-)
[2017-12-23 13:00:19] Schedule next shutdown at: 2017-12-23 13:15:00
[2017-12-23 13:00:20] Schedule next startup at: 2017-12-23 14:00:00
[2017-12-23 13:00:21] Pending for incoming shutdown command...
[2017-12-23 13:00:25] Internet detected, apply NTP time to system and Witty Pi...
[2017-12-23 13:00:25] Writing system time to RTC...
[2017-12-23 13:00:26] Done :-)
[2017-12-23 13:19:36] Shutdown command is received...
[2017-12-23 13:19:36] Halting all processes and then shutdown Raspberry Pi...
[2017-12-23 13:19:42] Witty Pi daemon (v2.56) is started.
[2017-12-23 13:19:44] Synchronizing time between system and Witty Pi...
[2017-12-23 13:19:45] Writing RTC time to system...
[2017-12-23 14:00:14] Done :-)
[2017-12-23 14:00:18] Schedule next shutdown at: 2017-12-23 14:15:00
[2017-12-23 14:00:18] Schedule next startup at: 2017-12-23 15:00:00
[2017-12-23 14:00:20] Pending for incoming shutdown command...
[2017-12-23 14:00:24] Internet detected, apply NTP time to system and Witty Pi...
[2017-12-23 14:00:24] Writing system time to RTC...
[2017-12-23 14:00:25] Done :-)
[2017-12-23 14:19:36] Shutdown command is received...
[2017-12-23 14:19:36] Halting all processes and then shutdown Raspberry Pi...
[2017-12-23 14:19:43] Witty Pi daemon (v2.56) is started.
[2017-12-23 14:19:45] Synchronizing time between system and Witty Pi...
[2017-12-23 14:19:46] Writing RTC time to system...
[2017-12-23 15:00:14] Done :-)
[2017-12-23 15:00:17] Schedule next shutdown at: 2017-12-23 15:15:00
[2017-12-23 15:00:18] Schedule next startup at: 2017-12-23 16:00:00
[2017-12-23 15:00:20] Pending for incoming shutdown command...
[2017-12-23 15:00:24] Internet detected, apply NTP time to system and Witty Pi...
[2017-12-23 15:00:24] Writing system time to RTC...
[2017-12-23 15:00:25] Done :-)
[2017-12-23 15:19:37] Shutdown command is received...
[2017-12-23 15:19:37] Halting all processes and then shutdown Raspberry Pi...
[2017-12-23 15:19:43] Witty Pi daemon (v2.56) is started.
[2017-12-23 15:19:45] Synchronizing time between system and Witty Pi...
[2017-12-23 15:19:46] Writing RTC time to system...
[2017-12-23 16:00:14] Done :-)
[2017-12-23 16:00:18] Schedule next shutdown at: 2017-12-23 16:15:00
[2017-12-23 16:00:18] Schedule next startup at: 2017-12-23 17:00:00
[2017-12-23 16:00:20] Pending for incoming shutdown command...
[2017-12-23 16:00:24] Internet detected, apply NTP time to system and Witty Pi...
[2017-12-23 16:00:24] Writing system time to RTC...
[2017-12-23 16:00:25] Done :-)
[2017-12-23 16:19:37] Shutdown command is received...
[2017-12-23 16:19:37] Halting all processes and then shutdown Raspberry Pi...
[2017-12-23 16:19:44] Witty Pi daemon (v2.56) is started.
[2017-12-23 16:19:46] Synchronizing time between system and Witty Pi...
[2017-12-23 16:19:47] Writing RTC time to system...
[2017-12-23 17:00:14] Done :-)
[2017-12-23 17:00:17] Schedule next shutdown at: 2017-12-23 17:15:00
[2017-12-23 17:00:18] Schedule next startup at: 2017-12-23 18:00:00
[2017-12-23 17:00:20] Pending for incoming shutdown command...
[2017-12-23 17:00:24] Internet detected, apply NTP time to system and Witty Pi...
[2017-12-23 17:00:24] Writing system time to RTC...
[2017-12-23 17:00:25] Done :-)
[2017-12-23 17:19:38] Shutdown command is received...
[2017-12-23 17:19:38] Halting all processes and then shutdown Raspberry Pi...
[2017-12-23 17:19:45] Witty Pi daemon (v2.56) is started.
[2017-12-23 17:19:47] Synchronizing time between system and Witty Pi...
[2017-12-23 17:19:48] Writing RTC time to system...
[2017-12-23 18:00:15] Done :-)
[2017-12-23 18:00:19] Schedule next shutdown at: 2017-12-23 18:15:00
[2017-12-23 18:00:19] Schedule next startup at: 2017-12-23 19:00:00
[2017-12-23 18:00:21] Pending for incoming shutdown command...
[2017-12-23 18:00:25] Internet detected, apply NTP time to system and Witty Pi...
[2017-12-23 18:00:25] Writing system time to RTC...
[2017-12-23 18:00:26] Done :-)
[2017-12-23 18:19:38] Shutdown command is received...
[2017-12-23 18:19:38] Halting all processes and then shutdown Raspberry Pi...
[2017-12-23 18:19:44] Witty Pi daemon (v2.56) is started.
[2017-12-23 18:19:47] Synchronizing time between system and Witty Pi...
[2017-12-23 18:19:48] Writing RTC time to system...
[2017-12-23 19:00:14] Done :-)
[2017-12-23 19:00:18] Schedule next shutdown at: 2017-12-23 19:15:00
[2017-12-23 19:00:18] Schedule next startup at: 2017-12-24 07:00:00
[2017-12-23 19:00:20] Pending for incoming shutdown command...
[2017-12-23 19:00:24] Internet detected, apply NTP time to system and Witty Pi...
[2017-12-23 19:00:24] Writing system time to RTC...
[2017-12-23 19:00:25] Done :-)
[2017-12-23 19:19:39] Shutdown command is received...
[2017-12-23 19:19:39] Halting all processes and then shutdown Raspberry Pi...
[2017-12-23 19:19:45] Witty Pi daemon (v2.56) is started.
[2017-12-23 19:19:47] Synchronizing time between system and Witty Pi...
[2017-12-23 19:19:48] Writing RTC time to system...
[2017-12-24 07:00:14] Done :-)
[2017-12-24 07:00:18] Schedule next shutdown at: 2017-12-24 07:15:00
[2017-12-24 07:00:18] Schedule next startup at: 2017-12-24 08:00:00
[2017-12-24 07:00:20] Pending for incoming shutdown command...
[2017-12-24 07:00:24] Internet detected, apply NTP time to system and Witty Pi...
[2017-12-24 07:00:24] Writing system time to RTC...
[2017-12-24 07:00:25] Done :-)
[2017-12-24 07:19:39] Shutdown command is received...
[2017-12-24 07:19:39] Halting all processes and then shutdown Raspberry Pi...
[2017-12-24 07:19:46] Witty Pi daemon (v2.56) is started.
[2017-12-24 07:19:48] Synchronizing time between system and Witty Pi...
[2017-12-24 07:19:49] Writing RTC time to system...
[2017-12-24 08:00:15] Done :-)
[2017-12-24 08:00:19] Schedule next shutdown at: 2017-12-24 08:15:00
[2017-12-24 08:00:19] Schedule next startup at: 2017-12-24 09:00:00
[2017-12-24 08:00:21] Pending for incoming shutdown command...
[2017-12-24 08:00:25] Internet detected, apply NTP time to system and Witty Pi...
[2017-12-24 08:00:25] Writing system time to RTC...
[2017-12-24 08:00:26] Done :-)
[2017-12-24 08:19:40] Shutdown command is received...
[2017-12-24 08:19:40] Halting all processes and then shutdown Raspberry Pi...
[2017-12-24 08:19:47] Witty Pi daemon (v2.56) is started.
[2017-12-24 08:19:49] Synchronizing time between system and Witty Pi...
[2017-12-24 08:19:50] Writing RTC time to system...
[2017-12-24 09:00:15] Done :-)
[2017-12-24 09:00:19] Schedule next shutdown at: 2017-12-24 09:15:00
[2017-12-24 09:00:19] Schedule next startup at: 2017-12-24 10:00:00
[2017-12-24 09:00:21] Pending for incoming shutdown command...
[2017-12-24 09:00:25] Internet detected, apply NTP time to system and Witty Pi...
[2017-12-24 09:00:25] Writing system time to RTC...
[2017-12-24 09:00:26] Done :-)
[2017-12-24 09:19:40] Shutdown command is received...
[2017-12-24 09:19:40] Halting all processes and then shutdown Raspberry Pi...
[2017-12-24 09:19:47] Witty Pi daemon (v2.56) is started.
[2017-12-24 09:19:49] Synchronizing time between system and Witty Pi...
[2017-12-24 09:19:50] Writing RTC time to system...
[2017-12-24 10:00:14] Done :-)
[2017-12-24 10:00:17] Schedule next shutdown at: 2017-12-24 10:15:00
[2017-12-24 10:00:18] Schedule next startup at: 2017-12-24 11:00:00
[2017-12-24 10:00:20] Pending for incoming shutdown command...
[2017-12-24 10:00:24] Internet detected, apply NTP time to system and Witty Pi...
[2017-12-24 10:00:24] Writing system time to RTC...
[2017-12-24 10:00:25] Done :-)
[2017-12-24 10:19:41] Shutdown command is received...
[2017-12-24 10:19:41] Halting all processes and then shutdown Raspberry Pi...
[2017-12-24 10:19:48] Witty Pi daemon (v2.56) is started.
[2017-12-24 10:19:50] Synchronizing time between system and Witty Pi...
[2017-12-24 10:19:51] Writing RTC time to system...
[2017-12-24 11:00:15] Done :-)
[2017-12-24 11:00:19] Schedule next shutdown at: 2017-12-24 11:15:00
[2017-12-24 11:00:19] Schedule next startup at: 2017-12-24 12:00:00
[2017-12-24 11:00:21] Pending for incoming shutdown command...
[2017-12-24 11:00:25] Internet detected, apply NTP time to system and Witty Pi...
[2017-12-24 11:00:25] Writing system time to RTC...
[2017-12-24 11:00:26] Done :-)
[2017-12-24 11:19:41] Shutdown command is received...
[2017-12-24 11:19:41] Halting all processes and then shutdown Raspberry Pi...
[2017-12-24 11:19:48] Witty Pi daemon (v2.56) is started.
[2017-12-24 11:19:51] Synchronizing time between system and Witty Pi...
[2017-12-24 11:19:51] Writing RTC time to system...
[2017-12-24 12:00:15] Done :-)
[2017-12-24 12:00:19] Schedule next shutdown at: 2017-12-24 12:15:00
[2017-12-24 12:00:19] Schedule next startup at: 2017-12-24 13:00:00
[2017-12-24 12:00:21] Pending for incoming shutdown command...
[2017-12-24 12:00:25] Internet detected, apply NTP time to system and Witty Pi...
[2017-12-24 12:00:25] Writing system time to RTC...
[2017-12-24 12:00:26] Done :-)
[2017-12-24 12:19:42] Shutdown command is received...
[2017-12-24 12:19:42] Halting all processes and then shutdown Raspberry Pi...
[2017-12-24 12:19:48] Witty Pi daemon (v2.56) is started.
[2017-12-24 12:19:50] Synchronizing time between system and Witty Pi...
[2017-12-24 12:19:51] Writing RTC time to system...
[2017-12-24 13:00:14] Done :-)
[2017-12-24 13:00:18] Schedule next shutdown at: 2017-12-24 13:15:00
[2017-12-24 13:00:18] Schedule next startup at: 2017-12-24 14:00:00
[2017-12-24 13:00:20] Pending for incoming shutdown command...
[2017-12-24 13:00:24] Internet detected, apply NTP time to system and Witty Pi...
[2017-12-24 13:00:24] Writing system time to RTC...
[2017-12-24 13:00:25] Done :-)
[2017-12-24 13:19:42] Shutdown command is received...
[2017-12-24 13:19:42] Halting all processes and then shutdown Raspberry Pi...
[2017-12-24 13:19:48] Witty Pi daemon (v2.56) is started.
[2017-12-24 13:19:51] Synchronizing time between system and Witty Pi...
[2017-12-24 13:19:52] Writing RTC time to system...
[2017-12-24 14:00:14] Done :-)
[2017-12-24 14:00:18] Schedule next shutdown at: 2017-12-24 14:15:00
[2017-12-24 14:00:18] Schedule next startup at: 2017-12-24 15:00:00
[2017-12-24 14:00:20] Pending for incoming shutdown command...
[2017-12-24 14:00:24] Internet detected, apply NTP time to system and Witty Pi...
[2017-12-24 14:00:24] Writing system time to RTC...
[2017-12-24 14:00:25] Done :-)
[2017-12-24 14:19:43] Shutdown command is received...
[2017-12-24 14:19:43] Halting all processes and then shutdown Raspberry Pi...
[2017-12-24 14:19:49] Witty Pi daemon (v2.56) is started.
[2017-12-24 14:19:52] Synchronizing time between system and Witty Pi...
[2017-12-24 14:19:52] Writing RTC time to system...
[2017-12-24 15:00:14] Done :-)
[2017-12-24 15:00:17] Schedule next shutdown at: 2017-12-24 15:15:00
[2017-12-24 15:00:18] Schedule next startup at: 2017-12-24 16:00:00
[2017-12-24 15:00:20] Pending for incoming shutdown command...
[2017-12-24 15:00:24] Internet detected, apply NTP time to system and Witty Pi...
[2017-12-24 15:00:24] Writing system time to RTC...
[2017-12-24 15:00:25] Done :-)
[2017-12-24 15:19:43] Shutdown command is received...
[2017-12-24 15:19:43] Halting all processes and then shutdown Raspberry Pi...
[2017-12-24 15:19:50] Witty Pi daemon (v2.56) is started.
[2017-12-24 15:19:53] Synchronizing time between system and Witty Pi...
[2017-12-24 15:19:54] Writing RTC time to system...
[2017-12-24 16:00:15] Done :-)
[2017-12-24 16:00:19] Schedule next shutdown at: 2017-12-24 16:15:00
[2017-12-24 16:00:20] Schedule next startup at: 2017-12-24 17:00:00
[2017-12-24 16:00:21] Pending for incoming shutdown command...
[2017-12-24 16:00:25] Internet detected, apply NTP time to system and Witty Pi...
[2017-12-24 16:00:25] Writing system time to RTC...
[2017-12-24 16:00:26] Done :-)
[2017-12-24 16:19:44] Shutdown command is received...
[2017-12-24 16:19:44] Halting all processes and then shutdown Raspberry Pi...
[2017-12-24 16:19:50] Witty Pi daemon (v2.56) is started.
[2017-12-24 16:19:53] Synchronizing time between system and Witty Pi...
[2017-12-24 16:19:53] Writing RTC time to system...
[2017-12-24 17:00:14] Done :-)
[2017-12-24 17:00:18] Schedule next shutdown at: 2017-12-24 17:15:00
[2017-12-24 17:00:18] Schedule next startup at: 2017-12-24 18:00:00
[2017-12-24 17:00:20] Pending for incoming shutdown command...
[2017-12-24 17:00:24] Internet detected, apply NTP time to system and Witty Pi...
[2017-12-24 17:00:24] Writing system time to RTC...
[2017-12-24 17:00:25] Done :-)
[2017-12-24 17:19:44] Shutdown command is received...
[2017-12-24 17:19:44] Halting all processes and then shutdown Raspberry Pi...
[2017-12-24 17:19:51] Witty Pi daemon (v2.56) is started.
[2017-12-24 17:19:53] Synchronizing time between system and Witty Pi...
[2017-12-24 17:19:54] Writing RTC time to system...
[2017-12-24 18:00:14] Done :-)
[2017-12-24 18:00:18] Schedule next shutdown at: 2017-12-24 18:15:00
[2017-12-24 18:00:18] Schedule next startup at: 2017-12-24 19:00:00
[2017-12-24 18:00:20] Pending for incoming shutdown command...
[2017-12-24 18:00:24] Internet detected, apply NTP time to system and Witty Pi...
[2017-12-24 18:00:24] Writing system time to RTC...
[2017-12-24 18:00:25] Done :-)
[2017-12-24 18:19:45] Shutdown command is received...
[2017-12-24 18:19:45] Halting all processes and then shutdown Raspberry Pi...
[2017-12-24 18:19:51] Witty Pi daemon (v2.56) is started.
[2017-12-24 18:19:53] Synchronizing time between system and Witty Pi...
[2017-12-24 18:19:54] Writing RTC time to system...
[2017-12-24 19:00:14] Done :-)
[2017-12-24 19:00:18] Schedule next shutdown at: 2017-12-24 19:15:00
[2017-12-24 19:00:18] Schedule next startup at: 2017-12-25 07:00:00
[2017-12-24 19:00:20] Pending for incoming shutdown command...
[2017-12-24 19:00:24] Internet detected, apply NTP time to system and Witty Pi...
[2017-12-24 19:00:24] Writing system time to RTC...
[2017-12-24 19:00:25] Done :-)
[2017-12-24 19:19:45] Shutdown command is received...
[2017-12-24 19:19:45] Halting all processes and then shutdown Raspberry Pi...
[2017-12-24 19:19:52] Witty Pi daemon (v2.56) is started.
[2017-12-24 19:19:55] Synchronizing time between system and Witty Pi...
[2017-12-24 19:19:55] Writing RTC time to system...
[2017-12-25 07:00:15] Done :-)
[2017-12-25 07:00:19] Schedule next shutdown at: 2017-12-25 07:15:00
[2017-12-25 07:00:19] Schedule next startup at: 2017-12-25 08:00:00
[2017-12-25 07:00:21] Pending for incoming shutdown command...
[2017-12-25 07:00:25] Internet detected, apply NTP time to system and Witty Pi...
[2017-12-25 07:00:25] Writing system time to RTC...
[2017-12-25 07:00:26] Done :-)
[2017-12-25 07:19:46] Shutdown command is received...
[2017-12-25 07:19:46] Halting all processes and then shutdown Raspberry Pi...
[2017-12-25 07:19:52] Witty Pi daemon (v2.56) is started.
[2017-12-25 07:19:54] Synchronizing time between system and Witty Pi...
[2017-12-25 07:19:55] Writing RTC time to system...
[2017-12-25 08:00:14] Done :-)
[2017-12-25 08:00:17] Schedule next shutdown at: 2017-12-25 08:15:00
[2017-12-25 08:00:18] Schedule next startup at: 2017-12-25 09:00:00
[2017-12-25 08:00:20] Pending for incoming shutdown command...
[2017-12-25 08:00:24] Internet detected, apply NTP time to system and Witty Pi...
[2017-12-25 08:00:24] Writing system time to RTC...
[2017-12-25 08:00:25] Done :-)
[2017-12-25 08:19:46] Shutdown command is received...
[2017-12-25 08:19:46] Halting all processes and then shutdown Raspberry Pi...
[2017-12-25 08:19:53] Witty Pi daemon (v2.56) is started.
[2017-12-25 08:19:55] Synchronizing time between system and Witty Pi...
[2017-12-25 08:19:56] Writing RTC time to system...
[2017-12-25 09:00:15] Done :-)
[2017-12-25 09:00:19] Schedule next shutdown at: 2017-12-25 09:15:00
[2017-12-25 09:00:19] Schedule next startup at: 2017-12-25 10:00:00
[2017-12-25 09:00:21] Pending for incoming shutdown command...
[2017-12-25 09:00:25] Internet detected, apply NTP time to system and Witty Pi...
[2017-12-25 09:00:25] Writing system time to RTC...
[2017-12-25 09:00:26] Done :-)
[2017-12-25 09:19:47] Shutdown command is received...
[2017-12-25 09:19:47] Halting all processes and then shutdown Raspberry Pi...
[2017-12-25 09:19:54] Witty Pi daemon (v2.56) is started.
[2017-12-25 09:19:56] Synchronizing time between system and Witty Pi...
[2017-12-25 09:19:57] Writing RTC time to system...
[2017-12-25 10:00:15] Done :-)
[2017-12-25 10:00:19] Schedule next shutdown at: 2017-12-25 10:15:00
[2017-12-25 10:00:19] Schedule next startup at: 2017-12-25 11:00:00
[2017-12-25 10:00:21] Pending for incoming shutdown command...
[2017-12-25 10:00:25] Internet detected, apply NTP time to system and Witty Pi...
[2017-12-25 10:00:25] Writing system time to RTC...
[2017-12-25 10:00:26] Done :-)
[2017-12-25 10:19:47] Shutdown command is received...
[2017-12-25 10:19:47] Halting all processes and then shutdown Raspberry Pi...
[2017-12-25 10:19:54] Witty Pi daemon (v2.56) is started.
[2017-12-25 10:19:56] Synchronizing time between system and Witty Pi...
[2017-12-25 10:19:56] Writing RTC time to system...
[2017-12-25 11:00:14] Done :-)
[2017-12-25 11:00:18] Schedule next shutdown at: 2017-12-25 11:15:00
[2017-12-25 11:00:18] Schedule next startup at: 2017-12-25 12:00:00
[2017-12-25 11:00:20] Pending for incoming shutdown command...
[2017-12-25 11:00:24] Internet detected, apply NTP time to system and Witty Pi...
[2017-12-25 11:00:24] Writing system time to RTC...
[2017-12-25 11:00:25] Done :-)
[2017-12-25 11:19:48] Shutdown command is received...
[2017-12-25 11:19:48] Halting all processes and then shutdown Raspberry Pi...
[2017-12-25 11:19:54] Witty Pi daemon (v2.56) is started.
[2017-12-25 11:19:57] Synchronizing time between system and Witty Pi...
[2017-12-25 11:19:58] Writing RTC time to system...
[2017-12-25 12:00:15] Done :-)
[2017-12-25 12:00:19] Schedule next shutdown at: 2017-12-25 12:15:00
[2017-12-25 12:00:19] Schedule next startup at: 2017-12-25 13:00:00
[2017-12-25 12:00:21] Pending for incoming shutdown command...
[2017-12-25 12:00:25] Internet detected, apply NTP time to system and Witty Pi...
[2017-12-25 12:00:25] Writing system time to RTC...
[2017-12-25 12:00:26] Done :-)
[2017-12-25 12:19:48] Shutdown command is received...
[2017-12-25 12:19:48] Halting all processes and then shutdown Raspberry Pi...
[2017-12-25 12:19:55] Witty Pi daemon (v2.56) is started.
[2017-12-25 12:19:57] Synchronizing time between system and Witty Pi...
[2017-12-25 12:19:58] Writing RTC time to system...
[2017-12-25 13:00:14] Done :-)
[2017-12-25 13:00:17] Schedule next shutdown at: 2017-12-25 13:15:00
[2017-12-25 13:00:18] Schedule next startup at: 2017-12-25 14:00:00
[2017-12-25 13:00:20] Pending for incoming shutdown command...
[2017-12-25 13:00:24] Internet detected, apply NTP time to system and Witty Pi...
[2017-12-25 13:00:24] Writing system time to RTC...
[2017-12-25 13:00:25] Done :-)
[2017-12-25 13:19:49] Shutdown command is received...
[2017-12-25 13:19:49] Halting all processes and then shutdown Raspberry Pi...
[2017-12-25 13:19:55] Witty Pi daemon (v2.56) is started.
[2017-12-25 13:19:57] Synchronizing time between system and Witty Pi...
[2017-12-25 13:19:58] Writing RTC time to system...
[2017-12-25 14:00:14] Done :-)
[2017-12-25 14:00:18] Schedule next shutdown at: 2017-12-25 14:15:00
[2017-12-25 14:00:18] Schedule next startup at: 2017-12-25 15:00:00
[2017-12-25 14:00:20] Pending for incoming shutdown command...
[2017-12-25 14:00:24] Internet detected, apply NTP time to system and Witty Pi...
[2017-12-25 14:00:24] Writing system time to RTC...
[2017-12-25 14:00:25] Done :-)
[2017-12-25 14:19:49] Shutdown command is received...
[2017-12-25 14:19:49] Halting all processes and then shutdown Raspberry Pi...
[2017-12-25 14:19:56] Witty Pi daemon (v2.56) is started.
[2017-12-25 14:19:58] Synchronizing time between system and Witty Pi...
[2017-12-25 14:19:59] Writing RTC time to system...
[2017-12-25 15:00:14] Done :-)
[2017-12-25 15:00:18] Schedule next shutdown at: 2017-12-25 15:15:00
[2017-12-25 15:00:18] Schedule next startup at: 2017-12-25 16:00:00
[2017-12-25 15:00:20] Pending for incoming shutdown command...
[2017-12-25 15:00:24] Internet detected, apply NTP time to system and Witty Pi...
[2017-12-25 15:00:24] Writing system time to RTC...
[2017-12-25 15:00:25] Done :-)
[2017-12-25 15:19:50] Shutdown command is received...
[2017-12-25 15:19:50] Halting all processes and then shutdown Raspberry Pi...
[2017-12-25 15:19:57] Witty Pi daemon (v2.56) is started.
[2017-12-25 15:19:59] Synchronizing time between system and Witty Pi...
[2017-12-25 15:19:59] Writing RTC time to system...
[2017-12-25 16:00:14] Done :-)
[2017-12-25 16:00:18] Schedule next shutdown at: 2017-12-25 16:15:00
[2017-12-25 16:00:18] Schedule next startup at: 2017-12-25 17:00:00
[2017-12-25 16:00:20] Pending for incoming shutdown command...
[2017-12-25 16:00:24] Internet detected, apply NTP time to system and Witty Pi...
[2017-12-25 16:00:24] Writing system time to RTC...
[2017-12-25 16:00:25] Done :-)
[2017-12-25 16:19:50] Shutdown command is received...
[2017-12-25 16:19:50] Halting all processes and then shutdown Raspberry Pi...
[2017-12-25 16:19:57] Witty Pi daemon (v2.56) is started.
[2017-12-25 16:20:00] Synchronizing time between system and Witty Pi...
[2017-12-25 16:20:01] Writing RTC time to system...
[2017-12-25 17:00:15] Done :-)
[2017-12-25 17:00:19] Schedule next shutdown at: 2017-12-25 17:15:00
[2017-12-25 17:00:19] Schedule next startup at: 2017-12-25 18:00:00
[2017-12-25 17:00:21] Pending for incoming shutdown command...
[2017-12-25 17:00:25] Internet detected, apply NTP time to system and Witty Pi...
[2017-12-25 17:00:25] Writing system time to RTC...
[2017-12-25 17:00:26] Done :-)
[2017-12-25 17:19:51] Shutdown command is received...
[2017-12-25 17:19:51] Halting all processes and then shutdown Raspberry Pi...
[2017-12-25 17:19:58] Witty Pi daemon (v2.56) is started.
[2017-12-25 17:20:00] Synchronizing time between system and Witty Pi...
[2017-12-25 17:20:01] Writing RTC time to system...
[2017-12-25 18:00:15] Done :-)
[2017-12-25 18:00:19] Schedule next shutdown at: 2017-12-25 18:15:00
[2017-12-25 18:00:19] Schedule next startup at: 2017-12-25 19:00:00
[2017-12-25 18:00:21] Pending for incoming shutdown command...
[2017-12-25 18:00:25] Internet detected, apply NTP time to system and Witty Pi...
[2017-12-25 18:00:25] Writing system time to RTC...
[2017-12-25 18:00:26] Done :-)
[2017-12-25 18:19:51] Shutdown command is received...
[2017-12-25 18:19:51] Halting all processes and then shutdown Raspberry Pi...
[2017-12-25 18:19:58] Witty Pi daemon (v2.56) is started.
[2017-12-25 18:20:01] Synchronizing time between system and Witty Pi...
[2017-12-25 18:20:01] Writing RTC time to system...
[2017-12-25 19:00:15] Done :-)
[2017-12-25 19:00:19] Schedule next shutdown at: 2017-12-25 19:15:00
[2017-12-25 19:00:19] Schedule next startup at: 2017-12-26 07:00:00
[2017-12-25 19:00:21] Pending for incoming shutdown command...
[2017-12-25 19:00:25] Internet detected, apply NTP time to system and Witty Pi...
[2017-12-25 19:00:25] Writing system time to RTC...
[2017-12-25 19:00:26] Done :-)
[2017-12-25 19:19:52] Shutdown command is received...
[2017-12-25 19:19:52] Halting all processes and then shutdown Raspberry Pi...
[2017-12-25 19:19:58] Witty Pi daemon (v2.56) is started.
[2017-12-25 19:20:00] Synchronizing time between system and Witty Pi...
[2017-12-25 19:20:01] Writing RTC time to system...
[2017-12-26 07:00:14] Done :-)
[2017-12-26 07:00:18] Schedule next shutdown at: 2017-12-26 07:15:00
[2017-12-26 07:00:18] Schedule next startup at: 2017-12-26 08:00:00
[2017-12-26 07:00:20] Pending for incoming shutdown command...
[2017-12-26 07:00:24] Internet detected, apply NTP time to system and Witty Pi...
[2017-12-26 07:00:24] Writing system time to RTC...
[2017-12-26 07:00:25] Done :-)
[2017-12-26 07:19:52] Shutdown command is received...
[2017-12-26 07:19:52] Halting all processes and then shutdown Raspberry Pi...
[2017-12-26 07:19:59] Witty Pi daemon (v2.56) is started.
[2017-12-26 07:20:01] Synchronizing time between system and Witty Pi...
[2017-12-26 07:20:02] Writing RTC time to system...
[2017-12-26 08:00:14] Done :-)
[2017-12-26 08:00:17] Schedule next shutdown at: 2017-12-26 08:15:00
[2017-12-26 08:00:18] Schedule next startup at: 2017-12-26 09:00:00
[2017-12-26 08:00:20] Pending for incoming shutdown command...
[2017-12-26 08:00:24] Internet detected, apply NTP time to system and Witty Pi...
[2017-12-26 08:00:24] Writing system time to RTC...
[2017-12-26 08:00:25] Done :-)
[2017-12-26 08:19:52] Shutdown command is received...
[2017-12-26 08:19:53] Halting all processes and then shutdown Raspberry Pi...
[2017-12-26 08:20:00] Witty Pi daemon (v2.56) is started.
[2017-12-26 08:20:02] Synchronizing time between system and Witty Pi...
[2017-12-26 08:20:03] Writing RTC time to system...
[2017-12-26 09:00:15] Done :-)
[2017-12-26 09:00:19] Schedule next shutdown at: 2017-12-26 09:15:00
[2017-12-26 09:00:19] Schedule next startup at: 2017-12-26 10:00:00
[2017-12-26 09:00:21] Pending for incoming shutdown command...
[2017-12-26 09:00:25] Internet detected, apply NTP time to system and Witty Pi...
[2017-12-26 09:00:25] Writing system time to RTC...
[2017-12-26 09:00:26] Done :-)
[2017-12-26 09:19:53] Shutdown command is received...
[2017-12-26 09:19:53] Halting all processes and then shutdown Raspberry Pi...
[2017-12-26 09:20:00] Witty Pi daemon (v2.56) is started.
[2017-12-26 09:20:02] Synchronizing time between system and Witty Pi...
[2017-12-26 09:20:03] Writing RTC time to system...
[2017-12-26 10:00:14] Done :-)
[2017-12-26 10:00:17] Schedule next shutdown at: 2017-12-26 10:15:00
[2017-12-26 10:00:18] Schedule next startup at: 2017-12-26 11:00:00
[2017-12-26 10:00:20] Pending for incoming shutdown command...
[2017-12-26 10:00:24] Internet detected, apply NTP time to system and Witty Pi...
[2017-12-26 10:00:24] Writing system time to RTC...
[2017-12-26 10:00:25] Done :-)
[2017-12-26 10:19:54] Shutdown command is received...
[2017-12-26 10:19:54] Halting all processes and then shutdown Raspberry Pi...
[2017-12-26 10:20:01] Witty Pi daemon (v2.56) is started.
[2017-12-26 10:20:03] Synchronizing time between system and Witty Pi...
[2017-12-26 10:20:04] Writing RTC time to system...
[2017-12-26 11:00:15] Done :-)
[2017-12-26 11:00:19] Schedule next shutdown at: 2017-12-26 11:15:00
[2017-12-26 11:00:20] Schedule next startup at: 2017-12-26 12:00:00
[2017-12-26 11:00:21] Pending for incoming shutdown command...
[2017-12-26 11:00:25] Internet detected, apply NTP time to system and Witty Pi...
[2017-12-26 11:00:25] Writing system time to RTC...
[2017-12-26 11:00:26] Done :-)
[2017-12-26 11:19:54] Shutdown command is received...
[2017-12-26 11:19:54] Halting all processes and then shutdown Raspberry Pi...
[2017-12-26 11:20:01] Witty Pi daemon (v2.56) is started.
[2017-12-26 11:20:03] Synchronizing time between system and Witty Pi...
[2017-12-26 11:20:04] Writing RTC time to system...
[2017-12-26 12:00:14] Done :-)
[2017-12-26 12:00:17] Schedule next shutdown at: 2017-12-26 12:15:00
[2017-12-26 12:00:18] Schedule next startup at: 2017-12-26 13:00:00
[2017-12-26 12:00:20] Pending for incoming shutdown command...
[2017-12-26 12:00:24] Internet detected, apply NTP time to system and Witty Pi...
[2017-12-26 12:00:24] Writing system time to RTC...
[2017-12-26 12:00:25] Done :-)
[2017-12-26 12:19:54] Shutdown command is received...
[2017-12-26 12:19:55] Halting all processes and then shutdown Raspberry Pi...
[2017-12-26 12:20:01] Witty Pi daemon (v2.56) is started.
[2017-12-26 12:20:03] Synchronizing time between system and Witty Pi...
[2017-12-26 12:20:04] Writing RTC time to system...
[2017-12-26 13:00:14] Done :-)
[2017-12-26 13:00:17] Schedule next shutdown at: 2017-12-26 13:15:00
[2017-12-26 13:00:18] Schedule next startup at: 2017-12-26 14:00:00
[2017-12-26 13:00:20] Pending for incoming shutdown command...
[2017-12-26 13:00:24] Internet detected, apply NTP time to system and Witty Pi...
[2017-12-26 13:00:24] Writing system time to RTC...
[2017-12-26 13:00:25] Done :-)
[2017-12-26 13:19:55] Shutdown command is received...
[2017-12-26 13:19:55] Halting all processes and then shutdown Raspberry Pi...
[2017-12-26 13:20:02] Witty Pi daemon (v2.56) is started.
[2017-12-26 13:20:04] Synchronizing time between system and Witty Pi...
[2017-12-26 13:20:06] Writing RTC time to system...
[2017-12-26 14:00:15] Done :-)
[2017-12-26 14:00:18] Schedule next shutdown at: 2017-12-26 14:15:00
[2017-12-26 14:00:18] Schedule next startup at: 2017-12-26 15:00:00
[2017-12-26 14:00:20] Pending for incoming shutdown command...
[2017-12-26 14:00:25] Internet detected, apply NTP time to system and Witty Pi...
[2017-12-26 14:00:25] Writing system time to RTC...
[2017-12-26 14:00:26] Done :-)
[2017-12-26 14:19:55] Shutdown command is received...
[2017-12-26 14:19:56] Halting all processes and then shutdown Raspberry Pi...
[2017-12-26 14:20:03] Witty Pi daemon (v2.56) is started.
[2017-12-26 14:20:05] Synchronizing time between system and Witty Pi...
[2017-12-26 14:20:06] Writing RTC time to system...
[2017-12-26 15:00:15] Done :-)
[2017-12-26 15:00:19] Schedule next shutdown at: 2017-12-26 15:15:00
[2017-12-26 15:00:19] Schedule next startup at: 2017-12-26 16:00:00
[2017-12-26 15:00:21] Pending for incoming shutdown command...
[2017-12-26 15:00:25] Internet detected, apply NTP time to system and Witty Pi...
[2017-12-26 15:00:25] Writing system time to RTC...
[2017-12-26 15:00:26] Done :-)
[2017-12-26 15:19:56] Shutdown command is received...
[2017-12-26 15:19:56] Halting all processes and then shutdown Raspberry Pi...
[2017-12-26 15:20:02] Witty Pi daemon (v2.56) is started.
[2017-12-26 15:20:05] Synchronizing time between system and Witty Pi...
[2017-12-26 15:20:06] Writing RTC time to system...
[2017-12-26 16:00:14] Done :-)
[2017-12-26 16:00:18] Schedule next shutdown at: 2017-12-26 16:15:00
[2017-12-26 16:00:18] Schedule next startup at: 2017-12-26 17:00:00
[2017-12-26 16:00:20] Pending for incoming shutdown command...
[2017-12-26 16:00:24] Internet detected, apply NTP time to system and Witty Pi...
[2017-12-26 16:00:24] Writing system time to RTC...
[2017-12-26 16:00:25] Done :-)
[2017-12-26 16:19:56] Shutdown command is received...
[2017-12-26 16:19:57] Halting all processes and then shutdown Raspberry Pi...
[2017-12-26 16:20:04] Witty Pi daemon (v2.56) is started.
[2017-12-26 16:20:06] Synchronizing time between system and Witty Pi...
[2017-12-26 16:20:07] Writing RTC time to system...
[2017-12-26 17:00:15] Done :-)
[2017-12-26 17:00:19] Schedule next shutdown at: 2017-12-26 17:15:00
[2017-12-26 17:00:20] Schedule next startup at: 2017-12-26 18:00:00
[2017-12-26 17:00:21] Pending for incoming shutdown command...
[2017-12-26 17:00:25] Internet detected, apply NTP time to system and Witty Pi...
[2017-12-26 17:00:25] Writing system time to RTC...
[2017-12-26 17:00:26] Done :-)
[2017-12-26 17:19:57] Shutdown command is received...
[2017-12-26 17:19:57] Halting all processes and then shutdown Raspberry Pi...
[2017-12-26 17:20:04] Witty Pi daemon (v2.56) is started.
[2017-12-26 17:20:06] Synchronizing time between system and Witty Pi...
[2017-12-26 17:20:06] Writing RTC time to system...
[2017-12-26 18:00:14] Done :-)
[2017-12-26 18:00:18] Schedule next shutdown at: 2017-12-26 18:15:00
[2017-12-26 18:00:18] Schedule next startup at: 2017-12-26 19:00:00
[2017-12-26 18:00:20] Pending for incoming shutdown command...
[2017-12-26 18:00:24] Internet detected, apply NTP time to system and Witty Pi...
[2017-12-26 18:00:24] Writing system time to RTC...
[2017-12-26 18:00:25] Done :-)
[2017-12-26 18:19:57] Shutdown command is received...
[2017-12-26 18:19:58] Halting all processes and then shutdown Raspberry Pi...
[2017-12-26 18:20:05] Witty Pi daemon (v2.56) is started.
[2017-12-26 18:20:07] Synchronizing time between system and Witty Pi...
[2017-12-26 18:20:08] Writing RTC time to system...
[2017-12-26 19:00:15] Done :-)
[2017-12-26 19:00:19] Schedule next shutdown at: 2017-12-26 19:15:00
[2017-12-26 19:00:20] Schedule next startup at: 2017-12-27 07:00:00
[2017-12-26 19:00:21] Pending for incoming shutdown command...
[2017-12-26 19:00:25] Internet detected, apply NTP time to system and Witty Pi...
[2017-12-26 19:00:25] Writing system time to RTC...
[2017-12-26 19:00:26] Done :-)
[2017-12-26 19:19:58] Shutdown command is received...
[2017-12-26 19:19:58] Halting all processes and then shutdown Raspberry Pi...
[2017-12-26 19:20:04] Witty Pi daemon (v2.56) is started.
[2017-12-26 19:20:07] Synchronizing time between system and Witty Pi...
[2017-12-26 19:20:07] Writing RTC time to system...
[2017-12-27 07:00:14] Done :-)
[2017-12-27 07:00:17] Schedule next shutdown at: 2017-12-27 07:15:00
[2017-12-27 07:00:18] Schedule next startup at: 2017-12-27 08:00:00
[2017-12-27 07:00:20] Pending for incoming shutdown command...
[2017-12-27 07:00:24] Internet detected, apply NTP time to system and Witty Pi...
[2017-12-27 07:00:24] Writing system time to RTC...
[2017-12-27 07:00:25] Done :-)
[2017-12-27 07:19:58] Shutdown command is received...
[2017-12-27 07:19:59] Halting all processes and then shutdown Raspberry Pi...
[2017-12-27 07:20:05] Witty Pi daemon (v2.56) is started.
[2017-12-27 07:20:08] Synchronizing time between system and Witty Pi...
[2017-12-27 07:20:09] Writing RTC time to system...
[2017-12-27 08:00:15] Done :-)
[2017-12-27 08:00:19] Schedule next shutdown at: 2017-12-27 08:15:00
[2017-12-27 08:00:19] Schedule next startup at: 2017-12-27 09:00:00
[2017-12-27 08:00:21] Pending for incoming shutdown command...
[2017-12-27 08:00:25] Internet detected, apply NTP time to system and Witty Pi...
[2017-12-27 08:00:25] Writing system time to RTC...
[2017-12-27 08:00:26] Done :-)
[2017-12-27 08:19:59] Shutdown command is received...
[2017-12-27 08:19:59] Halting all processes and then shutdown Raspberry Pi...
[2017-12-27 08:20:05] Witty Pi daemon (v2.56) is started.
[2017-12-27 08:20:08] Synchronizing time between system and Witty Pi...
[2017-12-27 08:20:08] Writing RTC time to system...
[2017-12-27 09:00:14] Done :-)
[2017-12-27 09:00:17] Schedule next shutdown at: 2017-12-27 09:15:00
[2017-12-27 09:00:18] Schedule next startup at: 2017-12-27 10:00:00
[2017-12-27 09:00:20] Pending for incoming shutdown command...
[2017-12-27 09:00:24] Internet detected, apply NTP time to system and Witty Pi...
[2017-12-27 09:00:24] Writing system time to RTC...
[2017-12-27 09:00:25] Done :-)
[2017-12-27 09:19:59] Shutdown command is received...
[2017-12-27 09:20:00] Halting all processes and then shutdown Raspberry Pi...
[2017-12-27 09:20:07] Witty Pi daemon (v2.56) is started.
[2017-12-27 09:20:09] Synchronizing time between system and Witty Pi...
[2017-12-27 09:20:10] Writing RTC time to system...
[2017-12-27 10:00:15] Done :-)
[2017-12-27 10:00:19] Schedule next shutdown at: 2017-12-27 10:15:00
[2017-12-27 10:00:19] Schedule next startup at: 2017-12-27 11:00:00
[2017-12-27 10:00:21] Pending for incoming shutdown command...
[2017-12-27 10:00:25] Internet detected, apply NTP time to system and Witty Pi...
[2017-12-27 10:00:25] Writing system time to RTC...
[2017-12-27 10:00:26] Done :-)
[2017-12-27 10:20:00] Shutdown command is received...
[2017-12-27 10:20:00] Halting all processes and then shutdown Raspberry Pi...
[2017-12-27 10:20:07] Witty Pi daemon (v2.56) is started.
[2017-12-27 10:20:09] Synchronizing time between system and Witty Pi...
[2017-12-27 10:20:10] Writing RTC time to system...
[2017-12-27 11:00:15] Done :-)
[2017-12-27 11:00:19] Schedule next shutdown at: 2017-12-27 11:15:00
[2017-12-27 11:00:19] Schedule next startup at: 2017-12-27 12:00:00
[2017-12-27 11:00:21] Pending for incoming shutdown command...
[2017-12-27 11:00:25] Internet detected, apply NTP time to system and Witty Pi...
[2017-12-27 11:00:25] Writing system time to RTC...
[2017-12-27 11:00:26] Done :-)
[2017-12-27 11:20:00] Shutdown command is received...
[2017-12-27 11:20:01] Halting all processes and then shutdown Raspberry Pi...
[2017-12-27 11:20:07] Witty Pi daemon (v2.56) is started.
[2017-12-27 11:20:09] Synchronizing time between system and Witty Pi...
[2017-12-27 11:20:10] Writing RTC time to system...
[2017-12-27 12:00:14] Done :-)
[2017-12-27 12:00:18] Schedule next shutdown at: 2017-12-27 12:15:00
[2017-12-27 12:00:18] Schedule next startup at: 2017-12-27 13:00:00
[2017-12-27 12:00:20] Pending for incoming shutdown command...
[2017-12-27 12:00:24] Internet detected, apply NTP time to system and Witty Pi...
[2017-12-27 12:00:24] Writing system time to RTC...
[2017-12-27 12:00:25] Done :-)
[2017-12-27 12:20:01] Shutdown command is received...
[2017-12-27 12:20:01] Halting all processes and then shutdown Raspberry Pi...
[2017-12-27 12:20:08] Witty Pi daemon (v2.56) is started.
[2017-12-27 12:20:10] Synchronizing time between system and Witty Pi...
[2017-12-27 12:20:11] Writing RTC time to system...
[2017-12-27 13:00:14] Done :-)
[2017-12-27 13:00:17] Schedule next shutdown at: 2017-12-27 13:15:00
[2017-12-27 13:00:18] Schedule next startup at: 2017-12-27 14:00:00
[2017-12-27 13:00:20] Pending for incoming shutdown command...
[2017-12-27 13:00:24] Internet detected, apply NTP time to system and Witty Pi...
[2017-12-27 13:00:24] Writing system time to RTC...
[2017-12-27 13:00:25] Done :-)
[2017-12-27 13:20:01] Shutdown command is received...
[2017-12-27 13:20:02] Halting all processes and then shutdown Raspberry Pi...
[2017-12-27 13:20:09] Witty Pi daemon (v2.56) is started.
[2017-12-27 13:20:11] Synchronizing time between system and Witty Pi...
[2017-12-27 13:20:12] Writing RTC time to system...
[2017-12-27 14:00:15] Done :-)
[2017-12-27 14:00:19] Schedule next shutdown at: 2017-12-27 14:15:00
[2017-12-27 14:00:20] Schedule next startup at: 2017-12-27 15:00:00
[2017-12-27 14:00:21] Pending for incoming shutdown command...
[2017-12-27 14:00:25] Internet detected, apply NTP time to system and Witty Pi...
[2017-12-27 14:00:25] Writing system time to RTC...
[2017-12-27 14:00:26] Done :-)
[2017-12-27 14:20:02] Shutdown command is received...
[2017-12-27 14:20:02] Halting all processes and then shutdown Raspberry Pi...
[2017-12-27 14:20:09] Witty Pi daemon (v2.56) is started.
[2017-12-27 14:20:11] Synchronizing time between system and Witty Pi...
[2017-12-27 14:20:11] Writing RTC time to system...
[2017-12-27 15:00:14] Done :-)
[2017-12-27 15:00:18] Schedule next shutdown at: 2017-12-27 15:15:00
[2017-12-27 15:00:18] Schedule next startup at: 2017-12-27 16:00:00
[2017-12-27 15:00:20] Pending for incoming shutdown command...
[2017-12-27 15:00:24] Internet detected, apply NTP time to system and Witty Pi...
[2017-12-27 15:00:24] Writing system time to RTC...
[2017-12-27 15:00:25] Done :-)
[2017-12-27 15:20:02] Shutdown command is received...
[2017-12-27 15:20:03] Halting all processes and then shutdown Raspberry Pi...
[2017-12-27 15:20:09] Witty Pi daemon (v2.56) is started.
[2017-12-27 15:20:11] Synchronizing time between system and Witty Pi...
[2017-12-27 15:20:12] Writing RTC time to system...
[2017-12-27 16:00:14] Done :-)
[2017-12-27 16:00:18] Schedule next shutdown at: 2017-12-27 16:15:00
[2017-12-27 16:00:18] Schedule next startup at: 2017-12-27 17:00:00
[2017-12-27 16:00:20] Pending for incoming shutdown command...
[2017-12-27 16:00:24] Internet detected, apply NTP time to system and Witty Pi...
[2017-12-27 16:00:24] Writing system time to RTC...
[2017-12-27 16:00:25] Done :-)
[2017-12-27 16:20:03] Shutdown command is received...
[2017-12-27 16:20:03] Halting all processes and then shutdown Raspberry Pi...
[2017-12-27 16:20:10] Witty Pi daemon (v2.56) is started.
[2017-12-27 16:20:13] Synchronizing time between system and Witty Pi...
[2017-12-27 16:20:13] Writing RTC time to system...
[2017-12-27 17:00:15] Done :-)
[2017-12-27 17:00:19] Schedule next shutdown at: 2017-12-27 17:15:00
[2017-12-27 17:00:20] Schedule next startup at: 2017-12-27 18:00:00
[2017-12-27 17:00:21] Pending for incoming shutdown command...
[2017-12-27 17:00:25] Internet detected, apply NTP time to system and Witty Pi...
[2017-12-27 17:00:25] Writing system time to RTC...
[2017-12-27 17:00:26] Done :-)
[2017-12-27 17:20:03] Shutdown command is received...
[2017-12-27 17:20:04] Halting all processes and then shutdown Raspberry Pi...
[2017-12-27 17:20:10] Witty Pi daemon (v2.56) is started.
[2017-12-27 17:20:13] Synchronizing time between system and Witty Pi...
[2017-12-27 17:20:13] Writing RTC time to system...
[2017-12-27 18:00:14] Done :-)
[2017-12-27 18:00:18] Schedule next shutdown at: 2017-12-27 18:15:00
[2017-12-27 18:00:18] Schedule next startup at: 2017-12-27 19:00:00
[2017-12-27 18:00:20] Pending for incoming shutdown command...
[2017-12-27 18:00:24] Internet detected, apply NTP time to system and Witty Pi...
[2017-12-27 18:00:24] Writing system time to RTC...
[2017-12-27 18:00:25] Done :-)
[2017-12-27 18:20:04] Shutdown command is received...
[2017-12-27 18:20:04] Halting all processes and then shutdown Raspberry Pi...
[2017-12-27 18:20:11] Witty Pi daemon (v2.56) is started.
[2017-12-27 18:20:13] Synchronizing time between system and Witty Pi...
[2017-12-27 18:20:15] Writing RTC time to system...
[2017-12-27 19:00:15] Done :-)
[2017-12-27 19:00:20] Schedule next shutdown at: 2017-12-27 19:15:00
[2017-12-27 19:00:20] Schedule next startup at: 2017-12-28 07:00:00
[2017-12-27 19:00:21] Pending for incoming shutdown command...
[2017-12-27 19:00:25] Internet detected, apply NTP time to system and Witty Pi...
[2017-12-27 19:00:25] Writing system time to RTC...
[2017-12-27 19:00:26] Done :-)
[2017-12-27 19:20:04] Shutdown command is received...
[2017-12-27 19:20:05] Halting all processes and then shutdown Raspberry Pi...
[2017-12-27 19:20:12] Witty Pi daemon (v2.56) is started.
[2017-12-27 19:20:14] Synchronizing time between system and Witty Pi...
[2017-12-27 19:20:15] Writing RTC time to system...
[2017-12-28 07:00:15] Done :-)
[2017-12-28 07:00:19] Schedule next shutdown at: 2017-12-28 07:15:00
[2017-12-28 07:00:19] Schedule next startup at: 2017-12-28 08:00:00
[2017-12-28 07:00:21] Pending for incoming shutdown command...
[2017-12-28 07:00:25] Internet detected, apply NTP time to system and Witty Pi...
[2017-12-28 07:00:25] Writing system time to RTC...
[2017-12-28 07:00:26] Done :-)
[2017-12-28 07:20:05] Shutdown command is received...
[2017-12-28 07:20:05] Halting all processes and then shutdown Raspberry Pi...
[2017-12-28 07:20:12] Witty Pi daemon (v2.56) is started.
[2017-12-28 07:20:15] Synchronizing time between system and Witty Pi...
[2017-12-28 07:20:15] Writing RTC time to system...
[2017-12-28 08:00:15] Done :-)
[2017-12-28 08:00:19] Schedule next shutdown at: 2017-12-28 08:15:00
[2017-12-28 08:00:19] Schedule next startup at: 2017-12-28 09:00:00
[2017-12-28 08:00:21] Pending for incoming shutdown command...
[2017-12-28 08:00:25] Internet detected, apply NTP time to system and Witty Pi...
[2017-12-28 08:00:25] Writing system time to RTC...
[2017-12-28 08:00:26] Done :-)
[2017-12-28 08:20:05] Shutdown command is received...
[2017-12-28 08:20:06] Halting all processes and then shutdown Raspberry Pi...
[2017-12-28 08:20:12] Witty Pi daemon (v2.56) is started.
[2017-12-28 08:20:15] Synchronizing time between system and Witty Pi...
[2017-12-28 08:20:16] Writing RTC time to system...
[2017-12-28 09:00:15] Done :-)
[2017-12-28 09:00:19] Schedule next shutdown at: 2017-12-28 09:15:00
[2017-12-28 09:00:19] Schedule next startup at: 2017-12-28 10:00:00
[2017-12-28 09:00:21] Pending for incoming shutdown command...
[2017-12-28 09:00:25] Internet detected, apply NTP time to system and Witty Pi...
[2017-12-28 09:00:25] Writing system time to RTC...
[2017-12-28 09:00:26] Done :-)
[2017-12-28 09:20:06] Shutdown command is received...
[2017-12-28 09:20:06] Halting all processes and then shutdown Raspberry Pi...
[2017-12-28 09:20:12] Witty Pi daemon (v2.56) is started.
[2017-12-28 09:20:15] Synchronizing time between system and Witty Pi...
[2017-12-28 09:20:16] Writing RTC time to system...
[2017-12-28 10:00:14] Done :-)
[2017-12-28 10:00:17] Schedule next shutdown at: 2017-12-28 10:15:00
[2017-12-28 10:00:18] Schedule next startup at: 2017-12-28 11:00:00
[2017-12-28 10:00:20] Pending for incoming shutdown command...
[2017-12-28 10:00:24] Internet detected, apply NTP time to system and Witty Pi...
[2017-12-28 10:00:24] Writing system time to RTC...
[2017-12-28 10:00:25] Done :-)
[2017-12-28 10:20:06] Shutdown command is received...
[2017-12-28 10:20:07] Halting all processes and then shutdown Raspberry Pi...
[2017-12-28 10:20:13] Witty Pi daemon (v2.56) is started.
[2017-12-28 10:20:15] Synchronizing time between system and Witty Pi...
[2017-12-28 10:20:16] Writing RTC time to system...
[2017-12-28 11:00:14] Done :-)
[2017-12-28 11:00:17] Schedule next shutdown at: 2017-12-28 11:15:00
[2017-12-28 11:00:18] Schedule next startup at: 2017-12-28 12:00:00
[2017-12-28 11:00:20] Pending for incoming shutdown command...
[2017-12-28 11:00:24] Internet detected, apply NTP time to system and Witty Pi...
[2017-12-28 11:00:24] Writing system time to RTC...
[2017-12-28 11:00:25] Done :-)
[2017-12-28 11:20:07] Shutdown command is received...
[2017-12-28 11:20:07] Halting all processes and then shutdown Raspberry Pi...
[2017-12-28 11:20:13] Witty Pi daemon (v2.56) is started.
[2017-12-28 11:20:16] Synchronizing time between system and Witty Pi...
[2017-12-28 11:20:16] Writing RTC time to system...
[2017-12-28 12:00:14] Done :-)
[2017-12-28 12:00:17] Schedule next shutdown at: 2017-12-28 12:15:00
[2017-12-28 12:00:18] Schedule next startup at: 2017-12-28 13:00:00
[2017-12-28 12:00:20] Pending for incoming shutdown command...
[2017-12-28 12:00:24] Internet detected, apply NTP time to system and Witty Pi...
[2017-12-28 12:00:24] Writing system time to RTC...
[2017-12-28 12:00:25] Done :-)
[2017-12-28 12:20:07] Shutdown command is received...
[2017-12-28 12:20:08] Halting all processes and then shutdown Raspberry Pi...
[2017-12-28 12:20:14] Witty Pi daemon (v2.56) is started.
[2017-12-28 12:20:17] Synchronizing time between system and Witty Pi...
[2017-12-28 12:20:18] Writing RTC time to system...
[2017-12-28 13:00:15] Done :-)
[2017-12-28 13:00:19] Schedule next shutdown at: 2017-12-28 13:15:00
[2017-12-28 13:00:19] Schedule next startup at: 2017-12-28 14:00:00
[2017-12-28 13:00:21] Pending for incoming shutdown command...
[2017-12-28 13:00:25] Internet detected, apply NTP time to system and Witty Pi...
[2017-12-28 13:00:25] Writing system time to RTC...
[2017-12-28 13:00:26] Done :-)
[2017-12-28 13:20:08] Shutdown command is received...
[2017-12-28 13:20:08] Halting all processes and then shutdown Raspberry Pi...
[2017-12-28 13:20:15] Witty Pi daemon (v2.56) is started.
[2017-12-28 13:20:18] Synchronizing time between system and Witty Pi...
[2017-12-28 13:20:18] Writing RTC time to system...
[2017-12-28 14:00:15] Done :-)
[2017-12-28 14:00:19] Schedule next shutdown at: 2017-12-28 14:15:00
[2017-12-28 14:00:20] Schedule next startup at: 2017-12-28 15:00:00
[2017-12-28 14:00:21] Pending for incoming shutdown command...
[2017-12-28 14:00:25] Internet detected, apply NTP time to system and Witty Pi...
[2017-12-28 14:00:25] Writing system time to RTC...
[2017-12-28 14:00:26] Done :-)
[2017-12-28 14:20:08] Shutdown command is received...
[2017-12-28 14:20:09] Halting all processes and then shutdown Raspberry Pi...
[2017-12-28 14:20:15] Witty Pi daemon (v2.56) is started.
[2017-12-28 14:20:17] Synchronizing time between system and Witty Pi...
[2017-12-28 14:20:18] Writing RTC time to system...
[2017-12-28 15:00:14] Done :-)
[2017-12-28 15:00:17] Schedule next shutdown at: 2017-12-28 15:15:00
[2017-12-28 15:00:18] Schedule next startup at: 2017-12-28 16:00:00
[2017-12-28 15:00:20] Pending for incoming shutdown command...
[2017-12-28 15:00:24] Internet detected, apply NTP time to system and Witty Pi...
[2017-12-28 15:00:24] Writing system time to RTC...
[2017-12-28 15:00:25] Done :-)
[2017-12-28 15:20:09] Shutdown command is received...
[2017-12-28 15:20:09] Halting all processes and then shutdown Raspberry Pi...
[2017-12-28 15:20:15] Witty Pi daemon (v2.56) is started.
[2017-12-28 15:20:18] Synchronizing time between system and Witty Pi...
[2017-12-28 15:20:19] Writing RTC time to system...
[2017-12-28 16:00:14] Done :-)
[2017-12-28 16:00:18] Schedule next shutdown at: 2017-12-28 16:15:00
[2017-12-28 16:00:18] Schedule next startup at: 2017-12-28 17:00:00
[2017-12-28 16:00:20] Pending for incoming shutdown command...
[2017-12-28 16:00:24] Internet detected, apply NTP time to system and Witty Pi...
[2017-12-28 16:00:24] Writing system time to RTC...
[2017-12-28 16:00:25] Done :-)
[2017-12-28 16:20:09] Shutdown command is received...
[2017-12-28 16:20:10] Halting all processes and then shutdown Raspberry Pi...
[2017-12-28 16:20:16] Witty Pi daemon (v2.56) is started.
[2017-12-28 16:20:19] Synchronizing time between system and Witty Pi...
[2017-12-28 16:20:20] Writing RTC time to system...
[2017-12-28 17:00:15] Done :-)
[2017-12-28 17:00:17] Schedule next shutdown at: 2017-12-28 17:15:00
[2017-12-28 17:00:18] Schedule next startup at: 2017-12-28 18:00:00
[2017-12-28 17:00:20] Pending for incoming shutdown command...
[2017-12-28 17:00:25] Internet detected, apply NTP time to system and Witty Pi...
[2017-12-28 17:00:25] Writing system time to RTC...
[2017-12-28 17:00:26] Done :-)
[2017-12-28 17:20:10] Shutdown command is received...
[2017-12-28 17:20:10] Halting all processes and then shutdown Raspberry Pi...
[2017-12-28 17:20:17] Witty Pi daemon (v2.56) is started.
[2017-12-28 17:20:19] Synchronizing time between system and Witty Pi...
[2017-12-28 17:20:20] Writing RTC time to system...
[2017-12-28 18:00:14] Done :-)
[2017-12-28 18:00:18] Schedule next shutdown at: 2017-12-28 18:15:00
[2017-12-28 18:00:18] Schedule next startup at: 2017-12-28 19:00:00
[2017-12-28 18:00:20] Pending for incoming shutdown command...
[2017-12-28 18:00:24] Internet detected, apply NTP time to system and Witty Pi...
[2017-12-28 18:00:24] Writing system time to RTC...
[2017-12-28 18:00:25] Done :-)
[2017-12-28 18:20:10] Shutdown command is received...
[2017-12-28 18:20:11] Halting all processes and then shutdown Raspberry Pi...
[2017-12-28 18:20:17] Witty Pi daemon (v2.56) is started.
[2017-12-28 18:20:19] Synchronizing time between system and Witty Pi...
[2017-12-28 18:20:20] Writing RTC time to system...
[2017-12-28 19:00:14] Done :-)
[2017-12-28 19:00:17] Schedule next shutdown at: 2017-12-28 19:15:00
[2017-12-28 19:00:18] Schedule next startup at: 2017-12-29 07:00:00
[2017-12-28 19:00:20] Pending for incoming shutdown command...
[2017-12-28 19:00:24] Internet detected, apply NTP time to system and Witty Pi...
[2017-12-28 19:00:24] Writing system time to RTC...
[2017-12-28 19:00:25] Done :-)
[2017-12-28 19:20:11] Shutdown command is received...
[2017-12-28 19:20:11] Halting all processes and then shutdown Raspberry Pi...
[2017-12-28 19:20:18] Witty Pi daemon (v2.56) is started.
[2017-12-28 19:20:20] Synchronizing time between system and Witty Pi...
[2017-12-28 19:20:21] Writing RTC time to system...
[2017-12-29 07:00:14] Done :-)
[2017-12-29 07:00:18] Schedule next shutdown at: 2017-12-29 07:15:00
[2017-12-29 07:00:18] Schedule next startup at: 2017-12-29 08:00:00
[2017-12-29 07:00:20] Pending for incoming shutdown command...
[2017-12-29 07:00:24] Internet detected, apply NTP time to system and Witty Pi...
[2017-12-29 07:00:24] Writing system time to RTC...
[2017-12-29 07:00:25] Done :-)
[2017-12-29 07:20:11] Shutdown command is received...
[2017-12-29 07:20:12] Halting all processes and then shutdown Raspberry Pi...
[2017-12-29 07:20:18] Witty Pi daemon (v2.56) is started.
[2017-12-29 07:20:20] Synchronizing time between system and Witty Pi...
[2017-12-29 07:20:21] Writing RTC time to system...
[2017-12-29 08:00:14] Done :-)
[2017-12-29 08:00:17] Schedule next shutdown at: 2017-12-29 08:15:00
[2017-12-29 08:00:18] Schedule next startup at: 2017-12-29 09:00:00
[2017-12-29 08:00:20] Pending for incoming shutdown command...
[2017-12-29 08:00:24] Internet detected, apply NTP time to system and Witty Pi...
[2017-12-29 08:00:24] Writing system time to RTC...
[2017-12-29 08:00:25] Done :-)
[2017-12-29 08:20:12] Shutdown command is received...
[2017-12-29 08:20:12] Halting all processes and then shutdown Raspberry Pi...
[2017-12-29 08:20:18] Witty Pi daemon (v2.56) is started.
[2017-12-29 08:20:21] Synchronizing time between system and Witty Pi...
[2017-12-29 08:20:21] Writing RTC time to system...
[2017-12-29 09:00:14] Done :-)
[2017-12-29 09:00:17] Schedule next shutdown at: 2017-12-29 09:15:00
[2017-12-29 09:00:18] Schedule next startup at: 2017-12-29 10:00:00
[2017-12-29 09:00:20] Pending for incoming shutdown command...
[2017-12-29 09:00:24] Internet detected, apply NTP time to system and Witty Pi...
[2017-12-29 09:00:24] Writing system time to RTC...
[2017-12-29 09:00:25] Done :-)
[2017-12-29 09:20:12] Shutdown command is received...
[2017-12-29 09:20:13] Halting all processes and then shutdown Raspberry Pi...
[2017-12-29 09:20:19] Witty Pi daemon (v2.56) is started.
[2017-12-29 09:20:22] Synchronizing time between system and Witty Pi...
[2017-12-29 09:20:22] Writing RTC time to system...
[2017-12-29 10:00:14] Done :-)
[2017-12-29 10:00:18] Schedule next shutdown at: 2017-12-29 10:15:00
[2017-12-29 10:00:18] Schedule next startup at: 2017-12-29 11:00:00
[2017-12-29 10:00:20] Pending for incoming shutdown command...
[2017-12-29 10:00:24] Internet detected, apply NTP time to system and Witty Pi...
[2017-12-29 10:00:24] Writing system time to RTC...
[2017-12-29 10:00:25] Done :-)
[2017-12-29 10:20:13] Shutdown command is received...
[2017-12-29 10:20:13] Halting all processes and then shutdown Raspberry Pi...
[2017-12-29 10:20:19] Witty Pi daemon (v2.56) is started.
[2017-12-29 10:20:22] Synchronizing time between system and Witty Pi...
[2017-12-29 10:20:23] Writing RTC time to system...
[2017-12-29 11:00:14] Done :-)
[2017-12-29 11:00:17] Schedule next shutdown at: 2017-12-29 11:15:00
[2017-12-29 11:00:18] Schedule next startup at: 2017-12-29 12:00:00
[2017-12-29 11:00:20] Pending for incoming shutdown command...
[2017-12-29 11:00:24] Internet detected, apply NTP time to system and Witty Pi...
[2017-12-29 11:00:24] Writing system time to RTC...
[2017-12-29 11:00:25] Done :-)
[2017-12-29 11:20:13] Shutdown command is received...
[2017-12-29 11:20:14] Halting all processes and then shutdown Raspberry Pi...
[2017-12-29 11:20:20] Witty Pi daemon (v2.56) is started.
[2017-12-29 11:20:23] Synchronizing time between system and Witty Pi...
[2017-12-29 11:20:24] Writing RTC time to system...
[2017-12-29 12:00:15] Done :-)
[2017-12-29 12:00:19] Schedule next shutdown at: 2017-12-29 12:15:00
[2017-12-29 12:00:19] Schedule next startup at: 2017-12-29 13:00:00
[2017-12-29 12:00:21] Pending for incoming shutdown command...
[2017-12-29 12:00:25] Internet detected, apply NTP time to system and Witty Pi...
[2017-12-29 12:00:25] Writing system time to RTC...
[2017-12-29 12:00:26] Done :-)
[2017-12-29 12:20:14] Shutdown command is received...
[2017-12-29 12:20:14] Halting all processes and then shutdown Raspberry Pi...
[2017-12-29 12:20:20] Witty Pi daemon (v2.56) is started.
[2017-12-29 12:20:23] Synchronizing time between system and Witty Pi...
[2017-12-29 12:20:23] Writing RTC time to system...
[2017-12-29 13:00:14] Done :-)
[2017-12-29 13:00:17] Schedule next shutdown at: 2017-12-29 13:15:00
[2017-12-29 13:00:18] Schedule next startup at: 2017-12-29 14:00:00
[2017-12-29 13:00:20] Pending for incoming shutdown command...
[2017-12-29 13:00:24] Internet detected, apply NTP time to system and Witty Pi...
[2017-12-29 13:00:24] Writing system time to RTC...
[2017-12-29 13:00:25] Done :-)
[2017-12-29 13:20:14] Shutdown command is received...
[2017-12-29 13:20:15] Halting all processes and then shutdown Raspberry Pi...
[2017-12-29 13:20:21] Witty Pi daemon (v2.56) is started.
[2017-12-29 13:20:23] Synchronizing time between system and Witty Pi...
[2017-12-29 13:20:24] Writing RTC time to system...
[2017-12-29 13:43:48] Done :-)
[2017-12-29 13:43:51] Schedule script is interrupted, revising the schedule...
[2017-12-29 13:43:51] Schedule next shutdown at: 2017-12-29 13:59:00
[2017-12-29 13:43:52] Schedule next startup at: 2017-12-29 14:00:00
[2017-12-29 13:43:54] Pending for incoming shutdown command...
[2017-12-29 13:43:58] Internet detected, apply NTP time to system and Witty Pi...
[2017-12-29 13:43:58] Writing system time to RTC...
[2017-12-29 13:43:59] Done :-)
[2017-12-29 14:04:15] Shutdown command is received...
[2017-12-29 14:04:15] Halting all processes and then shutdown Raspberry Pi...
[2017-12-29 14:04:21] Witty Pi daemon (v2.56) is started.
[2017-12-29 14:04:24] Synchronizing time between system and Witty Pi...
[2017-12-29 14:04:25] Writing RTC time to system...
[2017-12-29 14:00:14] Done :-)
[2017-12-29 14:00:18] Schedule next shutdown at: 2017-12-29 14:15:00
[2017-12-29 14:00:18] Schedule next startup at: 2017-12-29 15:00:00
[2017-12-29 14:00:20] Pending for incoming shutdown command...
[2017-12-29 14:00:24] Internet detected, apply NTP time to system and Witty Pi...
[2017-12-29 14:00:24] Writing system time to RTC...
[2017-12-29 14:00:25] Done :-)
[2017-12-29 14:20:15] Shutdown command is received...
[2017-12-29 14:20:16] Halting all processes and then shutdown Raspberry Pi...
[2017-12-29 14:20:22] Witty Pi daemon (v2.56) is started.
[2017-12-29 14:20:24] Synchronizing time between system and Witty Pi...
[2017-12-29 14:20:25] Writing RTC time to system...
[2017-12-29 15:00:14] Done :-)
[2017-12-29 15:00:17] Schedule next shutdown at: 2017-12-29 15:15:00
[2017-12-29 15:00:18] Schedule next startup at: 2017-12-29 16:00:00
[2017-12-29 15:00:20] Pending for incoming shutdown command...
[2017-12-29 15:00:24] Internet detected, apply NTP time to system and Witty Pi...
[2017-12-29 15:00:24] Writing system time to RTC...
[2017-12-29 15:00:25] Done :-)
[2017-12-29 15:20:16] Shutdown command is received...
[2017-12-29 15:20:16] Halting all processes and then shutdown Raspberry Pi...
[2017-12-29 15:20:23] Witty Pi daemon (v2.56) is started.
[2017-12-29 15:20:25] Synchronizing time between system and Witty Pi...
[2017-12-29 15:20:26] Writing RTC time to system...
[2017-12-29 16:00:15] Done :-)
[2017-12-29 16:00:19] Schedule next shutdown at: 2017-12-29 16:15:00
[2017-12-29 16:00:19] Schedule next startup at: 2017-12-29 17:00:00
[2017-12-29 16:00:21] Pending for incoming shutdown command...
[2017-12-29 16:00:25] Internet detected, apply NTP time to system and Witty Pi...
[2017-12-29 16:00:25] Writing system time to RTC...
[2017-12-29 16:00:26] Done :-)
[2017-12-29 16:20:16] Shutdown command is received...
[2017-12-29 16:20:17] Halting all processes and then shutdown Raspberry Pi...
[2017-12-29 16:20:23] Witty Pi daemon (v2.56) is started.
[2017-12-29 16:20:25] Synchronizing time between system and Witty Pi...
[2017-12-29 16:20:26] Writing RTC time to system...
[2017-12-29 17:00:14] Done :-)
[2017-12-29 17:00:18] Schedule next shutdown at: 2017-12-29 17:15:00
[2017-12-29 17:00:18] Schedule next startup at: 2017-12-29 18:00:00
[2017-12-29 17:00:20] Pending for incoming shutdown command...
[2017-12-29 17:00:24] Internet detected, apply NTP time to system and Witty Pi...
[2017-12-29 17:00:24] Writing system time to RTC...
[2017-12-29 17:00:25] Done :-)
[2017-12-29 17:20:17] Shutdown command is received...
[2017-12-29 17:20:17] Halting all processes and then shutdown Raspberry Pi...
[2017-12-29 17:20:23] Witty Pi daemon (v2.56) is started.
[2017-12-29 17:20:26] Synchronizing time between system and Witty Pi...
[2017-12-29 17:20:26] Writing RTC time to system...
[2017-12-29 18:00:14] Done :-)
[2017-12-29 18:00:17] Schedule next shutdown at: 2017-12-29 18:15:00
[2017-12-29 18:00:18] Schedule next startup at: 2017-12-29 19:00:00
[2017-12-29 18:00:20] Pending for incoming shutdown command...
[2017-12-29 18:00:24] Internet detected, apply NTP time to system and Witty Pi...
[2017-12-29 18:00:24] Writing system time to RTC...
[2017-12-29 18:00:25] Done :-)
[2017-12-29 18:20:17] Shutdown command is received...
[2017-12-29 18:20:18] Halting all processes and then shutdown Raspberry Pi...
[2017-12-29 18:20:24] Witty Pi daemon (v2.56) is started.
[2017-12-29 18:20:26] Synchronizing time between system and Witty Pi...
[2017-12-29 18:20:27] Writing RTC time to system...
[2017-12-29 19:00:14] Done :-)
[2017-12-29 19:00:18] Schedule next shutdown at: 2017-12-29 19:15:00
[2017-12-29 19:00:18] Schedule next startup at: 2017-12-30 07:00:00
[2017-12-29 19:00:20] Pending for incoming shutdown command...
[2017-12-29 19:00:24] Internet detected, apply NTP time to system and Witty Pi...
[2017-12-29 19:00:24] Writing system time to RTC...
[2017-12-29 19:00:25] Done :-)
[2017-12-29 19:20:18] Shutdown command is received...
[2017-12-29 19:20:18] Halting all processes and then shutdown Raspberry Pi...
[2017-12-29 19:20:25] Witty Pi daemon (v2.56) is started.
[2017-12-29 19:20:27] Synchronizing time between system and Witty Pi...
[2017-12-29 19:20:28] Writing RTC time to system...
[2017-12-30 07:00:15] Done :-)
[2017-12-30 07:00:19] Schedule next shutdown at: 2017-12-30 07:15:00
[2017-12-30 07:00:19] Schedule next startup at: 2017-12-30 08:00:00
[2017-12-30 07:00:21] Pending for incoming shutdown command...
[2017-12-30 07:00:25] Internet detected, apply NTP time to system and Witty Pi...
[2017-12-30 07:00:25] Writing system time to RTC...
[2017-12-30 07:00:26] Done :-)
[2017-12-30 07:20:18] Shutdown command is received...
[2017-12-30 07:20:18] Halting all processes and then shutdown Raspberry Pi...
[2017-12-30 07:20:25] Witty Pi daemon (v2.56) is started.
[2017-12-30 07:20:27] Synchronizing time between system and Witty Pi...
[2017-12-30 07:20:28] Writing RTC time to system...
[2017-12-30 08:00:14] Done :-)
[2017-12-30 08:00:17] Schedule next shutdown at: 2017-12-30 08:15:00
[2017-12-30 08:00:18] Schedule next startup at: 2017-12-30 09:00:00
[2017-12-30 08:00:20] Pending for incoming shutdown command...
[2017-12-30 08:00:24] Internet detected, apply NTP time to system and Witty Pi...
[2017-12-30 08:00:24] Writing system time to RTC...
[2017-12-30 08:00:25] Done :-)
[2017-12-30 08:20:19] Shutdown command is received...
[2017-12-30 08:20:19] Halting all processes and then shutdown Raspberry Pi...
[2017-12-30 08:20:25] Witty Pi daemon (v2.56) is started.
[2017-12-30 08:20:28] Synchronizing time between system and Witty Pi...
[2017-12-30 08:20:28] Writing RTC time to system...
[2017-12-30 09:00:14] Done :-)
[2017-12-30 09:00:17] Schedule next shutdown at: 2017-12-30 09:15:00
[2017-12-30 09:00:18] Schedule next startup at: 2017-12-30 10:00:00
[2017-12-30 09:00:20] Pending for incoming shutdown command...
[2017-12-30 09:00:24] Internet detected, apply NTP time to system and Witty Pi...
[2017-12-30 09:00:24] Writing system time to RTC...
[2017-12-30 09:00:25] Done :-)
[2017-12-30 09:20:19] Shutdown command is received...
[2017-12-30 09:20:19] Halting all processes and then shutdown Raspberry Pi...
[2017-12-30 09:20:26] Witty Pi daemon (v2.56) is started.
[2017-12-30 09:20:28] Synchronizing time between system and Witty Pi...
[2017-12-30 09:20:29] Writing RTC time to system...
[2017-12-30 10:00:14] Done :-)
[2017-12-30 10:00:17] Schedule next shutdown at: 2017-12-30 10:15:00
[2017-12-30 10:00:18] Schedule next startup at: 2017-12-30 11:00:00
[2017-12-30 10:00:20] Pending for incoming shutdown command...
[2017-12-30 10:00:24] Internet detected, apply NTP time to system and Witty Pi...
[2017-12-30 10:00:24] Writing system time to RTC...
[2017-12-30 10:00:25] Done :-)
[2017-12-30 10:20:20] Shutdown command is received...
[2017-12-30 10:20:20] Halting all processes and then shutdown Raspberry Pi...
[2017-12-30 10:20:27] Witty Pi daemon (v2.56) is started.
[2017-12-30 10:20:29] Synchronizing time between system and Witty Pi...
[2017-12-30 10:20:30] Writing RTC time to system...
[2017-12-30 11:00:15] Done :-)
[2017-12-30 11:00:19] Schedule next shutdown at: 2017-12-30 11:15:00
[2017-12-30 11:00:19] Schedule next startup at: 2017-12-30 12:00:00
[2017-12-30 11:00:21] Pending for incoming shutdown command...
[2017-12-30 11:00:25] Internet detected, apply NTP time to system and Witty Pi...
[2017-12-30 11:00:25] Writing system time to RTC...
[2017-12-30 11:00:26] Done :-)
[2017-12-30 11:20:20] Shutdown command is received...
[2017-12-30 11:20:20] Halting all processes and then shutdown Raspberry Pi...
[2017-12-30 11:20:27] Witty Pi daemon (v2.56) is started.
[2017-12-30 11:20:29] Synchronizing time between system and Witty Pi...
[2017-12-30 11:20:30] Writing RTC time to system...
[2017-12-30 12:00:14] Done :-)
[2017-12-30 12:00:17] Schedule next shutdown at: 2017-12-30 12:15:00
[2017-12-30 12:00:18] Schedule next startup at: 2017-12-30 13:00:00
[2017-12-30 12:00:20] Pending for incoming shutdown command...
[2017-12-30 12:00:24] Internet detected, apply NTP time to system and Witty Pi...
[2017-12-30 12:00:24] Writing system time to RTC...
[2017-12-30 12:00:25] Done :-)
[2017-12-30 12:20:21] Shutdown command is received...
[2017-12-30 12:20:21] Halting all processes and then shutdown Raspberry Pi...
[2017-12-30 12:20:27] Witty Pi daemon (v2.56) is started.
[2017-12-30 12:20:30] Synchronizing time between system and Witty Pi...
[2017-12-30 12:20:30] Writing RTC time to system...
[2017-12-30 13:00:14] Done :-)
[2017-12-30 13:00:17] Schedule next shutdown at: 2017-12-30 13:15:00
[2017-12-30 13:00:18] Schedule next startup at: 2017-12-30 14:00:00
[2017-12-30 13:00:20] Pending for incoming shutdown command...
[2017-12-30 13:00:24] Internet detected, apply NTP time to system and Witty Pi...
[2017-12-30 13:00:24] Writing system time to RTC...
[2017-12-30 13:00:25] Done :-)
[2017-12-30 13:20:21] Shutdown command is received...
[2017-12-30 13:20:21] Halting all processes and then shutdown Raspberry Pi...
[2017-12-30 13:20:28] Witty Pi daemon (v2.56) is started.
[2017-12-30 13:20:30] Synchronizing time between system and Witty Pi...
[2017-12-30 13:20:31] Writing RTC time to system...
[2017-12-30 14:00:14] Done :-)
[2017-12-30 14:00:17] Schedule next shutdown at: 2017-12-30 14:15:00
[2017-12-30 14:00:18] Schedule next startup at: 2017-12-30 15:00:00
[2017-12-30 14:00:20] Pending for incoming shutdown command...
[2017-12-30 14:00:24] Internet detected, apply NTP time to system and Witty Pi...
[2017-12-30 14:00:24] Writing system time to RTC...
[2017-12-30 14:00:25] Done :-)
[2017-12-30 14:20:22] Shutdown command is received...
[2017-12-30 14:20:22] Halting all processes and then shutdown Raspberry Pi...
[2017-12-30 14:20:28] Witty Pi daemon (v2.56) is started.
[2017-12-30 14:20:31] Synchronizing time between system and Witty Pi...
[2017-12-30 14:20:31] Writing RTC time to system...
[2017-12-30 15:00:14] Done :-)
[2017-12-30 15:00:18] Schedule next shutdown at: 2017-12-30 15:15:00
[2017-12-30 15:00:18] Schedule next startup at: 2017-12-30 16:00:00
[2017-12-30 15:00:20] Pending for incoming shutdown command...
[2017-12-30 15:00:24] Internet detected, apply NTP time to system and Witty Pi...
[2017-12-30 15:00:24] Writing system time to RTC...
[2017-12-30 15:00:25] Done :-)
[2017-12-30 15:20:22] Shutdown command is received...
[2017-12-30 15:20:22] Halting all processes and then shutdown Raspberry Pi...
[2017-12-30 15:20:29] Witty Pi daemon (v2.56) is started.
[2017-12-30 15:20:31] Synchronizing time between system and Witty Pi...
[2017-12-30 15:20:32] Writing RTC time to system...
[2017-12-30 16:00:14] Done :-)
[2017-12-30 16:00:18] Schedule next shutdown at: 2017-12-30 16:15:00
[2017-12-30 16:00:18] Schedule next startup at: 2017-12-30 17:00:00
[2017-12-30 16:00:20] Pending for incoming shutdown command...
[2017-12-30 16:00:24] Internet detected, apply NTP time to system and Witty Pi...
[2017-12-30 16:00:24] Writing system time to RTC...
[2017-12-30 16:00:25] Done :-)
[2017-12-30 16:20:23] Shutdown command is received...
[2017-12-30 16:20:23] Halting all processes and then shutdown Raspberry Pi...
[2017-12-30 16:20:29] Witty Pi daemon (v2.56) is started.
[2017-12-30 16:20:32] Synchronizing time between system and Witty Pi...
[2017-12-30 16:20:32] Writing RTC time to system...
[2017-12-30 17:00:14] Done :-)
[2017-12-30 17:00:18] Schedule next shutdown at: 2017-12-30 17:15:00
[2017-12-30 17:00:18] Schedule next startup at: 2017-12-30 18:00:00
[2017-12-30 17:00:20] Pending for incoming shutdown command...
[2017-12-30 17:00:24] Internet detected, apply NTP time to system and Witty Pi...
[2017-12-30 17:00:24] Writing system time to RTC...
[2017-12-30 17:00:25] Done :-)
[2017-12-30 17:20:23] Shutdown command is received...
[2017-12-30 17:20:23] Halting all processes and then shutdown Raspberry Pi...
[2017-12-30 17:20:30] Witty Pi daemon (v2.56) is started.
[2017-12-30 17:20:32] Synchronizing time between system and Witty Pi...
[2017-12-30 17:20:33] Writing RTC time to system...
[2017-12-30 18:00:14] Done :-)
[2017-12-30 18:00:17] Schedule next shutdown at: 2017-12-30 18:15:00
[2017-12-30 18:00:18] Schedule next startup at: 2017-12-30 19:00:00
[2017-12-30 18:00:20] Pending for incoming shutdown command...
[2017-12-30 18:00:24] Internet detected, apply NTP time to system and Witty Pi...
[2017-12-30 18:00:24] Writing system time to RTC...
[2017-12-30 18:00:25] Done :-)
[2017-12-30 18:20:24] Shutdown command is received...
[2017-12-30 18:20:24] Halting all processes and then shutdown Raspberry Pi...
[2017-12-30 18:20:31] Witty Pi daemon (v2.56) is started.
[2017-12-30 18:20:33] Synchronizing time between system and Witty Pi...
[2017-12-30 18:20:34] Writing RTC time to system...
[2017-12-30 19:00:15] Done :-)
[2017-12-30 19:00:17] Schedule next shutdown at: 2017-12-30 19:15:00
[2017-12-30 19:00:18] Schedule next startup at: 2017-12-31 07:00:00
[2017-12-30 19:00:20] Pending for incoming shutdown command...
[2017-12-30 19:00:25] Internet detected, apply NTP time to system and Witty Pi...
[2017-12-30 19:00:25] Writing system time to RTC...
[2017-12-30 19:00:26] Done :-)
[2017-12-30 19:20:24] Shutdown command is received...
[2017-12-30 19:20:24] Halting all processes and then shutdown Raspberry Pi...
[2017-12-30 19:20:31] Witty Pi daemon (v2.56) is started.
[2017-12-30 19:20:34] Synchronizing time between system and Witty Pi...
[2017-12-30 19:20:35] Writing RTC time to system...
[2017-12-31 07:00:15] Done :-)
[2017-12-31 07:00:19] Schedule next shutdown at: 2017-12-31 07:15:00
[2017-12-31 07:00:19] Schedule next startup at: 2017-12-31 08:00:00
[2017-12-31 07:00:21] Pending for incoming shutdown command...
[2017-12-31 07:00:25] Internet detected, apply NTP time to system and Witty Pi...
[2017-12-31 07:00:25] Writing system time to RTC...
[2017-12-31 07:00:26] Done :-)
[2017-12-31 07:20:25] Shutdown command is received...
[2017-12-31 07:20:25] Halting all processes and then shutdown Raspberry Pi...
[2017-12-31 07:20:31] Witty Pi daemon (v2.56) is started.
[2017-12-31 07:20:34] Synchronizing time between system and Witty Pi...
[2017-12-31 07:20:34] Writing RTC time to system...
[2017-12-31 08:00:14] Done :-)
[2017-12-31 08:00:18] Schedule next shutdown at: 2017-12-31 08:15:00
[2017-12-31 08:00:18] Schedule next startup at: 2017-12-31 09:00:00
[2017-12-31 08:00:20] Pending for incoming shutdown command...
[2017-12-31 08:00:24] Internet detected, apply NTP time to system and Witty Pi...
[2017-12-31 08:00:24] Writing system time to RTC...
[2017-12-31 08:00:25] Done :-)
[2017-12-31 08:20:25] Shutdown command is received...
[2017-12-31 08:20:25] Halting all processes and then shutdown Raspberry Pi...
[2017-12-31 08:20:32] Witty Pi daemon (v2.56) is started.
[2017-12-31 08:20:34] Synchronizing time between system and Witty Pi...
[2017-12-31 08:20:35] Writing RTC time to system...
[2017-12-31 09:00:14] Done :-)
[2017-12-31 09:00:17] Schedule next shutdown at: 2017-12-31 09:15:00
[2017-12-31 09:00:18] Schedule next startup at: 2017-12-31 10:00:00
[2017-12-31 09:00:20] Pending for incoming shutdown command...
[2017-12-31 09:00:24] Internet detected, apply NTP time to system and Witty Pi...
[2017-12-31 09:00:24] Writing system time to RTC...
[2017-12-31 09:00:25] Done :-)
[2017-12-31 09:20:26] Shutdown command is received...
[2017-12-31 09:20:26] Halting all processes and then shutdown Raspberry Pi...
[2017-12-31 09:20:33] Witty Pi daemon (v2.56) is started.
[2017-12-31 09:20:35] Synchronizing time between system and Witty Pi...
[2017-12-31 09:20:37] Writing RTC time to system...
[2017-12-31 10:00:15] Done :-)
[2017-12-31 10:00:19] Schedule next shutdown at: 2017-12-31 10:15:00
[2017-12-31 10:00:19] Schedule next startup at: 2017-12-31 11:00:00
[2017-12-31 10:00:21] Pending for incoming shutdown command...
[2017-12-31 10:00:25] Internet detected, apply NTP time to system and Witty Pi...
[2017-12-31 10:00:25] Writing system time to RTC...
[2017-12-31 10:00:26] Done :-)
[2017-12-31 10:20:26] Shutdown command is received...
[2017-12-31 10:20:26] Halting all processes and then shutdown Raspberry Pi...
[2017-12-31 10:20:33] Witty Pi daemon (v2.56) is started.
[2017-12-31 10:20:35] Synchronizing time between system and Witty Pi...
[2017-12-31 10:20:36] Writing RTC time to system...
[2017-12-31 11:00:14] Done :-)
[2017-12-31 11:00:17] Schedule next shutdown at: 2017-12-31 11:15:00
[2017-12-31 11:00:18] Schedule next startup at: 2017-12-31 12:00:00
[2017-12-31 11:00:20] Pending for incoming shutdown command...
[2017-12-31 11:00:24] Internet detected, apply NTP time to system and Witty Pi...
[2017-12-31 11:00:24] Writing system time to RTC...
[2017-12-31 11:00:25] Done :-)
[2017-12-31 11:20:27] Shutdown command is received...
[2017-12-31 11:20:27] Halting all processes and then shutdown Raspberry Pi...
[2017-12-31 11:20:33] Witty Pi daemon (v2.56) is started.
[2017-12-31 11:20:36] Synchronizing time between system and Witty Pi...
[2017-12-31 11:20:36] Writing RTC time to system...
[2017-12-31 12:00:14] Done :-)
[2017-12-31 12:00:17] Schedule next shutdown at: 2017-12-31 12:15:00
[2017-12-31 12:00:18] Schedule next startup at: 2017-12-31 13:00:00
[2017-12-31 12:00:20] Pending for incoming shutdown command...
[2017-12-31 12:00:24] Internet detected, apply NTP time to system and Witty Pi...
[2017-12-31 12:00:24] Writing system time to RTC...
[2017-12-31 12:00:25] Done :-)
[2017-12-31 12:20:27] Shutdown command is received...
[2017-12-31 12:20:27] Halting all processes and then shutdown Raspberry Pi...
[2017-12-31 12:20:34] Witty Pi daemon (v2.56) is started.
[2017-12-31 12:20:36] Synchronizing time between system and Witty Pi...
[2017-12-31 12:20:37] Writing RTC time to system...
[2017-12-31 13:00:14] Done :-)
[2017-12-31 13:00:18] Schedule next shutdown at: 2017-12-31 13:15:00
[2017-12-31 13:00:18] Schedule next startup at: 2017-12-31 14:00:00
[2017-12-31 13:00:20] Pending for incoming shutdown command...
[2017-12-31 13:00:24] Internet detected, apply NTP time to system and Witty Pi...
[2017-12-31 13:00:24] Writing system time to RTC...
[2017-12-31 13:00:25] Done :-)
[2017-12-31 13:20:28] Shutdown command is received...
[2017-12-31 13:20:28] Halting all processes and then shutdown Raspberry Pi...
[2017-12-31 13:20:35] Witty Pi daemon (v2.56) is started.
[2017-12-31 13:20:37] Synchronizing time between system and Witty Pi...
[2017-12-31 13:20:38] Writing RTC time to system...
[2017-12-31 14:00:15] Done :-)
[2017-12-31 14:00:17] Schedule next shutdown at: 2017-12-31 14:15:00
[2017-12-31 14:00:18] Schedule next startup at: 2017-12-31 15:00:00
[2017-12-31 14:00:20] Pending for incoming shutdown command...
[2017-12-31 14:00:25] Internet detected, apply NTP time to system and Witty Pi...
[2017-12-31 14:00:25] Writing system time to RTC...
[2017-12-31 14:00:26] Done :-)
[2017-12-31 14:20:28] Shutdown command is received...
[2017-12-31 14:20:28] Halting all processes and then shutdown Raspberry Pi...
[2017-12-31 14:20:35] Witty Pi daemon (v2.56) is started.
[2017-12-31 14:20:38] Synchronizing time between system and Witty Pi...
[2017-12-31 14:20:38] Writing RTC time to system...
[2017-12-31 15:00:14] Done :-)
[2017-12-31 15:00:18] Schedule next shutdown at: 2017-12-31 15:15:00
[2017-12-31 15:00:18] Schedule next startup at: 2017-12-31 16:00:00
[2017-12-31 15:00:20] Pending for incoming shutdown command...
[2017-12-31 15:00:24] Internet detected, apply NTP time to system and Witty Pi...
[2017-12-31 15:00:24] Writing system time to RTC...
[2017-12-31 15:00:25] Done :-)
[2017-12-31 15:20:29] Shutdown command is received...
[2017-12-31 15:20:29] Halting all processes and then shutdown Raspberry Pi...
[2017-12-31 15:20:36] Witty Pi daemon (v2.56) is started.
[2017-12-31 15:20:39] Synchronizing time between system and Witty Pi...
[2017-12-31 15:20:39] Writing RTC time to system...
[2017-12-31 16:00:15] Done :-)
[2017-12-31 16:00:19] Schedule next shutdown at: 2017-12-31 16:15:00
[2017-12-31 16:00:20] Schedule next startup at: 2017-12-31 17:00:00
[2017-12-31 16:00:21] Pending for incoming shutdown command...
[2017-12-31 16:00:25] Internet detected, apply NTP time to system and Witty Pi...
[2017-12-31 16:00:25] Writing system time to RTC...
[2017-12-31 16:00:26] Done :-)
[2017-12-31 16:20:29] Shutdown command is received...
[2017-12-31 16:20:29] Halting all processes and then shutdown Raspberry Pi...
[2017-12-31 16:20:37] Witty Pi daemon (v2.56) is started.
[2017-12-31 16:20:39] Synchronizing time between system and Witty Pi...
[2017-12-31 16:20:40] Writing RTC time to system...
[2017-12-31 17:00:15] Done :-)
[2017-12-31 17:00:19] Schedule next shutdown at: 2017-12-31 17:15:00
[2017-12-31 17:00:19] Schedule next startup at: 2017-12-31 18:00:00
[2017-12-31 17:00:21] Pending for incoming shutdown command...
[2017-12-31 17:00:25] Internet detected, apply NTP time to system and Witty Pi...
[2017-12-31 17:00:25] Writing system time to RTC...
[2017-12-31 17:00:26] Done :-)
[2017-12-31 17:20:30] Shutdown command is received...
[2017-12-31 17:20:30] Halting all processes and then shutdown Raspberry Pi...
[2017-12-31 17:20:36] Witty Pi daemon (v2.56) is started.
[2017-12-31 17:20:39] Synchronizing time between system and Witty Pi...
[2017-12-31 17:20:39] Writing RTC time to system...
[2017-12-31 18:00:14] Done :-)
[2017-12-31 18:00:18] Schedule next shutdown at: 2017-12-31 18:15:00
[2017-12-31 18:00:18] Schedule next startup at: 2017-12-31 19:00:00
[2017-12-31 18:00:20] Pending for incoming shutdown command...
[2017-12-31 18:00:24] Internet detected, apply NTP time to system and Witty Pi...
[2017-12-31 18:00:24] Writing system time to RTC...
[2017-12-31 18:00:25] Done :-)
[2017-12-31 18:20:30] Shutdown command is received...
[2017-12-31 18:20:30] Halting all processes and then shutdown Raspberry Pi...
[2017-12-31 18:20:37] Witty Pi daemon (v2.56) is started.
[2017-12-31 18:20:39] Synchronizing time between system and Witty Pi...
[2017-12-31 18:20:40] Writing RTC time to system...
[2017-12-31 19:00:14] Done :-)
[2017-12-31 19:00:18] Schedule next shutdown at: 2017-12-31 19:15:00
[2017-12-31 19:00:18] Schedule next startup at: 2018-01-01 07:00:00
[2017-12-31 19:00:20] Pending for incoming shutdown command...
[2017-12-31 19:00:24] Internet detected, apply NTP time to system and Witty Pi...
[2017-12-31 19:00:24] Writing system time to RTC...
[2017-12-31 19:00:25] Done :-)
[2017-12-31 19:20:31] Shutdown command is received...
[2017-12-31 19:20:31] Halting all processes and then shutdown Raspberry Pi...
[2017-12-31 19:20:37] Witty Pi daemon (v2.56) is started.
[2017-12-31 19:20:40] Synchronizing time between system and Witty Pi...
[2017-12-31 19:20:40] Writing RTC time to system...
[2018-01-01 07:00:14] Done :-)
[2018-01-01 07:00:18] Schedule next shutdown at: 2018-01-01 07:15:00
[2018-01-01 07:00:18] Schedule next startup at: 2018-01-01 08:00:00
[2018-01-01 07:00:20] Pending for incoming shutdown command...
[2018-01-01 07:00:24] Internet detected, apply NTP time to system and Witty Pi...
[2018-01-01 07:00:24] Writing system time to RTC...
[2018-01-01 07:00:25] Done :-)
[2018-01-01 07:20:31] Shutdown command is received...
[2018-01-01 07:20:31] Halting all processes and then shutdown Raspberry Pi...
[2018-01-01 07:20:38] Witty Pi daemon (v2.56) is started.
[2018-01-01 07:20:40] Synchronizing time between system and Witty Pi...
[2018-01-01 07:20:41] Writing RTC time to system...
[2018-01-01 08:00:14] Done :-)
[2018-01-01 08:00:17] Schedule next shutdown at: 2018-01-01 08:15:00
[2018-01-01 08:00:18] Schedule next startup at: 2018-01-01 09:00:00
[2018-01-01 08:00:20] Pending for incoming shutdown command...
[2018-01-01 08:00:24] Internet detected, apply NTP time to system and Witty Pi...
[2018-01-01 08:00:24] Writing system time to RTC...
[2018-01-01 08:00:25] Done :-)
[2018-01-01 08:20:32] Shutdown command is received...
[2018-01-01 08:20:32] Halting all processes and then shutdown Raspberry Pi...
[2018-01-01 08:20:38] Witty Pi daemon (v2.56) is started.
[2018-01-01 08:20:40] Synchronizing time between system and Witty Pi...
[2018-01-01 08:20:41] Writing RTC time to system...
[2018-01-01 09:00:14] Done :-)
[2018-01-01 09:00:17] Schedule next shutdown at: 2018-01-01 09:15:00
[2018-01-01 09:00:18] Schedule next startup at: 2018-01-01 10:00:00
[2018-01-01 09:00:20] Pending for incoming shutdown command...
[2018-01-01 09:00:24] Internet detected, apply NTP time to system and Witty Pi...
[2018-01-01 09:00:24] Writing system time to RTC...
[2018-01-01 09:00:25] Done :-)
[2018-01-01 09:20:32] Shutdown command is received...
[2018-01-01 09:20:32] Halting all processes and then shutdown Raspberry Pi...
[2018-01-01 09:20:39] Witty Pi daemon (v2.56) is started.
[2018-01-01 09:20:42] Synchronizing time between system and Witty Pi...
[2018-01-01 09:20:43] Writing RTC time to system...
[2018-01-01 10:00:15] Done :-)
[2018-01-01 10:00:19] Schedule next shutdown at: 2018-01-01 10:15:00
[2018-01-01 10:00:19] Schedule next startup at: 2018-01-01 11:00:00
[2018-01-01 10:00:21] Pending for incoming shutdown command...
[2018-01-01 10:00:25] Internet detected, apply NTP time to system and Witty Pi...
[2018-01-01 10:00:25] Writing system time to RTC...
[2018-01-01 10:00:26] Done :-)
[2018-01-01 10:20:33] Shutdown command is received...
[2018-01-01 10:20:33] Halting all processes and then shutdown Raspberry Pi...
[2018-01-01 10:20:39] Witty Pi daemon (v2.56) is started.
[2018-01-01 10:20:42] Synchronizing time between system and Witty Pi...
[2018-01-01 10:20:42] Writing RTC time to system...
[2018-01-01 11:00:14] Done :-)
[2018-01-01 11:00:17] Schedule next shutdown at: 2018-01-01 11:15:00
[2018-01-01 11:00:18] Schedule next startup at: 2018-01-01 12:00:00
[2018-01-01 11:00:20] Pending for incoming shutdown command...
[2018-01-01 11:00:24] Internet detected, apply NTP time to system and Witty Pi...
[2018-01-01 11:00:24] Writing system time to RTC...
[2018-01-01 11:00:25] Done :-)
[2018-01-01 11:20:33] Shutdown command is received...
[2018-01-01 11:20:33] Halting all processes and then shutdown Raspberry Pi...
[2018-01-01 11:20:40] Witty Pi daemon (v2.56) is started.
[2018-01-01 11:20:43] Synchronizing time between system and Witty Pi...
[2018-01-01 11:20:44] Writing RTC time to system...
[2018-01-01 12:00:15] Done :-)
[2018-01-01 12:00:17] Schedule next shutdown at: 2018-01-01 12:15:00
[2018-01-01 12:00:18] Schedule next startup at: 2018-01-01 13:00:00
[2018-01-01 12:00:20] Pending for incoming shutdown command...
[2018-01-01 12:00:25] Internet detected, apply NTP time to system and Witty Pi...
[2018-01-01 12:00:25] Writing system time to RTC...
[2018-01-01 12:00:26] Done :-)
[2018-01-01 12:20:34] Shutdown command is received...
[2018-01-01 12:20:34] Halting all processes and then shutdown Raspberry Pi...
[2018-01-01 12:20:40] Witty Pi daemon (v2.56) is started.
[2018-01-01 12:20:43] Synchronizing time between system and Witty Pi...
[2018-01-01 12:20:43] Writing RTC time to system...
[2018-01-01 13:00:14] Done :-)
[2018-01-01 13:00:18] Schedule next shutdown at: 2018-01-01 13:15:00
[2018-01-01 13:00:18] Schedule next startup at: 2018-01-01 14:00:00
[2018-01-01 13:00:20] Pending for incoming shutdown command...
[2018-01-01 13:00:24] Internet detected, apply NTP time to system and Witty Pi...
[2018-01-01 13:00:24] Writing system time to RTC...
[2018-01-01 13:00:25] Done :-)
[2018-01-01 13:20:34] Shutdown command is received...
[2018-01-01 13:20:34] Halting all processes and then shutdown Raspberry Pi...
[2018-01-01 13:20:41] Witty Pi daemon (v2.56) is started.
[2018-01-01 13:20:44] Synchronizing time between system and Witty Pi...
[2018-01-01 13:20:45] Writing RTC time to system...
[2018-01-01 14:00:15] Done :-)
[2018-01-01 14:00:19] Schedule next shutdown at: 2018-01-01 14:15:00
[2018-01-01 14:00:20] Schedule next startup at: 2018-01-01 15:00:00
[2018-01-01 14:00:21] Pending for incoming shutdown command...
[2018-01-01 14:00:25] Internet detected, apply NTP time to system and Witty Pi...
[2018-01-01 14:00:25] Writing system time to RTC...
[2018-01-01 14:00:26] Done :-)
[2018-01-01 14:20:35] Shutdown command is received...
[2018-01-01 14:20:35] Halting all processes and then shutdown Raspberry Pi...
[2018-01-01 14:20:42] Witty Pi daemon (v2.56) is started.
[2018-01-01 14:20:44] Synchronizing time between system and Witty Pi...
[2018-01-01 14:20:45] Writing RTC time to system...
[2018-01-01 15:00:15] Done :-)
[2018-01-01 15:00:19] Schedule next shutdown at: 2018-01-01 15:15:00
[2018-01-01 15:00:19] Schedule next startup at: 2018-01-01 16:00:00
[2018-01-01 15:00:21] Pending for incoming shutdown command...
[2018-01-01 15:00:25] Internet detected, apply NTP time to system and Witty Pi...
[2018-01-01 15:00:25] Writing system time to RTC...
[2018-01-01 15:00:26] Done :-)
[2018-01-01 15:20:35] Shutdown command is received...
[2018-01-01 15:20:35] Halting all processes and then shutdown Raspberry Pi...
[2018-01-01 15:20:42] Witty Pi daemon (v2.56) is started.
[2018-01-01 15:20:45] Synchronizing time between system and Witty Pi...
[2018-01-01 15:20:46] Writing RTC time to system...
[2018-01-01 16:00:15] Done :-)
[2018-01-01 16:00:19] Schedule next shutdown at: 2018-01-01 16:15:00
[2018-01-01 16:00:20] Schedule next startup at: 2018-01-01 17:00:00
[2018-01-01 16:00:21] Pending for incoming shutdown command...
[2018-01-01 16:00:25] Internet detected, apply NTP time to system and Witty Pi...
[2018-01-01 16:00:25] Writing system time to RTC...
[2018-01-01 16:00:26] Done :-)
[2018-01-01 16:20:36] Shutdown command is received...
[2018-01-01 16:20:36] Halting all processes and then shutdown Raspberry Pi...
[2018-01-01 16:20:43] Witty Pi daemon (v2.56) is started.
[2018-01-01 16:20:45] Synchronizing time between system and Witty Pi...
[2018-01-01 16:20:46] Writing RTC time to system...
[2018-01-01 17:00:15] Done :-)
[2018-01-01 17:00:19] Schedule next shutdown at: 2018-01-01 17:15:00
[2018-01-01 17:00:20] Schedule next startup at: 2018-01-01 18:00:00
[2018-01-01 17:00:21] Pending for incoming shutdown command...
[2018-01-01 17:00:25] Internet detected, apply NTP time to system and Witty Pi...
[2018-01-01 17:00:25] Writing system time to RTC...
[2018-01-01 17:00:26] Done :-)
[2018-01-01 17:20:36] Shutdown command is received...
[2018-01-01 17:20:36] Halting all processes and then shutdown Raspberry Pi...
[2018-01-01 17:20:43] Witty Pi daemon (v2.56) is started.
[2018-01-01 17:20:46] Synchronizing time between system and Witty Pi...
[2018-01-01 17:20:47] Writing RTC time to system...
[2018-01-01 18:00:15] Done :-)
[2018-01-01 18:00:19] Schedule next shutdown at: 2018-01-01 18:15:00
[2018-01-01 18:00:20] Schedule next startup at: 2018-01-01 19:00:00
[2018-01-01 18:00:21] Pending for incoming shutdown command...
[2018-01-01 18:00:25] Internet detected, apply NTP time to system and Witty Pi...
[2018-01-01 18:00:25] Writing system time to RTC...
[2018-01-01 18:00:26] Done :-)
[2018-01-01 18:20:37] Shutdown command is received...
[2018-01-01 18:20:37] Halting all processes and then shutdown Raspberry Pi...
[2018-01-01 18:20:43] Witty Pi daemon (v2.56) is started.
[2018-01-01 18:20:46] Synchronizing time between system and Witty Pi...
[2018-01-01 18:20:46] Writing RTC time to system...
[2018-01-01 19:00:14] Done :-)
[2018-01-01 19:00:18] Schedule next shutdown at: 2018-01-01 19:15:00
[2018-01-01 19:00:18] Schedule next startup at: 2018-01-02 07:00:00
[2018-01-01 19:00:20] Pending for incoming shutdown command...
[2018-01-01 19:00:24] Internet detected, apply NTP time to system and Witty Pi...
[2018-01-01 19:00:24] Writing system time to RTC...
[2018-01-01 19:00:25] Done :-)
[2018-01-01 19:20:37] Shutdown command is received...
[2018-01-01 19:20:37] Halting all processes and then shutdown Raspberry Pi...
[2018-01-01 19:20:44] Witty Pi daemon (v2.56) is started.
[2018-01-01 19:20:46] Synchronizing time between system and Witty Pi...
[2018-01-01 19:20:47] Writing RTC time to system...
[2018-01-02 07:00:14] Done :-)
[2018-01-02 07:00:18] Schedule next shutdown at: 2018-01-02 07:15:00
[2018-01-02 07:00:18] Schedule next startup at: 2018-01-02 08:00:00
[2018-01-02 07:00:20] Pending for incoming shutdown command...
[2018-01-02 07:00:24] Internet detected, apply NTP time to system and Witty Pi...
[2018-01-02 07:00:24] Writing system time to RTC...
[2018-01-02 07:00:25] Done :-)
[2018-01-02 07:20:38] Shutdown command is received...
[2018-01-02 07:20:38] Halting all processes and then shutdown Raspberry Pi...
[2018-01-02 07:20:45] Witty Pi daemon (v2.56) is started.
[2018-01-02 07:20:47] Synchronizing time between system and Witty Pi...
[2018-01-02 07:20:48] Writing RTC time to system...
[2018-01-02 08:00:15] Done :-)
[2018-01-02 08:00:19] Schedule next shutdown at: 2018-01-02 08:15:00
[2018-01-02 08:00:19] Schedule next startup at: 2018-01-02 09:00:00
[2018-01-02 08:00:21] Pending for incoming shutdown command...
[2018-01-02 08:00:25] Internet detected, apply NTP time to system and Witty Pi...
[2018-01-02 08:00:25] Writing system time to RTC...
[2018-01-02 08:00:26] Done :-)
[2018-01-02 08:20:38] Shutdown command is received...
[2018-01-02 08:20:38] Halting all processes and then shutdown Raspberry Pi...
[2018-01-02 08:20:46] Witty Pi daemon (v2.56) is started.
[2018-01-02 08:20:48] Synchronizing time between system and Witty Pi...
[2018-01-02 08:20:49] Writing RTC time to system...
[2018-01-02 09:00:15] Done :-)
[2018-01-02 09:00:18] Schedule next shutdown at: 2018-01-02 09:15:00
[2018-01-02 09:00:19] Schedule next startup at: 2018-01-02 10:00:00
[2018-01-02 09:00:21] Pending for incoming shutdown command...
[2018-01-02 09:00:25] Internet detected, apply NTP time to system and Witty Pi...
[2018-01-02 09:00:25] Writing system time to RTC...
[2018-01-02 09:00:26] Done :-)
[2018-01-02 09:20:39] Shutdown command is received...
[2018-01-02 09:20:39] Halting all processes and then shutdown Raspberry Pi...
[2018-01-02 09:20:45] Witty Pi daemon (v2.56) is started.
[2018-01-02 09:20:48] Synchronizing time between system and Witty Pi...
[2018-01-02 09:20:48] Writing RTC time to system...
[2018-01-02 10:00:14] Done :-)
[2018-01-02 10:00:17] Schedule next shutdown at: 2018-01-02 10:15:00
[2018-01-02 10:00:18] Schedule next startup at: 2018-01-02 11:00:00
[2018-01-02 10:00:20] Pending for incoming shutdown command...
[2018-01-02 10:00:24] Internet detected, apply NTP time to system and Witty Pi...
[2018-01-02 10:00:24] Writing system time to RTC...
[2018-01-02 10:00:25] Done :-)
[2018-01-02 10:20:39] Shutdown command is received...
[2018-01-02 10:20:39] Halting all processes and then shutdown Raspberry Pi...
[2018-01-02 10:20:46] Witty Pi daemon (v2.56) is started.
[2018-01-02 10:20:49] Synchronizing time between system and Witty Pi...
[2018-01-02 10:20:50] Writing RTC time to system...
[2018-01-02 11:00:15] Done :-)
[2018-01-02 11:00:19] Schedule next shutdown at: 2018-01-02 11:15:00
[2018-01-02 11:00:19] Schedule next startup at: 2018-01-02 12:00:00
[2018-01-02 11:00:21] Pending for incoming shutdown command...
[2018-01-02 11:00:25] Internet detected, apply NTP time to system and Witty Pi...
[2018-01-02 11:00:25] Writing system time to RTC...
[2018-01-02 11:00:26] Done :-)
[2018-01-02 11:20:40] Shutdown command is received...
[2018-01-02 11:20:40] Halting all processes and then shutdown Raspberry Pi...
[2018-01-02 11:20:46] Witty Pi daemon (v2.56) is started.
[2018-01-02 11:20:49] Synchronizing time between system and Witty Pi...
[2018-01-02 11:20:49] Writing RTC time to system...
[2018-01-02 12:00:14] Done :-)
[2018-01-02 12:00:17] Schedule next shutdown at: 2018-01-02 12:15:00
[2018-01-02 12:00:18] Schedule next startup at: 2018-01-02 13:00:00
[2018-01-02 12:00:20] Pending for incoming shutdown command...
[2018-01-02 12:00:24] Internet detected, apply NTP time to system and Witty Pi...
[2018-01-02 12:00:24] Writing system time to RTC...
[2018-01-02 12:00:25] Done :-)
[2018-01-02 12:20:40] Shutdown command is received...
[2018-01-02 12:20:40] Halting all processes and then shutdown Raspberry Pi...
[2018-01-02 12:20:47] Witty Pi daemon (v2.56) is started.
[2018-01-02 12:20:50] Synchronizing time between system and Witty Pi...
[2018-01-02 12:20:51] Writing RTC time to system...
[2018-01-02 13:00:15] Done :-)
[2018-01-02 13:00:19] Schedule next shutdown at: 2018-01-02 13:15:00
[2018-01-02 13:00:19] Schedule next startup at: 2018-01-02 14:00:00
[2018-01-02 13:00:21] Pending for incoming shutdown command...
[2018-01-02 13:00:25] Internet detected, apply NTP time to system and Witty Pi...
[2018-01-02 13:00:25] Writing system time to RTC...
[2018-01-02 13:00:26] Done :-)
[2018-01-02 13:20:41] Shutdown command is received...
[2018-01-02 13:20:41] Halting all processes and then shutdown Raspberry Pi...
[2018-01-02 13:20:47] Witty Pi daemon (v2.56) is started.
[2018-01-02 13:20:50] Synchronizing time between system and Witty Pi...
[2018-01-02 13:20:50] Writing RTC time to system...
[2018-01-02 14:00:14] Done :-)
[2018-01-02 14:00:18] Schedule next shutdown at: 2018-01-02 14:15:00
[2018-01-02 14:00:18] Schedule next startup at: 2018-01-02 15:00:00
[2018-01-02 14:00:20] Pending for incoming shutdown command...
[2018-01-02 14:00:24] Internet detected, apply NTP time to system and Witty Pi...
[2018-01-02 14:00:24] Writing system time to RTC...
[2018-01-02 14:00:25] Done :-)
[2018-01-02 14:20:41] Shutdown command is received...
[2018-01-02 14:20:41] Halting all processes and then shutdown Raspberry Pi...
[2018-01-02 14:20:48] Witty Pi daemon (v2.56) is started.
[2018-01-02 14:20:50] Synchronizing time between system and Witty Pi...
[2018-01-02 14:20:51] Writing RTC time to system...
[2018-01-02 15:00:14] Done :-)
[2018-01-02 15:00:18] Schedule next shutdown at: 2018-01-02 15:15:00
[2018-01-02 15:00:18] Schedule next startup at: 2018-01-02 16:00:00
[2018-01-02 15:00:20] Pending for incoming shutdown command...
[2018-01-02 15:00:24] Internet detected, apply NTP time to system and Witty Pi...
[2018-01-02 15:00:24] Writing system time to RTC...
[2018-01-02 15:00:25] Done :-)
[2018-01-02 15:20:42] Shutdown command is received...
[2018-01-02 15:20:42] Halting all processes and then shutdown Raspberry Pi...
[2018-01-02 15:20:48] Witty Pi daemon (v2.56) is started.
[2018-01-02 15:20:51] Synchronizing time between system and Witty Pi...
[2018-01-02 15:20:51] Writing RTC time to system...
[2018-01-02 16:00:14] Done :-)
[2018-01-02 16:00:18] Schedule next shutdown at: 2018-01-02 16:15:00
[2018-01-02 16:00:18] Schedule next startup at: 2018-01-02 17:00:00
[2018-01-02 16:00:20] Pending for incoming shutdown command...
[2018-01-02 16:00:24] Internet detected, apply NTP time to system and Witty Pi...
[2018-01-02 16:00:24] Writing system time to RTC...
[2018-01-02 16:00:25] Done :-)
[2018-01-02 16:20:42] Shutdown command is received...
[2018-01-02 16:20:42] Halting all processes and then shutdown Raspberry Pi...
[2018-01-02 16:20:49] Witty Pi daemon (v2.56) is started.
[2018-01-02 16:20:52] Synchronizing time between system and Witty Pi...
[2018-01-02 16:20:53] Writing RTC time to system...
[2018-01-02 17:00:15] Done :-)
[2018-01-02 17:00:19] Schedule next shutdown at: 2018-01-02 17:15:00
[2018-01-02 17:00:20] Schedule next startup at: 2018-01-02 18:00:00
[2018-01-02 17:00:21] Pending for incoming shutdown command...
[2018-01-02 17:00:25] Internet detected, apply NTP time to system and Witty Pi...
[2018-01-02 17:00:25] Writing system time to RTC...
[2018-01-02 17:00:26] Done :-)
[2018-01-02 17:20:43] Shutdown command is received...
[2018-01-02 17:20:43] Halting all processes and then shutdown Raspberry Pi...
[2018-01-02 17:20:50] Witty Pi daemon (v2.56) is started.
[2018-01-02 17:20:52] Synchronizing time between system and Witty Pi...
[2018-01-02 17:20:53] Writing RTC time to system...
[2018-01-02 18:00:15] Done :-)
[2018-01-02 18:00:19] Schedule next shutdown at: 2018-01-02 18:15:00
[2018-01-02 18:00:20] Schedule next startup at: 2018-01-02 19:00:00
[2018-01-02 18:00:21] Pending for incoming shutdown command...
[2018-01-02 18:00:25] Internet detected, apply NTP time to system and Witty Pi...
[2018-01-02 18:00:25] Writing system time to RTC...
[2018-01-02 18:00:26] Done :-)
[2018-01-02 18:20:43] Shutdown command is received...
[2018-01-02 18:20:43] Halting all processes and then shutdown Raspberry Pi...
[2018-01-02 18:20:50] Witty Pi daemon (v2.56) is started.
[2018-01-02 18:20:52] Synchronizing time between system and Witty Pi...
[2018-01-02 18:20:53] Writing RTC time to system...
[2018-01-02 19:00:14] Done :-)
[2018-01-02 19:00:18] Schedule next shutdown at: 2018-01-02 19:15:00
[2018-01-02 19:00:18] Schedule next startup at: 2018-01-03 07:00:00
[2018-01-02 19:00:20] Pending for incoming shutdown command...
[2018-01-02 19:00:24] Internet detected, apply NTP time to system and Witty Pi...
[2018-01-02 19:00:24] Writing system time to RTC...
[2018-01-02 19:00:25] Done :-)
[2018-01-02 19:20:44] Shutdown command is received...
[2018-01-02 19:20:44] Halting all processes and then shutdown Raspberry Pi...
[2018-01-02 19:20:51] Witty Pi daemon (v2.56) is started.
[2018-01-02 19:20:53] Synchronizing time between system and Witty Pi...
[2018-01-02 19:20:54] Writing RTC time to system...
[2018-01-03 07:00:15] Done :-)
[2018-01-03 07:00:19] Schedule next shutdown at: 2018-01-03 07:15:00
[2018-01-03 07:00:19] Schedule next startup at: 2018-01-03 08:00:00
[2018-01-03 07:00:21] Pending for incoming shutdown command...
[2018-01-03 07:00:25] Internet detected, apply NTP time to system and Witty Pi...
[2018-01-03 07:00:25] Writing system time to RTC...
[2018-01-03 07:00:26] Done :-)
[2018-01-03 07:20:44] Shutdown command is received...
[2018-01-03 07:20:44] Halting all processes and then shutdown Raspberry Pi...
[2018-01-03 07:20:51] Witty Pi daemon (v2.56) is started.
[2018-01-03 07:20:54] Synchronizing time between system and Witty Pi...
[2018-01-03 07:20:54] Writing RTC time to system...
[2018-01-03 08:00:14] Done :-)
[2018-01-03 08:00:17] Schedule next shutdown at: 2018-01-03 08:15:00
[2018-01-03 08:00:18] Schedule next startup at: 2018-01-03 09:00:00
[2018-01-03 08:00:20] Pending for incoming shutdown command...
[2018-01-03 08:00:24] Internet detected, apply NTP time to system and Witty Pi...
[2018-01-03 08:00:24] Writing system time to RTC...
[2018-01-03 08:00:25] Done :-)
[2018-01-03 08:20:45] Shutdown command is received...
[2018-01-03 08:20:45] Halting all processes and then shutdown Raspberry Pi...
[2018-01-03 08:20:51] Witty Pi daemon (v2.56) is started.
[2018-01-03 08:20:54] Synchronizing time between system and Witty Pi...
[2018-01-03 08:20:54] Writing RTC time to system...
[2018-01-03 09:00:14] Done :-)
[2018-01-03 09:00:17] Schedule next shutdown at: 2018-01-03 09:15:00
[2018-01-03 09:00:18] Schedule next startup at: 2018-01-03 10:00:00
[2018-01-03 09:00:20] Pending for incoming shutdown command...
[2018-01-03 09:00:24] Internet detected, apply NTP time to system and Witty Pi...
[2018-01-03 09:00:24] Writing system time to RTC...
[2018-01-03 09:00:25] Done :-)
[2018-01-03 09:20:45] Shutdown command is received...
[2018-01-03 09:20:45] Halting all processes and then shutdown Raspberry Pi...
[2018-01-03 09:20:52] Witty Pi daemon (v2.56) is started.
[2018-01-03 09:20:54] Synchronizing time between system and Witty Pi...
[2018-01-03 09:20:55] Writing RTC time to system...
[2018-01-03 10:00:14] Done :-)
[2018-01-03 10:00:17] Schedule next shutdown at: 2018-01-03 10:15:00
[2018-01-03 10:00:18] Schedule next startup at: 2018-01-03 11:00:00
[2018-01-03 10:00:20] Pending for incoming shutdown command...
[2018-01-03 10:00:24] Internet detected, apply NTP time to system and Witty Pi...
[2018-01-03 10:00:24] Writing system time to RTC...
[2018-01-03 10:00:25] Done :-)
[2018-01-03 10:20:46] Shutdown command is received...
[2018-01-03 10:20:46] Halting all processes and then shutdown Raspberry Pi...
[2018-01-03 10:20:52] Witty Pi daemon (v2.56) is started.
[2018-01-03 10:20:55] Synchronizing time between system and Witty Pi...
[2018-01-03 10:20:55] Writing RTC time to system...
[2018-01-03 11:00:14] Done :-)
[2018-01-03 11:00:17] Schedule next shutdown at: 2018-01-03 11:15:00
[2018-01-03 11:00:18] Schedule next startup at: 2018-01-03 12:00:00
[2018-01-03 11:00:20] Pending for incoming shutdown command...
[2018-01-03 11:00:24] Internet detected, apply NTP time to system and Witty Pi...
[2018-01-03 11:00:24] Writing system time to RTC...
[2018-01-03 11:00:25] Done :-)
[2018-01-03 11:20:46] Shutdown command is received...
[2018-01-03 11:20:46] Halting all processes and then shutdown Raspberry Pi...
[2018-01-03 11:20:53] Witty Pi daemon (v2.56) is started.
[2018-01-03 11:20:55] Synchronizing time between system and Witty Pi...
[2018-01-03 11:20:56] Writing RTC time to system...
[2018-01-03 12:00:14] Done :-)
[2018-01-03 12:00:17] Schedule next shutdown at: 2018-01-03 12:15:00
[2018-01-03 12:00:18] Schedule next startup at: 2018-01-03 13:00:00
[2018-01-03 12:00:20] Pending for incoming shutdown command...
[2018-01-03 12:00:24] Internet detected, apply NTP time to system and Witty Pi...
[2018-01-03 12:00:24] Writing system time to RTC...
[2018-01-03 12:00:25] Done :-)
[2018-01-03 12:20:47] Shutdown command is received...
[2018-01-03 12:20:47] Halting all processes and then shutdown Raspberry Pi...
[2018-01-03 12:20:53] Witty Pi daemon (v2.56) is started.
[2018-01-03 12:20:56] Synchronizing time between system and Witty Pi...
[2018-01-03 12:20:56] Writing RTC time to system...
[2018-01-03 13:00:14] Done :-)
[2018-01-03 13:00:17] Schedule next shutdown at: 2018-01-03 13:15:00
[2018-01-03 13:00:18] Schedule next startup at: 2018-01-03 14:00:00
[2018-01-03 13:00:20] Pending for incoming shutdown command...
[2018-01-03 13:00:24] Internet detected, apply NTP time to system and Witty Pi...
[2018-01-03 13:00:24] Writing system time to RTC...
[2018-01-03 13:00:25] Done :-)
[2018-01-03 13:20:47] Shutdown command is received...
[2018-01-03 13:20:47] Halting all processes and then shutdown Raspberry Pi...
[2018-01-03 13:20:54] Witty Pi daemon (v2.56) is started.
[2018-01-03 13:20:57] Synchronizing time between system and Witty Pi...
[2018-01-03 13:20:58] Writing RTC time to system...
[2018-01-03 14:00:15] Done :-)
[2018-01-03 14:00:19] Schedule next shutdown at: 2018-01-03 14:15:00
[2018-01-03 14:00:20] Schedule next startup at: 2018-01-03 15:00:00
[2018-01-03 14:00:21] Pending for incoming shutdown command...
[2018-01-03 14:00:25] Internet detected, apply NTP time to system and Witty Pi...
[2018-01-03 14:00:25] Writing system time to RTC...
[2018-01-03 14:00:26] Done :-)
[2018-01-03 14:20:48] Shutdown command is received...
[2018-01-03 14:20:48] Halting all processes and then shutdown Raspberry Pi...
[2018-01-03 14:20:54] Witty Pi daemon (v2.56) is started.
[2018-01-03 14:20:57] Synchronizing time between system and Witty Pi...
[2018-01-03 14:20:57] Writing RTC time to system...
[2018-01-03 15:00:14] Done :-)
[2018-01-03 15:00:18] Schedule next shutdown at: 2018-01-03 15:15:00
[2018-01-03 15:00:18] Schedule next startup at: 2018-01-03 16:00:00
[2018-01-03 15:00:20] Pending for incoming shutdown command...
[2018-01-03 15:00:24] Internet detected, apply NTP time to system and Witty Pi...
[2018-01-03 15:00:24] Writing system time to RTC...
[2018-01-03 15:00:25] Done :-)
[2018-01-03 15:20:48] Shutdown command is received...
[2018-01-03 15:20:48] Halting all processes and then shutdown Raspberry Pi...
[2018-01-03 15:20:55] Witty Pi daemon (v2.56) is started.
[2018-01-03 15:20:58] Synchronizing time between system and Witty Pi...
[2018-01-03 15:20:59] Writing RTC time to system...
[2018-01-03 16:00:15] Done :-)
[2018-01-03 16:00:19] Schedule next shutdown at: 2018-01-03 16:15:00
[2018-01-03 16:00:19] Schedule next startup at: 2018-01-03 17:00:00
[2018-01-03 16:00:21] Pending for incoming shutdown command...
[2018-01-03 16:00:25] Internet detected, apply NTP time to system and Witty Pi...
[2018-01-03 16:00:25] Writing system time to RTC...
[2018-01-03 16:00:26] Done :-)
[2018-01-03 16:20:49] Shutdown command is received...
[2018-01-03 16:20:49] Halting all processes and then shutdown Raspberry Pi...
[2018-01-03 16:20:56] Witty Pi daemon (v2.56) is started.
[2018-01-03 16:20:58] Synchronizing time between system and Witty Pi...
[2018-01-03 16:20:59] Writing RTC time to system...
[2018-01-03 17:00:15] Done :-)
[2018-01-03 17:00:19] Schedule next shutdown at: 2018-01-03 17:15:00
[2018-01-03 17:00:20] Schedule next startup at: 2018-01-03 18:00:00
[2018-01-03 17:00:21] Pending for incoming shutdown command...
[2018-01-03 17:00:25] Internet detected, apply NTP time to system and Witty Pi...
[2018-01-03 17:00:25] Writing system time to RTC...
[2018-01-03 17:00:26] Done :-)
[2018-01-03 17:20:49] Shutdown command is received...
[2018-01-03 17:20:49] Halting all processes and then shutdown Raspberry Pi...
[2018-01-03 17:20:56] Witty Pi daemon (v2.56) is started.
[2018-01-03 17:20:59] Synchronizing time between system and Witty Pi...
[2018-01-03 17:21:00] Writing RTC time to system...
[2018-01-03 18:00:15] Done :-)
[2018-01-03 18:00:19] Schedule next shutdown at: 2018-01-03 18:15:00
[2018-01-03 18:00:20] Schedule next startup at: 2018-01-03 19:00:00
[2018-01-03 18:00:21] Pending for incoming shutdown command...
[2018-01-03 18:00:25] Internet detected, apply NTP time to system and Witty Pi...
[2018-01-03 18:00:25] Writing system time to RTC...
[2018-01-03 18:00:26] Done :-)
[2018-01-03 18:20:50] Shutdown command is received...
[2018-01-03 18:20:50] Halting all processes and then shutdown Raspberry Pi...
[2018-01-03 18:20:56] Witty Pi daemon (v2.56) is started.
[2018-01-03 18:20:59] Synchronizing time between system and Witty Pi...
[2018-01-03 18:20:59] Writing RTC time to system...
[2018-01-03 19:00:14] Done :-)
[2018-01-03 19:00:18] Schedule next shutdown at: 2018-01-03 19:15:00
[2018-01-03 19:00:18] Schedule next startup at: 2018-01-04 07:00:00
[2018-01-03 19:00:20] Pending for incoming shutdown command...
[2018-01-03 19:00:24] Internet detected, apply NTP time to system and Witty Pi...
[2018-01-03 19:00:24] Writing system time to RTC...
[2018-01-03 19:00:25] Done :-)
[2018-01-03 19:20:50] Shutdown command is received...
[2018-01-03 19:20:50] Halting all processes and then shutdown Raspberry Pi...
[2018-01-03 19:20:57] Witty Pi daemon (v2.56) is started.
[2018-01-03 19:20:59] Synchronizing time between system and Witty Pi...
[2018-01-03 19:21:00] Writing RTC time to system...
[2018-01-04 07:00:14] Done :-)
[2018-01-04 07:00:18] Schedule next shutdown at: 2018-01-04 07:15:00
[2018-01-04 07:00:18] Schedule next startup at: 2018-01-04 08:00:00
[2018-01-04 07:00:20] Pending for incoming shutdown command...
[2018-01-04 07:00:24] Internet detected, apply NTP time to system and Witty Pi...
[2018-01-04 07:00:24] Writing system time to RTC...
[2018-01-04 07:00:25] Done :-)
[2018-01-04 07:20:51] Shutdown command is received...
[2018-01-04 07:20:51] Halting all processes and then shutdown Raspberry Pi...
[2018-01-04 07:20:57] Witty Pi daemon (v2.56) is started.
[2018-01-04 07:20:59] Synchronizing time between system and Witty Pi...
[2018-01-04 07:21:00] Writing RTC time to system...
[2018-01-04 08:00:14] Done :-)
[2018-01-04 08:00:17] Schedule next shutdown at: 2018-01-04 08:15:00
[2018-01-04 08:00:18] Schedule next startup at: 2018-01-04 09:00:00
[2018-01-04 08:00:20] Pending for incoming shutdown command...
[2018-01-04 08:00:24] Internet detected, apply NTP time to system and Witty Pi...
[2018-01-04 08:00:24] Writing system time to RTC...
[2018-01-04 08:00:25] Done :-)
[2018-01-04 08:20:51] Shutdown command is received...
[2018-01-04 08:20:51] Halting all processes and then shutdown Raspberry Pi...
[2018-01-04 08:20:58] Witty Pi daemon (v2.56) is started.
[2018-01-04 08:21:00] Synchronizing time between system and Witty Pi...
[2018-01-04 08:21:01] Writing RTC time to system...
[2018-01-04 09:00:14] Done :-)
[2018-01-04 09:00:17] Schedule next shutdown at: 2018-01-04 09:15:00
[2018-01-04 09:00:18] Schedule next startup at: 2018-01-04 10:00:00
[2018-01-04 09:00:20] Pending for incoming shutdown command...
[2018-01-04 09:00:24] Internet detected, apply NTP time to system and Witty Pi...
[2018-01-04 09:00:24] Writing system time to RTC...
[2018-01-04 09:00:25] Done :-)
[2018-01-04 09:20:52] Shutdown command is received...
[2018-01-04 09:20:52] Halting all processes and then shutdown Raspberry Pi...
[2018-01-04 09:20:59] Witty Pi daemon (v2.56) is started.
[2018-01-04 09:21:01] Synchronizing time between system and Witty Pi...
[2018-01-04 09:21:02] Writing RTC time to system...
[2018-01-04 10:00:15] Done :-)
[2018-01-04 10:00:19] Schedule next shutdown at: 2018-01-04 10:15:00
[2018-01-04 10:00:19] Schedule next startup at: 2018-01-04 11:00:00
[2018-01-04 10:00:21] Pending for incoming shutdown command...
[2018-01-04 10:00:25] Internet detected, apply NTP time to system and Witty Pi...
[2018-01-04 10:00:25] Writing system time to RTC...
[2018-01-04 10:00:26] Done :-)
[2018-01-04 10:20:52] Shutdown command is received...
[2018-01-04 10:20:52] Halting all processes and then shutdown Raspberry Pi...
[2018-01-04 10:20:59] Witty Pi daemon (v2.56) is started.
[2018-01-04 10:21:01] Synchronizing time between system and Witty Pi...
[2018-01-04 10:21:02] Writing RTC time to system...
[2018-01-04 11:00:14] Done :-)
[2018-01-04 11:00:18] Schedule next shutdown at: 2018-01-04 11:15:00
[2018-01-04 11:00:18] Schedule next startup at: 2018-01-04 12:00:00
[2018-01-04 11:00:20] Pending for incoming shutdown command...
[2018-01-04 11:00:24] Internet detected, apply NTP time to system and Witty Pi...
[2018-01-04 11:00:24] Writing system time to RTC...
[2018-01-04 11:00:25] Done :-)
[2018-01-04 11:20:53] Shutdown command is received...
[2018-01-04 11:20:53] Halting all processes and then shutdown Raspberry Pi...
[2018-01-04 11:20:59] Witty Pi daemon (v2.56) is started.
[2018-01-04 11:21:02] Synchronizing time between system and Witty Pi...
[2018-01-04 11:21:02] Writing RTC time to system...
[2018-01-04 12:00:14] Done :-)
[2018-01-04 12:00:17] Schedule next shutdown at: 2018-01-04 12:15:00
[2018-01-04 12:00:18] Schedule next startup at: 2018-01-04 13:00:00
[2018-01-04 12:00:20] Pending for incoming shutdown command...
[2018-01-04 12:00:24] Internet detected, apply NTP time to system and Witty Pi...
[2018-01-04 12:00:24] Writing system time to RTC...
[2018-01-04 12:00:25] Done :-)
[2018-01-04 12:20:53] Shutdown command is received...
[2018-01-04 12:20:53] Halting all processes and then shutdown Raspberry Pi...
[2018-01-04 12:21:00] Witty Pi daemon (v2.56) is started.
[2018-01-04 12:21:02] Synchronizing time between system and Witty Pi...
[2018-01-04 12:21:03] Writing RTC time to system...
[2018-01-04 13:00:14] Done :-)
[2018-01-04 13:00:17] Schedule next shutdown at: 2018-01-04 13:15:00
[2018-01-04 13:00:18] Schedule next startup at: 2018-01-04 14:00:00
[2018-01-04 13:00:20] Pending for incoming shutdown command...
[2018-01-04 13:00:24] Internet detected, apply NTP time to system and Witty Pi...
[2018-01-04 13:00:24] Writing system time to RTC...
[2018-01-04 13:00:25] Done :-)
[2018-01-04 13:20:54] Shutdown command is received...
[2018-01-04 13:20:54] Halting all processes and then shutdown Raspberry Pi...
[2018-01-04 13:21:00] Witty Pi daemon (v2.56) is started.
[2018-01-04 13:21:03] Synchronizing time between system and Witty Pi...
[2018-01-04 13:21:03] Writing RTC time to system...
[2018-01-04 14:00:14] Done :-)
[2018-01-04 14:00:17] Schedule next shutdown at: 2018-01-04 14:15:00
[2018-01-04 14:00:18] Schedule next startup at: 2018-01-04 15:00:00
[2018-01-04 14:00:20] Pending for incoming shutdown command...
[2018-01-04 14:00:24] Internet detected, apply NTP time to system and Witty Pi...
[2018-01-04 14:00:24] Writing system time to RTC...
[2018-01-04 14:00:25] Done :-)
[2018-01-04 14:20:54] Shutdown command is received...
[2018-01-04 14:20:54] Halting all processes and then shutdown Raspberry Pi...
[2018-01-04 14:21:01] Witty Pi daemon (v2.56) is started.
[2018-01-04 14:21:04] Synchronizing time between system and Witty Pi...
[2018-01-04 14:21:05] Writing RTC time to system...
[2018-01-04 15:00:15] Done :-)
[2018-01-04 15:00:19] Schedule next shutdown at: 2018-01-04 15:15:00
[2018-01-04 15:00:19] Schedule next startup at: 2018-01-04 16:00:00
[2018-01-04 15:00:21] Pending for incoming shutdown command...
[2018-01-04 15:00:25] Internet detected, apply NTP time to system and Witty Pi...
[2018-01-04 15:00:25] Writing system time to RTC...
[2018-01-04 15:00:26] Done :-)
[2018-01-04 15:20:55] Shutdown command is received...
[2018-01-04 15:20:55] Halting all processes and then shutdown Raspberry Pi...
[2018-01-04 15:21:01] Witty Pi daemon (v2.56) is started.
[2018-01-04 15:21:03] Synchronizing time between system and Witty Pi...
[2018-01-04 15:21:04] Writing RTC time to system...
[2018-01-04 16:00:14] Done :-)
[2018-01-04 16:00:17] Schedule next shutdown at: 2018-01-04 16:15:00
[2018-01-04 16:00:18] Schedule next startup at: 2018-01-04 17:00:00
[2018-01-04 16:00:20] Pending for incoming shutdown command...
[2018-01-04 16:00:24] Internet detected, apply NTP time to system and Witty Pi...
[2018-01-04 16:00:24] Writing system time to RTC...
[2018-01-04 16:00:25] Done :-)
[2018-01-04 16:20:55] Shutdown command is received...
[2018-01-04 16:20:55] Halting all processes and then shutdown Raspberry Pi...
[2018-01-04 16:21:02] Witty Pi daemon (v2.56) is started.
[2018-01-04 16:21:04] Synchronizing time between system and Witty Pi...
[2018-01-04 16:21:05] Writing RTC time to system...
[2018-01-04 17:00:14] Done :-)
[2018-01-04 17:00:17] Schedule next shutdown at: 2018-01-04 17:15:00
[2018-01-04 17:00:18] Schedule next startup at: 2018-01-04 18:00:00
[2018-01-04 17:00:20] Pending for incoming shutdown command...
[2018-01-04 17:00:24] Internet detected, apply NTP time to system and Witty Pi...
[2018-01-04 17:00:24] Writing system time to RTC...
[2018-01-04 17:00:25] Done :-)
[2018-01-04 17:20:56] Shutdown command is received...
[2018-01-04 17:20:56] Halting all processes and then shutdown Raspberry Pi...
[2018-01-04 17:21:02] Witty Pi daemon (v2.56) is started.
[2018-01-04 17:21:05] Synchronizing time between system and Witty Pi...
[2018-01-04 17:21:05] Writing RTC time to system...
[2018-01-04 18:00:14] Done :-)
[2018-01-04 18:00:17] Schedule next shutdown at: 2018-01-04 18:15:00
[2018-01-04 18:00:18] Schedule next startup at: 2018-01-04 19:00:00
[2018-01-04 18:00:20] Pending for incoming shutdown command...
[2018-01-04 18:00:24] Internet detected, apply NTP time to system and Witty Pi...
[2018-01-04 18:00:24] Writing system time to RTC...
[2018-01-04 18:00:25] Done :-)
[2018-01-04 18:20:56] Shutdown command is received...
[2018-01-04 18:20:56] Halting all processes and then shutdown Raspberry Pi...
[2018-01-04 18:21:03] Witty Pi daemon (v2.56) is started.
[2018-01-04 18:21:06] Synchronizing time between system and Witty Pi...
[2018-01-04 18:21:07] Writing RTC time to system...
[2018-01-04 19:00:15] Done :-)
[2018-01-04 19:00:19] Schedule next shutdown at: 2018-01-04 19:15:00
[2018-01-04 19:00:20] Schedule next startup at: 2018-01-05 07:00:00
[2018-01-04 19:00:21] Pending for incoming shutdown command...
[2018-01-04 19:00:25] Internet detected, apply NTP time to system and Witty Pi...
[2018-01-04 19:00:25] Writing system time to RTC...
[2018-01-04 19:00:26] Done :-)
[2018-01-04 19:20:57] Shutdown command is received...
[2018-01-04 19:20:57] Halting all processes and then shutdown Raspberry Pi...
[2018-01-04 19:21:03] Witty Pi daemon (v2.56) is started.
[2018-01-04 19:21:06] Synchronizing time between system and Witty Pi...
[2018-01-04 19:21:06] Writing RTC time to system...
[2018-01-05 07:00:14] Done :-)
[2018-01-05 07:00:17] Schedule next shutdown at: 2018-01-05 07:15:00
[2018-01-05 07:00:18] Schedule next startup at: 2018-01-05 08:00:00
[2018-01-05 07:00:20] Pending for incoming shutdown command...
[2018-01-05 07:00:24] Internet detected, apply NTP time to system and Witty Pi...
[2018-01-05 07:00:24] Writing system time to RTC...
[2018-01-05 07:00:25] Done :-)
[2018-01-05 07:20:57] Shutdown command is received...
[2018-01-05 07:20:57] Halting all processes and then shutdown Raspberry Pi...
[2018-01-05 07:21:04] Witty Pi daemon (v2.56) is started.
[2018-01-05 07:21:07] Synchronizing time between system and Witty Pi...
[2018-01-05 07:21:08] Writing RTC time to system...
[2018-01-05 08:00:15] Done :-)
[2018-01-05 08:00:19] Schedule next shutdown at: 2018-01-05 08:15:00
[2018-01-05 08:00:19] Schedule next startup at: 2018-01-05 09:00:00
[2018-01-05 08:00:21] Pending for incoming shutdown command...
[2018-01-05 08:00:25] Internet detected, apply NTP time to system and Witty Pi...
[2018-01-05 08:00:25] Writing system time to RTC...
[2018-01-05 08:00:26] Done :-)
[2018-01-05 08:20:58] Shutdown command is received...
[2018-01-05 08:20:58] Halting all processes and then shutdown Raspberry Pi...
[2018-01-05 08:21:04] Witty Pi daemon (v2.56) is started.
[2018-01-05 08:21:07] Synchronizing time between system and Witty Pi...
[2018-01-05 08:21:07] Writing RTC time to system...
[2018-01-05 09:00:14] Done :-)
[2018-01-05 09:00:17] Schedule next shutdown at: 2018-01-05 09:15:00
[2018-01-05 09:00:18] Schedule next startup at: 2018-01-05 10:00:00
[2018-01-05 09:00:20] Pending for incoming shutdown command...
[2018-01-05 09:00:24] Internet detected, apply NTP time to system and Witty Pi...
[2018-01-05 09:00:24] Writing system time to RTC...
[2018-01-05 09:00:25] Done :-)
[2018-01-05 09:20:58] Shutdown command is received...
[2018-01-05 09:20:58] Halting all processes and then shutdown Raspberry Pi...
[2018-01-05 09:21:05] Witty Pi daemon (v2.56) is started.
[2018-01-05 09:21:08] Synchronizing time between system and Witty Pi...
[2018-01-05 09:21:09] Writing RTC time to system...
[2018-01-05 10:00:15] Done :-)
[2018-01-05 10:00:19] Schedule next shutdown at: 2018-01-05 10:15:00
[2018-01-05 10:00:19] Schedule next startup at: 2018-01-05 11:00:00
[2018-01-05 10:00:21] Pending for incoming shutdown command...
[2018-01-05 10:00:25] Internet detected, apply NTP time to system and Witty Pi...
[2018-01-05 10:00:25] Writing system time to RTC...
[2018-01-05 10:00:26] Done :-)
[2018-01-05 10:20:59] Shutdown command is received...
[2018-01-05 10:20:59] Halting all processes and then shutdown Raspberry Pi...
[2018-01-05 10:21:06] Witty Pi daemon (v2.56) is started.
[2018-01-05 10:21:08] Synchronizing time between system and Witty Pi...
[2018-01-05 10:21:09] Writing RTC time to system...
[2018-01-05 11:00:15] Done :-)
[2018-01-05 11:00:19] Schedule next shutdown at: 2018-01-05 11:15:00
[2018-01-05 11:00:19] Schedule next startup at: 2018-01-05 12:00:00
[2018-01-05 11:00:21] Pending for incoming shutdown command...
[2018-01-05 11:00:25] Internet detected, apply NTP time to system and Witty Pi...
[2018-01-05 11:00:25] Writing system time to RTC...
[2018-01-05 11:00:26] Done :-)
[2018-01-05 11:20:59] Shutdown command is received...
[2018-01-05 11:20:59] Halting all processes and then shutdown Raspberry Pi...
[2018-01-05 11:21:06] Witty Pi daemon (v2.56) is started.
[2018-01-05 11:21:08] Synchronizing time between system and Witty Pi...
[2018-01-05 11:21:09] Writing RTC time to system...
[2018-01-05 12:00:14] Done :-)
[2018-01-05 12:00:17] Schedule next shutdown at: 2018-01-05 12:15:00
[2018-01-05 12:00:18] Schedule next startup at: 2018-01-05 13:00:00
[2018-01-05 12:00:20] Pending for incoming shutdown command...
[2018-01-05 12:00:24] Internet detected, apply NTP time to system and Witty Pi...
[2018-01-05 12:00:24] Writing system time to RTC...
[2018-01-05 12:00:25] Done :-)
[2018-01-05 12:21:00] Shutdown command is received...
[2018-01-05 12:21:00] Halting all processes and then shutdown Raspberry Pi...
[2018-01-05 12:21:06] Witty Pi daemon (v2.56) is started.
[2018-01-05 12:21:09] Synchronizing time between system and Witty Pi...
[2018-01-05 12:21:09] Writing RTC time to system...
[2018-01-05 13:00:14] Done :-)
[2018-01-05 13:00:18] Schedule next shutdown at: 2018-01-05 13:15:00
[2018-01-05 13:00:18] Schedule next startup at: 2018-01-05 14:00:00
[2018-01-05 13:00:20] Pending for incoming shutdown command...
[2018-01-05 13:00:24] Internet detected, apply NTP time to system and Witty Pi...
[2018-01-05 13:00:24] Writing system time to RTC...
[2018-01-05 13:00:25] Done :-)
[2018-01-05 13:21:00] Shutdown command is received...
[2018-01-05 13:21:00] Halting all processes and then shutdown Raspberry Pi...
[2018-01-05 13:21:07] Witty Pi daemon (v2.56) is started.
[2018-01-05 13:21:10] Synchronizing time between system and Witty Pi...
[2018-01-05 13:21:11] Writing RTC time to system...
[2018-01-05 14:00:15] Done :-)
[2018-01-05 14:00:19] Schedule next shutdown at: 2018-01-05 14:15:00
[2018-01-05 14:00:19] Schedule next startup at: 2018-01-05 15:00:00
[2018-01-05 14:00:21] Pending for incoming shutdown command...
[2018-01-05 14:00:25] Internet detected, apply NTP time to system and Witty Pi...
[2018-01-05 14:00:25] Writing system time to RTC...
[2018-01-05 14:00:26] Done :-)
[2018-01-05 14:21:01] Shutdown command is received...
[2018-01-05 14:21:01] Halting all processes and then shutdown Raspberry Pi...
[2018-01-05 14:21:07] Witty Pi daemon (v2.56) is started.
[2018-01-05 14:21:10] Synchronizing time between system and Witty Pi...
[2018-01-05 14:21:10] Writing RTC time to system...
[2018-01-05 15:00:14] Done :-)
[2018-01-05 15:00:18] Schedule next shutdown at: 2018-01-05 15:15:00
[2018-01-05 15:00:18] Schedule next startup at: 2018-01-05 16:00:00
[2018-01-05 15:00:20] Pending for incoming shutdown command...
[2018-01-05 15:00:24] Internet detected, apply NTP time to system and Witty Pi...
[2018-01-05 15:00:24] Writing system time to RTC...
[2018-01-05 15:00:25] Done :-)
[2018-01-05 15:21:01] Shutdown command is received...
[2018-01-05 15:21:01] Halting all processes and then shutdown Raspberry Pi...
[2018-01-05 15:21:08] Witty Pi daemon (v2.56) is started.
[2018-01-05 15:21:11] Synchronizing time between system and Witty Pi...
[2018-01-05 15:21:12] Writing RTC time to system...
[2018-01-05 16:00:15] Done :-)
[2018-01-05 16:00:19] Schedule next shutdown at: 2018-01-05 16:15:00
[2018-01-05 16:00:19] Schedule next startup at: 2018-01-05 17:00:00
[2018-01-05 16:00:21] Pending for incoming shutdown command...
[2018-01-05 16:00:25] Internet detected, apply NTP time to system and Witty Pi...
[2018-01-05 16:00:25] Writing system time to RTC...
[2018-01-05 16:00:26] Done :-)
[2018-01-05 16:21:02] Shutdown command is received...
[2018-01-05 16:21:02] Halting all processes and then shutdown Raspberry Pi...
[2018-01-05 16:21:08] Witty Pi daemon (v2.56) is started.
[2018-01-05 16:21:11] Synchronizing time between system and Witty Pi...
[2018-01-05 16:21:11] Writing RTC time to system...
[2018-01-05 17:00:14] Done :-)
[2018-01-05 17:00:17] Schedule next shutdown at: 2018-01-05 17:15:00
[2018-01-05 17:00:18] Schedule next startup at: 2018-01-05 18:00:00
[2018-01-05 17:00:20] Pending for incoming shutdown command...
[2018-01-05 17:00:24] Internet detected, apply NTP time to system and Witty Pi...
[2018-01-05 17:00:24] Writing system time to RTC...
[2018-01-05 17:00:25] Done :-)
[2018-01-05 17:21:02] Shutdown command is received...
[2018-01-05 17:21:02] Halting all processes and then shutdown Raspberry Pi...
[2018-01-05 17:21:09] Witty Pi daemon (v2.56) is started.
[2018-01-05 17:21:11] Synchronizing time between system and Witty Pi...
[2018-01-05 17:21:12] Writing RTC time to system...
[2018-01-05 18:00:14] Done :-)
[2018-01-05 18:00:18] Schedule next shutdown at: 2018-01-05 18:15:00
[2018-01-05 18:00:18] Schedule next startup at: 2018-01-05 19:00:00
[2018-01-05 18:00:20] Pending for incoming shutdown command...
[2018-01-05 18:00:24] Internet detected, apply NTP time to system and Witty Pi...
[2018-01-05 18:00:24] Writing system time to RTC...
[2018-01-05 18:00:25] Done :-)
[2018-01-05 18:21:03] Shutdown command is received...
[2018-01-05 18:21:03] Halting all processes and then shutdown Raspberry Pi...
[2018-01-05 18:21:09] Witty Pi daemon (v2.56) is started.
[2018-01-05 18:21:12] Synchronizing time between system and Witty Pi...
[2018-01-05 18:21:12] Writing RTC time to system...
[2018-01-05 19:00:14] Done :-)
[2018-01-05 19:00:18] Schedule next shutdown at: 2018-01-05 19:15:00
[2018-01-05 19:00:18] Schedule next startup at: 2018-01-06 07:00:00
[2018-01-05 19:00:20] Pending for incoming shutdown command...
[2018-01-05 19:00:24] Internet detected, apply NTP time to system and Witty Pi...
[2018-01-05 19:00:24] Writing system time to RTC...
[2018-01-05 19:00:25] Done :-)
[2018-01-05 19:21:03] Shutdown command is received...
[2018-01-05 19:21:03] Halting all processes and then shutdown Raspberry Pi...
[2018-01-05 19:21:10] Witty Pi daemon (v2.56) is started.
[2018-01-05 19:21:12] Synchronizing time between system and Witty Pi...
[2018-01-05 19:21:13] Writing RTC time to system...
[2018-01-06 07:00:14] Done :-)
[2018-01-06 07:00:18] Schedule next shutdown at: 2018-01-06 07:15:00
[2018-01-06 07:00:18] Schedule next startup at: 2018-01-06 08:00:00
[2018-01-06 07:00:20] Pending for incoming shutdown command...
[2018-01-06 07:00:24] Internet detected, apply NTP time to system and Witty Pi...
[2018-01-06 07:00:24] Writing system time to RTC...
[2018-01-06 07:00:25] Done :-)
[2018-01-06 07:21:04] Shutdown command is received...
[2018-01-06 07:21:04] Halting all processes and then shutdown Raspberry Pi...
[2018-01-06 07:21:11] Witty Pi daemon (v2.56) is started.
[2018-01-06 07:21:13] Synchronizing time between system and Witty Pi...
[2018-01-06 07:21:14] Writing RTC time to system...
[2018-01-06 08:00:15] Done :-)
[2018-01-06 08:00:17] Schedule next shutdown at: 2018-01-06 08:15:00
[2018-01-06 08:00:18] Schedule next startup at: 2018-01-06 09:00:00
[2018-01-06 08:00:20] Pending for incoming shutdown command...
[2018-01-06 08:00:25] Internet detected, apply NTP time to system and Witty Pi...
[2018-01-06 08:00:25] Writing system time to RTC...
[2018-01-06 08:00:26] Done :-)
[2018-01-06 08:21:04] Shutdown command is received...
[2018-01-06 08:21:04] Halting all processes and then shutdown Raspberry Pi...
[2018-01-06 08:21:11] Witty Pi daemon (v2.56) is started.
[2018-01-06 08:21:13] Synchronizing time between system and Witty Pi...
[2018-01-06 08:21:14] Writing RTC time to system...
[2018-01-06 09:00:14] Done :-)
[2018-01-06 09:00:17] Schedule next shutdown at: 2018-01-06 09:15:00
[2018-01-06 09:00:18] Schedule next startup at: 2018-01-06 10:00:00
[2018-01-06 09:00:20] Pending for incoming shutdown command...
[2018-01-06 09:00:24] Internet detected, apply NTP time to system and Witty Pi...
[2018-01-06 09:00:24] Writing system time to RTC...
[2018-01-06 09:00:25] Done :-)
[2018-01-06 09:21:05] Shutdown command is received...
[2018-01-06 09:21:05] Halting all processes and then shutdown Raspberry Pi...
[2018-01-06 09:21:12] Witty Pi daemon (v2.56) is started.
[2018-01-06 09:21:14] Synchronizing time between system and Witty Pi...
[2018-01-06 09:21:15] Writing RTC time to system...
[2018-01-06 10:00:15] Done :-)
[2018-01-06 10:00:19] Schedule next shutdown at: 2018-01-06 10:15:00
[2018-01-06 10:00:19] Schedule next startup at: 2018-01-06 11:00:00
[2018-01-06 10:00:21] Pending for incoming shutdown command...
[2018-01-06 10:00:25] Internet detected, apply NTP time to system and Witty Pi...
[2018-01-06 10:00:25] Writing system time to RTC...
[2018-01-06 10:00:26] Done :-)
[2018-01-06 10:21:05] Shutdown command is received...
[2018-01-06 10:21:05] Halting all processes and then shutdown Raspberry Pi...
[2018-01-06 10:21:12] Witty Pi daemon (v2.56) is started.
[2018-01-06 10:21:14] Synchronizing time between system and Witty Pi...
[2018-01-06 10:21:15] Writing RTC time to system...
[2018-01-06 11:00:14] Done :-)
[2018-01-06 11:00:17] Schedule next shutdown at: 2018-01-06 11:15:00
[2018-01-06 11:00:18] Schedule next startup at: 2018-01-06 12:00:00
[2018-01-06 11:00:20] Pending for incoming shutdown command...
[2018-01-06 11:00:24] Internet detected, apply NTP time to system and Witty Pi...
[2018-01-06 11:00:24] Writing system time to RTC...
[2018-01-06 11:00:25] Done :-)
[2018-01-06 11:21:06] Shutdown command is received...
[2018-01-06 11:21:06] Halting all processes and then shutdown Raspberry Pi...
[2018-01-06 11:21:13] Witty Pi daemon (v2.56) is started.
[2018-01-06 11:21:15] Synchronizing time between system and Witty Pi...
[2018-01-06 11:21:16] Writing RTC time to system...
[2018-01-06 12:00:15] Done :-)
[2018-01-06 12:00:19] Schedule next shutdown at: 2018-01-06 12:15:00
[2018-01-06 12:00:19] Schedule next startup at: 2018-01-06 13:00:00
[2018-01-06 12:00:21] Pending for incoming shutdown command...
[2018-01-06 12:00:25] Internet detected, apply NTP time to system and Witty Pi...
[2018-01-06 12:00:25] Writing system time to RTC...
[2018-01-06 12:00:26] Done :-)
[2018-01-06 12:21:06] Shutdown command is received...
[2018-01-06 12:21:06] Halting all processes and then shutdown Raspberry Pi...
[2018-01-06 12:21:13] Witty Pi daemon (v2.56) is started.
[2018-01-06 12:21:15] Synchronizing time between system and Witty Pi...
[2018-01-06 12:21:16] Writing RTC time to system...
[2018-01-06 13:00:14] Done :-)
[2018-01-06 13:00:18] Schedule next shutdown at: 2018-01-06 13:15:00
[2018-01-06 13:00:18] Schedule next startup at: 2018-01-06 14:00:00
[2018-01-06 13:00:20] Pending for incoming shutdown command...
[2018-01-06 13:00:24] Internet detected, apply NTP time to system and Witty Pi...
[2018-01-06 13:00:24] Writing system time to RTC...
[2018-01-06 13:00:25] Done :-)
[2018-01-06 13:21:07] Shutdown command is received...
[2018-01-06 13:21:07] Halting all processes and then shutdown Raspberry Pi...
[2018-01-06 13:21:14] Witty Pi daemon (v2.56) is started.
[2018-01-06 13:21:16] Synchronizing time between system and Witty Pi...
[2018-01-06 13:21:17] Writing RTC time to system...
[2018-01-06 14:00:15] Done :-)
[2018-01-06 14:00:19] Schedule next shutdown at: 2018-01-06 14:15:00
[2018-01-06 14:00:19] Schedule next startup at: 2018-01-06 15:00:00
[2018-01-06 14:00:21] Pending for incoming shutdown command...
[2018-01-06 14:00:25] Internet detected, apply NTP time to system and Witty Pi...
[2018-01-06 14:00:25] Writing system time to RTC...
[2018-01-06 14:00:26] Done :-)
[2018-01-06 14:21:07] Shutdown command is received...
[2018-01-06 14:21:07] Halting all processes and then shutdown Raspberry Pi...
[2018-01-06 14:21:14] Witty Pi daemon (v2.56) is started.
[2018-01-06 14:21:17] Synchronizing time between system and Witty Pi...
[2018-01-06 14:21:18] Writing RTC time to system...
[2018-01-06 15:00:15] Done :-)
[2018-01-06 15:00:19] Schedule next shutdown at: 2018-01-06 15:15:00
[2018-01-06 15:00:20] Schedule next startup at: 2018-01-06 16:00:00
[2018-01-06 15:00:21] Pending for incoming shutdown command...
[2018-01-06 15:00:25] Internet detected, apply NTP time to system and Witty Pi...
[2018-01-06 15:00:25] Writing system time to RTC...
[2018-01-06 15:00:26] Done :-)
[2018-01-06 15:21:08] Shutdown command is received...
[2018-01-06 15:21:08] Halting all processes and then shutdown Raspberry Pi...
[2018-01-06 15:21:14] Witty Pi daemon (v2.56) is started.
[2018-01-06 15:21:17] Synchronizing time between system and Witty Pi...
[2018-01-06 15:21:17] Writing RTC time to system...
[2018-01-06 16:00:14] Done :-)
[2018-01-06 16:00:17] Schedule next shutdown at: 2018-01-06 16:15:00
[2018-01-06 16:00:18] Schedule next startup at: 2018-01-06 17:00:00
[2018-01-06 16:00:20] Pending for incoming shutdown command...
[2018-01-06 16:00:24] Internet detected, apply NTP time to system and Witty Pi...
[2018-01-06 16:00:24] Writing system time to RTC...
[2018-01-06 16:00:25] Done :-)
[2018-01-06 16:21:08] Shutdown command is received...
[2018-01-06 16:21:08] Halting all processes and then shutdown Raspberry Pi...
[2018-01-06 16:21:15] Witty Pi daemon (v2.56) is started.
[2018-01-06 16:21:17] Synchronizing time between system and Witty Pi...
[2018-01-06 16:21:18] Writing RTC time to system...
[2018-01-06 17:00:14] Done :-)
[2018-01-06 17:00:18] Schedule next shutdown at: 2018-01-06 17:15:00
[2018-01-06 17:00:18] Schedule next startup at: 2018-01-06 18:00:00
[2018-01-06 17:00:20] Pending for incoming shutdown command...
[2018-01-06 17:00:24] Internet detected, apply NTP time to system and Witty Pi...
[2018-01-06 17:00:24] Writing system time to RTC...
[2018-01-06 17:00:25] Done :-)
[2018-01-06 17:21:09] Shutdown command is received...
[2018-01-06 17:21:09] Halting all processes and then shutdown Raspberry Pi...
[2018-01-06 17:21:16] Witty Pi daemon (v2.56) is started.
[2018-01-06 17:21:18] Synchronizing time between system and Witty Pi...
[2018-01-06 17:21:19] Writing RTC time to system...
[2018-01-06 18:00:15] Done :-)
[2018-01-06 18:00:19] Schedule next shutdown at: 2018-01-06 18:15:00
[2018-01-06 18:00:20] Schedule next startup at: 2018-01-06 19:00:00
[2018-01-06 18:00:21] Pending for incoming shutdown command...
[2018-01-06 18:00:25] Internet detected, apply NTP time to system and Witty Pi...
[2018-01-06 18:00:25] Writing system time to RTC...
[2018-01-06 18:00:26] Done :-)
[2018-01-06 18:21:09] Shutdown command is received...
[2018-01-06 18:21:09] Halting all processes and then shutdown Raspberry Pi...
[2018-01-06 18:21:16] Witty Pi daemon (v2.56) is started.
[2018-01-06 18:21:18] Synchronizing time between system and Witty Pi...
[2018-01-06 18:21:19] Writing RTC time to system...
[2018-01-06 19:00:14] Done :-)
[2018-01-06 19:00:17] Schedule next shutdown at: 2018-01-06 19:15:00
[2018-01-06 19:00:18] Schedule next startup at: 2018-01-07 07:00:00
[2018-01-06 19:00:20] Pending for incoming shutdown command...
[2018-01-06 19:00:24] Internet detected, apply NTP time to system and Witty Pi...
[2018-01-06 19:00:24] Writing system time to RTC...
[2018-01-06 19:00:25] Done :-)
[2018-01-06 19:21:10] Shutdown command is received...
[2018-01-06 19:21:10] Halting all processes and then shutdown Raspberry Pi...
[2018-01-06 19:21:17] Witty Pi daemon (v2.56) is started.
[2018-01-06 19:21:19] Synchronizing time between system and Witty Pi...
[2018-01-06 19:21:20] Writing RTC time to system...
[2018-01-07 07:00:15] Done :-)
[2018-01-07 07:00:19] Schedule next shutdown at: 2018-01-07 07:15:00
[2018-01-07 07:00:19] Schedule next startup at: 2018-01-07 08:00:00
[2018-01-07 07:00:21] Pending for incoming shutdown command...
[2018-01-07 07:00:25] Internet detected, apply NTP time to system and Witty Pi...
[2018-01-07 07:00:25] Writing system time to RTC...
[2018-01-07 07:00:26] Done :-)
[2018-01-07 07:21:10] Shutdown command is received...
[2018-01-07 07:21:10] Halting all processes and then shutdown Raspberry Pi...
[2018-01-07 07:21:17] Witty Pi daemon (v2.56) is started.
[2018-01-07 07:21:19] Synchronizing time between system and Witty Pi...
[2018-01-07 07:21:19] Writing RTC time to system...
[2018-01-07 08:00:14] Done :-)
[2018-01-07 08:00:17] Schedule next shutdown at: 2018-01-07 08:15:00
[2018-01-07 08:00:18] Schedule next startup at: 2018-01-07 09:00:00
[2018-01-07 08:00:20] Pending for incoming shutdown command...
[2018-01-07 08:00:24] Internet detected, apply NTP time to system and Witty Pi...
[2018-01-07 08:00:24] Writing system time to RTC...
[2018-01-07 08:00:25] Done :-)
[2018-01-07 08:21:11] Shutdown command is received...
[2018-01-07 08:21:11] Halting all processes and then shutdown Raspberry Pi...
[2018-01-07 08:21:18] Witty Pi daemon (v2.56) is started.
[2018-01-07 08:21:20] Synchronizing time between system and Witty Pi...
[2018-01-07 08:21:21] Writing RTC time to system...
[2018-01-07 09:00:15] Done :-)
[2018-01-07 09:00:19] Schedule next shutdown at: 2018-01-07 09:15:00
[2018-01-07 09:00:19] Schedule next startup at: 2018-01-07 10:00:00
[2018-01-07 09:00:20] Pending for incoming shutdown command...
[2018-01-07 09:00:25] Internet detected, apply NTP time to system and Witty Pi...
[2018-01-07 09:00:25] Writing system time to RTC...
[2018-01-07 09:00:26] Done :-)
[2018-01-07 09:21:11] Shutdown command is received...
[2018-01-07 09:21:11] Halting all processes and then shutdown Raspberry Pi...
[2018-01-07 09:21:18] Witty Pi daemon (v2.56) is started.
[2018-01-07 09:21:20] Synchronizing time between system and Witty Pi...
[2018-01-07 09:21:21] Writing RTC time to system...
[2018-01-07 10:00:14] Done :-)
[2018-01-07 10:00:18] Schedule next shutdown at: 2018-01-07 10:15:00
[2018-01-07 10:00:18] Schedule next startup at: 2018-01-07 11:00:00
[2018-01-07 10:00:20] Pending for incoming shutdown command...
[2018-01-07 10:00:24] Internet detected, apply NTP time to system and Witty Pi...
[2018-01-07 10:00:24] Writing system time to RTC...
[2018-01-07 10:00:25] Done :-)
[2018-01-07 10:21:12] Shutdown command is received...
[2018-01-07 10:21:12] Halting all processes and then shutdown Raspberry Pi...
[2018-01-07 10:21:19] Witty Pi daemon (v2.56) is started.
[2018-01-07 10:21:21] Synchronizing time between system and Witty Pi...
[2018-01-07 10:21:22] Writing RTC time to system...
[2018-01-07 11:00:15] Done :-)
[2018-01-07 11:00:19] Schedule next shutdown at: 2018-01-07 11:15:00
[2018-01-07 11:00:19] Schedule next startup at: 2018-01-07 12:00:00
[2018-01-07 11:00:21] Pending for incoming shutdown command...
[2018-01-07 11:00:25] Internet detected, apply NTP time to system and Witty Pi...
[2018-01-07 11:00:25] Writing system time to RTC...
[2018-01-07 11:00:26] Done :-)
[2018-01-07 11:21:12] Shutdown command is received...
[2018-01-07 11:21:12] Halting all processes and then shutdown Raspberry Pi...
[2018-01-07 11:21:19] Witty Pi daemon (v2.56) is started.
[2018-01-07 11:21:22] Synchronizing time between system and Witty Pi...
[2018-01-07 11:21:23] Writing RTC time to system...
[2018-01-07 12:00:15] Done :-)
[2018-01-07 12:00:19] Schedule next shutdown at: 2018-01-07 12:15:00
[2018-01-07 12:00:19] Schedule next startup at: 2018-01-07 13:00:00
[2018-01-07 12:00:21] Pending for incoming shutdown command...
[2018-01-07 12:00:25] Internet detected, apply NTP time to system and Witty Pi...
[2018-01-07 12:00:25] Writing system time to RTC...
[2018-01-07 12:00:26] Done :-)
[2018-01-07 12:21:13] Shutdown command is received...
[2018-01-07 12:21:13] Halting all processes and then shutdown Raspberry Pi...
[2018-01-07 12:21:19] Witty Pi daemon (v2.56) is started.
[2018-01-07 12:21:22] Synchronizing time between system and Witty Pi...
[2018-01-07 12:21:23] Writing RTC time to system...
[2018-01-07 13:00:15] Done :-)
[2018-01-07 13:00:19] Schedule next shutdown at: 2018-01-07 13:15:00
[2018-01-07 13:00:19] Schedule next startup at: 2018-01-07 14:00:00
[2018-01-07 13:00:21] Pending for incoming shutdown command...
[2018-01-07 13:00:25] Internet detected, apply NTP time to system and Witty Pi...
[2018-01-07 13:00:25] Writing system time to RTC...
[2018-01-07 13:00:26] Done :-)
[2018-01-07 13:21:13] Shutdown command is received...
[2018-01-07 13:21:13] Halting all processes and then shutdown Raspberry Pi...
[2018-01-07 13:21:20] Witty Pi daemon (v2.56) is started.
[2018-01-07 13:21:22] Synchronizing time between system and Witty Pi...
[2018-01-07 13:21:23] Writing RTC time to system...
[2018-01-07 14:00:14] Done :-)
[2018-01-07 14:00:17] Schedule next shutdown at: 2018-01-07 14:15:00
[2018-01-07 14:00:18] Schedule next startup at: 2018-01-07 15:00:00
[2018-01-07 14:00:20] Pending for incoming shutdown command...
[2018-01-07 14:00:24] Internet detected, apply NTP time to system and Witty Pi...
[2018-01-07 14:00:24] Writing system time to RTC...
[2018-01-07 14:00:25] Done :-)
[2018-01-07 14:21:14] Shutdown command is received...
[2018-01-07 14:21:14] Halting all processes and then shutdown Raspberry Pi...
[2018-01-07 14:21:20] Witty Pi daemon (v2.56) is started.
[2018-01-07 14:21:22] Synchronizing time between system and Witty Pi...
[2018-01-07 14:21:23] Writing RTC time to system...
[2018-01-07 15:00:14] Done :-)
[2018-01-07 15:00:18] Schedule next shutdown at: 2018-01-07 15:15:00
[2018-01-07 15:00:18] Schedule next startup at: 2018-01-07 16:00:00
[2018-01-07 15:00:20] Pending for incoming shutdown command...
[2018-01-07 15:00:24] Internet detected, apply NTP time to system and Witty Pi...
[2018-01-07 15:00:24] Writing system time to RTC...
[2018-01-07 15:00:25] Done :-)
[2018-01-07 15:21:14] Shutdown command is received...
[2018-01-07 15:21:14] Halting all processes and then shutdown Raspberry Pi...
[2018-01-07 15:21:21] Witty Pi daemon (v2.56) is started.
[2018-01-07 15:21:23] Synchronizing time between system and Witty Pi...
[2018-01-07 15:21:23] Writing RTC time to system...
[2018-01-07 16:00:14] Done :-)
[2018-01-07 16:00:18] Schedule next shutdown at: 2018-01-07 16:15:00
[2018-01-07 16:00:18] Schedule next startup at: 2018-01-07 17:00:00
[2018-01-07 16:00:20] Pending for incoming shutdown command...
[2018-01-07 16:00:24] Internet detected, apply NTP time to system and Witty Pi...
[2018-01-07 16:00:24] Writing system time to RTC...
[2018-01-07 16:00:25] Done :-)
[2018-01-07 16:21:15] Shutdown command is received...
[2018-01-07 16:21:15] Halting all processes and then shutdown Raspberry Pi...
[2018-01-07 16:21:22] Witty Pi daemon (v2.56) is started.
[2018-01-07 16:21:24] Synchronizing time between system and Witty Pi...
[2018-01-07 16:21:25] Writing RTC time to system...
[2018-01-07 17:00:15] Done :-)
[2018-01-07 17:00:19] Schedule next shutdown at: 2018-01-07 17:15:00
[2018-01-07 17:00:20] Schedule next startup at: 2018-01-07 18:00:00
[2018-01-07 17:00:21] Pending for incoming shutdown command...
[2018-01-07 17:00:25] Internet detected, apply NTP time to system and Witty Pi...
[2018-01-07 17:00:25] Writing system time to RTC...
[2018-01-07 17:00:26] Done :-)
[2018-01-07 17:21:15] Shutdown command is received...
[2018-01-07 17:21:15] Halting all processes and then shutdown Raspberry Pi...
[2018-01-07 17:21:22] Witty Pi daemon (v2.56) is started.
[2018-01-07 17:21:25] Synchronizing time between system and Witty Pi...
[2018-01-07 17:21:25] Writing RTC time to system...
[2018-01-07 18:00:14] Done :-)
[2018-01-07 18:00:18] Schedule next shutdown at: 2018-01-07 18:15:00
[2018-01-07 18:00:18] Schedule next startup at: 2018-01-07 19:00:00
[2018-01-07 18:00:20] Pending for incoming shutdown command...
[2018-01-07 18:00:24] Internet detected, apply NTP time to system and Witty Pi...
[2018-01-07 18:00:24] Writing system time to RTC...
[2018-01-07 18:00:25] Done :-)
[2018-01-07 18:21:16] Shutdown command is received...
[2018-01-07 18:21:16] Halting all processes and then shutdown Raspberry Pi...
[2018-01-07 18:21:23] Witty Pi daemon (v2.56) is started.
[2018-01-07 18:21:26] Synchronizing time between system and Witty Pi...
[2018-01-07 18:21:26] Writing RTC time to system...
[2018-01-07 19:00:15] Done :-)
[2018-01-07 19:00:19] Schedule next shutdown at: 2018-01-07 19:15:00
[2018-01-07 19:00:19] Schedule next startup at: 2018-01-08 07:00:00
[2018-01-07 19:00:21] Pending for incoming shutdown command...
[2018-01-07 19:00:25] Internet detected, apply NTP time to system and Witty Pi...
[2018-01-07 19:00:25] Writing system time to RTC...
[2018-01-07 19:00:26] Done :-)
[2018-01-07 19:21:16] Shutdown command is received...
[2018-01-07 19:21:16] Halting all processes and then shutdown Raspberry Pi...
[2018-01-07 19:21:23] Witty Pi daemon (v2.56) is started.
[2018-01-07 19:21:25] Synchronizing time between system and Witty Pi...
[2018-01-07 19:21:26] Writing RTC time to system...
[2018-01-08 07:00:14] Done :-)
[2018-01-08 07:00:18] Schedule next shutdown at: 2018-01-08 07:15:00
[2018-01-08 07:00:18] Schedule next startup at: 2018-01-08 08:00:00
[2018-01-08 07:00:20] Pending for incoming shutdown command...
[2018-01-08 07:00:24] Internet detected, apply NTP time to system and Witty Pi...
[2018-01-08 07:00:24] Writing system time to RTC...
[2018-01-08 07:00:25] Done :-)
[2018-01-08 07:21:17] Shutdown command is received...
[2018-01-08 07:21:17] Halting all processes and then shutdown Raspberry Pi...
[2018-01-08 07:21:23] Witty Pi daemon (v2.56) is started.
[2018-01-08 07:21:25] Synchronizing time between system and Witty Pi...
[2018-01-08 07:21:26] Writing RTC time to system...
[2018-01-08 08:00:14] Done :-)
[2018-01-08 08:00:17] Schedule next shutdown at: 2018-01-08 08:15:00
[2018-01-08 08:00:18] Schedule next startup at: 2018-01-08 09:00:00
[2018-01-08 08:00:20] Pending for incoming shutdown command...
[2018-01-08 08:00:24] Internet detected, apply NTP time to system and Witty Pi...
[2018-01-08 08:00:24] Writing system time to RTC...
[2018-01-08 08:00:25] Done :-)
[2018-01-08 08:21:17] Shutdown command is received...
[2018-01-08 08:21:17] Halting all processes and then shutdown Raspberry Pi...
[2018-01-08 08:21:23] Witty Pi daemon (v2.56) is started.
[2018-01-08 08:21:26] Synchronizing time between system and Witty Pi...
[2018-01-08 08:21:27] Writing RTC time to system...
[2018-01-08 09:00:14] Done :-)
[2018-01-08 09:00:17] Schedule next shutdown at: 2018-01-08 09:15:00
[2018-01-08 09:00:18] Schedule next startup at: 2018-01-08 10:00:00
[2018-01-08 09:00:20] Pending for incoming shutdown command...
[2018-01-08 09:00:24] Internet detected, apply NTP time to system and Witty Pi...
[2018-01-08 09:00:24] Writing system time to RTC...
[2018-01-08 09:00:25] Done :-)
[2018-01-08 09:21:18] Shutdown command is received...
[2018-01-08 09:21:18] Halting all processes and then shutdown Raspberry Pi...
[2018-01-08 09:21:24] Witty Pi daemon (v2.56) is started.
[2018-01-08 09:21:27] Synchronizing time between system and Witty Pi...
[2018-01-08 09:21:27] Writing RTC time to system...
[2018-01-08 10:00:14] Done :-)
[2018-01-08 10:00:18] Schedule next shutdown at: 2018-01-08 10:15:00
[2018-01-08 10:00:18] Schedule next startup at: 2018-01-08 11:00:00
[2018-01-08 10:00:20] Pending for incoming shutdown command...
[2018-01-08 10:00:24] Internet detected, apply NTP time to system and Witty Pi...
[2018-01-08 10:00:24] Writing system time to RTC...
[2018-01-08 10:00:25] Done :-)
[2018-01-08 10:21:18] Shutdown command is received...
[2018-01-08 10:21:18] Halting all processes and then shutdown Raspberry Pi...
[2018-01-08 10:21:25] Witty Pi daemon (v2.56) is started.
[2018-01-08 10:21:27] Synchronizing time between system and Witty Pi...
[2018-01-08 10:21:28] Writing RTC time to system...
[2018-01-08 11:00:14] Done :-)
[2018-01-08 11:00:17] Schedule next shutdown at: 2018-01-08 11:15:00
[2018-01-08 11:00:18] Schedule next startup at: 2018-01-08 12:00:00
[2018-01-08 11:00:20] Pending for incoming shutdown command...
[2018-01-08 11:00:24] Internet detected, apply NTP time to system and Witty Pi...
[2018-01-08 11:00:24] Writing system time to RTC...
[2018-01-08 11:00:25] Done :-)
[2018-01-08 11:21:19] Shutdown command is received...
[2018-01-08 11:21:19] Halting all processes and then shutdown Raspberry Pi...
[2018-01-08 11:21:25] Witty Pi daemon (v2.56) is started.
[2018-01-08 11:21:28] Synchronizing time between system and Witty Pi...
[2018-01-08 11:21:28] Writing RTC time to system...
[2018-01-08 12:00:14] Done :-)
[2018-01-08 12:00:17] Schedule next shutdown at: 2018-01-08 12:15:00
[2018-01-08 12:00:18] Schedule next startup at: 2018-01-08 13:00:00
[2018-01-08 12:00:20] Pending for incoming shutdown command...
[2018-01-08 12:00:24] Internet detected, apply NTP time to system and Witty Pi...
[2018-01-08 12:00:24] Writing system time to RTC...
[2018-01-08 12:00:25] Done :-)
[2018-01-08 12:21:19] Shutdown command is received...
[2018-01-08 12:21:19] Halting all processes and then shutdown Raspberry Pi...
[2018-01-08 12:21:26] Witty Pi daemon (v2.56) is started.
[2018-01-08 12:21:29] Synchronizing time between system and Witty Pi...
[2018-01-08 12:21:30] Writing RTC time to system...
[2018-01-08 13:00:15] Done :-)
[2018-01-08 13:00:19] Schedule next shutdown at: 2018-01-08 13:15:00
[2018-01-08 13:00:19] Schedule next startup at: 2018-01-08 14:00:00
[2018-01-08 13:00:21] Pending for incoming shutdown command...
[2018-01-08 13:00:25] Internet detected, apply NTP time to system and Witty Pi...
[2018-01-08 13:00:25] Writing system time to RTC...
[2018-01-08 13:00:26] Done :-)
[2018-01-08 13:21:20] Shutdown command is received...
[2018-01-08 13:21:20] Halting all processes and then shutdown Raspberry Pi...
[2018-01-08 13:21:27] Witty Pi daemon (v2.56) is started.
[2018-01-08 13:21:29] Synchronizing time between system and Witty Pi...
[2018-01-08 13:21:30] Writing RTC time to system...
[2018-01-08 14:00:15] Done :-)
[2018-01-08 14:00:19] Schedule next shutdown at: 2018-01-08 14:15:00
[2018-01-08 14:00:20] Schedule next startup at: 2018-01-08 15:00:00
[2018-01-08 14:00:21] Pending for incoming shutdown command...
[2018-01-08 14:00:25] Internet detected, apply NTP time to system and Witty Pi...
[2018-01-08 14:00:25] Writing system time to RTC...
[2018-01-08 14:00:26] Done :-)
[2018-01-08 14:21:20] Shutdown command is received...
[2018-01-08 14:21:20] Halting all processes and then shutdown Raspberry Pi...
[2018-01-08 14:21:27] Witty Pi daemon (v2.56) is started.
[2018-01-08 14:21:30] Synchronizing time between system and Witty Pi...
[2018-01-08 14:21:31] Writing RTC time to system...
[2018-01-08 15:00:15] Done :-)
[2018-01-08 15:00:19] Schedule next shutdown at: 2018-01-08 15:15:00
[2018-01-08 15:00:20] Schedule next startup at: 2018-01-08 16:00:00
[2018-01-08 15:00:21] Pending for incoming shutdown command...
[2018-01-08 15:00:25] Internet detected, apply NTP time to system and Witty Pi...
[2018-01-08 15:00:25] Writing system time to RTC...
[2018-01-08 15:00:26] Done :-)
[2018-01-08 15:21:21] Shutdown command is received...
[2018-01-08 15:21:21] Halting all processes and then shutdown Raspberry Pi...
[2018-01-08 15:21:27] Witty Pi daemon (v2.56) is started.
[2018-01-08 15:21:30] Synchronizing time between system and Witty Pi...
[2018-01-08 15:21:30] Writing RTC time to system...
[2018-01-08 16:00:14] Done :-)
[2018-01-08 16:00:17] Schedule next shutdown at: 2018-01-08 16:15:00
[2018-01-08 16:00:18] Schedule next startup at: 2018-01-08 17:00:00
[2018-01-08 16:00:20] Pending for incoming shutdown command...
[2018-01-08 16:00:24] Internet detected, apply NTP time to system and Witty Pi...
[2018-01-08 16:00:24] Writing system time to RTC...
[2018-01-08 16:00:25] Done :-)
[2018-01-08 16:21:21] Shutdown command is received...
[2018-01-08 16:21:21] Halting all processes and then shutdown Raspberry Pi...
[2018-01-08 16:21:28] Witty Pi daemon (v2.56) is started.
[2018-01-08 16:21:31] Synchronizing time between system and Witty Pi...
[2018-01-08 16:21:32] Writing RTC time to system...
[2018-01-08 17:00:15] Done :-)
[2018-01-08 17:00:19] Schedule next shutdown at: 2018-01-08 17:15:00
[2018-01-08 17:00:20] Schedule next startup at: 2018-01-08 18:00:00
[2018-01-08 17:00:21] Pending for incoming shutdown command...
[2018-01-08 17:00:25] Internet detected, apply NTP time to system and Witty Pi...
[2018-01-08 17:00:25] Writing system time to RTC...
[2018-01-08 17:00:26] Done :-)
[2018-01-08 17:21:22] Shutdown command is received...
[2018-01-08 17:21:22] Halting all processes and then shutdown Raspberry Pi...
[2018-01-08 17:21:29] Witty Pi daemon (v2.56) is started.
[2018-01-08 17:21:31] Synchronizing time between system and Witty Pi...
[2018-01-08 17:21:32] Writing RTC time to system...
[2018-01-08 18:00:15] Done :-)
[2018-01-08 18:00:19] Schedule next shutdown at: 2018-01-08 18:15:00
[2018-01-08 18:00:20] Schedule next startup at: 2018-01-08 19:00:00
[2018-01-08 18:00:21] Pending for incoming shutdown command...
[2018-01-08 18:00:25] Internet detected, apply NTP time to system and Witty Pi...
[2018-01-08 18:00:25] Writing system time to RTC...
[2018-01-08 18:00:26] Done :-)
[2018-01-08 18:21:22] Shutdown command is received...
[2018-01-08 18:21:22] Halting all processes and then shutdown Raspberry Pi...
[2018-01-08 18:21:29] Witty Pi daemon (v2.56) is started.
[2018-01-08 18:21:31] Synchronizing time between system and Witty Pi...
[2018-01-08 18:21:32] Writing RTC time to system...
[2018-01-08 19:00:15] Done :-)
[2018-01-08 19:00:19] Schedule next shutdown at: 2018-01-08 19:15:00
[2018-01-08 19:00:19] Schedule next startup at: 2018-01-09 07:00:00
[2018-01-08 19:00:21] Pending for incoming shutdown command...
[2018-01-08 19:00:25] Internet detected, apply NTP time to system and Witty Pi...
[2018-01-08 19:00:25] Writing system time to RTC...
[2018-01-08 19:00:26] Done :-)
[2018-01-08 19:21:23] Shutdown command is received...
[2018-01-08 19:21:23] Halting all processes and then shutdown Raspberry Pi...
[2018-01-08 19:21:29] Witty Pi daemon (v2.56) is started.
[2018-01-08 19:21:31] Synchronizing time between system and Witty Pi...
[2018-01-08 19:21:32] Writing RTC time to system...
[2018-01-09 07:00:14] Done :-)
[2018-01-09 07:00:18] Schedule next shutdown at: 2018-01-09 07:15:00
[2018-01-09 07:00:18] Schedule next startup at: 2018-01-09 08:00:00
[2018-01-09 07:00:20] Pending for incoming shutdown command...
[2018-01-09 07:00:24] Internet detected, apply NTP time to system and Witty Pi...
[2018-01-09 07:00:24] Writing system time to RTC...
[2018-01-09 07:00:25] Done :-)
[2018-01-09 07:21:23] Shutdown command is received...
[2018-01-09 07:21:23] Halting all processes and then shutdown Raspberry Pi...
[2018-01-09 07:21:30] Witty Pi daemon (v2.56) is started.
[2018-01-09 07:21:32] Synchronizing time between system and Witty Pi...
[2018-01-09 07:21:33] Writing RTC time to system...
[2018-01-09 08:00:14] Done :-)
[2018-01-09 08:00:17] Schedule next shutdown at: 2018-01-09 08:15:00
[2018-01-09 08:00:18] Schedule next startup at: 2018-01-09 09:00:00
[2018-01-09 08:00:20] Pending for incoming shutdown command...
[2018-01-09 08:00:24] Internet detected, apply NTP time to system and Witty Pi...
[2018-01-09 08:00:24] Writing system time to RTC...
[2018-01-09 08:00:25] Done :-)
[2018-01-09 08:21:24] Shutdown command is received...
[2018-01-09 08:21:24] Halting all processes and then shutdown Raspberry Pi...
[2018-01-09 08:21:31] Witty Pi daemon (v2.56) is started.
[2018-01-09 08:21:33] Synchronizing time between system and Witty Pi...
[2018-01-09 08:21:34] Writing RTC time to system...
[2018-01-09 09:00:15] Done :-)
[2018-01-09 09:00:18] Schedule next shutdown at: 2018-01-09 09:15:00
[2018-01-09 09:00:19] Schedule next startup at: 2018-01-09 10:00:00
[2018-01-09 09:00:21] Pending for incoming shutdown command...
[2018-01-09 09:00:25] Internet detected, apply NTP time to system and Witty Pi...
[2018-01-09 09:00:25] Writing system time to RTC...
[2018-01-09 09:00:26] Done :-)
[2018-01-09 09:21:24] Shutdown command is received...
[2018-01-09 09:21:24] Halting all processes and then shutdown Raspberry Pi...
[2018-01-09 09:21:31] Witty Pi daemon (v2.56) is started.
[2018-01-09 09:21:34] Synchronizing time between system and Witty Pi...
[2018-01-09 09:21:34] Writing RTC time to system...
[2018-01-09 10:00:15] Done :-)
[2018-01-09 10:00:19] Schedule next shutdown at: 2018-01-09 10:15:00
[2018-01-09 10:00:19] Schedule next startup at: 2018-01-09 11:00:00
[2018-01-09 10:00:21] Pending for incoming shutdown command...
[2018-01-09 10:00:25] Internet detected, apply NTP time to system and Witty Pi...
[2018-01-09 10:00:25] Writing system time to RTC...
[2018-01-09 10:00:26] Done :-)
[2018-01-09 10:21:25] Shutdown command is received...
[2018-01-09 10:21:25] Halting all processes and then shutdown Raspberry Pi...
[2018-01-09 10:21:32] Witty Pi daemon (v2.56) is started.
[2018-01-09 10:21:34] Synchronizing time between system and Witty Pi...
[2018-01-09 10:21:35] Writing RTC time to system...
[2018-01-09 11:00:15] Done :-)
[2018-01-09 11:00:19] Schedule next shutdown at: 2018-01-09 11:15:00
[2018-01-09 11:00:19] Schedule next startup at: 2018-01-09 12:00:00
[2018-01-09 11:00:21] Pending for incoming shutdown command...
[2018-01-09 11:00:25] Internet detected, apply NTP time to system and Witty Pi...
[2018-01-09 11:00:25] Writing system time to RTC...
[2018-01-09 11:00:26] Done :-)
[2018-01-09 11:21:25] Shutdown command is received...
[2018-01-09 11:21:25] Halting all processes and then shutdown Raspberry Pi...
[2018-01-09 11:21:32] Witty Pi daemon (v2.56) is started.
[2018-01-09 11:21:35] Synchronizing time between system and Witty Pi...
[2018-01-09 11:21:35] Writing RTC time to system...
[2018-01-09 12:00:15] Done :-)
[2018-01-09 12:00:19] Schedule next shutdown at: 2018-01-09 12:15:00
[2018-01-09 12:00:20] Schedule next startup at: 2018-01-09 13:00:00
[2018-01-09 12:00:21] Pending for incoming shutdown command...
[2018-01-09 12:00:25] Internet detected, apply NTP time to system and Witty Pi...
[2018-01-09 12:00:25] Writing system time to RTC...
[2018-01-09 12:00:26] Done :-)
[2018-01-09 12:21:26] Shutdown command is received...
[2018-01-09 12:21:26] Halting all processes and then shutdown Raspberry Pi...
[2018-01-09 12:21:32] Witty Pi daemon (v2.56) is started.
[2018-01-09 12:21:34] Synchronizing time between system and Witty Pi...
[2018-01-09 12:21:35] Writing RTC time to system...
[2018-01-09 13:00:14] Done :-)
[2018-01-09 13:00:17] Schedule next shutdown at: 2018-01-09 13:15:00
[2018-01-09 13:00:18] Schedule next startup at: 2018-01-09 14:00:00
[2018-01-09 13:00:20] Pending for incoming shutdown command...
[2018-01-09 13:00:24] Internet detected, apply NTP time to system and Witty Pi...
[2018-01-09 13:00:24] Writing system time to RTC...
[2018-01-09 13:00:25] Done :-)
[2018-01-09 13:21:26] Shutdown command is received...
[2018-01-09 13:21:26] Halting all processes and then shutdown Raspberry Pi...
[2018-01-09 13:21:33] Witty Pi daemon (v2.56) is started.
[2018-01-09 13:21:35] Synchronizing time between system and Witty Pi...
[2018-01-09 13:21:36] Writing RTC time to system...
[2018-01-09 14:00:14] Done :-)
[2018-01-09 14:00:17] Schedule next shutdown at: 2018-01-09 14:15:00
[2018-01-09 14:00:18] Schedule next startup at: 2018-01-09 15:00:00
[2018-01-09 14:00:20] Pending for incoming shutdown command...
[2018-01-09 14:00:24] Internet detected, apply NTP time to system and Witty Pi...
[2018-01-09 14:00:24] Writing system time to RTC...
[2018-01-09 14:00:25] Done :-)
[2018-01-09 14:21:27] Shutdown command is received...
[2018-01-09 14:21:27] Halting all processes and then shutdown Raspberry Pi...
[2018-01-09 14:21:34] Witty Pi daemon (v2.56) is started.
[2018-01-09 14:21:36] Synchronizing time between system and Witty Pi...
[2018-01-09 14:21:37] Writing RTC time to system...
[2018-01-09 15:00:15] Done :-)
[2018-01-09 15:00:19] Schedule next shutdown at: 2018-01-09 15:15:00
[2018-01-09 15:00:19] Schedule next startup at: 2018-01-09 16:00:00
[2018-01-09 15:00:21] Pending for incoming shutdown command...
[2018-01-09 15:00:25] Internet detected, apply NTP time to system and Witty Pi...
[2018-01-09 15:00:25] Writing system time to RTC...
[2018-01-09 15:00:26] Done :-)
[2018-01-09 15:21:27] Shutdown command is received...
[2018-01-09 15:21:27] Halting all processes and then shutdown Raspberry Pi...
[2018-01-09 15:21:34] Witty Pi daemon (v2.56) is started.
[2018-01-09 15:21:36] Synchronizing time between system and Witty Pi...
[2018-01-09 15:21:36] Writing RTC time to system...
[2018-01-09 16:00:14] Done :-)
[2018-01-09 16:00:17] Schedule next shutdown at: 2018-01-09 16:15:00
[2018-01-09 16:00:18] Schedule next startup at: 2018-01-09 17:00:00
[2018-01-09 16:00:20] Pending for incoming shutdown command...
[2018-01-09 16:00:24] Internet detected, apply NTP time to system and Witty Pi...
[2018-01-09 16:00:24] Writing system time to RTC...
[2018-01-09 16:00:25] Done :-)
[2018-01-09 16:21:28] Shutdown command is received...
[2018-01-09 16:21:28] Halting all processes and then shutdown Raspberry Pi...
[2018-01-09 16:21:35] Witty Pi daemon (v2.56) is started.
[2018-01-09 16:21:37] Synchronizing time between system and Witty Pi...
[2018-01-09 16:21:38] Writing RTC time to system...
[2018-01-09 17:00:15] Done :-)
[2018-01-09 17:00:19] Schedule next shutdown at: 2018-01-09 17:15:00
[2018-01-09 17:00:20] Schedule next startup at: 2018-01-09 18:00:00
[2018-01-09 17:00:21] Pending for incoming shutdown command...
[2018-01-09 17:00:25] Internet detected, apply NTP time to system and Witty Pi...
[2018-01-09 17:00:25] Writing system time to RTC...
[2018-01-09 17:00:26] Done :-)
[2018-01-09 17:21:28] Shutdown command is received...
[2018-01-09 17:21:28] Halting all processes and then shutdown Raspberry Pi...
[2018-01-09 17:21:35] Witty Pi daemon (v2.56) is started.
[2018-01-09 17:21:37] Synchronizing time between system and Witty Pi...
[2018-01-09 17:21:37] Writing RTC time to system...
[2018-01-09 18:00:14] Done :-)
[2018-01-09 18:00:18] Schedule next shutdown at: 2018-01-09 18:15:00
[2018-01-09 18:00:18] Schedule next startup at: 2018-01-09 19:00:00
[2018-01-09 18:00:20] Pending for incoming shutdown command...
[2018-01-09 18:00:24] Internet detected, apply NTP time to system and Witty Pi...
[2018-01-09 18:00:24] Writing system time to RTC...
[2018-01-09 18:00:25] Done :-)
[2018-01-09 18:21:29] Shutdown command is received...
[2018-01-09 18:21:29] Halting all processes and then shutdown Raspberry Pi...
[2018-01-09 18:21:35] Witty Pi daemon (v2.56) is started.
[2018-01-09 18:21:37] Synchronizing time between system and Witty Pi...
[2018-01-09 18:21:38] Writing RTC time to system...
[2018-01-09 19:00:14] Done :-)
[2018-01-09 19:00:18] Schedule next shutdown at: 2018-01-09 19:15:00
[2018-01-09 19:00:18] Schedule next startup at: 2018-01-10 07:00:00
[2018-01-09 19:00:20] Pending for incoming shutdown command...
[2018-01-09 19:00:24] Internet detected, apply NTP time to system and Witty Pi...
[2018-01-09 19:00:24] Writing system time to RTC...
[2018-01-09 19:00:25] Done :-)
[2018-01-09 19:21:29] Shutdown command is received...
[2018-01-09 19:21:29] Halting all processes and then shutdown Raspberry Pi...
[2018-01-09 19:21:35] Witty Pi daemon (v2.56) is started.
[2018-01-09 19:21:38] Synchronizing time between system and Witty Pi...
[2018-01-09 19:21:39] Writing RTC time to system...
[2018-01-10 07:00:14] Done :-)
[2018-01-10 07:00:18] Schedule next shutdown at: 2018-01-10 07:15:00
[2018-01-10 07:00:18] Schedule next startup at: 2018-01-10 08:00:00
[2018-01-10 07:00:20] Pending for incoming shutdown command...
[2018-01-10 07:00:24] Internet detected, apply NTP time to system and Witty Pi...
[2018-01-10 07:00:24] Writing system time to RTC...
[2018-01-10 07:00:25] Done :-)
[2018-01-10 07:21:30] Shutdown command is received...
[2018-01-10 07:21:30] Halting all processes and then shutdown Raspberry Pi...
[2018-01-10 07:21:37] Witty Pi daemon (v2.56) is started.
[2018-01-10 07:21:39] Synchronizing time between system and Witty Pi...
[2018-01-10 07:21:40] Writing RTC time to system...
[2018-01-10 08:00:15] Done :-)
[2018-01-10 08:00:19] Schedule next shutdown at: 2018-01-10 08:15:00
[2018-01-10 08:00:19] Schedule next startup at: 2018-01-10 09:00:00
[2018-01-10 08:00:21] Pending for incoming shutdown command...
[2018-01-10 08:00:25] Internet detected, apply NTP time to system and Witty Pi...
[2018-01-10 08:00:25] Writing system time to RTC...
[2018-01-10 08:00:26] Done :-)
[2018-01-10 08:21:30] Shutdown command is received...
[2018-01-10 08:21:30] Halting all processes and then shutdown Raspberry Pi...
[2018-01-10 08:21:37] Witty Pi daemon (v2.56) is started.
[2018-01-10 08:21:39] Synchronizing time between system and Witty Pi...
[2018-01-10 08:21:40] Writing RTC time to system...
[2018-01-10 09:00:14] Done :-)
[2018-01-10 09:00:17] Schedule next shutdown at: 2018-01-10 09:15:00
[2018-01-10 09:00:18] Schedule next startup at: 2018-01-10 10:00:00
[2018-01-10 09:00:20] Pending for incoming shutdown command...
[2018-01-10 09:00:24] Internet detected, apply NTP time to system and Witty Pi...
[2018-01-10 09:00:24] Writing system time to RTC...
[2018-01-10 09:00:25] Done :-)
[2018-01-10 09:21:31] Shutdown command is received...
[2018-01-10 09:21:31] Halting all processes and then shutdown Raspberry Pi...
[2018-01-10 09:21:37] Witty Pi daemon (v2.56) is started.
[2018-01-10 09:21:39] Synchronizing time between system and Witty Pi...
[2018-01-10 09:21:40] Writing RTC time to system...
[2018-01-10 10:00:14] Done :-)
[2018-01-10 10:00:17] Schedule next shutdown at: 2018-01-10 10:15:00
[2018-01-10 10:00:18] Schedule next startup at: 2018-01-10 11:00:00
[2018-01-10 10:00:20] Pending for incoming shutdown command...
[2018-01-10 10:00:24] Internet detected, apply NTP time to system and Witty Pi...
[2018-01-10 10:00:24] Writing system time to RTC...
[2018-01-10 10:00:25] Done :-)
[2018-01-10 10:21:31] Shutdown command is received...
[2018-01-10 10:21:31] Halting all processes and then shutdown Raspberry Pi...
[2018-01-10 10:21:38] Witty Pi daemon (v2.56) is started.
[2018-01-10 10:21:41] Synchronizing time between system and Witty Pi...
[2018-01-10 10:21:42] Writing RTC time to system...
[2018-01-10 11:00:15] Done :-)
[2018-01-10 11:00:19] Schedule next shutdown at: 2018-01-10 11:15:00
[2018-01-10 11:00:19] Schedule next startup at: 2018-01-10 12:00:00
[2018-01-10 11:00:21] Pending for incoming shutdown command...
[2018-01-10 11:00:25] Internet detected, apply NTP time to system and Witty Pi...
[2018-01-10 11:00:25] Writing system time to RTC...
[2018-01-10 11:00:26] Done :-)
[2018-01-10 11:21:32] Shutdown command is received...
[2018-01-10 11:21:32] Halting all processes and then shutdown Raspberry Pi...
[2018-01-10 11:21:38] Witty Pi daemon (v2.56) is started.
[2018-01-10 11:21:40] Synchronizing time between system and Witty Pi...
[2018-01-10 11:21:41] Writing RTC time to system...
[2018-01-10 12:00:14] Done :-)
[2018-01-10 12:00:17] Schedule next shutdown at: 2018-01-10 12:15:00
[2018-01-10 12:00:18] Schedule next startup at: 2018-01-10 13:00:00
[2018-01-10 12:00:20] Pending for incoming shutdown command...
[2018-01-10 12:00:24] Internet detected, apply NTP time to system and Witty Pi...
[2018-01-10 12:00:24] Writing system time to RTC...
[2018-01-10 12:00:25] Done :-)
[2018-01-10 12:21:32] Shutdown command is received...
[2018-01-10 12:21:32] Halting all processes and then shutdown Raspberry Pi...
[2018-01-10 12:21:39] Witty Pi daemon (v2.56) is started.
[2018-01-10 12:21:42] Synchronizing time between system and Witty Pi...
[2018-01-10 12:21:42] Writing RTC time to system...
[2018-01-10 13:00:15] Done :-)
[2018-01-10 13:00:19] Schedule next shutdown at: 2018-01-10 13:15:00
[2018-01-10 13:00:19] Schedule next startup at: 2018-01-10 14:00:00
[2018-01-10 13:00:21] Pending for incoming shutdown command...
[2018-01-10 13:00:25] Internet detected, apply NTP time to system and Witty Pi...
[2018-01-10 13:00:25] Writing system time to RTC...
[2018-01-10 13:00:26] Done :-)
[2018-01-10 13:21:33] Shutdown command is received...
[2018-01-10 13:21:33] Halting all processes and then shutdown Raspberry Pi...
[2018-01-10 13:21:40] Witty Pi daemon (v2.56) is started.
[2018-01-10 13:21:42] Synchronizing time between system and Witty Pi...
[2018-01-10 13:21:43] Writing RTC time to system...
[2018-01-10 14:00:15] Done :-)
[2018-01-10 14:00:19] Schedule next shutdown at: 2018-01-10 14:15:00
[2018-01-10 14:00:19] Schedule next startup at: 2018-01-10 15:00:00
[2018-01-10 14:00:21] Pending for incoming shutdown command...
[2018-01-10 14:00:25] Internet detected, apply NTP time to system and Witty Pi...
[2018-01-10 14:00:25] Writing system time to RTC...
[2018-01-10 14:00:26] Done :-)
[2018-01-10 14:21:33] Shutdown command is received...
[2018-01-10 14:21:33] Halting all processes and then shutdown Raspberry Pi...
[2018-01-10 14:21:40] Witty Pi daemon (v2.56) is started.
[2018-01-10 14:21:42] Synchronizing time between system and Witty Pi...
[2018-01-10 14:21:43] Writing RTC time to system...
[2018-01-10 15:00:14] Done :-)
[2018-01-10 15:00:17] Schedule next shutdown at: 2018-01-10 15:15:00
[2018-01-10 15:00:18] Schedule next startup at: 2018-01-10 16:00:00
[2018-01-10 15:00:20] Pending for incoming shutdown command...
[2018-01-10 15:00:24] Internet detected, apply NTP time to system and Witty Pi...
[2018-01-10 15:00:24] Writing system time to RTC...
[2018-01-10 15:00:25] Done :-)
[2018-01-10 15:21:34] Shutdown command is received...
[2018-01-10 15:21:34] Halting all processes and then shutdown Raspberry Pi...
[2018-01-10 15:21:40] Witty Pi daemon (v2.56) is started.
[2018-01-10 15:21:43] Synchronizing time between system and Witty Pi...
[2018-01-10 15:21:43] Writing RTC time to system...
[2018-01-10 16:00:14] Done :-)
[2018-01-10 16:00:18] Schedule next shutdown at: 2018-01-10 16:15:00
[2018-01-10 16:00:18] Schedule next startup at: 2018-01-10 17:00:00
[2018-01-10 16:00:20] Pending for incoming shutdown command...
[2018-01-10 16:00:24] Internet detected, apply NTP time to system and Witty Pi...
[2018-01-10 16:00:24] Writing system time to RTC...
[2018-01-10 16:00:25] Done :-)
[2018-01-10 16:21:34] Shutdown command is received...
[2018-01-10 16:21:34] Halting all processes and then shutdown Raspberry Pi...
[2018-01-10 16:21:41] Witty Pi daemon (v2.56) is started.
[2018-01-10 16:21:43] Synchronizing time between system and Witty Pi...
[2018-01-10 16:21:43] Writing RTC time to system...
[2018-01-10 17:00:14] Done :-)
[2018-01-10 17:00:18] Schedule next shutdown at: 2018-01-10 17:15:00
[2018-01-10 17:00:18] Schedule next startup at: 2018-01-10 18:00:00
[2018-01-10 17:00:20] Pending for incoming shutdown command...
[2018-01-10 17:00:24] Internet detected, apply NTP time to system and Witty Pi...
[2018-01-10 17:00:24] Writing system time to RTC...
[2018-01-10 17:00:25] Done :-)
[2018-01-10 17:21:35] Shutdown command is received...
[2018-01-10 17:21:35] Halting all processes and then shutdown Raspberry Pi...
[2018-01-10 17:21:41] Witty Pi daemon (v2.56) is started.
[2018-01-10 17:21:44] Synchronizing time between system and Witty Pi...
[2018-01-10 17:21:44] Writing RTC time to system...
[2018-01-10 18:00:14] Done :-)
[2018-01-10 18:00:18] Schedule next shutdown at: 2018-01-10 18:15:00
[2018-01-10 18:00:18] Schedule next startup at: 2018-01-10 19:00:00
[2018-01-10 18:00:20] Pending for incoming shutdown command...
[2018-01-10 18:00:24] Internet detected, apply NTP time to system and Witty Pi...
[2018-01-10 18:00:24] Writing system time to RTC...
[2018-01-10 18:00:25] Done :-)
[2018-01-10 18:21:35] Shutdown command is received...
[2018-01-10 18:21:35] Halting all processes and then shutdown Raspberry Pi...
[2018-01-10 18:21:42] Witty Pi daemon (v2.56) is started.
[2018-01-10 18:21:44] Synchronizing time between system and Witty Pi...
[2018-01-10 18:21:45] Writing RTC time to system...
[2018-01-10 19:00:14] Done :-)
[2018-01-10 19:00:18] Schedule next shutdown at: 2018-01-10 19:15:00
[2018-01-10 19:00:18] Schedule next startup at: 2018-01-11 07:00:00
[2018-01-10 19:00:20] Pending for incoming shutdown command...
[2018-01-10 19:00:24] Internet detected, apply NTP time to system and Witty Pi...
[2018-01-10 19:00:24] Writing system time to RTC...
[2018-01-10 19:00:25] Done :-)
[2018-01-10 19:21:36] Shutdown command is received...
[2018-01-10 19:21:36] Halting all processes and then shutdown Raspberry Pi...
[2018-01-10 19:21:43] Witty Pi daemon (v2.56) is started.
[2018-01-10 19:21:45] Synchronizing time between system and Witty Pi...
[2018-01-10 19:21:46] Writing RTC time to system...
[2018-01-11 07:00:15] Done :-)
[2018-01-11 07:00:19] Schedule next shutdown at: 2018-01-11 07:15:00
[2018-01-11 07:00:19] Schedule next startup at: 2018-01-11 08:00:00
[2018-01-11 07:00:21] Pending for incoming shutdown command...
[2018-01-11 07:00:25] Internet detected, apply NTP time to system and Witty Pi...
[2018-01-11 07:00:25] Writing system time to RTC...
[2018-01-11 07:00:26] Done :-)
[2018-01-11 07:21:36] Shutdown command is received...
[2018-01-11 07:21:36] Halting all processes and then shutdown Raspberry Pi...
[2018-01-11 07:21:43] Witty Pi daemon (v2.56) is started.
[2018-01-11 07:21:45] Synchronizing time between system and Witty Pi...
[2018-01-11 07:21:46] Writing RTC time to system...
[2018-01-11 08:00:14] Done :-)
[2018-01-11 08:00:17] Schedule next shutdown at: 2018-01-11 08:15:00
[2018-01-11 08:00:18] Schedule next startup at: 2018-01-11 09:00:00
[2018-01-11 08:00:20] Pending for incoming shutdown command...
[2018-01-11 08:00:24] Internet detected, apply NTP time to system and Witty Pi...
[2018-01-11 08:00:24] Writing system time to RTC...
[2018-01-11 08:00:25] Done :-)
[2018-01-11 08:21:37] Shutdown command is received...
[2018-01-11 08:21:37] Halting all processes and then shutdown Raspberry Pi...
[2018-01-11 08:21:43] Witty Pi daemon (v2.56) is started.
[2018-01-11 08:21:45] Synchronizing time between system and Witty Pi...
[2018-01-11 08:21:46] Writing RTC time to system...
[2018-01-11 09:00:14] Done :-)
[2018-01-11 09:00:17] Schedule next shutdown at: 2018-01-11 09:15:00
[2018-01-11 09:00:18] Schedule next startup at: 2018-01-11 10:00:00
[2018-01-11 09:00:20] Pending for incoming shutdown command...
[2018-01-11 09:00:24] Internet detected, apply NTP time to system and Witty Pi...
[2018-01-11 09:00:24] Writing system time to RTC...
[2018-01-11 09:00:25] Done :-)
[2018-01-11 09:21:37] Shutdown command is received...
[2018-01-11 09:21:37] Halting all processes and then shutdown Raspberry Pi...
[2018-01-11 09:21:43] Witty Pi daemon (v2.56) is started.
[2018-01-11 09:21:46] Synchronizing time between system and Witty Pi...
[2018-01-11 09:21:46] Writing RTC time to system...
[2018-01-11 10:00:14] Done :-)
[2018-01-11 10:00:17] Schedule next shutdown at: 2018-01-11 10:15:00
[2018-01-11 10:00:18] Schedule next startup at: 2018-01-11 11:00:00
[2018-01-11 10:00:20] Pending for incoming shutdown command...
[2018-01-11 10:00:24] Internet detected, apply NTP time to system and Witty Pi...
[2018-01-11 10:00:24] Writing system time to RTC...
[2018-01-11 10:00:25] Done :-)
[2018-01-11 10:21:38] Shutdown command is received...
[2018-01-11 10:21:38] Halting all processes and then shutdown Raspberry Pi...
[2018-01-11 10:21:44] Witty Pi daemon (v2.56) is started.
[2018-01-11 10:21:46] Synchronizing time between system and Witty Pi...
[2018-01-11 10:21:47] Writing RTC time to system...
[2018-01-11 11:00:14] Done :-)
[2018-01-11 11:00:17] Schedule next shutdown at: 2018-01-11 11:15:00
[2018-01-11 11:00:18] Schedule next startup at: 2018-01-11 12:00:00
[2018-01-11 11:00:20] Pending for incoming shutdown command...
[2018-01-11 11:00:24] Internet detected, apply NTP time to system and Witty Pi...
[2018-01-11 11:00:24] Writing system time to RTC...
[2018-01-11 11:00:25] Done :-)
[2018-01-11 11:21:38] Shutdown command is received...
[2018-01-11 11:21:38] Halting all processes and then shutdown Raspberry Pi...
[2018-01-11 11:21:45] Witty Pi daemon (v2.56) is started.
[2018-01-11 11:21:47] Synchronizing time between system and Witty Pi...
[2018-01-11 11:21:48] Writing RTC time to system...
[2018-01-11 12:00:14] Done :-)
[2018-01-11 12:00:17] Schedule next shutdown at: 2018-01-11 12:15:00
[2018-01-11 12:00:18] Schedule next startup at: 2018-01-11 13:00:00
[2018-01-11 12:00:20] Pending for incoming shutdown command...
[2018-01-11 12:00:24] Internet detected, apply NTP time to system and Witty Pi...
[2018-01-11 12:00:24] Writing system time to RTC...
[2018-01-11 12:00:25] Done :-)
[2018-01-11 12:21:39] Shutdown command is received...
[2018-01-11 12:21:39] Halting all processes and then shutdown Raspberry Pi...
[2018-01-11 12:21:45] Witty Pi daemon (v2.56) is started.
[2018-01-11 12:21:48] Synchronizing time between system and Witty Pi...
[2018-01-11 12:21:48] Writing RTC time to system...
[2018-01-11 13:00:14] Done :-)
[2018-01-11 13:00:17] Schedule next shutdown at: 2018-01-11 13:15:00
[2018-01-11 13:00:18] Schedule next startup at: 2018-01-11 14:00:00
[2018-01-11 13:00:20] Pending for incoming shutdown command...
[2018-01-11 13:00:24] Internet detected, apply NTP time to system and Witty Pi...
[2018-01-11 13:00:24] Writing system time to RTC...
[2018-01-11 13:00:25] Done :-)
[2018-01-11 13:21:39] Shutdown command is received...
[2018-01-11 13:21:39] Halting all processes and then shutdown Raspberry Pi...
[2018-01-11 13:21:46] Witty Pi daemon (v2.56) is started.
[2018-01-11 13:21:49] Synchronizing time between system and Witty Pi...
[2018-01-11 13:21:50] Writing RTC time to system...
[2018-01-11 14:00:15] Done :-)
[2018-01-11 14:00:19] Schedule next shutdown at: 2018-01-11 14:15:00
[2018-01-11 14:00:20] Schedule next startup at: 2018-01-11 15:00:00
[2018-01-11 14:00:21] Pending for incoming shutdown command...
[2018-01-11 14:00:25] Internet detected, apply NTP time to system and Witty Pi...
[2018-01-11 14:00:25] Writing system time to RTC...
[2018-01-11 14:00:26] Done :-)
[2018-01-11 14:21:40] Shutdown command is received...
[2018-01-11 14:21:40] Halting all processes and then shutdown Raspberry Pi...
[2018-01-11 14:21:46] Witty Pi daemon (v2.56) is started.
[2018-01-11 14:21:49] Synchronizing time between system and Witty Pi...
[2018-01-11 14:21:50] Writing RTC time to system...
[2018-01-11 15:00:15] Done :-)
[2018-01-11 15:00:17] Schedule next shutdown at: 2018-01-11 15:15:00
[2018-01-11 15:00:18] Schedule next startup at: 2018-01-11 16:00:00
[2018-01-11 15:00:20] Pending for incoming shutdown command...
[2018-01-11 15:00:25] Internet detected, apply NTP time to system and Witty Pi...
[2018-01-11 15:00:25] Writing system time to RTC...
[2018-01-11 15:00:26] Done :-)
[2018-01-11 15:21:40] Shutdown command is received...
[2018-01-11 15:21:40] Halting all processes and then shutdown Raspberry Pi...
[2018-01-11 15:21:47] Witty Pi daemon (v2.56) is started.
[2018-01-11 15:21:49] Synchronizing time between system and Witty Pi...
[2018-01-11 15:21:51] Writing RTC time to system...
[2018-01-11 16:00:15] Done :-)
[2018-01-11 16:00:19] Schedule next shutdown at: 2018-01-11 16:15:00
[2018-01-11 16:00:20] Schedule next startup at: 2018-01-11 17:00:00
[2018-01-11 16:00:21] Pending for incoming shutdown command...
[2018-01-11 16:00:25] Internet detected, apply NTP time to system and Witty Pi...
[2018-01-11 16:00:25] Writing system time to RTC...
[2018-01-11 16:00:26] Done :-)
[2018-01-11 16:21:41] Shutdown command is received...
[2018-01-11 16:21:41] Halting all processes and then shutdown Raspberry Pi...
[2018-01-11 16:21:48] Witty Pi daemon (v2.56) is started.
[2018-01-11 16:21:50] Synchronizing time between system and Witty Pi...
[2018-01-11 16:21:51] Writing RTC time to system...
[2018-01-11 17:00:15] Done :-)
[2018-01-11 17:00:19] Schedule next shutdown at: 2018-01-11 17:15:00
[2018-01-11 17:00:19] Schedule next startup at: 2018-01-11 18:00:00
[2018-01-11 17:00:21] Pending for incoming shutdown command...
[2018-01-11 17:00:25] Internet detected, apply NTP time to system and Witty Pi...
[2018-01-11 17:00:25] Writing system time to RTC...
[2018-01-11 17:00:26] Done :-)
[2018-01-11 17:21:41] Shutdown command is received...
[2018-01-11 17:21:41] Halting all processes and then shutdown Raspberry Pi...
[2018-01-11 17:21:48] Witty Pi daemon (v2.56) is started.
[2018-01-11 17:21:50] Synchronizing time between system and Witty Pi...
[2018-01-11 17:21:51] Writing RTC time to system...
[2018-01-11 18:00:14] Done :-)
[2018-01-11 18:00:18] Schedule next shutdown at: 2018-01-11 18:15:00
[2018-01-11 18:00:18] Schedule next startup at: 2018-01-11 19:00:00
[2018-01-11 18:00:20] Pending for incoming shutdown command...
[2018-01-11 18:00:24] Internet detected, apply NTP time to system and Witty Pi...
[2018-01-11 18:00:24] Writing system time to RTC...
[2018-01-11 18:00:25] Done :-)
[2018-01-11 18:21:42] Shutdown command is received...
[2018-01-11 18:21:42] Halting all processes and then shutdown Raspberry Pi...
[2018-01-11 18:21:48] Witty Pi daemon (v2.56) is started.
[2018-01-11 18:21:51] Synchronizing time between system and Witty Pi...
[2018-01-11 18:21:51] Writing RTC time to system...
[2018-01-11 19:00:14] Done :-)
[2018-01-11 19:00:18] Schedule next shutdown at: 2018-01-11 19:15:00
[2018-01-11 19:00:18] Schedule next startup at: 2018-01-12 07:00:00
[2018-01-11 19:00:20] Pending for incoming shutdown command...
[2018-01-11 19:00:24] Internet detected, apply NTP time to system and Witty Pi...
[2018-01-11 19:00:24] Writing system time to RTC...
[2018-01-11 19:00:25] Done :-)
[2018-01-11 19:21:42] Shutdown command is received...
[2018-01-11 19:21:42] Halting all processes and then shutdown Raspberry Pi...
[2018-01-11 19:21:49] Witty Pi daemon (v2.56) is started.
[2018-01-11 19:21:52] Synchronizing time between system and Witty Pi...
[2018-01-11 19:21:52] Writing RTC time to system...
[2018-01-12 07:00:15] Done :-)
[2018-01-12 07:00:19] Schedule next shutdown at: 2018-01-12 07:15:00
[2018-01-12 07:00:19] Schedule next startup at: 2018-01-12 08:00:00
[2018-01-12 07:00:21] Pending for incoming shutdown command...
[2018-01-12 07:00:25] Internet detected, apply NTP time to system and Witty Pi...
[2018-01-12 07:00:25] Writing system time to RTC...
[2018-01-12 07:00:26] Done :-)
[2018-01-12 07:21:43] Shutdown command is received...
[2018-01-12 07:21:43] Halting all processes and then shutdown Raspberry Pi...
[2018-01-12 07:21:49] Witty Pi daemon (v2.56) is started.
[2018-01-12 07:21:52] Synchronizing time between system and Witty Pi...
[2018-01-12 07:21:52] Writing RTC time to system...
[2018-01-12 08:00:14] Done :-)
[2018-01-12 08:00:17] Schedule next shutdown at: 2018-01-12 08:15:00
[2018-01-12 08:00:18] Schedule next startup at: 2018-01-12 09:00:00
[2018-01-12 08:00:20] Pending for incoming shutdown command...
[2018-01-12 08:00:24] Internet detected, apply NTP time to system and Witty Pi...
[2018-01-12 08:00:24] Writing system time to RTC...
[2018-01-12 08:00:25] Done :-)
[2018-01-12 08:21:43] Shutdown command is received...
[2018-01-12 08:21:43] Halting all processes and then shutdown Raspberry Pi...
[2018-01-12 08:21:49] Witty Pi daemon (v2.56) is started.
[2018-01-12 08:21:52] Synchronizing time between system and Witty Pi...
[2018-01-12 08:21:53] Writing RTC time to system...
[2018-01-12 09:00:14] Done :-)
[2018-01-12 09:00:17] Schedule next shutdown at: 2018-01-12 09:15:00
[2018-01-12 09:00:18] Schedule next startup at: 2018-01-12 10:00:00
[2018-01-12 09:00:20] Pending for incoming shutdown command...
[2018-01-12 09:00:24] Internet detected, apply NTP time to system and Witty Pi...
[2018-01-12 09:00:24] Writing system time to RTC...
[2018-01-12 09:00:25] Done :-)
[2018-01-12 09:21:44] Shutdown command is received...
[2018-01-12 09:21:44] Halting all processes and then shutdown Raspberry Pi...
[2018-01-12 09:21:51] Witty Pi daemon (v2.56) is started.
[2018-01-12 09:21:53] Synchronizing time between system and Witty Pi...
[2018-01-12 09:21:54] Writing RTC time to system...
[2018-01-12 10:00:15] Done :-)
[2018-01-12 10:00:19] Schedule next shutdown at: 2018-01-12 10:15:00
[2018-01-12 10:00:19] Schedule next startup at: 2018-01-12 11:00:00
[2018-01-12 10:00:21] Pending for incoming shutdown command...
[2018-01-12 10:00:25] Internet detected, apply NTP time to system and Witty Pi...
[2018-01-12 10:00:25] Writing system time to RTC...
[2018-01-12 10:00:26] Done :-)
[2018-01-12 10:21:44] Shutdown command is received...
[2018-01-12 10:21:44] Halting all processes and then shutdown Raspberry Pi...
[2018-01-12 10:21:51] Witty Pi daemon (v2.56) is started.
[2018-01-12 10:21:54] Synchronizing time between system and Witty Pi...
[2018-01-12 10:21:55] Writing RTC time to system...
[2018-01-12 11:00:15] Done :-)
[2018-01-12 11:00:19] Schedule next shutdown at: 2018-01-12 11:15:00
[2018-01-12 11:00:19] Schedule next startup at: 2018-01-12 12:00:00
[2018-01-12 11:00:21] Pending for incoming shutdown command...
[2018-01-12 11:00:25] Internet detected, apply NTP time to system and Witty Pi...
[2018-01-12 11:00:25] Writing system time to RTC...
[2018-01-12 11:00:26] Done :-)
[2018-01-12 11:21:45] Shutdown command is received...
[2018-01-12 11:21:45] Halting all processes and then shutdown Raspberry Pi...
[2018-01-12 11:21:51] Witty Pi daemon (v2.56) is started.
[2018-01-12 11:21:53] Synchronizing time between system and Witty Pi...
[2018-01-12 11:21:54] Writing RTC time to system...
[2018-01-12 12:00:14] Done :-)
[2018-01-12 12:00:17] Schedule next shutdown at: 2018-01-12 12:15:00
[2018-01-12 12:00:18] Schedule next startup at: 2018-01-12 13:00:00
[2018-01-12 12:00:20] Pending for incoming shutdown command...
[2018-01-12 12:00:24] Internet detected, apply NTP time to system and Witty Pi...
[2018-01-12 12:00:24] Writing system time to RTC...
[2018-01-12 12:00:25] Done :-)
[2018-01-12 12:21:45] Shutdown command is received...
[2018-01-12 12:21:45] Halting all processes and then shutdown Raspberry Pi...
[2018-01-12 12:21:52] Witty Pi daemon (v2.56) is started.
[2018-01-12 12:21:54] Synchronizing time between system and Witty Pi...
[2018-01-12 12:21:55] Writing RTC time to system...
[2018-01-12 13:00:15] Done :-)
[2018-01-12 13:00:19] Schedule next shutdown at: 2018-01-12 13:15:00
[2018-01-12 13:00:19] Schedule next startup at: 2018-01-12 14:00:00
[2018-01-12 13:00:21] Pending for incoming shutdown command...
[2018-01-12 13:00:25] Internet detected, apply NTP time to system and Witty Pi...
[2018-01-12 13:00:25] Writing system time to RTC...
[2018-01-12 13:00:26] Done :-)
[2018-01-12 13:21:46] Shutdown command is received...
[2018-01-12 13:21:46] Halting all processes and then shutdown Raspberry Pi...
[2018-01-12 13:21:52] Witty Pi daemon (v2.56) is started.
[2018-01-12 13:21:55] Synchronizing time between system and Witty Pi...
[2018-01-12 13:21:55] Writing RTC time to system...
[2018-01-12 14:00:14] Done :-)
[2018-01-12 14:00:18] Schedule next shutdown at: 2018-01-12 14:15:00
[2018-01-12 14:00:18] Schedule next startup at: 2018-01-12 15:00:00
[2018-01-12 14:00:20] Pending for incoming shutdown command...
[2018-01-12 14:00:24] Internet detected, apply NTP time to system and Witty Pi...
[2018-01-12 14:00:24] Writing system time to RTC...
[2018-01-12 14:00:25] Done :-)
[2018-01-12 14:21:46] Shutdown command is received...
[2018-01-12 14:21:46] Halting all processes and then shutdown Raspberry Pi...
[2018-01-12 14:21:53] Witty Pi daemon (v2.56) is started.
[2018-01-12 14:21:55] Synchronizing time between system and Witty Pi...
[2018-01-12 14:21:56] Writing RTC time to system...
[2018-01-12 15:00:15] Done :-)
[2018-01-12 15:00:19] Schedule next shutdown at: 2018-01-12 15:15:00
[2018-01-12 15:00:19] Schedule next startup at: 2018-01-12 16:00:00
[2018-01-12 15:00:21] Pending for incoming shutdown command...
[2018-01-12 15:00:25] Internet detected, apply NTP time to system and Witty Pi...
[2018-01-12 15:00:25] Writing system time to RTC...
[2018-01-12 15:00:26] Done :-)
[2018-01-12 15:21:47] Shutdown command is received...
[2018-01-12 15:21:47] Halting all processes and then shutdown Raspberry Pi...
[2018-01-12 15:21:54] Witty Pi daemon (v2.56) is started.
[2018-01-12 15:21:56] Synchronizing time between system and Witty Pi...
[2018-01-12 15:21:57] Writing RTC time to system...
[2018-01-12 16:00:15] Done :-)
[2018-01-12 16:00:19] Schedule next shutdown at: 2018-01-12 16:15:00
[2018-01-12 16:00:20] Schedule next startup at: 2018-01-12 17:00:00
[2018-01-12 16:00:21] Pending for incoming shutdown command...
[2018-01-12 16:00:25] Internet detected, apply NTP time to system and Witty Pi...
[2018-01-12 16:00:25] Writing system time to RTC...
[2018-01-12 16:00:26] Done :-)
[2018-01-12 16:21:47] Shutdown command is received...
[2018-01-12 16:21:47] Halting all processes and then shutdown Raspberry Pi...
[2018-01-12 16:21:54] Witty Pi daemon (v2.56) is started.
[2018-01-12 16:21:56] Synchronizing time between system and Witty Pi...
[2018-01-12 16:21:57] Writing RTC time to system...
[2018-01-12 17:00:14] Done :-)
[2018-01-12 17:00:18] Schedule next shutdown at: 2018-01-12 17:15:00
[2018-01-12 17:00:18] Schedule next startup at: 2018-01-12 18:00:00
[2018-01-12 17:00:20] Pending for incoming shutdown command...
[2018-01-12 17:00:24] Internet detected, apply NTP time to system and Witty Pi...
[2018-01-12 17:00:24] Writing system time to RTC...
[2018-01-12 17:00:25] Done :-)
[2018-01-12 17:21:48] Shutdown command is received...
[2018-01-12 17:21:48] Halting all processes and then shutdown Raspberry Pi...
[2018-01-12 17:21:54] Witty Pi daemon (v2.56) is started.
[2018-01-12 17:21:56] Synchronizing time between system and Witty Pi...
[2018-01-12 17:21:57] Writing RTC time to system...
[2018-01-12 18:00:14] Done :-)
[2018-01-12 18:00:18] Schedule next shutdown at: 2018-01-12 18:15:00
[2018-01-12 18:00:18] Schedule next startup at: 2018-01-12 19:00:00
[2018-01-12 18:00:20] Pending for incoming shutdown command...
[2018-01-12 18:00:24] Internet detected, apply NTP time to system and Witty Pi...
[2018-01-12 18:00:24] Writing system time to RTC...
[2018-01-12 18:00:25] Done :-)
[2018-01-12 18:21:48] Shutdown command is received...
[2018-01-12 18:21:48] Halting all processes and then shutdown Raspberry Pi...
[2018-01-12 18:21:55] Witty Pi daemon (v2.56) is started.
[2018-01-12 18:21:57] Synchronizing time between system and Witty Pi...
[2018-01-12 18:21:58] Writing RTC time to system...
[2018-01-12 19:00:14] Done :-)
[2018-01-12 19:00:18] Schedule next shutdown at: 2018-01-12 19:15:00
[2018-01-12 19:00:18] Schedule next startup at: 2018-01-13 07:00:00
[2018-01-12 19:00:20] Pending for incoming shutdown command...
[2018-01-12 19:00:24] Internet detected, apply NTP time to system and Witty Pi...
[2018-01-12 19:00:24] Writing system time to RTC...
[2018-01-12 19:00:25] Done :-)
[2018-01-12 19:21:49] Shutdown command is received...
[2018-01-12 19:21:49] Halting all processes and then shutdown Raspberry Pi...
[2018-01-12 19:21:55] Witty Pi daemon (v2.56) is started.
[2018-01-12 19:21:58] Synchronizing time between system and Witty Pi...
[2018-01-12 19:21:58] Writing RTC time to system...
[2018-01-13 07:00:14] Done :-)
[2018-01-13 07:00:18] Schedule next shutdown at: 2018-01-13 07:15:00
[2018-01-13 07:00:18] Schedule next startup at: 2018-01-13 08:00:00
[2018-01-13 07:00:20] Pending for incoming shutdown command...
[2018-01-13 07:00:24] Internet detected, apply NTP time to system and Witty Pi...
[2018-01-13 07:00:24] Writing system time to RTC...
[2018-01-13 07:00:25] Done :-)
[2018-01-13 07:21:49] Shutdown command is received...
[2018-01-13 07:21:49] Halting all processes and then shutdown Raspberry Pi...
[2018-01-13 07:21:56] Witty Pi daemon (v2.56) is started.
[2018-01-13 07:21:58] Synchronizing time between system and Witty Pi...
[2018-01-13 07:21:59] Writing RTC time to system...
[2018-01-13 08:00:14] Done :-)
[2018-01-13 08:00:17] Schedule next shutdown at: 2018-01-13 08:15:00
[2018-01-13 08:00:18] Schedule next startup at: 2018-01-13 09:00:00
[2018-01-13 08:00:20] Pending for incoming shutdown command...
[2018-01-13 08:00:24] Internet detected, apply NTP time to system and Witty Pi...
[2018-01-13 08:00:24] Writing system time to RTC...
[2018-01-13 08:00:25] Done :-)
[2018-01-13 08:21:49] Shutdown command is received...
[2018-01-13 08:21:50] Halting all processes and then shutdown Raspberry Pi...
[2018-01-13 08:21:56] Witty Pi daemon (v2.56) is started.
[2018-01-13 08:21:58] Synchronizing time between system and Witty Pi...
[2018-01-13 08:21:59] Writing RTC time to system...
[2018-01-13 09:00:14] Done :-)
[2018-01-13 09:00:17] Schedule next shutdown at: 2018-01-13 09:15:00
[2018-01-13 09:00:18] Schedule next startup at: 2018-01-13 10:00:00
[2018-01-13 09:00:20] Pending for incoming shutdown command...
[2018-01-13 09:00:24] Internet detected, apply NTP time to system and Witty Pi...
[2018-01-13 09:00:24] Writing system time to RTC...
[2018-01-13 09:00:25] Done :-)
[2018-01-13 09:21:50] Shutdown command is received...
[2018-01-13 09:21:50] Halting all processes and then shutdown Raspberry Pi...
[2018-01-13 09:21:56] Witty Pi daemon (v2.56) is started.
[2018-01-13 09:21:59] Synchronizing time between system and Witty Pi...
[2018-01-13 09:21:59] Writing RTC time to system...
[2018-01-13 10:00:14] Done :-)
[2018-01-13 10:00:17] Schedule next shutdown at: 2018-01-13 10:15:00
[2018-01-13 10:00:18] Schedule next startup at: 2018-01-13 11:00:00
[2018-01-13 10:00:20] Pending for incoming shutdown command...
[2018-01-13 10:00:24] Internet detected, apply NTP time to system and Witty Pi...
[2018-01-13 10:00:24] Writing system time to RTC...
[2018-01-13 10:00:25] Done :-)
[2018-01-13 10:21:50] Shutdown command is received...
[2018-01-13 10:21:51] Halting all processes and then shutdown Raspberry Pi...
[2018-01-13 10:21:57] Witty Pi daemon (v2.56) is started.
[2018-01-13 10:22:00] Synchronizing time between system and Witty Pi...
[2018-01-13 10:22:00] Writing RTC time to system...
[2018-01-13 11:00:14] Done :-)
[2018-01-13 11:00:17] Schedule next shutdown at: 2018-01-13 11:15:00
[2018-01-13 11:00:18] Schedule next startup at: 2018-01-13 12:00:00
[2018-01-13 11:00:20] Pending for incoming shutdown command...
[2018-01-13 11:00:24] Internet detected, apply NTP time to system and Witty Pi...
[2018-01-13 11:00:24] Writing system time to RTC...
[2018-01-13 11:00:25] Done :-)
[2018-01-13 11:21:51] Shutdown command is received...
[2018-01-13 11:21:51] Halting all processes and then shutdown Raspberry Pi...
[2018-01-13 11:21:58] Witty Pi daemon (v2.56) is started.
[2018-01-13 11:22:00] Synchronizing time between system and Witty Pi...
[2018-01-13 11:22:01] Writing RTC time to system...
[2018-01-13 12:00:14] Done :-)
[2018-01-13 12:00:17] Schedule next shutdown at: 2018-01-13 12:15:00
[2018-01-13 12:00:18] Schedule next startup at: 2018-01-13 13:00:00
[2018-01-13 12:00:20] Pending for incoming shutdown command...
[2018-01-13 12:00:24] Internet detected, apply NTP time to system and Witty Pi...
[2018-01-13 12:00:24] Writing system time to RTC...
[2018-01-13 12:00:25] Done :-)
[2018-01-13 12:21:51] Shutdown command is received...
[2018-01-13 12:21:52] Halting all processes and then shutdown Raspberry Pi...
[2018-01-13 12:21:58] Witty Pi daemon (v2.56) is started.
[2018-01-13 12:22:00] Synchronizing time between system and Witty Pi...
[2018-01-13 12:22:01] Writing RTC time to system...
[2018-01-13 13:00:14] Done :-)
[2018-01-13 13:00:18] Schedule next shutdown at: 2018-01-13 13:15:00
[2018-01-13 13:00:18] Schedule next startup at: 2018-01-13 14:00:00
[2018-01-13 13:00:20] Pending for incoming shutdown command...
[2018-01-13 13:00:24] Internet detected, apply NTP time to system and Witty Pi...
[2018-01-13 13:00:24] Writing system time to RTC...
[2018-01-13 13:00:25] Done :-)
[2018-01-13 13:21:52] Shutdown command is received...
[2018-01-13 13:21:52] Halting all processes and then shutdown Raspberry Pi...
[2018-01-13 13:21:59] Witty Pi daemon (v2.56) is started.
[2018-01-13 13:22:01] Synchronizing time between system and Witty Pi...
[2018-01-13 13:22:01] Writing RTC time to system...
[2018-01-13 14:00:14] Done :-)
[2018-01-13 14:00:17] Schedule next shutdown at: 2018-01-13 14:15:00
[2018-01-13 14:00:18] Schedule next startup at: 2018-01-13 15:00:00
[2018-01-13 14:00:20] Pending for incoming shutdown command...
[2018-01-13 14:00:24] Internet detected, apply NTP time to system and Witty Pi...
[2018-01-13 14:00:24] Writing system time to RTC...
[2018-01-13 14:00:25] Done :-)
[2018-01-13 14:21:52] Shutdown command is received...
[2018-01-13 14:21:53] Halting all processes and then shutdown Raspberry Pi...
[2018-01-13 14:21:59] Witty Pi daemon (v2.56) is started.
[2018-01-13 14:22:01] Synchronizing time between system and Witty Pi...
[2018-01-13 14:22:02] Writing RTC time to system...
[2018-01-13 15:00:14] Done :-)
[2018-01-13 15:00:17] Schedule next shutdown at: 2018-01-13 15:15:00
[2018-01-13 15:00:18] Schedule next startup at: 2018-01-13 16:00:00
[2018-01-13 15:00:20] Pending for incoming shutdown command...
[2018-01-13 15:00:24] Internet detected, apply NTP time to system and Witty Pi...
[2018-01-13 15:00:24] Writing system time to RTC...
[2018-01-13 15:00:25] Done :-)
[2018-01-13 15:21:53] Shutdown command is received...
[2018-01-13 15:21:53] Halting all processes and then shutdown Raspberry Pi...
[2018-01-13 15:22:00] Witty Pi daemon (v2.56) is started.
[2018-01-13 15:22:03] Synchronizing time between system and Witty Pi...
[2018-01-13 15:22:04] Writing RTC time to system...
[2018-01-13 16:00:15] Done :-)
[2018-01-13 16:00:19] Schedule next shutdown at: 2018-01-13 16:15:00
[2018-01-13 16:00:19] Schedule next startup at: 2018-01-13 17:00:00
[2018-01-13 16:00:21] Pending for incoming shutdown command...
[2018-01-13 16:00:25] Internet detected, apply NTP time to system and Witty Pi...
[2018-01-13 16:00:25] Writing system time to RTC...
[2018-01-13 16:00:26] Done :-)
[2018-01-13 16:21:53] Shutdown command is received...
[2018-01-13 16:21:54] Halting all processes and then shutdown Raspberry Pi...
[2018-01-13 16:22:00] Witty Pi daemon (v2.56) is started.
[2018-01-13 16:22:02] Synchronizing time between system and Witty Pi...
[2018-01-13 16:22:03] Writing RTC time to system...
[2018-01-13 17:00:14] Done :-)
[2018-01-13 17:00:18] Schedule next shutdown at: 2018-01-13 17:15:00
[2018-01-13 17:00:18] Schedule next startup at: 2018-01-13 18:00:00
[2018-01-13 17:00:20] Pending for incoming shutdown command...
[2018-01-13 17:00:24] Internet detected, apply NTP time to system and Witty Pi...
[2018-01-13 17:00:24] Writing system time to RTC...
[2018-01-13 17:00:25] Done :-)
[2018-01-13 17:21:54] Shutdown command is received...
[2018-01-13 17:21:54] Halting all processes and then shutdown Raspberry Pi...
[2018-01-13 17:22:00] Witty Pi daemon (v2.56) is started.
[2018-01-13 17:22:03] Synchronizing time between system and Witty Pi...
[2018-01-13 17:22:03] Writing RTC time to system...
[2018-01-13 18:00:14] Done :-)
[2018-01-13 18:00:18] Schedule next shutdown at: 2018-01-13 18:15:00
[2018-01-13 18:00:18] Schedule next startup at: 2018-01-13 19:00:00
[2018-01-13 18:00:20] Pending for incoming shutdown command...
[2018-01-13 18:00:24] Internet detected, apply NTP time to system and Witty Pi...
[2018-01-13 18:00:24] Writing system time to RTC...
[2018-01-13 18:00:25] Done :-)
[2018-01-13 18:21:54] Shutdown command is received...
[2018-01-13 18:21:55] Halting all processes and then shutdown Raspberry Pi...
[2018-01-13 18:22:01] Witty Pi daemon (v2.56) is started.
[2018-01-13 18:22:04] Synchronizing time between system and Witty Pi...
[2018-01-13 18:22:04] Writing RTC time to system...
[2018-01-13 19:00:14] Done :-)
[2018-01-13 19:00:18] Schedule next shutdown at: 2018-01-13 19:15:00
[2018-01-13 19:00:18] Schedule next startup at: 2018-01-14 07:00:00
[2018-01-13 19:00:20] Pending for incoming shutdown command...
[2018-01-13 19:00:24] Internet detected, apply NTP time to system and Witty Pi...
[2018-01-13 19:00:24] Writing system time to RTC...
[2018-01-13 19:00:25] Done :-)
[2018-01-13 19:21:55] Shutdown command is received...
[2018-01-13 19:21:55] Halting all processes and then shutdown Raspberry Pi...
[2018-01-13 19:22:01] Witty Pi daemon (v2.56) is started.
[2018-01-13 19:22:04] Synchronizing time between system and Witty Pi...
[2018-01-13 19:22:04] Writing RTC time to system...
[2018-01-14 07:00:14] Done :-)
[2018-01-14 07:00:18] Schedule next shutdown at: 2018-01-14 07:15:00
[2018-01-14 07:00:18] Schedule next startup at: 2018-01-14 08:00:00
[2018-01-14 07:00:20] Pending for incoming shutdown command...
[2018-01-14 07:00:24] Internet detected, apply NTP time to system and Witty Pi...
[2018-01-14 07:00:24] Writing system time to RTC...
[2018-01-14 07:00:25] Done :-)
[2018-01-14 07:21:55] Shutdown command is received...
[2018-01-14 07:21:56] Halting all processes and then shutdown Raspberry Pi...
[2018-01-14 07:22:03] Witty Pi daemon (v2.56) is started.
[2018-01-14 07:22:05] Synchronizing time between system and Witty Pi...
[2018-01-14 07:22:06] Writing RTC time to system...
[2018-01-14 08:00:15] Done :-)
[2018-01-14 08:00:19] Schedule next shutdown at: 2018-01-14 08:15:00
[2018-01-14 08:00:19] Schedule next startup at: 2018-01-14 09:00:00
[2018-01-14 08:00:21] Pending for incoming shutdown command...
[2018-01-14 08:00:25] Internet detected, apply NTP time to system and Witty Pi...
[2018-01-14 08:00:25] Writing system time to RTC...
[2018-01-14 08:00:26] Done :-)
[2018-01-14 08:21:56] Shutdown command is received...
[2018-01-14 08:21:56] Halting all processes and then shutdown Raspberry Pi...
[2018-01-14 08:22:03] Witty Pi daemon (v2.56) is started.
[2018-01-14 08:22:05] Synchronizing time between system and Witty Pi...
[2018-01-14 08:22:06] Writing RTC time to system...
[2018-01-14 09:00:15] Done :-)
[2018-01-14 09:00:19] Schedule next shutdown at: 2018-01-14 09:15:00
[2018-01-14 09:00:19] Schedule next startup at: 2018-01-14 10:00:00
[2018-01-14 09:00:21] Pending for incoming shutdown command...
[2018-01-14 09:00:25] Internet detected, apply NTP time to system and Witty Pi...
[2018-01-14 09:00:25] Writing system time to RTC...
[2018-01-14 09:00:26] Done :-)
[2018-01-14 09:21:56] Shutdown command is received...
[2018-01-14 09:21:57] Halting all processes and then shutdown Raspberry Pi...
[2018-01-14 09:22:03] Witty Pi daemon (v2.56) is started.
[2018-01-14 09:22:05] Synchronizing time between system and Witty Pi...
[2018-01-14 09:22:06] Writing RTC time to system...
[2018-01-14 10:00:14] Done :-)
[2018-01-14 10:00:17] Schedule next shutdown at: 2018-01-14 10:15:00
[2018-01-14 10:00:18] Schedule next startup at: 2018-01-14 11:00:00
[2018-01-14 10:00:20] Pending for incoming shutdown command...
[2018-01-14 10:00:24] Internet detected, apply NTP time to system and Witty Pi...
[2018-01-14 10:00:24] Writing system time to RTC...
[2018-01-14 10:00:25] Done :-)
[2018-01-14 10:21:57] Shutdown command is received...
[2018-01-14 10:21:57] Halting all processes and then shutdown Raspberry Pi...
[2018-01-14 10:22:03] Witty Pi daemon (v2.56) is started.
[2018-01-14 10:22:06] Synchronizing time between system and Witty Pi...
[2018-01-14 10:22:06] Writing RTC time to system...
[2018-01-14 11:00:14] Done :-)
[2018-01-14 11:00:17] Schedule next shutdown at: 2018-01-14 11:15:00
[2018-01-14 11:00:18] Schedule next startup at: 2018-01-14 12:00:00
[2018-01-14 11:00:20] Pending for incoming shutdown command...
[2018-01-14 11:00:24] Internet detected, apply NTP time to system and Witty Pi...
[2018-01-14 11:00:24] Writing system time to RTC...
[2018-01-14 11:00:25] Done :-)
[2018-01-14 11:21:57] Shutdown command is received...
[2018-01-14 11:21:58] Halting all processes and then shutdown Raspberry Pi...
[2018-01-14 11:22:05] Witty Pi daemon (v2.56) is started.
[2018-01-14 11:22:07] Synchronizing time between system and Witty Pi...
[2018-01-14 11:22:08] Writing RTC time to system...
[2018-01-14 12:00:15] Done :-)
[2018-01-14 12:00:19] Schedule next shutdown at: 2018-01-14 12:15:00
[2018-01-14 12:00:19] Schedule next startup at: 2018-01-14 13:00:00
[2018-01-14 12:00:21] Pending for incoming shutdown command...
[2018-01-14 12:00:25] Internet detected, apply NTP time to system and Witty Pi...
[2018-01-14 12:00:25] Writing system time to RTC...
[2018-01-14 12:00:26] Done :-)
[2018-01-14 12:21:58] Shutdown command is received...
[2018-01-14 12:21:58] Halting all processes and then shutdown Raspberry Pi...
[2018-01-14 12:22:05] Witty Pi daemon (v2.56) is started.
[2018-01-14 12:22:07] Synchronizing time between system and Witty Pi...
[2018-01-14 12:22:08] Writing RTC time to system...
[2018-01-14 13:00:15] Done :-)
[2018-01-14 13:00:19] Schedule next shutdown at: 2018-01-14 13:15:00
[2018-01-14 13:00:19] Schedule next startup at: 2018-01-14 14:00:00
[2018-01-14 13:00:21] Pending for incoming shutdown command...
[2018-01-14 13:00:25] Internet detected, apply NTP time to system and Witty Pi...
[2018-01-14 13:00:25] Writing system time to RTC...
[2018-01-14 13:00:26] Done :-)
[2018-01-14 13:21:58] Shutdown command is received...
[2018-01-14 13:21:59] Halting all processes and then shutdown Raspberry Pi...
[2018-01-14 13:22:05] Witty Pi daemon (v2.56) is started.
[2018-01-14 13:22:07] Synchronizing time between system and Witty Pi...
[2018-01-14 13:22:08] Writing RTC time to system...
[2018-01-14 14:00:14] Done :-)
[2018-01-14 14:00:17] Schedule next shutdown at: 2018-01-14 14:15:00
[2018-01-14 14:00:18] Schedule next startup at: 2018-01-14 15:00:00
[2018-01-14 14:00:20] Pending for incoming shutdown command...
[2018-01-14 14:00:24] Internet detected, apply NTP time to system and Witty Pi...
[2018-01-14 14:00:24] Writing system time to RTC...
[2018-01-14 14:00:25] Done :-)
[2018-01-14 14:21:59] Shutdown command is received...
[2018-01-14 14:21:59] Halting all processes and then shutdown Raspberry Pi...
[2018-01-14 14:22:06] Witty Pi daemon (v2.56) is started.
[2018-01-14 14:22:08] Synchronizing time between system and Witty Pi...
[2018-01-14 14:22:08] Writing RTC time to system...
[2018-01-14 15:00:14] Done :-)
[2018-01-14 15:00:18] Schedule next shutdown at: 2018-01-14 15:15:00
[2018-01-14 15:00:18] Schedule next startup at: 2018-01-14 16:00:00
[2018-01-14 15:00:20] Pending for incoming shutdown command...
[2018-01-14 15:00:24] Internet detected, apply NTP time to system and Witty Pi...
[2018-01-14 15:00:24] Writing system time to RTC...
[2018-01-14 15:00:25] Done :-)
[2018-01-14 15:21:59] Shutdown command is received...
[2018-01-14 15:22:00] Halting all processes and then shutdown Raspberry Pi...
[2018-01-14 15:22:06] Witty Pi daemon (v2.56) is started.
[2018-01-14 15:22:09] Synchronizing time between system and Witty Pi...
[2018-01-14 15:22:10] Writing RTC time to system...
[2018-01-14 16:00:15] Done :-)
[2018-01-14 16:00:19] Schedule next shutdown at: 2018-01-14 16:15:00
[2018-01-14 16:00:19] Schedule next startup at: 2018-01-14 17:00:00
[2018-01-14 16:00:21] Pending for incoming shutdown command...
[2018-01-14 16:00:25] Internet detected, apply NTP time to system and Witty Pi...
[2018-01-14 16:00:25] Writing system time to RTC...
[2018-01-14 16:00:26] Done :-)
[2018-01-14 16:22:00] Shutdown command is received...
[2018-01-14 16:22:00] Halting all processes and then shutdown Raspberry Pi...
[2018-01-14 16:22:06] Witty Pi daemon (v2.56) is started.
[2018-01-14 16:22:09] Synchronizing time between system and Witty Pi...
[2018-01-14 16:22:09] Writing RTC time to system...
[2018-01-14 17:00:14] Done :-)
[2018-01-14 17:00:18] Schedule next shutdown at: 2018-01-14 17:15:00
[2018-01-14 17:00:18] Schedule next startup at: 2018-01-14 18:00:00
[2018-01-14 17:00:20] Pending for incoming shutdown command...
[2018-01-14 17:00:24] Internet detected, apply NTP time to system and Witty Pi...
[2018-01-14 17:00:24] Writing system time to RTC...
[2018-01-14 17:00:25] Done :-)
[2018-01-14 17:22:00] Shutdown command is received...
[2018-01-14 17:22:01] Halting all processes and then shutdown Raspberry Pi...
[2018-01-14 17:22:07] Witty Pi daemon (v2.56) is started.
[2018-01-14 17:22:09] Synchronizing time between system and Witty Pi...
[2018-01-14 17:22:10] Writing RTC time to system...
[2018-01-14 18:00:14] Done :-)
[2018-01-14 18:00:18] Schedule next shutdown at: 2018-01-14 18:15:00
[2018-01-14 18:00:18] Schedule next startup at: 2018-01-14 19:00:00
[2018-01-14 18:00:20] Pending for incoming shutdown command...
[2018-01-14 18:00:24] Internet detected, apply NTP time to system and Witty Pi...
[2018-01-14 18:00:24] Writing system time to RTC...
[2018-01-14 18:00:25] Done :-)
[2018-01-14 18:22:01] Shutdown command is received...
[2018-01-14 18:22:01] Halting all processes and then shutdown Raspberry Pi...
[2018-01-14 18:22:07] Witty Pi daemon (v2.56) is started.
[2018-01-14 18:22:10] Synchronizing time between system and Witty Pi...
[2018-01-14 18:22:10] Writing RTC time to system...
[2018-01-14 19:00:14] Done :-)
[2018-01-14 19:00:18] Schedule next shutdown at: 2018-01-14 19:15:00
[2018-01-14 19:00:18] Schedule next startup at: 2018-01-15 07:00:00
[2018-01-14 19:00:20] Pending for incoming shutdown command...
[2018-01-14 19:00:24] Internet detected, apply NTP time to system and Witty Pi...
[2018-01-14 19:00:24] Writing system time to RTC...
[2018-01-14 19:00:25] Done :-)
[2018-01-14 19:22:01] Shutdown command is received...
[2018-01-14 19:22:02] Halting all processes and then shutdown Raspberry Pi...
[2018-01-14 19:22:08] Witty Pi daemon (v2.56) is started.
[2018-01-14 19:22:11] Synchronizing time between system and Witty Pi...
[2018-01-14 19:22:12] Writing RTC time to system...
[2018-01-15 07:00:15] Done :-)
[2018-01-15 07:00:19] Schedule next shutdown at: 2018-01-15 07:15:00
[2018-01-15 07:00:19] Schedule next startup at: 2018-01-15 08:00:00
[2018-01-15 07:00:21] Pending for incoming shutdown command...
[2018-01-15 07:00:25] Internet detected, apply NTP time to system and Witty Pi...
[2018-01-15 07:00:25] Writing system time to RTC...
[2018-01-15 07:00:26] Done :-)
[2018-01-15 07:22:02] Shutdown command is received...
[2018-01-15 07:22:02] Halting all processes and then shutdown Raspberry Pi...
[2018-01-15 07:22:09] Witty Pi daemon (v2.56) is started.
[2018-01-15 07:22:11] Synchronizing time between system and Witty Pi...
[2018-01-15 07:22:13] Writing RTC time to system...
[2018-01-15 08:00:15] Done :-)
[2018-01-15 08:00:19] Schedule next shutdown at: 2018-01-15 08:15:00
[2018-01-15 08:00:19] Schedule next startup at: 2018-01-15 09:00:00
[2018-01-15 08:00:21] Pending for incoming shutdown command...
[2018-01-15 08:00:25] Internet detected, apply NTP time to system and Witty Pi...
[2018-01-15 08:00:25] Writing system time to RTC...
[2018-01-15 08:00:26] Done :-)
[2018-01-15 08:22:02] Shutdown command is received...
[2018-01-15 08:22:03] Halting all processes and then shutdown Raspberry Pi...
[2018-01-15 08:22:09] Witty Pi daemon (v2.56) is started.
[2018-01-15 08:22:12] Synchronizing time between system and Witty Pi...
[2018-01-15 08:22:13] Writing RTC time to system...
[2018-01-15 09:00:15] Done :-)
[2018-01-15 09:00:19] Schedule next shutdown at: 2018-01-15 09:15:00
[2018-01-15 09:00:19] Schedule next startup at: 2018-01-15 10:00:00
[2018-01-15 09:00:21] Pending for incoming shutdown command...
[2018-01-15 09:00:25] Internet detected, apply NTP time to system and Witty Pi...
[2018-01-15 09:00:25] Writing system time to RTC...
[2018-01-15 09:00:26] Done :-)
[2018-01-15 09:22:03] Shutdown command is received...
[2018-01-15 09:22:03] Halting all processes and then shutdown Raspberry Pi...
[2018-01-15 09:22:09] Witty Pi daemon (v2.56) is started.
[2018-01-15 09:22:12] Synchronizing time between system and Witty Pi...
[2018-01-15 09:22:13] Writing RTC time to system...
[2018-01-15 10:00:14] Done :-)
[2018-01-15 10:00:18] Schedule next shutdown at: 2018-01-15 10:15:00
[2018-01-15 10:00:18] Schedule next startup at: 2018-01-15 11:00:00
[2018-01-15 10:00:20] Pending for incoming shutdown command...
[2018-01-15 10:00:24] Internet detected, apply NTP time to system and Witty Pi...
[2018-01-15 10:00:24] Writing system time to RTC...
[2018-01-15 10:00:25] Done :-)
[2018-01-15 10:22:03] Shutdown command is received...
[2018-01-15 10:22:04] Halting all processes and then shutdown Raspberry Pi...
[2018-01-15 10:22:10] Witty Pi daemon (v2.56) is started.
[2018-01-15 10:22:12] Synchronizing time between system and Witty Pi...
[2018-01-15 10:22:13] Writing RTC time to system...
[2018-01-15 11:00:14] Done :-)
[2018-01-15 11:00:17] Schedule next shutdown at: 2018-01-15 11:15:00
[2018-01-15 11:00:18] Schedule next startup at: 2018-01-15 12:00:00
[2018-01-15 11:00:20] Pending for incoming shutdown command...
[2018-01-15 11:00:24] Internet detected, apply NTP time to system and Witty Pi...
[2018-01-15 11:00:24] Writing system time to RTC...
[2018-01-15 11:00:25] Done :-)
[2018-01-15 11:22:04] Shutdown command is received...
[2018-01-15 11:22:04] Halting all processes and then shutdown Raspberry Pi...
[2018-01-15 11:22:10] Witty Pi daemon (v2.56) is started.
[2018-01-15 11:22:13] Synchronizing time between system and Witty Pi...
[2018-01-15 11:22:13] Writing RTC time to system...
[2018-01-15 11:15:48] Done :-)
[2018-01-15 11:15:51] Schedule script is interrupted, revising the schedule...
[2018-01-15 11:15:51] Schedule next shutdown at: 2018-01-15 11:59:00
[2018-01-15 11:15:52] Schedule next startup at: 2018-01-15 12:00:00
[2018-01-15 11:15:54] Pending for incoming shutdown command...
[2018-01-15 11:15:58] Internet detected, apply NTP time to system and Witty Pi...
[2018-01-15 11:15:58] Writing system time to RTC...
[2018-01-15 11:15:59] Done :-)
[2018-01-15 12:06:04] Shutdown command is received...
[2018-01-15 12:06:05] Halting all processes and then shutdown Raspberry Pi...
[2018-01-15 12:06:11] Witty Pi daemon (v2.56) is started.
[2018-01-15 12:06:13] Synchronizing time between system and Witty Pi...
[2018-01-15 12:06:14] Writing RTC time to system...
[2018-01-15 12:00:14] Done :-)
[2018-01-15 12:00:17] Schedule next shutdown at: 2018-01-15 12:15:00
[2018-01-15 12:00:18] Schedule next startup at: 2018-01-15 13:00:00
[2018-01-15 12:00:20] Pending for incoming shutdown command...
[2018-01-15 12:00:24] Internet detected, apply NTP time to system and Witty Pi...
[2018-01-15 12:00:24] Writing system time to RTC...
[2018-01-15 12:00:25] Done :-)
[2018-01-15 12:22:05] Shutdown command is received...
[2018-01-15 12:22:05] Halting all processes and then shutdown Raspberry Pi...
[2018-01-15 12:22:12] Witty Pi daemon (v2.56) is started.
[2018-01-15 12:22:14] Synchronizing time between system and Witty Pi...
[2018-01-15 12:22:15] Writing RTC time to system...
[2018-01-15 13:00:15] Done :-)
[2018-01-15 13:00:19] Schedule next shutdown at: 2018-01-15 13:15:00
[2018-01-15 13:00:19] Schedule next startup at: 2018-01-15 14:00:00
[2018-01-15 13:00:21] Pending for incoming shutdown command...
[2018-01-15 13:00:25] Internet detected, apply NTP time to system and Witty Pi...
[2018-01-15 13:00:25] Writing system time to RTC...
[2018-01-15 13:00:26] Done :-)
[2018-01-15 13:22:05] Shutdown command is received...
[2018-01-15 13:22:06] Halting all processes and then shutdown Raspberry Pi...
[2018-01-15 13:22:12] Witty Pi daemon (v2.56) is started.
[2018-01-15 13:22:15] Synchronizing time between system and Witty Pi...
[2018-01-15 13:22:16] Writing RTC time to system...
[2018-01-15 14:00:15] Done :-)
[2018-01-15 14:00:19] Schedule next shutdown at: 2018-01-15 14:15:00
[2018-01-15 14:00:19] Schedule next startup at: 2018-01-15 15:00:00
[2018-01-15 14:00:21] Pending for incoming shutdown command...
[2018-01-15 14:00:25] Internet detected, apply NTP time to system and Witty Pi...
[2018-01-15 14:00:25] Writing system time to RTC...
[2018-01-15 14:00:26] Done :-)
[2018-01-15 14:22:06] Shutdown command is received...
[2018-01-15 14:22:06] Halting all processes and then shutdown Raspberry Pi...
[2018-01-15 14:22:12] Witty Pi daemon (v2.56) is started.
[2018-01-15 14:22:15] Synchronizing time between system and Witty Pi...
[2018-01-15 14:22:15] Writing RTC time to system...
[2018-01-15 15:00:14] Done :-)
[2018-01-15 15:00:18] Schedule next shutdown at: 2018-01-15 15:15:00
[2018-01-15 15:00:18] Schedule next startup at: 2018-01-15 16:00:00
[2018-01-15 15:00:20] Pending for incoming shutdown command...
[2018-01-15 15:00:24] Internet detected, apply NTP time to system and Witty Pi...
[2018-01-15 15:00:24] Writing system time to RTC...
[2018-01-15 15:00:25] Done :-)
[2018-01-15 15:22:06] Shutdown command is received...
[2018-01-15 15:22:07] Halting all processes and then shutdown Raspberry Pi...
[2018-01-15 15:22:13] Witty Pi daemon (v2.56) is started.
[2018-01-15 15:22:16] Synchronizing time between system and Witty Pi...
[2018-01-15 15:22:17] Writing RTC time to system...
[2018-01-15 16:00:15] Done :-)
[2018-01-15 16:00:19] Schedule next shutdown at: 2018-01-15 16:15:00
[2018-01-15 16:00:19] Schedule next startup at: 2018-01-15 17:00:00
[2018-01-15 16:00:21] Pending for incoming shutdown command...
[2018-01-15 16:00:25] Internet detected, apply NTP time to system and Witty Pi...
[2018-01-15 16:00:25] Writing system time to RTC...
[2018-01-15 16:00:26] Done :-)
[2018-01-15 16:22:07] Shutdown command is received...
[2018-01-15 16:22:07] Halting all processes and then shutdown Raspberry Pi...
[2018-01-15 16:22:13] Witty Pi daemon (v2.56) is started.
[2018-01-15 16:22:16] Synchronizing time between system and Witty Pi...
[2018-01-15 16:22:16] Writing RTC time to system...
[2018-01-15 17:00:14] Done :-)
[2018-01-15 17:00:18] Schedule next shutdown at: 2018-01-15 17:15:00
[2018-01-15 17:00:18] Schedule next startup at: 2018-01-15 18:00:00
[2018-01-15 17:00:20] Pending for incoming shutdown command...
[2018-01-15 17:00:24] Internet detected, apply NTP time to system and Witty Pi...
[2018-01-15 17:00:24] Writing system time to RTC...
[2018-01-15 17:00:25] Done :-)
[2018-01-15 17:22:07] Shutdown command is received...
[2018-01-15 17:22:08] Halting all processes and then shutdown Raspberry Pi...
[2018-01-15 17:22:14] Witty Pi daemon (v2.56) is started.
[2018-01-15 17:22:16] Synchronizing time between system and Witty Pi...
[2018-01-15 17:22:17] Writing RTC time to system...
[2018-01-15 18:00:14] Done :-)
[2018-01-15 18:00:18] Schedule next shutdown at: 2018-01-15 18:15:00
[2018-01-15 18:00:18] Schedule next startup at: 2018-01-15 19:00:00
[2018-01-15 18:00:20] Pending for incoming shutdown command...
[2018-01-15 18:00:24] Internet detected, apply NTP time to system and Witty Pi...
[2018-01-15 18:00:24] Writing system time to RTC...
[2018-01-15 18:00:25] Done :-)
[2018-01-15 18:22:08] Shutdown command is received...
[2018-01-15 18:22:08] Halting all processes and then shutdown Raspberry Pi...
[2018-01-15 18:22:15] Witty Pi daemon (v2.56) is started.
[2018-01-15 18:22:17] Synchronizing time between system and Witty Pi...
[2018-01-15 18:22:19] Writing RTC time to system...
[2018-01-15 19:00:15] Done :-)
[2018-01-15 19:00:19] Schedule next shutdown at: 2018-01-15 19:15:00
[2018-01-15 19:00:20] Schedule next startup at: 2018-01-16 07:00:00
[2018-01-15 19:00:21] Pending for incoming shutdown command...
[2018-01-15 19:00:25] Internet detected, apply NTP time to system and Witty Pi...
[2018-01-15 19:00:25] Writing system time to RTC...
[2018-01-15 19:00:26] Done :-)
[2018-01-15 19:22:08] Shutdown command is received...
[2018-01-15 19:22:09] Halting all processes and then shutdown Raspberry Pi...
[2018-01-15 19:22:15] Witty Pi daemon (v2.56) is started.
[2018-01-15 19:22:17] Synchronizing time between system and Witty Pi...
[2018-01-15 19:22:18] Writing RTC time to system...
[2018-01-16 07:00:14] Done :-)
[2018-01-16 07:00:17] Schedule next shutdown at: 2018-01-16 07:15:00
[2018-01-16 07:00:18] Schedule next startup at: 2018-01-16 08:00:00
[2018-01-16 07:00:20] Pending for incoming shutdown command...
[2018-01-16 07:00:24] Internet detected, apply NTP time to system and Witty Pi...
[2018-01-16 07:00:24] Writing system time to RTC...
[2018-01-16 07:00:25] Done :-)
[2018-01-16 07:22:09] Shutdown command is received...
[2018-01-16 07:22:09] Halting all processes and then shutdown Raspberry Pi...
[2018-01-16 07:22:16] Witty Pi daemon (v2.56) is started.
[2018-01-16 07:22:18] Synchronizing time between system and Witty Pi...
[2018-01-16 07:22:18] Writing RTC time to system...
[2018-01-16 08:00:14] Done :-)
[2018-01-16 08:00:17] Schedule next shutdown at: 2018-01-16 08:15:00
[2018-01-16 08:00:18] Schedule next startup at: 2018-01-16 09:00:00
[2018-01-16 08:00:20] Pending for incoming shutdown command...
[2018-01-16 08:00:24] Internet detected, apply NTP time to system and Witty Pi...
[2018-01-16 08:00:24] Writing system time to RTC...
[2018-01-16 08:00:25] Done :-)
[2018-01-16 08:22:09] Shutdown command is received...
[2018-01-16 08:22:10] Halting all processes and then shutdown Raspberry Pi...
[2018-01-16 08:22:16] Witty Pi daemon (v2.56) is started.
[2018-01-16 08:22:19] Synchronizing time between system and Witty Pi...
[2018-01-16 08:22:20] Writing RTC time to system...
[2018-01-16 09:00:15] Done :-)
[2018-01-16 09:00:19] Schedule next shutdown at: 2018-01-16 09:15:00
[2018-01-16 09:00:19] Schedule next startup at: 2018-01-16 10:00:00
[2018-01-16 09:00:21] Pending for incoming shutdown command...
[2018-01-16 09:00:25] Internet detected, apply NTP time to system and Witty Pi...
[2018-01-16 09:00:25] Writing system time to RTC...
[2018-01-16 09:00:26] Done :-)
[2018-01-16 09:22:10] Shutdown command is received...
[2018-01-16 09:22:10] Halting all processes and then shutdown Raspberry Pi...
[2018-01-16 09:22:16] Witty Pi daemon (v2.56) is started.
[2018-01-16 09:22:19] Synchronizing time between system and Witty Pi...
[2018-01-16 09:22:19] Writing RTC time to system...
[2018-01-16 10:00:14] Done :-)
[2018-01-16 10:00:18] Schedule next shutdown at: 2018-01-16 10:15:00
[2018-01-16 10:00:18] Schedule next startup at: 2018-01-16 11:00:00
[2018-01-16 10:00:20] Pending for incoming shutdown command...
[2018-01-16 10:00:24] Internet detected, apply NTP time to system and Witty Pi...
[2018-01-16 10:00:24] Writing system time to RTC...
[2018-01-16 10:00:25] Done :-)
[2018-01-16 10:22:10] Shutdown command is received...
[2018-01-16 10:22:10] Halting all processes and then shutdown Raspberry Pi...
[2018-01-16 10:22:17] Witty Pi daemon (v2.56) is started.
[2018-01-16 10:22:19] Synchronizing time between system and Witty Pi...
[2018-01-16 10:22:20] Writing RTC time to system...
[2018-01-16 11:00:14] Done :-)
[2018-01-16 11:00:17] Schedule next shutdown at: 2018-01-16 11:15:00
[2018-01-16 11:00:18] Schedule next startup at: 2018-01-16 12:00:00
[2018-01-16 11:00:20] Pending for incoming shutdown command...
[2018-01-16 11:00:24] Internet detected, apply NTP time to system and Witty Pi...
[2018-01-16 11:00:24] Writing system time to RTC...
[2018-01-16 11:00:25] Done :-)
[2018-01-16 11:22:11] Shutdown command is received...
[2018-01-16 11:22:11] Halting all processes and then shutdown Raspberry Pi...
[2018-01-16 11:22:18] Witty Pi daemon (v2.56) is started.
[2018-01-16 11:22:21] Synchronizing time between system and Witty Pi...
[2018-01-16 11:22:22] Writing RTC time to system...
[2018-01-16 12:00:15] Done :-)
[2018-01-16 12:00:19] Schedule next shutdown at: 2018-01-16 12:15:00
[2018-01-16 12:00:19] Schedule next startup at: 2018-01-16 13:00:00
[2018-01-16 12:00:21] Pending for incoming shutdown command...
[2018-01-16 12:00:25] Internet detected, apply NTP time to system and Witty Pi...
[2018-01-16 12:00:25] Writing system time to RTC...
[2018-01-16 12:00:26] Done :-)
[2018-01-16 12:22:11] Shutdown command is received...
[2018-01-16 12:22:11] Halting all processes and then shutdown Raspberry Pi...
[2018-01-16 12:22:18] Witty Pi daemon (v2.56) is started.
[2018-01-16 12:22:21] Synchronizing time between system and Witty Pi...
[2018-01-16 12:22:22] Writing RTC time to system...
[2018-01-16 13:00:15] Done :-)
[2018-01-16 13:00:19] Schedule next shutdown at: 2018-01-16 13:15:00
[2018-01-16 13:00:19] Schedule next startup at: 2018-01-16 14:00:00
[2018-01-16 13:00:21] Pending for incoming shutdown command...
[2018-01-16 13:00:25] Internet detected, apply NTP time to system and Witty Pi...
[2018-01-16 13:00:25] Writing system time to RTC...
[2018-01-16 13:00:26] Done :-)
[2018-01-16 13:22:12] Shutdown command is received...
[2018-01-16 13:22:12] Halting all processes and then shutdown Raspberry Pi...
[2018-01-16 13:22:18] Witty Pi daemon (v2.56) is started.
[2018-01-16 13:22:21] Synchronizing time between system and Witty Pi...
[2018-01-16 13:22:21] Writing RTC time to system...
[2018-01-16 14:00:14] Done :-)
[2018-01-16 14:00:17] Schedule next shutdown at: 2018-01-16 14:15:00
[2018-01-16 14:00:18] Schedule next startup at: 2018-01-16 15:00:00
[2018-01-16 14:00:20] Pending for incoming shutdown command...
[2018-01-16 14:00:24] Internet detected, apply NTP time to system and Witty Pi...
[2018-01-16 14:00:24] Writing system time to RTC...
[2018-01-16 14:00:25] Done :-)
[2018-01-16 14:22:12] Shutdown command is received...
[2018-01-16 14:22:12] Halting all processes and then shutdown Raspberry Pi...
[2018-01-16 14:22:20] Witty Pi daemon (v2.56) is started.
[2018-01-16 14:22:22] Synchronizing time between system and Witty Pi...
[2018-01-16 14:22:23] Writing RTC time to system...
[2018-01-16 15:00:15] Done :-)
[2018-01-16 15:00:19] Schedule next shutdown at: 2018-01-16 15:15:00
[2018-01-16 15:00:19] Schedule next startup at: 2018-01-16 16:00:00
[2018-01-16 15:00:21] Pending for incoming shutdown command...
[2018-01-16 15:00:25] Internet detected, apply NTP time to system and Witty Pi...
[2018-01-16 15:00:25] Writing system time to RTC...
[2018-01-16 15:00:26] Done :-)
[2018-01-16 15:22:13] Shutdown command is received...
[2018-01-16 15:22:13] Halting all processes and then shutdown Raspberry Pi...
[2018-01-16 15:22:19] Witty Pi daemon (v2.56) is started.
[2018-01-16 15:22:22] Synchronizing time between system and Witty Pi...
[2018-01-16 15:22:22] Writing RTC time to system...
[2018-01-16 16:00:14] Done :-)
[2018-01-16 16:00:17] Schedule next shutdown at: 2018-01-16 16:15:00
[2018-01-16 16:00:18] Schedule next startup at: 2018-01-16 17:00:00
[2018-01-16 16:00:20] Pending for incoming shutdown command...
[2018-01-16 16:00:24] Internet detected, apply NTP time to system and Witty Pi...
[2018-01-16 16:00:24] Writing system time to RTC...
[2018-01-16 16:00:25] Done :-)
[2018-01-16 16:22:13] Shutdown command is received...
[2018-01-16 16:22:13] Halting all processes and then shutdown Raspberry Pi...
[2018-01-16 16:22:21] Witty Pi daemon (v2.56) is started.
[2018-01-16 16:22:23] Synchronizing time between system and Witty Pi...
[2018-01-16 16:22:24] Writing RTC time to system...
[2018-01-16 17:00:15] Done :-)
[2018-01-16 17:00:19] Schedule next shutdown at: 2018-01-16 17:15:00
[2018-01-16 17:00:20] Schedule next startup at: 2018-01-16 18:00:00
[2018-01-16 17:00:21] Pending for incoming shutdown command...
[2018-01-16 17:00:25] Internet detected, apply NTP time to system and Witty Pi...
[2018-01-16 17:00:25] Writing system time to RTC...
[2018-01-16 17:00:26] Done :-)
[2018-01-16 17:22:14] Shutdown command is received...
[2018-01-16 17:22:14] Halting all processes and then shutdown Raspberry Pi...
[2018-01-16 17:22:21] Witty Pi daemon (v2.56) is started.
[2018-01-16 17:22:23] Synchronizing time between system and Witty Pi...
[2018-01-16 17:22:23] Writing RTC time to system...
[2018-01-16 18:00:14] Done :-)
[2018-01-16 18:00:17] Schedule next shutdown at: 2018-01-16 18:15:00
[2018-01-16 18:00:18] Schedule next startup at: 2018-01-16 19:00:00
[2018-01-16 18:00:20] Pending for incoming shutdown command...
[2018-01-16 18:00:24] Internet detected, apply NTP time to system and Witty Pi...
[2018-01-16 18:00:24] Writing system time to RTC...
[2018-01-16 18:00:25] Done :-)
[2018-01-16 18:22:14] Shutdown command is received...
[2018-01-16 18:22:14] Halting all processes and then shutdown Raspberry Pi...
[2018-01-16 18:22:21] Witty Pi daemon (v2.56) is started.
[2018-01-16 18:22:24] Synchronizing time between system and Witty Pi...
[2018-01-16 18:22:25] Writing RTC time to system...
[2018-01-16 19:00:15] Done :-)
[2018-01-16 19:00:19] Schedule next shutdown at: 2018-01-16 19:15:00
[2018-01-16 19:00:20] Schedule next startup at: 2018-01-17 07:00:00
[2018-01-16 19:00:21] Pending for incoming shutdown command...
[2018-01-16 19:00:25] Internet detected, apply NTP time to system and Witty Pi...
[2018-01-16 19:00:25] Writing system time to RTC...
[2018-01-16 19:00:26] Done :-)
[2018-01-16 19:22:15] Shutdown command is received...
[2018-01-16 19:22:15] Halting all processes and then shutdown Raspberry Pi...
[2018-01-16 19:22:21] Witty Pi daemon (v2.56) is started.
[2018-01-16 19:22:24] Synchronizing time between system and Witty Pi...
[2018-01-16 19:22:25] Writing RTC time to system...
[2018-01-17 07:00:14] Done :-)
[2018-01-17 07:00:18] Schedule next shutdown at: 2018-01-17 07:15:00
[2018-01-17 07:00:18] Schedule next startup at: 2018-01-17 08:00:00
[2018-01-17 07:00:20] Pending for incoming shutdown command...
[2018-01-17 07:00:24] Internet detected, apply NTP time to system and Witty Pi...
[2018-01-17 07:00:24] Writing system time to RTC...
[2018-01-17 07:00:25] Done :-)
[2018-01-17 07:22:15] Shutdown command is received...
[2018-01-17 07:22:15] Halting all processes and then shutdown Raspberry Pi...
[2018-01-17 07:22:22] Witty Pi daemon (v2.56) is started.
[2018-01-17 07:22:25] Synchronizing time between system and Witty Pi...
[2018-01-17 07:22:26] Writing RTC time to system...
[2018-01-17 08:00:15] Done :-)
[2018-01-17 08:00:19] Schedule next shutdown at: 2018-01-17 08:15:00
[2018-01-17 08:00:19] Schedule next startup at: 2018-01-17 09:00:00
[2018-01-17 08:00:21] Pending for incoming shutdown command...
[2018-01-17 08:00:25] Internet detected, apply NTP time to system and Witty Pi...
[2018-01-17 08:00:25] Writing system time to RTC...
[2018-01-17 08:00:26] Done :-)
[2018-01-17 08:22:16] Shutdown command is received...
[2018-01-17 08:22:16] Halting all processes and then shutdown Raspberry Pi...
[2018-01-17 08:22:23] Witty Pi daemon (v2.56) is started.
[2018-01-17 08:22:25] Synchronizing time between system and Witty Pi...
[2018-01-17 08:22:26] Writing RTC time to system...
[2018-01-17 09:00:15] Done :-)
[2018-01-17 09:00:19] Schedule next shutdown at: 2018-01-17 09:15:00
[2018-01-17 09:00:19] Schedule next startup at: 2018-01-17 10:00:00
[2018-01-17 09:00:21] Pending for incoming shutdown command...
[2018-01-17 09:00:25] Internet detected, apply NTP time to system and Witty Pi...
[2018-01-17 09:00:25] Writing system time to RTC...
[2018-01-17 09:00:26] Done :-)
[2018-01-17 09:22:16] Shutdown command is received...
[2018-01-17 09:22:16] Halting all processes and then shutdown Raspberry Pi...
[2018-01-17 09:22:23] Witty Pi daemon (v2.56) is started.
[2018-01-17 09:22:26] Synchronizing time between system and Witty Pi...
[2018-01-17 09:22:27] Writing RTC time to system...
[2018-01-17 10:00:15] Done :-)
[2018-01-17 10:00:19] Schedule next shutdown at: 2018-01-17 10:15:00
[2018-01-17 10:00:19] Schedule next startup at: 2018-01-17 11:00:00
[2018-01-17 10:00:21] Pending for incoming shutdown command...
[2018-01-17 10:00:25] Internet detected, apply NTP time to system and Witty Pi...
[2018-01-17 10:00:25] Writing system time to RTC...
[2018-01-17 10:00:26] Done :-)
[2018-01-17 10:22:17] Shutdown command is received...
[2018-01-17 10:22:17] Halting all processes and then shutdown Raspberry Pi...
[2018-01-17 10:22:23] Witty Pi daemon (v2.56) is started.
[2018-01-17 10:22:26] Synchronizing time between system and Witty Pi...
[2018-01-17 10:22:26] Writing RTC time to system...
[2018-01-17 11:00:14] Done :-)
[2018-01-17 11:00:17] Schedule next shutdown at: 2018-01-17 11:15:00
[2018-01-17 11:00:18] Schedule next startup at: 2018-01-17 12:00:00
[2018-01-17 11:00:20] Pending for incoming shutdown command...
[2018-01-17 11:00:24] Internet detected, apply NTP time to system and Witty Pi...
[2018-01-17 11:00:24] Writing system time to RTC...
[2018-01-17 11:00:25] Done :-)
[2018-01-17 11:22:17] Shutdown command is received...
[2018-01-17 11:22:17] Halting all processes and then shutdown Raspberry Pi...
[2018-01-17 11:22:24] Witty Pi daemon (v2.56) is started.
[2018-01-17 11:22:26] Synchronizing time between system and Witty Pi...
[2018-01-17 11:22:27] Writing RTC time to system...
[2018-01-17 12:00:14] Done :-)
[2018-01-17 12:00:17] Schedule next shutdown at: 2018-01-17 12:15:00
[2018-01-17 12:00:18] Schedule next startup at: 2018-01-17 13:00:00
[2018-01-17 12:00:20] Pending for incoming shutdown command...
[2018-01-17 12:00:24] Internet detected, apply NTP time to system and Witty Pi...
[2018-01-17 12:00:24] Writing system time to RTC...
[2018-01-17 12:00:25] Done :-)
[2018-01-17 12:22:18] Shutdown command is received...
[2018-01-17 12:22:18] Halting all processes and then shutdown Raspberry Pi...
[2018-01-17 12:22:24] Witty Pi daemon (v2.56) is started.
[2018-01-17 12:22:27] Synchronizing time between system and Witty Pi...
[2018-01-17 12:22:27] Writing RTC time to system...
[2018-01-17 13:00:14] Done :-)
[2018-01-17 13:00:17] Schedule next shutdown at: 2018-01-17 13:15:00
[2018-01-17 13:00:18] Schedule next startup at: 2018-01-17 14:00:00
[2018-01-17 13:00:20] Pending for incoming shutdown command...
[2018-01-17 13:00:24] Internet detected, apply NTP time to system and Witty Pi...
[2018-01-17 13:00:24] Writing system time to RTC...
[2018-01-17 13:00:25] Done :-)
[2018-01-17 13:22:18] Shutdown command is received...
[2018-01-17 13:22:18] Halting all processes and then shutdown Raspberry Pi...
[2018-01-17 13:22:25] Witty Pi daemon (v2.56) is started.
[2018-01-17 13:22:28] Synchronizing time between system and Witty Pi...
[2018-01-17 13:22:29] Writing RTC time to system...
[2018-01-17 14:00:15] Done :-)
[2018-01-17 14:00:19] Schedule next shutdown at: 2018-01-17 14:15:00
[2018-01-17 14:00:19] Schedule next startup at: 2018-01-17 15:00:00
[2018-01-17 14:00:21] Pending for incoming shutdown command...
[2018-01-17 14:00:25] Internet detected, apply NTP time to system and Witty Pi...
[2018-01-17 14:00:25] Writing system time to RTC...
[2018-01-17 14:00:26] Done :-)
[2018-01-17 14:22:19] Shutdown command is received...
[2018-01-17 14:22:19] Halting all processes and then shutdown Raspberry Pi...
[2018-01-17 14:22:26] Witty Pi daemon (v2.56) is started.
[2018-01-17 14:22:28] Synchronizing time between system and Witty Pi...
[2018-01-17 14:22:28] Writing RTC time to system...
[2018-01-17 15:00:14] Done :-)
[2018-01-17 15:00:18] Schedule next shutdown at: 2018-01-17 15:15:00
[2018-01-17 15:00:18] Schedule next startup at: 2018-01-17 16:00:00
[2018-01-17 15:00:20] Pending for incoming shutdown command...
[2018-01-17 15:00:24] Internet detected, apply NTP time to system and Witty Pi...
[2018-01-17 15:00:24] Writing system time to RTC...
[2018-01-17 15:00:25] Done :-)
[2018-01-17 15:22:19] Shutdown command is received...
[2018-01-17 15:22:19] Halting all processes and then shutdown Raspberry Pi...
[2018-01-17 15:22:26] Witty Pi daemon (v2.56) is started.
[2018-01-17 15:22:29] Synchronizing time between system and Witty Pi...
[2018-01-17 15:22:30] Writing RTC time to system...
[2018-01-17 16:00:15] Done :-)
[2018-01-17 16:00:19] Schedule next shutdown at: 2018-01-17 16:15:00
[2018-01-17 16:00:19] Schedule next startup at: 2018-01-17 17:00:00
[2018-01-17 16:00:21] Pending for incoming shutdown command...
[2018-01-17 16:00:25] Internet detected, apply NTP time to system and Witty Pi...
[2018-01-17 16:00:25] Writing system time to RTC...
[2018-01-17 16:00:26] Done :-)
[2018-01-17 16:22:20] Shutdown command is received...
[2018-01-17 16:22:20] Halting all processes and then shutdown Raspberry Pi...
[2018-01-17 16:22:27] Witty Pi daemon (v2.56) is started.
[2018-01-17 16:22:29] Synchronizing time between system and Witty Pi...
[2018-01-17 16:22:30] Writing RTC time to system...
[2018-01-17 17:00:15] Done :-)
[2018-01-17 17:00:19] Schedule next shutdown at: 2018-01-17 17:15:00
[2018-01-17 17:00:19] Schedule next startup at: 2018-01-17 18:00:00
[2018-01-17 17:00:21] Pending for incoming shutdown command...
[2018-01-17 17:00:25] Internet detected, apply NTP time to system and Witty Pi...
[2018-01-17 17:00:25] Writing system time to RTC...
[2018-01-17 17:00:26] Done :-)
[2018-01-17 17:22:20] Shutdown command is received...
[2018-01-17 17:22:20] Halting all processes and then shutdown Raspberry Pi...
[2018-01-17 17:22:27] Witty Pi daemon (v2.56) is started.
[2018-01-17 17:22:29] Synchronizing time between system and Witty Pi...
[2018-01-17 17:22:30] Writing RTC time to system...
[2018-01-17 18:00:14] Done :-)
[2018-01-17 18:00:18] Schedule next shutdown at: 2018-01-17 18:15:00
[2018-01-17 18:00:18] Schedule next startup at: 2018-01-17 19:00:00
[2018-01-17 18:00:20] Pending for incoming shutdown command...
[2018-01-17 18:00:24] Internet detected, apply NTP time to system and Witty Pi...
[2018-01-17 18:00:24] Writing system time to RTC...
[2018-01-17 18:00:25] Done :-)
[2018-01-17 18:22:21] Shutdown command is received...
[2018-01-17 18:22:21] Halting all processes and then shutdown Raspberry Pi...
[2018-01-17 18:22:27] Witty Pi daemon (v2.56) is started.
[2018-01-17 18:22:30] Synchronizing time between system and Witty Pi...
[2018-01-17 18:22:30] Writing RTC time to system...
[2018-01-17 19:00:14] Done :-)
[2018-01-17 19:00:17] Schedule next shutdown at: 2018-01-17 19:15:00
[2018-01-17 19:00:18] Schedule next startup at: 2018-01-18 07:00:00
[2018-01-17 19:00:20] Pending for incoming shutdown command...
[2018-01-17 19:00:24] Internet detected, apply NTP time to system and Witty Pi...
[2018-01-17 19:00:24] Writing system time to RTC...
[2018-01-17 19:00:25] Done :-)
[2018-01-17 19:22:21] Shutdown command is received...
[2018-01-17 19:22:21] Halting all processes and then shutdown Raspberry Pi...
[2018-01-17 19:22:28] Witty Pi daemon (v2.56) is started.
[2018-01-17 19:22:30] Synchronizing time between system and Witty Pi...
[2018-01-17 19:22:31] Writing RTC time to system...
[2018-01-18 07:00:14] Done :-)
[2018-01-18 07:00:18] Schedule next shutdown at: 2018-01-18 07:15:00
[2018-01-18 07:00:18] Schedule next startup at: 2018-01-18 08:00:00
[2018-01-18 07:00:20] Pending for incoming shutdown command...
[2018-01-18 07:00:24] Internet detected, apply NTP time to system and Witty Pi...
[2018-01-18 07:00:24] Writing system time to RTC...
[2018-01-18 07:00:25] Done :-)
[2018-01-18 07:22:22] Shutdown command is received...
[2018-01-18 07:22:22] Halting all processes and then shutdown Raspberry Pi...
[2018-01-18 07:22:28] Witty Pi daemon (v2.56) is started.
[2018-01-18 07:22:31] Synchronizing time between system and Witty Pi...
[2018-01-18 07:22:31] Writing RTC time to system...
[2018-01-18 08:00:14] Done :-)
[2018-01-18 08:00:17] Schedule next shutdown at: 2018-01-18 08:15:00
[2018-01-18 08:00:18] Schedule next startup at: 2018-01-18 09:00:00
[2018-01-18 08:00:20] Pending for incoming shutdown command...
[2018-01-18 08:00:24] Internet detected, apply NTP time to system and Witty Pi...
[2018-01-18 08:00:24] Writing system time to RTC...
[2018-01-18 08:00:25] Done :-)
[2018-01-18 08:22:22] Shutdown command is received...
[2018-01-18 08:22:22] Halting all processes and then shutdown Raspberry Pi...
[2018-01-18 08:22:29] Witty Pi daemon (v2.56) is started.
[2018-01-18 08:22:31] Synchronizing time between system and Witty Pi...
[2018-01-18 08:22:32] Writing RTC time to system...
[2018-01-18 09:00:14] Done :-)
[2018-01-18 09:00:17] Schedule next shutdown at: 2018-01-18 09:15:00
[2018-01-18 09:00:18] Schedule next startup at: 2018-01-18 10:00:00
[2018-01-18 09:00:20] Pending for incoming shutdown command...
[2018-01-18 09:00:24] Internet detected, apply NTP time to system and Witty Pi...
[2018-01-18 09:00:24] Writing system time to RTC...
[2018-01-18 09:00:25] Done :-)
[2018-01-18 09:22:23] Shutdown command is received...
[2018-01-18 09:22:23] Halting all processes and then shutdown Raspberry Pi...
[2018-01-18 09:22:30] Witty Pi daemon (v2.56) is started.
[2018-01-18 09:22:32] Synchronizing time between system and Witty Pi...
[2018-01-18 09:22:33] Writing RTC time to system...
[2018-01-18 10:00:15] Done :-)
[2018-01-18 10:00:19] Schedule next shutdown at: 2018-01-18 10:15:00
[2018-01-18 10:00:19] Schedule next startup at: 2018-01-18 11:00:00
[2018-01-18 10:00:21] Pending for incoming shutdown command...
[2018-01-18 10:00:25] Internet detected, apply NTP time to system and Witty Pi...
[2018-01-18 10:00:25] Writing system time to RTC...
[2018-01-18 10:00:26] Done :-)
[2018-01-18 10:22:23] Shutdown command is received...
[2018-01-18 10:22:23] Halting all processes and then shutdown Raspberry Pi...
[2018-01-18 10:22:30] Witty Pi daemon (v2.56) is started.
[2018-01-18 10:22:33] Synchronizing time between system and Witty Pi...
[2018-01-18 10:22:34] Writing RTC time to system...
[2018-01-18 11:00:15] Done :-)
[2018-01-18 11:00:19] Schedule next shutdown at: 2018-01-18 11:15:00
[2018-01-18 11:00:19] Schedule next startup at: 2018-01-18 12:00:00
[2018-01-18 11:00:21] Pending for incoming shutdown command...
[2018-01-18 11:00:25] Internet detected, apply NTP time to system and Witty Pi...
[2018-01-18 11:00:25] Writing system time to RTC...
[2018-01-18 11:00:26] Done :-)
[2018-01-18 11:22:24] Shutdown command is received...
[2018-01-18 11:22:24] Halting all processes and then shutdown Raspberry Pi...
[2018-01-18 11:22:30] Witty Pi daemon (v2.56) is started.
[2018-01-18 11:22:33] Synchronizing time between system and Witty Pi...
[2018-01-18 11:22:33] Writing RTC time to system...
[2018-01-18 12:00:14] Done :-)
[2018-01-18 12:00:17] Schedule next shutdown at: 2018-01-18 12:15:00
[2018-01-18 12:00:18] Schedule next startup at: 2018-01-18 13:00:00
[2018-01-18 12:00:20] Pending for incoming shutdown command...
[2018-01-18 12:00:24] Internet detected, apply NTP time to system and Witty Pi...
[2018-01-18 12:00:24] Writing system time to RTC...
[2018-01-18 12:00:25] Done :-)
[2018-01-18 12:22:24] Shutdown command is received...
[2018-01-18 12:22:24] Halting all processes and then shutdown Raspberry Pi...
[2018-01-18 12:22:31] Witty Pi daemon (v2.56) is started.
[2018-01-18 12:22:33] Synchronizing time between system and Witty Pi...
[2018-01-18 12:22:34] Writing RTC time to system...
[2018-01-18 13:00:14] Done :-)
[2018-01-18 13:00:17] Schedule next shutdown at: 2018-01-18 13:15:00
[2018-01-18 13:00:18] Schedule next startup at: 2018-01-18 14:00:00
[2018-01-18 13:00:20] Pending for incoming shutdown command...
[2018-01-18 13:00:24] Internet detected, apply NTP time to system and Witty Pi...
[2018-01-18 13:00:24] Writing system time to RTC...
[2018-01-18 13:00:25] Done :-)
[2018-01-18 13:22:25] Shutdown command is received...
[2018-01-18 13:22:25] Halting all processes and then shutdown Raspberry Pi...
[2018-01-18 13:22:31] Witty Pi daemon (v2.56) is started.
[2018-01-18 13:22:33] Synchronizing time between system and Witty Pi...
[2018-01-18 13:22:34] Writing RTC time to system...
[2018-01-18 14:00:14] Done :-)
[2018-01-18 14:00:17] Schedule next shutdown at: 2018-01-18 14:15:00
[2018-01-18 14:00:18] Schedule next startup at: 2018-01-18 15:00:00
[2018-01-18 14:00:20] Pending for incoming shutdown command...
[2018-01-18 14:00:24] Internet detected, apply NTP time to system and Witty Pi...
[2018-01-18 14:00:24] Writing system time to RTC...
[2018-01-18 14:00:25] Done :-)
[2018-01-18 14:22:25] Shutdown command is received...
[2018-01-18 14:22:25] Halting all processes and then shutdown Raspberry Pi...
[2018-01-18 14:22:32] Witty Pi daemon (v2.56) is started.
[2018-01-18 14:22:35] Synchronizing time between system and Witty Pi...
[2018-01-18 14:22:36] Writing RTC time to system...
[2018-01-18 15:00:15] Done :-)
[2018-01-18 15:00:19] Schedule next shutdown at: 2018-01-18 15:15:00
[2018-01-18 15:00:19] Schedule next startup at: 2018-01-18 16:00:00
[2018-01-18 15:00:21] Pending for incoming shutdown command...
[2018-01-18 15:00:25] Internet detected, apply NTP time to system and Witty Pi...
[2018-01-18 15:00:25] Writing system time to RTC...
[2018-01-18 15:00:26] Done :-)
[2018-01-18 15:22:26] Shutdown command is received...
[2018-01-18 15:22:26] Halting all processes and then shutdown Raspberry Pi...
[2018-01-18 15:22:32] Witty Pi daemon (v2.56) is started.
[2018-01-18 15:22:35] Synchronizing time between system and Witty Pi...
[2018-01-18 15:22:35] Writing RTC time to system...
[2018-01-18 16:00:14] Done :-)
[2018-01-18 16:00:18] Schedule next shutdown at: 2018-01-18 16:15:00
[2018-01-18 16:00:18] Schedule next startup at: 2018-01-18 17:00:00
[2018-01-18 16:00:20] Pending for incoming shutdown command...
[2018-01-18 16:00:24] Internet detected, apply NTP time to system and Witty Pi...
[2018-01-18 16:00:24] Writing system time to RTC...
[2018-01-18 16:00:25] Done :-)
[2018-01-18 16:22:26] Shutdown command is received...
[2018-01-18 16:22:26] Halting all processes and then shutdown Raspberry Pi...
[2018-01-18 16:22:33] Witty Pi daemon (v2.56) is started.
[2018-01-18 16:22:36] Synchronizing time between system and Witty Pi...
[2018-01-18 16:22:37] Writing RTC time to system...
[2018-01-18 17:00:15] Done :-)
[2018-01-18 17:00:19] Schedule next shutdown at: 2018-01-18 17:15:00
[2018-01-18 17:00:19] Schedule next startup at: 2018-01-18 18:00:00
[2018-01-18 17:00:21] Pending for incoming shutdown command...
[2018-01-18 17:00:25] Internet detected, apply NTP time to system and Witty Pi...
[2018-01-18 17:00:25] Writing system time to RTC...
[2018-01-18 17:00:26] Done :-)
[2018-01-18 17:22:27] Shutdown command is received...
[2018-01-18 17:22:27] Halting all processes and then shutdown Raspberry Pi...
[2018-01-18 17:22:34] Witty Pi daemon (v2.56) is started.
[2018-01-18 17:22:36] Synchronizing time between system and Witty Pi...
[2018-01-18 17:22:37] Writing RTC time to system...
[2018-01-18 18:00:15] Done :-)
[2018-01-18 18:00:19] Schedule next shutdown at: 2018-01-18 18:15:00
[2018-01-18 18:00:19] Schedule next startup at: 2018-01-18 19:00:00
[2018-01-18 18:00:21] Pending for incoming shutdown command...
[2018-01-18 18:00:25] Internet detected, apply NTP time to system and Witty Pi...
[2018-01-18 18:00:25] Writing system time to RTC...
[2018-01-18 18:00:26] Done :-)
[2018-01-18 18:22:27] Shutdown command is received...
[2018-01-18 18:22:27] Halting all processes and then shutdown Raspberry Pi...
[2018-01-18 18:22:34] Witty Pi daemon (v2.56) is started.
[2018-01-18 18:22:36] Synchronizing time between system and Witty Pi...
[2018-01-18 18:22:37] Writing RTC time to system...
[2018-01-18 19:00:14] Done :-)
[2018-01-18 19:00:18] Schedule next shutdown at: 2018-01-18 19:15:00
[2018-01-18 19:00:18] Schedule next startup at: 2018-01-19 07:00:00
[2018-01-18 19:00:20] Pending for incoming shutdown command...
[2018-01-18 19:00:24] Internet detected, apply NTP time to system and Witty Pi...
[2018-01-18 19:00:24] Writing system time to RTC...
[2018-01-18 19:00:25] Done :-)
[2018-01-18 19:22:28] Shutdown command is received...
[2018-01-18 19:22:28] Halting all processes and then shutdown Raspberry Pi...
[2018-01-18 19:22:34] Witty Pi daemon (v2.56) is started.
[2018-01-18 19:22:36] Synchronizing time between system and Witty Pi...
[2018-01-18 19:22:37] Writing RTC time to system...
[2018-01-19 07:00:14] Done :-)
[2018-01-19 07:00:18] Schedule next shutdown at: 2018-01-19 07:15:00
[2018-01-19 07:00:18] Schedule next startup at: 2018-01-19 08:00:00
[2018-01-19 07:00:20] Pending for incoming shutdown command...
[2018-01-19 07:00:24] Internet detected, apply NTP time to system and Witty Pi...
[2018-01-19 07:00:24] Writing system time to RTC...
[2018-01-19 07:00:25] Done :-)
[2018-01-19 07:22:28] Shutdown command is received...
[2018-01-19 07:22:28] Halting all processes and then shutdown Raspberry Pi...
[2018-01-19 07:22:35] Witty Pi daemon (v2.56) is started.
[2018-01-19 07:22:37] Synchronizing time between system and Witty Pi...
[2018-01-19 07:22:38] Writing RTC time to system...
[2018-01-19 08:00:14] Done :-)
[2018-01-19 08:00:17] Schedule next shutdown at: 2018-01-19 08:15:00
[2018-01-19 08:00:18] Schedule next startup at: 2018-01-19 09:00:00
[2018-01-19 08:00:20] Pending for incoming shutdown command...
[2018-01-19 08:00:24] Internet detected, apply NTP time to system and Witty Pi...
[2018-01-19 08:00:24] Writing system time to RTC...
[2018-01-19 08:00:25] Done :-)
[2018-01-19 08:22:29] Shutdown command is received...
[2018-01-19 08:22:29] Halting all processes and then shutdown Raspberry Pi...
[2018-01-19 08:22:36] Witty Pi daemon (v2.56) is started.
[2018-01-19 08:22:38] Synchronizing time between system and Witty Pi...
[2018-01-19 08:22:39] Writing RTC time to system...
[2018-01-19 09:00:15] Done :-)
[2018-01-19 09:00:19] Schedule next shutdown at: 2018-01-19 09:15:00
[2018-01-19 09:00:19] Schedule next startup at: 2018-01-19 10:00:00
[2018-01-19 09:00:21] Pending for incoming shutdown command...
[2018-01-19 09:00:25] Internet detected, apply NTP time to system and Witty Pi...
[2018-01-19 09:00:25] Writing system time to RTC...
[2018-01-19 09:00:26] Done :-)
[2018-01-19 09:22:29] Shutdown command is received...
[2018-01-19 09:22:29] Halting all processes and then shutdown Raspberry Pi...
[2018-01-19 09:22:36] Witty Pi daemon (v2.56) is started.
[2018-01-19 09:22:38] Synchronizing time between system and Witty Pi...
[2018-01-19 09:22:39] Writing RTC time to system...
[2018-01-19 10:00:14] Done :-)
[2018-01-19 10:00:17] Schedule next shutdown at: 2018-01-19 10:15:00
[2018-01-19 10:00:18] Schedule next startup at: 2018-01-19 11:00:00
[2018-01-19 10:00:20] Pending for incoming shutdown command...
[2018-01-19 10:00:24] Internet detected, apply NTP time to system and Witty Pi...
[2018-01-19 10:00:24] Writing system time to RTC...
[2018-01-19 10:00:25] Done :-)
[2018-01-19 10:22:30] Shutdown command is received...
[2018-01-19 10:22:30] Halting all processes and then shutdown Raspberry Pi...
[2018-01-19 10:22:37] Witty Pi daemon (v2.56) is started.
[2018-01-19 10:22:39] Synchronizing time between system and Witty Pi...
[2018-01-19 10:22:40] Writing RTC time to system...
[2018-01-19 11:00:15] Done :-)
[2018-01-19 11:00:19] Schedule next shutdown at: 2018-01-19 11:15:00
[2018-01-19 11:00:19] Schedule next startup at: 2018-01-19 12:00:00
[2018-01-19 11:00:21] Pending for incoming shutdown command...
[2018-01-19 11:00:25] Internet detected, apply NTP time to system and Witty Pi...
[2018-01-19 11:00:25] Writing system time to RTC...
[2018-01-19 11:00:26] Done :-)
[2018-01-19 11:22:30] Shutdown command is received...
[2018-01-19 11:22:30] Halting all processes and then shutdown Raspberry Pi...
[2018-01-19 11:22:37] Witty Pi daemon (v2.56) is started.
[2018-01-19 11:22:40] Synchronizing time between system and Witty Pi...
[2018-01-19 11:22:41] Writing RTC time to system...
[2018-01-19 12:00:15] Done :-)
[2018-01-19 12:00:19] Schedule next shutdown at: 2018-01-19 12:15:00
[2018-01-19 12:00:19] Schedule next startup at: 2018-01-19 13:00:00
[2018-01-19 12:00:21] Pending for incoming shutdown command...
[2018-01-19 12:00:25] Internet detected, apply NTP time to system and Witty Pi...
[2018-01-19 12:00:25] Writing system time to RTC...
[2018-01-19 12:00:26] Done :-)
[2018-01-19 12:22:31] Shutdown command is received...
[2018-01-19 12:22:31] Halting all processes and then shutdown Raspberry Pi...
[2018-01-19 12:22:37] Witty Pi daemon (v2.56) is started.
[2018-01-19 12:22:40] Synchronizing time between system and Witty Pi...
[2018-01-19 12:22:41] Writing RTC time to system...
[2018-01-19 13:00:14] Done :-)
[2018-01-19 13:00:17] Schedule next shutdown at: 2018-01-19 13:15:00
[2018-01-19 13:00:18] Schedule next startup at: 2018-01-19 14:00:00
[2018-01-19 13:00:20] Pending for incoming shutdown command...
[2018-01-19 13:00:24] Internet detected, apply NTP time to system and Witty Pi...
[2018-01-19 13:00:24] Writing system time to RTC...
[2018-01-19 13:00:25] Done :-)
[2018-01-19 13:22:31] Shutdown command is received...
[2018-01-19 13:22:31] Halting all processes and then shutdown Raspberry Pi...
[2018-01-19 13:22:38] Witty Pi daemon (v2.56) is started.
[2018-01-19 13:22:41] Synchronizing time between system and Witty Pi...
[2018-01-19 13:22:42] Writing RTC time to system...
[2018-01-19 14:00:15] Done :-)
[2018-01-19 14:00:19] Schedule next shutdown at: 2018-01-19 14:15:00
[2018-01-19 14:00:20] Schedule next startup at: 2018-01-19 15:00:00
[2018-01-19 14:00:21] Pending for incoming shutdown command...
[2018-01-19 14:00:25] Internet detected, apply NTP time to system and Witty Pi...
[2018-01-19 14:00:25] Writing system time to RTC...
[2018-01-19 14:00:26] Done :-)
[2018-01-19 14:22:32] Shutdown command is received...
[2018-01-19 14:22:32] Halting all processes and then shutdown Raspberry Pi...
[2018-01-19 14:22:39] Witty Pi daemon (v2.56) is started.
[2018-01-19 14:22:41] Synchronizing time between system and Witty Pi...
[2018-01-19 14:22:42] Writing RTC time to system...
[2018-01-19 15:00:15] Done :-)
[2018-01-19 15:00:19] Schedule next shutdown at: 2018-01-19 15:15:00
[2018-01-19 15:00:19] Schedule next startup at: 2018-01-19 16:00:00
[2018-01-19 15:00:21] Pending for incoming shutdown command...
[2018-01-19 15:00:25] Internet detected, apply NTP time to system and Witty Pi...
[2018-01-19 15:00:25] Writing system time to RTC...
[2018-01-19 15:00:26] Done :-)
[2018-01-19 15:22:32] Shutdown command is received...
[2018-01-19 15:22:32] Halting all processes and then shutdown Raspberry Pi...
[2018-01-19 15:22:39] Witty Pi daemon (v2.56) is started.
[2018-01-19 15:22:41] Synchronizing time between system and Witty Pi...
[2018-01-19 15:22:42] Writing RTC time to system...
[2018-01-19 16:00:14] Done :-)
[2018-01-19 16:00:17] Schedule next shutdown at: 2018-01-19 16:15:00
[2018-01-19 16:00:18] Schedule next startup at: 2018-01-19 17:00:00
[2018-01-19 16:00:20] Pending for incoming shutdown command...
[2018-01-19 16:00:24] Internet detected, apply NTP time to system and Witty Pi...
[2018-01-19 16:00:24] Writing system time to RTC...
[2018-01-19 16:00:25] Done :-)
[2018-01-19 16:22:33] Shutdown command is received...
[2018-01-19 16:22:33] Halting all processes and then shutdown Raspberry Pi...
[2018-01-19 16:22:39] Witty Pi daemon (v2.56) is started.
[2018-01-19 16:22:41] Synchronizing time between system and Witty Pi...
[2018-01-19 16:22:42] Writing RTC time to system...
[2018-01-19 17:00:14] Done :-)
[2018-01-19 17:00:18] Schedule next shutdown at: 2018-01-19 17:15:00
[2018-01-19 17:00:18] Schedule next startup at: 2018-01-19 18:00:00
[2018-01-19 17:00:20] Pending for incoming shutdown command...
[2018-01-19 17:00:24] Internet detected, apply NTP time to system and Witty Pi...
[2018-01-19 17:00:24] Writing system time to RTC...
[2018-01-19 17:00:25] Done :-)
[2018-01-19 17:22:33] Shutdown command is received...
[2018-01-19 17:22:33] Halting all processes and then shutdown Raspberry Pi...
[2018-01-19 17:22:40] Witty Pi daemon (v2.56) is started.
[2018-01-19 17:22:43] Synchronizing time between system and Witty Pi...
[2018-01-19 17:22:44] Writing RTC time to system...
[2018-01-19 18:00:15] Done :-)
[2018-01-19 18:00:19] Schedule next shutdown at: 2018-01-19 18:15:00
[2018-01-19 18:00:19] Schedule next startup at: 2018-01-19 19:00:00
[2018-01-19 18:00:21] Pending for incoming shutdown command...
[2018-01-19 18:00:25] Internet detected, apply NTP time to system and Witty Pi...
[2018-01-19 18:00:25] Writing system time to RTC...
[2018-01-19 18:00:26] Done :-)
[2018-01-19 18:22:34] Shutdown command is received...
[2018-01-19 18:22:34] Halting all processes and then shutdown Raspberry Pi...
[2018-01-19 18:22:41] Witty Pi daemon (v2.56) is started.
[2018-01-19 18:22:43] Synchronizing time between system and Witty Pi...
[2018-01-19 18:22:44] Writing RTC time to system...
[2018-01-19 19:00:15] Done :-)
[2018-01-19 19:00:19] Schedule next shutdown at: 2018-01-19 19:15:00
[2018-01-19 19:00:19] Schedule next startup at: 2018-01-20 07:00:00
[2018-01-19 19:00:21] Pending for incoming shutdown command...
[2018-01-19 19:00:25] Internet detected, apply NTP time to system and Witty Pi...
[2018-01-19 19:00:25] Writing system time to RTC...
[2018-01-19 19:00:26] Done :-)
[2018-01-19 19:22:34] Shutdown command is received...
[2018-01-19 19:22:34] Halting all processes and then shutdown Raspberry Pi...
[2018-01-19 19:22:41] Witty Pi daemon (v2.56) is started.
[2018-01-19 19:22:44] Synchronizing time between system and Witty Pi...
[2018-01-19 19:22:45] Writing RTC time to system...
[2018-01-20 07:00:15] Done :-)
[2018-01-20 07:00:17] Schedule next shutdown at: 2018-01-20 07:15:00
[2018-01-20 07:00:17] Schedule next startup at: 2018-01-20 08:00:00
[2018-01-20 07:00:20] Pending for incoming shutdown command...
[2018-01-20 07:00:25] Internet detected, apply NTP time to system and Witty Pi...
[2018-01-20 07:00:25] Writing system time to RTC...
[2018-01-20 07:00:26] Done :-)
[2018-01-20 07:22:35] Shutdown command is received...
[2018-01-20 07:22:35] Halting all processes and then shutdown Raspberry Pi...
[2018-01-20 07:22:41] Witty Pi daemon (v2.56) is started.
[2018-01-20 07:22:44] Synchronizing time between system and Witty Pi...
[2018-01-20 07:22:44] Writing RTC time to system...
[2018-01-20 08:00:14] Done :-)
[2018-01-20 08:00:17] Schedule next shutdown at: 2018-01-20 08:15:00
[2018-01-20 08:00:18] Schedule next startup at: 2018-01-20 09:00:00
[2018-01-20 08:00:20] Pending for incoming shutdown command...
[2018-01-20 08:00:24] Internet detected, apply NTP time to system and Witty Pi...
[2018-01-20 08:00:24] Writing system time to RTC...
[2018-01-20 08:00:25] Done :-)
[2018-01-20 08:22:35] Shutdown command is received...
[2018-01-20 08:22:35] Halting all processes and then shutdown Raspberry Pi...
[2018-01-20 08:22:42] Witty Pi daemon (v2.56) is started.
[2018-01-20 08:22:44] Synchronizing time between system and Witty Pi...
[2018-01-20 08:22:45] Writing RTC time to system...
[2018-01-20 09:00:14] Done :-)
[2018-01-20 09:00:17] Schedule next shutdown at: 2018-01-20 09:15:00
[2018-01-20 09:00:18] Schedule next startup at: 2018-01-20 10:00:00
[2018-01-20 09:00:20] Pending for incoming shutdown command...
[2018-01-20 09:00:24] Internet detected, apply NTP time to system and Witty Pi...
[2018-01-20 09:00:24] Writing system time to RTC...
[2018-01-20 09:00:25] Done :-)
[2018-01-20 09:22:36] Shutdown command is received...
[2018-01-20 09:22:36] Halting all processes and then shutdown Raspberry Pi...
[2018-01-20 09:22:43] Witty Pi daemon (v2.56) is started.
[2018-01-20 09:22:45] Synchronizing time between system and Witty Pi...
[2018-01-20 09:22:46] Writing RTC time to system...
[2018-01-20 10:00:15] Done :-)
[2018-01-20 10:00:19] Schedule next shutdown at: 2018-01-20 10:15:00
[2018-01-20 10:00:19] Schedule next startup at: 2018-01-20 11:00:00
[2018-01-20 10:00:21] Pending for incoming shutdown command...
[2018-01-20 10:00:25] Internet detected, apply NTP time to system and Witty Pi...
[2018-01-20 10:00:25] Writing system time to RTC...
[2018-01-20 10:00:26] Done :-)
[2018-01-20 10:22:36] Shutdown command is received...
[2018-01-20 10:22:36] Halting all processes and then shutdown Raspberry Pi...
[2018-01-20 10:22:43] Witty Pi daemon (v2.56) is started.
[2018-01-20 10:22:45] Synchronizing time between system and Witty Pi...
[2018-01-20 10:22:46] Writing RTC time to system...
[2018-01-20 11:00:14] Done :-)
[2018-01-20 11:00:17] Schedule next shutdown at: 2018-01-20 11:15:00
[2018-01-20 11:00:18] Schedule next startup at: 2018-01-20 12:00:00
[2018-01-20 11:00:20] Pending for incoming shutdown command...
[2018-01-20 11:00:24] Internet detected, apply NTP time to system and Witty Pi...
[2018-01-20 11:00:24] Writing system time to RTC...
[2018-01-20 11:00:25] Done :-)
[2018-01-20 11:22:37] Shutdown command is received...
[2018-01-20 11:22:37] Halting all processes and then shutdown Raspberry Pi...
[2018-01-20 11:22:43] Witty Pi daemon (v2.56) is started.
[2018-01-20 11:22:45] Synchronizing time between system and Witty Pi...
[2018-01-20 11:22:46] Writing RTC time to system...
[2018-01-20 12:00:14] Done :-)
[2018-01-20 12:00:18] Schedule next shutdown at: 2018-01-20 12:15:00
[2018-01-20 12:00:18] Schedule next startup at: 2018-01-20 13:00:00
[2018-01-20 12:00:20] Pending for incoming shutdown command...
[2018-01-20 12:00:24] Internet detected, apply NTP time to system and Witty Pi...
[2018-01-20 12:00:24] Writing system time to RTC...
[2018-01-20 12:00:25] Done :-)
[2018-01-20 12:22:37] Shutdown command is received...
[2018-01-20 12:22:37] Halting all processes and then shutdown Raspberry Pi...
[2018-01-20 12:22:44] Witty Pi daemon (v2.56) is started.
[2018-01-20 12:22:46] Synchronizing time between system and Witty Pi...
[2018-01-20 12:22:47] Writing RTC time to system...
[2018-01-20 13:00:14] Done :-)
[2018-01-20 13:00:17] Schedule next shutdown at: 2018-01-20 13:15:00
[2018-01-20 13:00:18] Schedule next startup at: 2018-01-20 14:00:00
[2018-01-20 13:00:20] Pending for incoming shutdown command...
[2018-01-20 13:00:24] Internet detected, apply NTP time to system and Witty Pi...
[2018-01-20 13:00:24] Writing system time to RTC...
[2018-01-20 13:00:25] Done :-)
[2018-01-20 13:22:38] Shutdown command is received...
[2018-01-20 13:22:38] Halting all processes and then shutdown Raspberry Pi...
[2018-01-20 13:22:44] Witty Pi daemon (v2.56) is started.
[2018-01-20 13:22:47] Synchronizing time between system and Witty Pi...
[2018-01-20 13:22:47] Writing RTC time to system...
[2018-01-20 14:00:14] Done :-)
[2018-01-20 14:00:17] Schedule next shutdown at: 2018-01-20 14:15:00
[2018-01-20 14:00:18] Schedule next startup at: 2018-01-20 15:00:00
[2018-01-20 14:00:20] Pending for incoming shutdown command...
[2018-01-20 14:00:24] Internet detected, apply NTP time to system and Witty Pi...
[2018-01-20 14:00:24] Writing system time to RTC...
[2018-01-20 14:00:25] Done :-)
[2018-01-20 14:22:38] Shutdown command is received...
[2018-01-20 14:22:38] Halting all processes and then shutdown Raspberry Pi...
[2018-01-20 14:22:45] Witty Pi daemon (v2.56) is started.
[2018-01-20 14:22:47] Synchronizing time between system and Witty Pi...
[2018-01-20 14:22:48] Writing RTC time to system...
[2018-01-20 15:00:14] Done :-)
[2018-01-20 15:00:18] Schedule next shutdown at: 2018-01-20 15:15:00
[2018-01-20 15:00:18] Schedule next startup at: 2018-01-20 16:00:00
[2018-01-20 15:00:20] Pending for incoming shutdown command...
[2018-01-20 15:00:24] Internet detected, apply NTP time to system and Witty Pi...
[2018-01-20 15:00:24] Writing system time to RTC...
[2018-01-20 15:00:25] Done :-)
[2018-01-20 15:22:39] Shutdown command is received...
[2018-01-20 15:22:39] Halting all processes and then shutdown Raspberry Pi...
[2018-01-20 15:22:45] Witty Pi daemon (v2.56) is started.
[2018-01-20 15:22:48] Synchronizing time between system and Witty Pi...
[2018-01-20 15:22:48] Writing RTC time to system...
[2018-01-20 16:00:14] Done :-)
[2018-01-20 16:00:17] Schedule next shutdown at: 2018-01-20 16:15:00
[2018-01-20 16:00:18] Schedule next startup at: 2018-01-20 17:00:00
[2018-01-20 16:00:20] Pending for incoming shutdown command...
[2018-01-20 16:00:24] Internet detected, apply NTP time to system and Witty Pi...
[2018-01-20 16:00:24] Writing system time to RTC...
[2018-01-20 16:00:25] Done :-)
[2018-01-20 16:22:39] Shutdown command is received...
[2018-01-20 16:22:39] Halting all processes and then shutdown Raspberry Pi...
[2018-01-20 16:22:46] Witty Pi daemon (v2.56) is started.
[2018-01-20 16:22:48] Synchronizing time between system and Witty Pi...
[2018-01-20 16:22:49] Writing RTC time to system...
[2018-01-20 17:00:14] Done :-)
[2018-01-20 17:00:18] Schedule next shutdown at: 2018-01-20 17:15:00
[2018-01-20 17:00:18] Schedule next startup at: 2018-01-20 18:00:00
[2018-01-20 17:00:20] Pending for incoming shutdown command...
[2018-01-20 17:00:24] Internet detected, apply NTP time to system and Witty Pi...
[2018-01-20 17:00:24] Writing system time to RTC...
[2018-01-20 17:00:25] Done :-)
[2018-01-20 17:22:40] Shutdown command is received...
[2018-01-20 17:22:40] Halting all processes and then shutdown Raspberry Pi...
[2018-01-20 17:22:46] Witty Pi daemon (v2.56) is started.
[2018-01-20 17:22:49] Synchronizing time between system and Witty Pi...
[2018-01-20 17:22:49] Writing RTC time to system...
[2018-01-20 18:00:14] Done :-)
[2018-01-20 18:00:18] Schedule next shutdown at: 2018-01-20 18:15:00
[2018-01-20 18:00:18] Schedule next startup at: 2018-01-20 19:00:00
[2018-01-20 18:00:20] Pending for incoming shutdown command...
[2018-01-20 18:00:24] Internet detected, apply NTP time to system and Witty Pi...
[2018-01-20 18:00:24] Writing system time to RTC...
[2018-01-20 18:00:25] Done :-)
[2018-01-20 18:22:40] Shutdown command is received...
[2018-01-20 18:22:40] Halting all processes and then shutdown Raspberry Pi...
[2018-01-20 18:22:47] Witty Pi daemon (v2.56) is started.
[2018-01-20 18:22:49] Synchronizing time between system and Witty Pi...
[2018-01-20 18:22:50] Writing RTC time to system...
[2018-01-20 19:00:14] Done :-)
[2018-01-20 19:00:18] Schedule next shutdown at: 2018-01-20 19:15:00
[2018-01-20 19:00:18] Schedule next startup at: 2018-01-21 07:00:00
[2018-01-20 19:00:20] Pending for incoming shutdown command...
[2018-01-20 19:00:24] Internet detected, apply NTP time to system and Witty Pi...
[2018-01-20 19:00:24] Writing system time to RTC...
[2018-01-20 19:00:25] Done :-)
[2018-01-20 19:22:41] Shutdown command is received...
[2018-01-20 19:22:41] Halting all processes and then shutdown Raspberry Pi...
[2018-01-20 19:22:47] Witty Pi daemon (v2.56) is started.
[2018-01-20 19:22:50] Synchronizing time between system and Witty Pi...
[2018-01-20 19:22:50] Writing RTC time to system...
[2018-01-21 07:00:14] Done :-)
[2018-01-21 07:00:17] Schedule next shutdown at: 2018-01-21 07:15:00
[2018-01-21 07:00:18] Schedule next startup at: 2018-01-21 08:00:00
[2018-01-21 07:00:20] Pending for incoming shutdown command...
[2018-01-21 07:00:24] Internet detected, apply NTP time to system and Witty Pi...
[2018-01-21 07:00:24] Writing system time to RTC...
[2018-01-21 07:00:25] Done :-)
[2018-01-21 07:22:41] Shutdown command is received...
[2018-01-21 07:22:41] Halting all processes and then shutdown Raspberry Pi...
[2018-01-21 07:22:48] Witty Pi daemon (v2.56) is started.
[2018-01-21 07:22:51] Synchronizing time between system and Witty Pi...
[2018-01-21 07:22:52] Writing RTC time to system...
[2018-01-21 08:00:15] Done :-)
[2018-01-21 08:00:19] Schedule next shutdown at: 2018-01-21 08:15:00
[2018-01-21 08:00:19] Schedule next startup at: 2018-01-21 09:00:00
[2018-01-21 08:00:21] Pending for incoming shutdown command...
[2018-01-21 08:00:25] Internet detected, apply NTP time to system and Witty Pi...
[2018-01-21 08:00:25] Writing system time to RTC...
[2018-01-21 08:00:26] Done :-)
[2018-01-21 08:22:42] Shutdown command is received...
[2018-01-21 08:22:42] Halting all processes and then shutdown Raspberry Pi...
[2018-01-21 08:22:49] Witty Pi daemon (v2.56) is started.
[2018-01-21 08:22:51] Synchronizing time between system and Witty Pi...
[2018-01-21 08:22:52] Writing RTC time to system...
[2018-01-21 09:00:15] Done :-)
[2018-01-21 09:00:19] Schedule next shutdown at: 2018-01-21 09:15:00
[2018-01-21 09:00:19] Schedule next startup at: 2018-01-21 10:00:00
[2018-01-21 09:00:21] Pending for incoming shutdown command...
[2018-01-21 09:00:25] Internet detected, apply NTP time to system and Witty Pi...
[2018-01-21 09:00:25] Writing system time to RTC...
[2018-01-21 09:00:26] Done :-)
[2018-01-21 09:22:42] Shutdown command is received...
[2018-01-21 09:22:42] Halting all processes and then shutdown Raspberry Pi...
[2018-01-21 09:22:49] Witty Pi daemon (v2.56) is started.
[2018-01-21 09:22:52] Synchronizing time between system and Witty Pi...
[2018-01-21 09:22:53] Writing RTC time to system...
[2018-01-21 10:00:15] Done :-)
[2018-01-21 10:00:19] Schedule next shutdown at: 2018-01-21 10:15:00
[2018-01-21 10:00:19] Schedule next startup at: 2018-01-21 11:00:00
[2018-01-21 10:00:21] Pending for incoming shutdown command...
[2018-01-21 10:00:25] Internet detected, apply NTP time to system and Witty Pi...
[2018-01-21 10:00:25] Writing system time to RTC...
[2018-01-21 10:00:26] Done :-)
[2018-01-21 10:22:43] Shutdown command is received...
[2018-01-21 10:22:43] Halting all processes and then shutdown Raspberry Pi...
[2018-01-21 10:22:49] Witty Pi daemon (v2.56) is started.
[2018-01-21 10:22:52] Synchronizing time between system and Witty Pi...
[2018-01-21 10:22:52] Writing RTC time to system...
[2018-01-21 11:00:14] Done :-)
[2018-01-21 11:00:17] Schedule next shutdown at: 2018-01-21 11:15:00
[2018-01-21 11:00:18] Schedule next startup at: 2018-01-21 12:00:00
[2018-01-21 11:00:20] Pending for incoming shutdown command...
[2018-01-21 11:00:24] Internet detected, apply NTP time to system and Witty Pi...
[2018-01-21 11:00:24] Writing system time to RTC...
[2018-01-21 11:00:25] Done :-)
[2018-01-21 11:22:43] Shutdown command is received...
[2018-01-21 11:22:43] Halting all processes and then shutdown Raspberry Pi...
[2018-01-21 11:22:50] Witty Pi daemon (v2.56) is started.
[2018-01-21 11:22:52] Synchronizing time between system and Witty Pi...
[2018-01-21 11:22:52] Writing RTC time to system...
[2018-01-21 12:00:14] Done :-)
[2018-01-21 12:00:17] Schedule next shutdown at: 2018-01-21 12:15:00
[2018-01-21 12:00:18] Schedule next startup at: 2018-01-21 13:00:00
[2018-01-21 12:00:20] Pending for incoming shutdown command...
[2018-01-21 12:00:24] Internet detected, apply NTP time to system and Witty Pi...
[2018-01-21 12:00:24] Writing system time to RTC...
[2018-01-21 12:00:25] Done :-)
[2018-01-21 12:22:44] Shutdown command is received...
[2018-01-21 12:22:44] Halting all processes and then shutdown Raspberry Pi...
[2018-01-21 12:22:51] Witty Pi daemon (v2.56) is started.
[2018-01-21 12:22:53] Synchronizing time between system and Witty Pi...
[2018-01-21 12:22:54] Writing RTC time to system...
[2018-01-21 13:00:15] Done :-)
[2018-01-21 13:00:19] Schedule next shutdown at: 2018-01-21 13:15:00
[2018-01-21 13:00:19] Schedule next startup at: 2018-01-21 14:00:00
[2018-01-21 13:00:21] Pending for incoming shutdown command...
[2018-01-21 13:00:25] Internet detected, apply NTP time to system and Witty Pi...
[2018-01-21 13:00:25] Writing system time to RTC...
[2018-01-21 13:00:26] Done :-)
[2018-01-21 13:22:44] Shutdown command is received...
[2018-01-21 13:22:44] Halting all processes and then shutdown Raspberry Pi...
[2018-01-21 13:22:51] Witty Pi daemon (v2.56) is started.
[2018-01-21 13:22:53] Synchronizing time between system and Witty Pi...
[2018-01-21 13:22:54] Writing RTC time to system...
[2018-01-21 14:00:14] Done :-)
[2018-01-21 14:00:17] Schedule next shutdown at: 2018-01-21 14:15:00
[2018-01-21 14:00:18] Schedule next startup at: 2018-01-21 15:00:00
[2018-01-21 14:00:20] Pending for incoming shutdown command...
[2018-01-21 14:00:24] Internet detected, apply NTP time to system and Witty Pi...
[2018-01-21 14:00:24] Writing system time to RTC...
[2018-01-21 14:00:25] Done :-)
[2018-01-21 14:22:45] Shutdown command is received...
[2018-01-21 14:22:45] Halting all processes and then shutdown Raspberry Pi...
[2018-01-21 14:22:52] Witty Pi daemon (v2.56) is started.
[2018-01-21 14:22:54] Synchronizing time between system and Witty Pi...
[2018-01-21 14:22:55] Writing RTC time to system...
[2018-01-21 15:00:15] Done :-)
[2018-01-21 15:00:19] Schedule next shutdown at: 2018-01-21 15:15:00
[2018-01-21 15:00:19] Schedule next startup at: 2018-01-21 16:00:00
[2018-01-21 15:00:21] Pending for incoming shutdown command...
[2018-01-21 15:00:25] Internet detected, apply NTP time to system and Witty Pi...
[2018-01-21 15:00:25] Writing system time to RTC...
[2018-01-21 15:00:26] Done :-)
[2018-01-21 15:22:45] Shutdown command is received...
[2018-01-21 15:22:45] Halting all processes and then shutdown Raspberry Pi...
[2018-01-21 15:22:52] Witty Pi daemon (v2.56) is started.
[2018-01-21 15:22:54] Synchronizing time between system and Witty Pi...
[2018-01-21 15:22:55] Writing RTC time to system...
[2018-01-21 16:00:14] Done :-)
[2018-01-21 16:00:17] Schedule next shutdown at: 2018-01-21 16:15:00
[2018-01-21 16:00:18] Schedule next startup at: 2018-01-21 17:00:00
[2018-01-21 16:00:20] Pending for incoming shutdown command...
[2018-01-21 16:00:24] Internet detected, apply NTP time to system and Witty Pi...
[2018-01-21 16:00:24] Writing system time to RTC...
[2018-01-21 16:00:25] Done :-)
[2018-01-21 16:22:46] Shutdown command is received...
[2018-01-21 16:22:46] Halting all processes and then shutdown Raspberry Pi...
[2018-01-21 16:22:53] Witty Pi daemon (v2.56) is started.
[2018-01-21 16:22:55] Synchronizing time between system and Witty Pi...
[2018-01-21 16:22:56] Writing RTC time to system...
[2018-01-21 17:00:15] Done :-)
[2018-01-21 17:00:19] Schedule next shutdown at: 2018-01-21 17:15:00
[2018-01-21 17:00:19] Schedule next startup at: 2018-01-21 18:00:00
[2018-01-21 17:00:21] Pending for incoming shutdown command...
[2018-01-21 17:00:25] Internet detected, apply NTP time to system and Witty Pi...
[2018-01-21 17:00:25] Writing system time to RTC...
[2018-01-21 17:00:26] Done :-)
[2018-01-21 17:22:46] Shutdown command is received...
[2018-01-21 17:22:46] Halting all processes and then shutdown Raspberry Pi...
[2018-01-21 17:22:53] Witty Pi daemon (v2.56) is started.
[2018-01-21 17:22:55] Synchronizing time between system and Witty Pi...
[2018-01-21 17:22:56] Writing RTC time to system...
[2018-01-21 18:00:14] Done :-)
[2018-01-21 18:00:18] Schedule next shutdown at: 2018-01-21 18:15:00
[2018-01-21 18:00:18] Schedule next startup at: 2018-01-21 19:00:00
[2018-01-21 18:00:20] Pending for incoming shutdown command...
[2018-01-21 18:00:24] Internet detected, apply NTP time to system and Witty Pi...
[2018-01-21 18:00:24] Writing system time to RTC...
[2018-01-21 18:00:25] Done :-)
[2018-01-21 18:22:47] Shutdown command is received...
[2018-01-21 18:22:47] Halting all processes and then shutdown Raspberry Pi...
[2018-01-21 18:22:53] Witty Pi daemon (v2.56) is started.
[2018-01-21 18:22:56] Synchronizing time between system and Witty Pi...
[2018-01-21 18:22:56] Writing RTC time to system...
[2018-01-21 19:00:14] Done :-)
[2018-01-21 19:00:18] Schedule next shutdown at: 2018-01-21 19:15:00
[2018-01-21 19:00:18] Schedule next startup at: 2018-01-22 07:00:00
[2018-01-21 19:00:20] Pending for incoming shutdown command...
[2018-01-21 19:00:24] Internet detected, apply NTP time to system and Witty Pi...
[2018-01-21 19:00:24] Writing system time to RTC...
[2018-01-21 19:00:25] Done :-)
[2018-01-21 19:22:47] Shutdown command is received...
[2018-01-21 19:22:47] Halting all processes and then shutdown Raspberry Pi...
[2018-01-21 19:22:54] Witty Pi daemon (v2.56) is started.
[2018-01-21 19:22:57] Synchronizing time between system and Witty Pi...
[2018-01-21 19:22:58] Writing RTC time to system...
[2018-01-22 07:00:15] Done :-)
[2018-01-22 07:00:19] Schedule next shutdown at: 2018-01-22 07:15:00
[2018-01-22 07:00:19] Schedule next startup at: 2018-01-22 08:00:00
[2018-01-22 07:00:21] Pending for incoming shutdown command...
[2018-01-22 07:00:25] Internet detected, apply NTP time to system and Witty Pi...
[2018-01-22 07:00:25] Writing system time to RTC...
[2018-01-22 07:00:26] Done :-)
[2018-01-22 07:22:48] Shutdown command is received...
[2018-01-22 07:22:48] Halting all processes and then shutdown Raspberry Pi...
[2018-01-22 07:22:54] Witty Pi daemon (v2.56) is started.
[2018-01-22 07:22:56] Synchronizing time between system and Witty Pi...
[2018-01-22 07:22:57] Writing RTC time to system...
[2018-01-22 08:00:14] Done :-)
[2018-01-22 08:00:17] Schedule next shutdown at: 2018-01-22 08:15:00
[2018-01-22 08:00:18] Schedule next startup at: 2018-01-22 09:00:00
[2018-01-22 08:00:20] Pending for incoming shutdown command...
[2018-01-22 08:00:24] Internet detected, apply NTP time to system and Witty Pi...
[2018-01-22 08:00:24] Writing system time to RTC...
[2018-01-22 08:00:25] Done :-)
[2018-01-22 08:22:48] Shutdown command is received...
[2018-01-22 08:22:48] Halting all processes and then shutdown Raspberry Pi...
[2018-01-22 08:22:55] Witty Pi daemon (v2.56) is started.
[2018-01-22 08:22:57] Synchronizing time between system and Witty Pi...
[2018-01-22 08:22:58] Writing RTC time to system...
[2018-01-22 09:00:14] Done :-)
[2018-01-22 09:00:17] Schedule next shutdown at: 2018-01-22 09:15:00
[2018-01-22 09:00:18] Schedule next startup at: 2018-01-22 10:00:00
[2018-01-22 09:00:20] Pending for incoming shutdown command...
[2018-01-22 09:00:24] Internet detected, apply NTP time to system and Witty Pi...
[2018-01-22 09:00:24] Writing system time to RTC...
[2018-01-22 09:00:25] Done :-)
[2018-01-22 09:22:49] Shutdown command is received...
[2018-01-22 09:22:49] Halting all processes and then shutdown Raspberry Pi...
[2018-01-22 09:22:55] Witty Pi daemon (v2.56) is started.
[2018-01-22 09:22:57] Synchronizing time between system and Witty Pi...
[2018-01-22 09:22:58] Writing RTC time to system...
[2018-01-22 10:00:14] Done :-)
[2018-01-22 10:00:17] Schedule next shutdown at: 2018-01-22 10:15:00
[2018-01-22 10:00:18] Schedule next startup at: 2018-01-22 11:00:00
[2018-01-22 10:00:20] Pending for incoming shutdown command...
[2018-01-22 10:00:24] Internet detected, apply NTP time to system and Witty Pi...
[2018-01-22 10:00:24] Writing system time to RTC...
[2018-01-22 10:00:25] Done :-)
[2018-01-22 10:22:49] Shutdown command is received...
[2018-01-22 10:22:49] Halting all processes and then shutdown Raspberry Pi...
[2018-01-22 10:22:56] Witty Pi daemon (v2.56) is started.
[2018-01-22 10:22:59] Synchronizing time between system and Witty Pi...
[2018-01-22 10:23:00] Writing RTC time to system...
[2018-01-22 11:00:15] Done :-)
[2018-01-22 11:00:19] Schedule next shutdown at: 2018-01-22 11:15:00
[2018-01-22 11:00:19] Schedule next startup at: 2018-01-22 12:00:00
[2018-01-22 11:00:21] Pending for incoming shutdown command...
[2018-01-22 11:00:25] Internet detected, apply NTP time to system and Witty Pi...
[2018-01-22 11:00:25] Writing system time to RTC...
[2018-01-22 11:00:26] Done :-)
[2018-01-22 11:22:50] Shutdown command is received...
[2018-01-22 11:22:50] Halting all processes and then shutdown Raspberry Pi...
[2018-01-22 11:22:56] Witty Pi daemon (v2.56) is started.
[2018-01-22 11:22:59] Synchronizing time between system and Witty Pi...
[2018-01-22 11:22:59] Writing RTC time to system...
[2018-01-22 12:00:14] Done :-)
[2018-01-22 12:00:17] Schedule next shutdown at: 2018-01-22 12:15:00
[2018-01-22 12:00:18] Schedule next startup at: 2018-01-22 13:00:00
[2018-01-22 12:00:20] Pending for incoming shutdown command...
[2018-01-22 12:00:24] Internet detected, apply NTP time to system and Witty Pi...
[2018-01-22 12:00:24] Writing system time to RTC...
[2018-01-22 12:00:25] Done :-)
[2018-01-22 12:22:50] Shutdown command is received...
[2018-01-22 12:22:50] Halting all processes and then shutdown Raspberry Pi...
[2018-01-22 12:22:57] Witty Pi daemon (v2.56) is started.
[2018-01-22 12:23:00] Synchronizing time between system and Witty Pi...
[2018-01-22 12:23:01] Writing RTC time to system...
[2018-01-22 13:00:15] Done :-)
[2018-01-22 13:00:19] Schedule next shutdown at: 2018-01-22 13:15:00
[2018-01-22 13:00:19] Schedule next startup at: 2018-01-22 14:00:00
[2018-01-22 13:00:21] Pending for incoming shutdown command...
[2018-01-22 13:00:25] Internet detected, apply NTP time to system and Witty Pi...
[2018-01-22 13:00:25] Writing system time to RTC...
[2018-01-22 13:00:26] Done :-)
[2018-01-22 13:22:51] Shutdown command is received...
[2018-01-22 13:22:51] Halting all processes and then shutdown Raspberry Pi...
[2018-01-22 13:22:58] Witty Pi daemon (v2.56) is started.
[2018-01-22 13:23:00] Synchronizing time between system and Witty Pi...
[2018-01-22 13:23:01] Writing RTC time to system...
[2018-01-22 14:00:15] Done :-)
[2018-01-22 14:00:19] Schedule next shutdown at: 2018-01-22 14:15:00
[2018-01-22 14:00:19] Schedule next startup at: 2018-01-22 15:00:00
[2018-01-22 14:00:21] Pending for incoming shutdown command...
[2018-01-22 14:00:25] Internet detected, apply NTP time to system and Witty Pi...
[2018-01-22 14:00:25] Writing system time to RTC...
[2018-01-22 14:00:26] Done :-)
[2018-01-22 14:22:51] Shutdown command is received...
[2018-01-22 14:22:51] Halting all processes and then shutdown Raspberry Pi...
[2018-01-22 14:22:58] Witty Pi daemon (v2.56) is started.
[2018-01-22 14:23:00] Synchronizing time between system and Witty Pi...
[2018-01-22 14:23:02] Writing RTC time to system...
[2018-01-22 15:00:15] Done :-)
[2018-01-22 15:00:19] Schedule next shutdown at: 2018-01-22 15:15:00
[2018-01-22 15:00:19] Schedule next startup at: 2018-01-22 16:00:00
[2018-01-22 15:00:21] Pending for incoming shutdown command...
[2018-01-22 15:00:25] Internet detected, apply NTP time to system and Witty Pi...
[2018-01-22 15:00:25] Writing system time to RTC...
[2018-01-22 15:00:26] Done :-)
[2018-01-22 15:22:52] Shutdown command is received...
[2018-01-22 15:22:52] Halting all processes and then shutdown Raspberry Pi...
[2018-01-22 15:22:58] Witty Pi daemon (v2.56) is started.
[2018-01-22 15:23:00] Synchronizing time between system and Witty Pi...
[2018-01-22 15:23:01] Writing RTC time to system...
[2018-01-22 16:00:14] Done :-)
[2018-01-22 16:00:18] Schedule next shutdown at: 2018-01-22 16:15:00
[2018-01-22 16:00:18] Schedule next startup at: 2018-01-22 17:00:00
[2018-01-22 16:00:20] Pending for incoming shutdown command...
[2018-01-22 16:00:24] Internet detected, apply NTP time to system and Witty Pi...
[2018-01-22 16:00:24] Writing system time to RTC...
[2018-01-22 16:00:25] Done :-)
[2018-01-22 16:22:52] Shutdown command is received...
[2018-01-22 16:22:52] Halting all processes and then shutdown Raspberry Pi...
[2018-01-22 16:22:59] Witty Pi daemon (v2.56) is started.
[2018-01-22 16:23:01] Synchronizing time between system and Witty Pi...
[2018-01-22 16:23:02] Writing RTC time to system...
[2018-01-22 17:00:15] Done :-)
[2018-01-22 17:00:19] Schedule next shutdown at: 2018-01-22 17:15:00
[2018-01-22 17:00:19] Schedule next startup at: 2018-01-22 18:00:00
[2018-01-22 17:00:21] Pending for incoming shutdown command...
[2018-01-22 17:00:25] Internet detected, apply NTP time to system and Witty Pi...
[2018-01-22 17:00:25] Writing system time to RTC...
[2018-01-22 17:00:26] Done :-)
[2018-01-22 17:22:53] Shutdown command is received...
[2018-01-22 17:22:53] Halting all processes and then shutdown Raspberry Pi...
[2018-01-22 17:23:00] Witty Pi daemon (v2.56) is started.
[2018-01-22 17:23:03] Synchronizing time between system and Witty Pi...
[2018-01-22 17:23:03] Writing RTC time to system...
[2018-01-22 18:00:15] Done :-)
[2018-01-22 18:00:19] Schedule next shutdown at: 2018-01-22 18:15:00
[2018-01-22 18:00:19] Schedule next startup at: 2018-01-22 19:00:00
[2018-01-22 18:00:21] Pending for incoming shutdown command...
[2018-01-22 18:00:25] Internet detected, apply NTP time to system and Witty Pi...
[2018-01-22 18:00:25] Writing system time to RTC...
[2018-01-22 18:00:26] Done :-)
[2018-01-22 18:22:53] Shutdown command is received...
[2018-01-22 18:22:53] Halting all processes and then shutdown Raspberry Pi...
[2018-01-22 18:23:00] Witty Pi daemon (v2.56) is started.
[2018-01-22 18:23:03] Synchronizing time between system and Witty Pi...
[2018-01-22 18:23:04] Writing RTC time to system...
[2018-01-22 19:00:15] Done :-)
[2018-01-22 19:00:19] Schedule next shutdown at: 2018-01-22 19:15:00
[2018-01-22 19:00:19] Schedule next startup at: 2018-01-23 07:00:00
[2018-01-22 19:00:21] Pending for incoming shutdown command...
[2018-01-22 19:00:25] Internet detected, apply NTP time to system and Witty Pi...
[2018-01-22 19:00:25] Writing system time to RTC...
[2018-01-22 19:00:26] Done :-)
[2018-01-22 19:22:54] Shutdown command is received...
[2018-01-22 19:22:54] Halting all processes and then shutdown Raspberry Pi...
[2018-01-22 19:23:00] Witty Pi daemon (v2.56) is started.
[2018-01-22 19:23:03] Synchronizing time between system and Witty Pi...
[2018-01-22 19:23:03] Writing RTC time to system...
[2018-01-23 07:00:14] Done :-)
[2018-01-23 07:00:18] Schedule next shutdown at: 2018-01-23 07:15:00
[2018-01-23 07:00:18] Schedule next startup at: 2018-01-23 08:00:00
[2018-01-23 07:00:20] Pending for incoming shutdown command...
[2018-01-23 07:00:24] Internet detected, apply NTP time to system and Witty Pi...
[2018-01-23 07:00:24] Writing system time to RTC...
[2018-01-23 07:00:25] Done :-)
[2018-01-23 07:22:54] Shutdown command is received...
[2018-01-23 07:22:54] Halting all processes and then shutdown Raspberry Pi...
[2018-01-23 07:23:01] Witty Pi daemon (v2.56) is started.
[2018-01-23 07:23:03] Synchronizing time between system and Witty Pi...
[2018-01-23 07:23:04] Writing RTC time to system...
[2018-01-23 08:00:14] Done :-)
[2018-01-23 08:00:17] Schedule next shutdown at: 2018-01-23 08:15:00
[2018-01-23 08:00:18] Schedule next startup at: 2018-01-23 09:00:00
[2018-01-23 08:00:20] Pending for incoming shutdown command...
[2018-01-23 08:00:24] Internet detected, apply NTP time to system and Witty Pi...
[2018-01-23 08:00:24] Writing system time to RTC...
[2018-01-23 08:00:25] Done :-)
[2018-01-23 08:22:55] Shutdown command is received...
[2018-01-23 08:22:55] Halting all processes and then shutdown Raspberry Pi...
[2018-01-23 08:23:01] Witty Pi daemon (v2.56) is started.
[2018-01-23 08:23:04] Synchronizing time between system and Witty Pi...
[2018-01-23 08:23:04] Writing RTC time to system...
[2018-01-23 09:00:14] Done :-)
[2018-01-23 09:00:17] Schedule next shutdown at: 2018-01-23 09:15:00
[2018-01-23 09:00:18] Schedule next startup at: 2018-01-23 10:00:00
[2018-01-23 09:00:20] Pending for incoming shutdown command...
[2018-01-23 09:00:24] Internet detected, apply NTP time to system and Witty Pi...
[2018-01-23 09:00:24] Writing system time to RTC...
[2018-01-23 09:00:25] Done :-)
[2018-01-23 09:22:55] Shutdown command is received...
[2018-01-23 09:22:55] Halting all processes and then shutdown Raspberry Pi...
[2018-01-23 09:23:02] Witty Pi daemon (v2.56) is started.
[2018-01-23 09:23:04] Synchronizing time between system and Witty Pi...
[2018-01-23 09:23:05] Writing RTC time to system...
[2018-01-23 10:00:14] Done :-)
[2018-01-23 10:00:17] Schedule next shutdown at: 2018-01-23 10:15:00
[2018-01-23 10:00:18] Schedule next startup at: 2018-01-23 11:00:00
[2018-01-23 10:00:20] Pending for incoming shutdown command...
[2018-01-23 10:00:24] Internet detected, apply NTP time to system and Witty Pi...
[2018-01-23 10:00:24] Writing system time to RTC...
[2018-01-23 10:00:25] Done :-)
[2018-01-23 10:22:56] Shutdown command is received...
[2018-01-23 10:22:56] Halting all processes and then shutdown Raspberry Pi...
[2018-01-23 10:23:03] Witty Pi daemon (v2.56) is started.
[2018-01-23 10:23:05] Synchronizing time between system and Witty Pi...
[2018-01-23 10:23:06] Writing RTC time to system...
[2018-01-23 11:00:15] Done :-)
[2018-01-23 11:00:19] Schedule next shutdown at: 2018-01-23 11:15:00
[2018-01-23 11:00:19] Schedule next startup at: 2018-01-23 12:00:00
[2018-01-23 11:00:21] Pending for incoming shutdown command...
[2018-01-23 11:00:25] Internet detected, apply NTP time to system and Witty Pi...
[2018-01-23 11:00:25] Writing system time to RTC...
[2018-01-23 11:00:26] Done :-)
[2018-01-23 11:22:56] Shutdown command is received...
[2018-01-23 11:22:56] Halting all processes and then shutdown Raspberry Pi...
[2018-01-23 11:23:03] Witty Pi daemon (v2.56) is started.
[2018-01-23 11:23:05] Synchronizing time between system and Witty Pi...
[2018-01-23 11:23:06] Writing RTC time to system...
[2018-01-23 12:00:14] Done :-)
[2018-01-23 12:00:18] Schedule next shutdown at: 2018-01-23 12:15:00
[2018-01-23 12:00:18] Schedule next startup at: 2018-01-23 13:00:00
[2018-01-23 12:00:20] Pending for incoming shutdown command...
[2018-01-23 12:00:24] Internet detected, apply NTP time to system and Witty Pi...
[2018-01-23 12:00:24] Writing system time to RTC...
[2018-01-23 12:00:25] Done :-)
[2018-01-23 12:22:57] Shutdown command is received...
[2018-01-23 12:22:57] Halting all processes and then shutdown Raspberry Pi...
[2018-01-23 12:23:04] Witty Pi daemon (v2.56) is started.
[2018-01-23 12:23:06] Synchronizing time between system and Witty Pi...
[2018-01-23 12:23:07] Writing RTC time to system...
[2018-01-23 13:00:15] Done :-)
[2018-01-23 13:00:19] Schedule next shutdown at: 2018-01-23 13:15:00
[2018-01-23 13:00:19] Schedule next startup at: 2018-01-23 14:00:00
[2018-01-23 13:00:21] Pending for incoming shutdown command...
[2018-01-23 13:00:25] Internet detected, apply NTP time to system and Witty Pi...
[2018-01-23 13:00:25] Writing system time to RTC...
[2018-01-23 13:00:26] Done :-)
[2018-01-23 13:22:57] Shutdown command is received...
[2018-01-23 13:22:57] Halting all processes and then shutdown Raspberry Pi...
[2018-01-23 13:23:04] Witty Pi daemon (v2.56) is started.
[2018-01-23 13:23:06] Synchronizing time between system and Witty Pi...
[2018-01-23 13:23:08] Writing RTC time to system...
[2018-01-23 14:00:15] Done :-)
[2018-01-23 14:00:19] Schedule next shutdown at: 2018-01-23 14:15:00
[2018-01-23 14:00:19] Schedule next startup at: 2018-01-23 15:00:00
[2018-01-23 14:00:21] Pending for incoming shutdown command...
[2018-01-23 14:00:25] Internet detected, apply NTP time to system and Witty Pi...
[2018-01-23 14:00:25] Writing system time to RTC...
[2018-01-23 14:00:26] Done :-)
[2018-01-23 14:22:58] Shutdown command is received...
[2018-01-23 14:22:58] Halting all processes and then shutdown Raspberry Pi...
[2018-01-23 14:23:04] Witty Pi daemon (v2.56) is started.
[2018-01-23 14:23:06] Synchronizing time between system and Witty Pi...
[2018-01-23 14:23:07] Writing RTC time to system...
[2018-01-23 15:00:14] Done :-)
[2018-01-23 15:00:17] Schedule next shutdown at: 2018-01-23 15:15:00
[2018-01-23 15:00:18] Schedule next startup at: 2018-01-23 16:00:00
[2018-01-23 15:00:20] Pending for incoming shutdown command...
[2018-01-23 15:00:24] Internet detected, apply NTP time to system and Witty Pi...
[2018-01-23 15:00:24] Writing system time to RTC...
[2018-01-23 15:00:25] Done :-)
[2018-01-23 15:22:58] Shutdown command is received...
[2018-01-23 15:22:58] Halting all processes and then shutdown Raspberry Pi...
[2018-01-23 15:23:05] Witty Pi daemon (v2.56) is started.
[2018-01-23 15:23:08] Synchronizing time between system and Witty Pi...
[2018-01-23 15:23:09] Writing RTC time to system...
[2018-01-23 16:00:15] Done :-)
[2018-01-23 16:00:19] Schedule next shutdown at: 2018-01-23 16:15:00
[2018-01-23 16:00:19] Schedule next startup at: 2018-01-23 17:00:00
[2018-01-23 16:00:21] Pending for incoming shutdown command...
[2018-01-23 16:00:25] Internet detected, apply NTP time to system and Witty Pi...
[2018-01-23 16:00:25] Writing system time to RTC...
[2018-01-23 16:00:26] Done :-)
[2018-01-23 16:22:59] Shutdown command is received...
[2018-01-23 16:22:59] Halting all processes and then shutdown Raspberry Pi...
[2018-01-23 16:23:06] Witty Pi daemon (v2.56) is started.
[2018-01-23 16:23:08] Synchronizing time between system and Witty Pi...
[2018-01-23 16:23:09] Writing RTC time to system...
[2018-01-23 17:00:15] Done :-)
[2018-01-23 17:00:19] Schedule next shutdown at: 2018-01-23 17:15:00
[2018-01-23 17:00:19] Schedule next startup at: 2018-01-23 18:00:00
[2018-01-23 17:00:21] Pending for incoming shutdown command...
[2018-01-23 17:00:25] Internet detected, apply NTP time to system and Witty Pi...
[2018-01-23 17:00:25] Writing system time to RTC...
[2018-01-23 17:00:26] Done :-)
[2018-01-23 17:22:59] Shutdown command is received...
[2018-01-23 17:22:59] Halting all processes and then shutdown Raspberry Pi...
[2018-01-23 17:23:06] Witty Pi daemon (v2.56) is started.
[2018-01-23 17:23:08] Synchronizing time between system and Witty Pi...
[2018-01-23 17:23:09] Writing RTC time to system...
[2018-01-23 18:00:14] Done :-)
[2018-01-23 18:00:18] Schedule next shutdown at: 2018-01-23 18:15:00
[2018-01-23 18:00:18] Schedule next startup at: 2018-01-23 19:00:00
[2018-01-23 18:00:20] Pending for incoming shutdown command...
[2018-01-23 18:00:24] Internet detected, apply NTP time to system and Witty Pi...
[2018-01-23 18:00:24] Writing system time to RTC...
[2018-01-23 18:00:25] Done :-)
[2018-01-23 18:23:00] Shutdown command is received...
[2018-01-23 18:23:00] Halting all processes and then shutdown Raspberry Pi...
[2018-01-23 18:23:06] Witty Pi daemon (v2.56) is started.
[2018-01-23 18:23:08] Synchronizing time between system and Witty Pi...
[2018-01-23 18:23:09] Writing RTC time to system...
[2018-01-23 19:00:14] Done :-)
[2018-01-23 19:00:18] Schedule next shutdown at: 2018-01-23 19:15:00
[2018-01-23 19:00:18] Schedule next startup at: 2018-01-24 07:00:00
[2018-01-23 19:00:20] Pending for incoming shutdown command...
[2018-01-23 19:00:24] Internet detected, apply NTP time to system and Witty Pi...
[2018-01-23 19:00:24] Writing system time to RTC...
[2018-01-23 19:00:25] Done :-)
[2018-01-23 19:23:00] Shutdown command is received...
[2018-01-23 19:23:00] Halting all processes and then shutdown Raspberry Pi...
[2018-01-23 19:23:07] Witty Pi daemon (v2.56) is started.
[2018-01-23 19:23:09] Synchronizing time between system and Witty Pi...
[2018-01-23 19:23:10] Writing RTC time to system...
[2018-01-24 07:00:14] Done :-)
[2018-01-24 07:00:18] Schedule next shutdown at: 2018-01-24 07:15:00
[2018-01-24 07:00:18] Schedule next startup at: 2018-01-24 08:00:00
[2018-01-24 07:00:20] Pending for incoming shutdown command...
[2018-01-24 07:00:24] Internet detected, apply NTP time to system and Witty Pi...
[2018-01-24 07:00:24] Writing system time to RTC...
[2018-01-24 07:00:25] Done :-)
[2018-01-24 07:23:01] Shutdown command is received...
[2018-01-24 07:23:01] Halting all processes and then shutdown Raspberry Pi...
[2018-01-24 07:23:08] Witty Pi daemon (v2.56) is started.
[2018-01-24 07:23:10] Synchronizing time between system and Witty Pi...
[2018-01-24 07:23:11] Writing RTC time to system...
[2018-01-24 08:00:15] Done :-)
[2018-01-24 08:00:19] Schedule next shutdown at: 2018-01-24 08:15:00
[2018-01-24 08:00:19] Schedule next startup at: 2018-01-24 09:00:00
[2018-01-24 08:00:21] Pending for incoming shutdown command...
[2018-01-24 08:00:25] Internet detected, apply NTP time to system and Witty Pi...
[2018-01-24 08:00:25] Writing system time to RTC...
[2018-01-24 08:00:26] Done :-)
[2018-01-24 08:23:01] Shutdown command is received...
[2018-01-24 08:23:01] Halting all processes and then shutdown Raspberry Pi...
[2018-01-24 08:23:08] Witty Pi daemon (v2.56) is started.
[2018-01-24 08:23:10] Synchronizing time between system and Witty Pi...
[2018-01-24 08:23:11] Writing RTC time to system...
[2018-01-24 09:00:14] Done :-)
[2018-01-24 09:00:17] Schedule next shutdown at: 2018-01-24 09:15:00
[2018-01-24 09:00:18] Schedule next startup at: 2018-01-24 10:00:00
[2018-01-24 09:00:20] Pending for incoming shutdown command...
[2018-01-24 09:00:24] Internet detected, apply NTP time to system and Witty Pi...
[2018-01-24 09:00:24] Writing system time to RTC...
[2018-01-24 09:00:25] Done :-)
[2018-01-24 09:23:02] Shutdown command is received...
[2018-01-24 09:23:02] Halting all processes and then shutdown Raspberry Pi...
[2018-01-24 09:23:08] Witty Pi daemon (v2.56) is started.
[2018-01-24 09:23:11] Synchronizing time between system and Witty Pi...
[2018-01-24 09:23:11] Writing RTC time to system...
[2018-01-24 10:00:14] Done :-)
[2018-01-24 10:00:17] Schedule next shutdown at: 2018-01-24 10:15:00
[2018-01-24 10:00:18] Schedule next startup at: 2018-01-24 11:00:00
[2018-01-24 10:00:20] Pending for incoming shutdown command...
[2018-01-24 10:00:24] Internet detected, apply NTP time to system and Witty Pi...
[2018-01-24 10:00:24] Writing system time to RTC...
[2018-01-24 10:00:25] Done :-)
[2018-01-24 10:23:02] Shutdown command is received...
[2018-01-24 10:23:02] Halting all processes and then shutdown Raspberry Pi...
[2018-01-24 10:23:09] Witty Pi daemon (v2.56) is started.
[2018-01-24 10:23:12] Synchronizing time between system and Witty Pi...
[2018-01-24 10:23:13] Writing RTC time to system...
[2018-01-24 11:00:15] Done :-)
[2018-01-24 11:00:19] Schedule next shutdown at: 2018-01-24 11:15:00
[2018-01-24 11:00:19] Schedule next startup at: 2018-01-24 12:00:00
[2018-01-24 11:00:21] Pending for incoming shutdown command...
[2018-01-24 11:00:25] Internet detected, apply NTP time to system and Witty Pi...
[2018-01-24 11:00:25] Writing system time to RTC...
[2018-01-24 11:00:26] Done :-)
[2018-01-24 11:23:03] Shutdown command is received...
[2018-01-24 11:23:03] Halting all processes and then shutdown Raspberry Pi...
[2018-01-24 11:23:09] Witty Pi daemon (v2.56) is started.
[2018-01-24 11:23:12] Synchronizing time between system and Witty Pi...
[2018-01-24 11:23:12] Writing RTC time to system...
[2018-01-24 12:00:14] Done :-)
[2018-01-24 12:00:17] Schedule next shutdown at: 2018-01-24 12:15:00
[2018-01-24 12:00:18] Schedule next startup at: 2018-01-24 13:00:00
[2018-01-24 12:00:20] Pending for incoming shutdown command...
[2018-01-24 12:00:24] Internet detected, apply NTP time to system and Witty Pi...
[2018-01-24 12:00:24] Writing system time to RTC...
[2018-01-24 12:00:25] Done :-)
[2018-01-24 12:23:03] Shutdown command is received...
[2018-01-24 12:23:03] Halting all processes and then shutdown Raspberry Pi...
[2018-01-24 12:23:10] Witty Pi daemon (v2.56) is started.
[2018-01-24 12:23:12] Synchronizing time between system and Witty Pi...
[2018-01-24 12:23:12] Writing RTC time to system...
[2018-01-24 13:00:14] Done :-)
[2018-01-24 13:00:17] Schedule next shutdown at: 2018-01-24 13:15:00
[2018-01-24 13:00:18] Schedule next startup at: 2018-01-24 14:00:00
[2018-01-24 13:00:20] Pending for incoming shutdown command...
[2018-01-24 13:00:24] Internet detected, apply NTP time to system and Witty Pi...
[2018-01-24 13:00:24] Writing system time to RTC...
[2018-01-24 13:00:25] Done :-)
[2018-01-24 13:23:04] Shutdown command is received...
[2018-01-24 13:23:04] Halting all processes and then shutdown Raspberry Pi...
[2018-01-24 13:23:11] Witty Pi daemon (v2.56) is started.
[2018-01-24 13:23:13] Synchronizing time between system and Witty Pi...
[2018-01-24 13:23:14] Writing RTC time to system...
[2018-01-24 14:00:15] Done :-)
[2018-01-24 14:00:19] Schedule next shutdown at: 2018-01-24 14:15:00
[2018-01-24 14:00:19] Schedule next startup at: 2018-01-24 15:00:00
[2018-01-24 14:00:21] Pending for incoming shutdown command...
[2018-01-24 14:00:25] Internet detected, apply NTP time to system and Witty Pi...
[2018-01-24 14:00:25] Writing system time to RTC...
[2018-01-24 14:00:26] Done :-)
[2018-01-24 14:23:04] Shutdown command is received...
[2018-01-24 14:23:04] Halting all processes and then shutdown Raspberry Pi...
[2018-01-24 14:23:11] Witty Pi daemon (v2.56) is started.
[2018-01-24 14:23:14] Synchronizing time between system and Witty Pi...
[2018-01-24 14:23:14] Writing RTC time to system...
[2018-01-24 15:00:15] Done :-)
[2018-01-24 15:00:19] Schedule next shutdown at: 2018-01-24 15:15:00
[2018-01-24 15:00:19] Schedule next startup at: 2018-01-24 16:00:00
[2018-01-24 15:00:21] Pending for incoming shutdown command...
[2018-01-24 15:00:25] Internet detected, apply NTP time to system and Witty Pi...
[2018-01-24 15:00:25] Writing system time to RTC...
[2018-01-24 15:00:26] Done :-)
[2018-01-24 15:23:05] Shutdown command is received...
[2018-01-24 15:23:05] Halting all processes and then shutdown Raspberry Pi...
[2018-01-24 15:23:11] Witty Pi daemon (v2.56) is started.
[2018-01-24 15:23:13] Synchronizing time between system and Witty Pi...
[2018-01-24 15:23:14] Writing RTC time to system...
[2018-01-24 16:00:14] Done :-)
[2018-01-24 16:00:17] Schedule next shutdown at: 2018-01-24 16:15:00
[2018-01-24 16:00:18] Schedule next startup at: 2018-01-24 17:00:00
[2018-01-24 16:00:20] Pending for incoming shutdown command...
[2018-01-24 16:00:24] Internet detected, apply NTP time to system and Witty Pi...
[2018-01-24 16:00:24] Writing system time to RTC...
[2018-01-24 16:00:25] Done :-)
[2018-01-24 16:23:05] Shutdown command is received...
[2018-01-24 16:23:05] Halting all processes and then shutdown Raspberry Pi...
[2018-01-24 16:23:12] Witty Pi daemon (v2.56) is started.
[2018-01-24 16:23:14] Synchronizing time between system and Witty Pi...
[2018-01-24 16:23:15] Writing RTC time to system...
[2018-01-24 17:00:14] Done :-)
[2018-01-24 17:00:18] Schedule next shutdown at: 2018-01-24 17:15:00
[2018-01-24 17:00:18] Schedule next startup at: 2018-01-24 18:00:00
[2018-01-24 17:00:20] Pending for incoming shutdown command...
[2018-01-24 17:00:24] Internet detected, apply NTP time to system and Witty Pi...
[2018-01-24 17:00:24] Writing system time to RTC...
[2018-01-24 17:00:25] Done :-)
[2018-01-24 17:23:06] Shutdown command is received...
[2018-01-24 17:23:06] Halting all processes and then shutdown Raspberry Pi...
[2018-01-24 17:23:12] Witty Pi daemon (v2.56) is started.
[2018-01-24 17:23:15] Synchronizing time between system and Witty Pi...
[2018-01-24 17:23:15] Writing RTC time to system...
[2018-01-24 18:00:14] Done :-)
[2018-01-24 18:00:18] Schedule next shutdown at: 2018-01-24 18:15:00
[2018-01-24 18:00:18] Schedule next startup at: 2018-01-24 19:00:00
[2018-01-24 18:00:20] Pending for incoming shutdown command...
[2018-01-24 18:00:24] Internet detected, apply NTP time to system and Witty Pi...
[2018-01-24 18:00:24] Writing system time to RTC...
[2018-01-24 18:00:25] Done :-)
[2018-01-24 18:23:06] Shutdown command is received...
[2018-01-24 18:23:06] Halting all processes and then shutdown Raspberry Pi...
[2018-01-24 18:23:13] Witty Pi daemon (v2.56) is started.
[2018-01-24 18:23:15] Synchronizing time between system and Witty Pi...
[2018-01-24 18:23:15] Writing RTC time to system...
[2018-01-24 19:00:14] Done :-)
[2018-01-24 19:00:18] Schedule next shutdown at: 2018-01-24 19:15:00
[2018-01-24 19:00:18] Schedule next startup at: 2018-01-25 07:00:00
[2018-01-24 19:00:20] Pending for incoming shutdown command...
[2018-01-24 19:00:24] Internet detected, apply NTP time to system and Witty Pi...
[2018-01-24 19:00:24] Writing system time to RTC...
[2018-01-24 19:00:25] Done :-)
[2018-01-24 19:23:07] Shutdown command is received...
[2018-01-24 19:23:07] Halting all processes and then shutdown Raspberry Pi...
[2018-01-24 19:23:13] Witty Pi daemon (v2.56) is started.
[2018-01-24 19:23:16] Synchronizing time between system and Witty Pi...
[2018-01-24 19:23:16] Writing RTC time to system...
[2018-01-25 07:00:14] Done :-)
[2018-01-25 07:00:18] Schedule next shutdown at: 2018-01-25 07:15:00
[2018-01-25 07:00:18] Schedule next startup at: 2018-01-25 08:00:00
[2018-01-25 07:00:20] Pending for incoming shutdown command...
[2018-01-25 07:00:24] Internet detected, apply NTP time to system and Witty Pi...
[2018-01-25 07:00:24] Writing system time to RTC...
[2018-01-25 07:00:25] Done :-)
[2018-01-25 07:23:07] Shutdown command is received...
[2018-01-25 07:23:07] Halting all processes and then shutdown Raspberry Pi...
[2018-01-25 07:23:13] Witty Pi daemon (v2.56) is started.
[2018-01-25 07:23:16] Synchronizing time between system and Witty Pi...
[2018-01-25 07:23:17] Writing RTC time to system...
[2018-01-25 08:00:14] Done :-)
[2018-01-25 08:00:17] Schedule next shutdown at: 2018-01-25 08:15:00
[2018-01-25 08:00:18] Schedule next startup at: 2018-01-25 09:00:00
[2018-01-25 08:00:20] Pending for incoming shutdown command...
[2018-01-25 08:00:24] Internet detected, apply NTP time to system and Witty Pi...
[2018-01-25 08:00:24] Writing system time to RTC...
[2018-01-25 08:00:25] Done :-)
[2018-01-25 08:23:08] Shutdown command is received...
[2018-01-25 08:23:08] Halting all processes and then shutdown Raspberry Pi...
[2018-01-25 08:23:14] Witty Pi daemon (v2.56) is started.
[2018-01-25 08:23:16] Synchronizing time between system and Witty Pi...
[2018-01-25 08:23:17] Writing RTC time to system...
[2018-01-25 09:00:14] Done :-)
[2018-01-25 09:00:18] Schedule next shutdown at: 2018-01-25 09:15:00
[2018-01-25 09:00:18] Schedule next startup at: 2018-01-25 10:00:00
[2018-01-25 09:00:20] Pending for incoming shutdown command...
[2018-01-25 09:00:24] Internet detected, apply NTP time to system and Witty Pi...
[2018-01-25 09:00:24] Writing system time to RTC...
[2018-01-25 09:00:25] Done :-)
[2018-01-25 09:23:08] Shutdown command is received...
[2018-01-25 09:23:08] Halting all processes and then shutdown Raspberry Pi...
[2018-01-25 09:23:15] Witty Pi daemon (v2.56) is started.
[2018-01-25 09:23:17] Synchronizing time between system and Witty Pi...
[2018-01-25 09:23:18] Writing RTC time to system...
[2018-01-25 10:00:14] Done :-)
[2018-01-25 10:00:18] Schedule next shutdown at: 2018-01-25 10:15:00
[2018-01-25 10:00:18] Schedule next startup at: 2018-01-25 11:00:00
[2018-01-25 10:00:20] Pending for incoming shutdown command...
[2018-01-25 10:00:24] Internet detected, apply NTP time to system and Witty Pi...
[2018-01-25 10:00:24] Writing system time to RTC...
[2018-01-25 10:00:25] Done :-)
[2018-01-25 10:23:09] Shutdown command is received...
[2018-01-25 10:23:09] Halting all processes and then shutdown Raspberry Pi...
[2018-01-25 10:23:15] Witty Pi daemon (v2.56) is started.
[2018-01-25 10:23:18] Synchronizing time between system and Witty Pi...
[2018-01-25 10:23:18] Writing RTC time to system...
[2018-01-25 11:00:14] Done :-)
[2018-01-25 11:00:17] Schedule next shutdown at: 2018-01-25 11:15:00
[2018-01-25 11:00:18] Schedule next startup at: 2018-01-25 12:00:00
[2018-01-25 11:00:20] Pending for incoming shutdown command...
[2018-01-25 11:00:24] Internet detected, apply NTP time to system and Witty Pi...
[2018-01-25 11:00:24] Writing system time to RTC...
[2018-01-25 11:00:25] Done :-)
[2018-01-25 11:23:09] Shutdown command is received...
[2018-01-25 11:23:09] Halting all processes and then shutdown Raspberry Pi...
[2018-01-25 11:23:16] Witty Pi daemon (v2.56) is started.
[2018-01-25 11:23:18] Synchronizing time between system and Witty Pi...
[2018-01-25 11:23:19] Writing RTC time to system...
[2018-01-25 12:00:15] Done :-)
[2018-01-25 12:00:19] Schedule next shutdown at: 2018-01-25 12:15:00
[2018-01-25 12:00:19] Schedule next startup at: 2018-01-25 13:00:00
[2018-01-25 12:00:21] Pending for incoming shutdown command...
[2018-01-25 12:00:25] Internet detected, apply NTP time to system and Witty Pi...
[2018-01-25 12:00:25] Writing system time to RTC...
[2018-01-25 12:00:26] Done :-)
[2018-01-25 12:23:10] Shutdown command is received...
[2018-01-25 12:23:10] Halting all processes and then shutdown Raspberry Pi...
[2018-01-25 12:23:16] Witty Pi daemon (v2.56) is started.
[2018-01-25 12:23:19] Synchronizing time between system and Witty Pi...
[2018-01-25 12:23:20] Writing RTC time to system...
[2018-01-25 13:00:15] Done :-)
[2018-01-25 13:00:19] Schedule next shutdown at: 2018-01-25 13:15:00
[2018-01-25 13:00:19] Schedule next startup at: 2018-01-25 14:00:00
[2018-01-25 13:00:21] Pending for incoming shutdown command...
[2018-01-25 13:00:25] Internet detected, apply NTP time to system and Witty Pi...
[2018-01-25 13:00:25] Writing system time to RTC...
[2018-01-25 13:00:26] Done :-)
[2018-01-25 13:23:10] Shutdown command is received...
[2018-01-25 13:23:10] Halting all processes and then shutdown Raspberry Pi...
[2018-01-25 13:23:16] Witty Pi daemon (v2.56) is started.
[2018-01-25 13:23:19] Synchronizing time between system and Witty Pi...
[2018-01-25 13:23:20] Writing RTC time to system...
[2018-01-25 14:00:14] Done :-)
[2018-01-25 14:00:17] Schedule next shutdown at: 2018-01-25 14:15:00
[2018-01-25 14:00:18] Schedule next startup at: 2018-01-25 15:00:00
[2018-01-25 14:00:20] Pending for incoming shutdown command...
[2018-01-25 14:00:24] Internet detected, apply NTP time to system and Witty Pi...
[2018-01-25 14:00:24] Writing system time to RTC...
[2018-01-25 14:00:25] Done :-)
[2018-01-25 14:23:11] Shutdown command is received...
[2018-01-25 14:23:11] Halting all processes and then shutdown Raspberry Pi...
[2018-01-25 14:23:17] Witty Pi daemon (v2.56) is started.
[2018-01-25 14:23:20] Synchronizing time between system and Witty Pi...
[2018-01-25 14:23:21] Writing RTC time to system...
[2018-01-25 15:00:15] Done :-)
[2018-01-25 15:00:19] Schedule next shutdown at: 2018-01-25 15:15:00
[2018-01-25 15:00:19] Schedule next startup at: 2018-01-25 16:00:00
[2018-01-25 15:00:21] Pending for incoming shutdown command...
[2018-01-25 15:00:25] Internet detected, apply NTP time to system and Witty Pi...
[2018-01-25 15:00:25] Writing system time to RTC...
[2018-01-25 15:00:26] Done :-)
[2018-01-25 15:23:11] Shutdown command is received...
[2018-01-25 15:23:11] Halting all processes and then shutdown Raspberry Pi...
[2018-01-25 15:23:18] Witty Pi daemon (v2.56) is started.
[2018-01-25 15:23:20] Synchronizing time between system and Witty Pi...
[2018-01-25 15:23:21] Writing RTC time to system...
[2018-01-25 16:00:14] Done :-)
[2018-01-25 16:00:18] Schedule next shutdown at: 2018-01-25 16:15:00
[2018-01-25 16:00:18] Schedule next startup at: 2018-01-25 17:00:00
[2018-01-25 16:00:20] Pending for incoming shutdown command...
[2018-01-25 16:00:24] Internet detected, apply NTP time to system and Witty Pi...
[2018-01-25 16:00:24] Writing system time to RTC...
[2018-01-25 16:00:25] Done :-)
[2018-01-25 16:23:12] Shutdown command is received...
[2018-01-25 16:23:12] Halting all processes and then shutdown Raspberry Pi...
[2018-01-25 16:23:19] Witty Pi daemon (v2.56) is started.
[2018-01-25 16:23:21] Synchronizing time between system and Witty Pi...
[2018-01-25 16:23:22] Writing RTC time to system...
[2018-01-25 17:00:15] Done :-)
[2018-01-25 17:00:19] Schedule next shutdown at: 2018-01-25 17:15:00
[2018-01-25 17:00:19] Schedule next startup at: 2018-01-25 18:00:00
[2018-01-25 17:00:21] Pending for incoming shutdown command...
[2018-01-25 17:00:25] Internet detected, apply NTP time to system and Witty Pi...
[2018-01-25 17:00:25] Writing system time to RTC...
[2018-01-25 17:00:26] Done :-)
[2018-01-25 17:23:12] Shutdown command is received...
[2018-01-25 17:23:12] Halting all processes and then shutdown Raspberry Pi...
[2018-01-25 17:23:19] Witty Pi daemon (v2.56) is started.
[2018-01-25 17:23:21] Synchronizing time between system and Witty Pi...
[2018-01-25 17:23:22] Writing RTC time to system...
[2018-01-25 18:00:14] Done :-)
[2018-01-25 18:00:18] Schedule next shutdown at: 2018-01-25 18:15:00
[2018-01-25 18:00:18] Schedule next startup at: 2018-01-25 19:00:00
[2018-01-25 18:00:20] Pending for incoming shutdown command...
[2018-01-25 18:00:24] Internet detected, apply NTP time to system and Witty Pi...
[2018-01-25 18:00:24] Writing system time to RTC...
[2018-01-25 18:00:25] Done :-)
[2018-01-25 18:23:13] Shutdown command is received...
[2018-01-25 18:23:13] Halting all processes and then shutdown Raspberry Pi...
[2018-01-25 18:23:19] Witty Pi daemon (v2.56) is started.
[2018-01-25 18:23:22] Synchronizing time between system and Witty Pi...
[2018-01-25 18:23:22] Writing RTC time to system...
[2018-01-25 19:00:14] Done :-)
[2018-01-25 19:00:18] Schedule next shutdown at: 2018-01-25 19:15:00
[2018-01-25 19:00:18] Schedule next startup at: 2018-01-26 07:00:00
[2018-01-25 19:00:20] Pending for incoming shutdown command...
[2018-01-25 19:00:24] Internet detected, apply NTP time to system and Witty Pi...
[2018-01-25 19:00:24] Writing system time to RTC...
[2018-01-25 19:00:25] Done :-)
[2018-01-25 19:23:13] Shutdown command is received...
[2018-01-25 19:23:13] Halting all processes and then shutdown Raspberry Pi...
[2018-01-25 19:23:20] Witty Pi daemon (v2.56) is started.
[2018-01-25 19:23:22] Synchronizing time between system and Witty Pi...
[2018-01-25 19:23:23] Writing RTC time to system...
[2018-01-26 07:00:14] Done :-)
[2018-01-26 07:00:17] Schedule next shutdown at: 2018-01-26 07:15:00
[2018-01-26 07:00:18] Schedule next startup at: 2018-01-26 08:00:00
[2018-01-26 07:00:20] Pending for incoming shutdown command...
[2018-01-26 07:00:24] Internet detected, apply NTP time to system and Witty Pi...
[2018-01-26 07:00:24] Writing system time to RTC...
[2018-01-26 07:00:25] Done :-)
[2018-01-26 07:23:14] Shutdown command is received...
[2018-01-26 07:23:14] Halting all processes and then shutdown Raspberry Pi...
[2018-01-26 07:23:20] Witty Pi daemon (v2.56) is started.
[2018-01-26 07:23:22] Synchronizing time between system and Witty Pi...
[2018-01-26 07:23:23] Writing RTC time to system...
[2018-01-26 08:00:14] Done :-)
[2018-01-26 08:00:17] Schedule next shutdown at: 2018-01-26 08:15:00
[2018-01-26 08:00:18] Schedule next startup at: 2018-01-26 09:00:00
[2018-01-26 08:00:20] Pending for incoming shutdown command...
[2018-01-26 08:00:24] Internet detected, apply NTP time to system and Witty Pi...
[2018-01-26 08:00:24] Writing system time to RTC...
[2018-01-26 08:00:25] Done :-)
[2018-01-26 08:23:14] Shutdown command is received...
[2018-01-26 08:23:14] Halting all processes and then shutdown Raspberry Pi...
[2018-01-26 08:23:20] Witty Pi daemon (v2.56) is started.
[2018-01-26 08:23:23] Synchronizing time between system and Witty Pi...
[2018-01-26 08:23:23] Writing RTC time to system...
[2018-01-26 09:00:14] Done :-)
[2018-01-26 09:00:17] Schedule next shutdown at: 2018-01-26 09:15:00
[2018-01-26 09:00:18] Schedule next startup at: 2018-01-26 10:00:00
[2018-01-26 09:00:20] Pending for incoming shutdown command...
[2018-01-26 09:00:24] Internet detected, apply NTP time to system and Witty Pi...
[2018-01-26 09:00:24] Writing system time to RTC...
[2018-01-26 09:00:25] Done :-)
[2018-01-26 09:23:15] Shutdown command is received...
[2018-01-26 09:23:15] Halting all processes and then shutdown Raspberry Pi...
[2018-01-26 09:23:22] Witty Pi daemon (v2.56) is started.
[2018-01-26 09:23:24] Synchronizing time between system and Witty Pi...
[2018-01-26 09:23:25] Writing RTC time to system...
[2018-01-26 10:00:15] Done :-)
[2018-01-26 10:00:19] Schedule next shutdown at: 2018-01-26 10:15:00
[2018-01-26 10:00:19] Schedule next startup at: 2018-01-26 11:00:00
[2018-01-26 10:00:21] Pending for incoming shutdown command...
[2018-01-26 10:00:25] Internet detected, apply NTP time to system and Witty Pi...
[2018-01-26 10:00:25] Writing system time to RTC...
[2018-01-26 10:00:26] Done :-)
[2018-01-26 10:23:15] Shutdown command is received...
[2018-01-26 10:23:15] Halting all processes and then shutdown Raspberry Pi...
[2018-01-26 10:23:21] Witty Pi daemon (v2.56) is started.
[2018-01-26 10:23:24] Synchronizing time between system and Witty Pi...
[2018-01-26 10:23:24] Writing RTC time to system...
[2018-01-26 11:00:14] Done :-)
[2018-01-26 11:00:17] Schedule next shutdown at: 2018-01-26 11:15:00
[2018-01-26 11:00:18] Schedule next startup at: 2018-01-26 12:00:00
[2018-01-26 11:00:20] Pending for incoming shutdown command...
[2018-01-26 11:00:24] Internet detected, apply NTP time to system and Witty Pi...
[2018-01-26 11:00:24] Writing system time to RTC...
[2018-01-26 11:00:25] Done :-)
[2018-01-26 11:23:16] Shutdown command is received...
[2018-01-26 11:23:16] Halting all processes and then shutdown Raspberry Pi...
[2018-01-26 11:23:22] Witty Pi daemon (v2.56) is started.
[2018-01-26 11:23:24] Synchronizing time between system and Witty Pi...
[2018-01-26 11:23:25] Writing RTC time to system...
[2018-01-26 12:00:14] Done :-)
[2018-01-26 12:00:17] Schedule next shutdown at: 2018-01-26 12:15:00
[2018-01-26 12:00:18] Schedule next startup at: 2018-01-26 13:00:00
[2018-01-26 12:00:20] Pending for incoming shutdown command...
[2018-01-26 12:00:24] Internet detected, apply NTP time to system and Witty Pi...
[2018-01-26 12:00:24] Writing system time to RTC...
[2018-01-26 12:00:25] Done :-)
[2018-01-26 12:23:16] Shutdown command is received...
[2018-01-26 12:23:16] Halting all processes and then shutdown Raspberry Pi...
[2018-01-26 12:23:23] Witty Pi daemon (v2.56) is started.
[2018-01-26 12:23:26] Synchronizing time between system and Witty Pi...
[2018-01-26 12:23:26] Writing RTC time to system...
[2018-01-26 13:00:15] Done :-)
[2018-01-26 13:00:19] Schedule next shutdown at: 2018-01-26 13:15:00
[2018-01-26 13:00:19] Schedule next startup at: 2018-01-26 14:00:00
[2018-01-26 13:00:21] Pending for incoming shutdown command...
[2018-01-26 13:00:25] Internet detected, apply NTP time to system and Witty Pi...
[2018-01-26 13:00:25] Writing system time to RTC...
[2018-01-26 13:00:26] Done :-)
[2018-01-26 13:23:17] Shutdown command is received...
[2018-01-26 13:23:17] Halting all processes and then shutdown Raspberry Pi...
[2018-01-26 13:23:24] Witty Pi daemon (v2.56) is started.
[2018-01-26 13:23:26] Synchronizing time between system and Witty Pi...
[2018-01-26 13:23:27] Writing RTC time to system...
[2018-01-26 14:00:15] Done :-)
[2018-01-26 14:00:19] Schedule next shutdown at: 2018-01-26 14:15:00
[2018-01-26 14:00:19] Schedule next startup at: 2018-01-26 15:00:00
[2018-01-26 14:00:21] Pending for incoming shutdown command...
[2018-01-26 14:00:25] Internet detected, apply NTP time to system and Witty Pi...
[2018-01-26 14:00:25] Writing system time to RTC...
[2018-01-26 14:00:26] Done :-)
[2018-01-26 14:23:17] Shutdown command is received...
[2018-01-26 14:23:17] Halting all processes and then shutdown Raspberry Pi...
[2018-01-26 14:23:23] Witty Pi daemon (v2.56) is started.
[2018-01-26 14:23:26] Synchronizing time between system and Witty Pi...
[2018-01-26 14:23:26] Writing RTC time to system...
[2018-01-26 15:00:14] Done :-)
[2018-01-26 15:00:17] Schedule next shutdown at: 2018-01-26 15:15:00
[2018-01-26 15:00:18] Schedule next startup at: 2018-01-26 16:00:00
[2018-01-26 15:00:20] Pending for incoming shutdown command...
[2018-01-26 15:00:24] Internet detected, apply NTP time to system and Witty Pi...
[2018-01-26 15:00:24] Writing system time to RTC...
[2018-01-26 15:00:25] Done :-)
[2018-01-26 15:23:18] Shutdown command is received...
[2018-01-26 15:23:18] Halting all processes and then shutdown Raspberry Pi...
[2018-01-26 15:23:25] Witty Pi daemon (v2.56) is started.
[2018-01-26 15:23:27] Synchronizing time between system and Witty Pi...
[2018-01-26 15:23:28] Writing RTC time to system...
[2018-01-26 16:00:15] Done :-)
[2018-01-26 16:00:19] Schedule next shutdown at: 2018-01-26 16:15:00
[2018-01-26 16:00:19] Schedule next startup at: 2018-01-26 17:00:00
[2018-01-26 16:00:21] Pending for incoming shutdown command...
[2018-01-26 16:00:25] Internet detected, apply NTP time to system and Witty Pi...
[2018-01-26 16:00:25] Writing system time to RTC...
[2018-01-26 16:00:26] Done :-)
[2018-01-26 16:23:18] Shutdown command is received...
[2018-01-26 16:23:18] Halting all processes and then shutdown Raspberry Pi...
[2018-01-26 16:23:25] Witty Pi daemon (v2.56) is started.
[2018-01-26 16:23:27] Synchronizing time between system and Witty Pi...
[2018-01-26 16:23:28] Writing RTC time to system...
[2018-01-26 17:00:15] Done :-)
[2018-01-26 17:00:19] Schedule next shutdown at: 2018-01-26 17:15:00
[2018-01-26 17:00:19] Schedule next startup at: 2018-01-26 18:00:00
[2018-01-26 17:00:21] Pending for incoming shutdown command...
[2018-01-26 17:00:25] Internet detected, apply NTP time to system and Witty Pi...
[2018-01-26 17:00:25] Writing system time to RTC...
[2018-01-26 17:00:26] Done :-)
[2018-01-26 17:23:19] Shutdown command is received...
[2018-01-26 17:23:19] Halting all processes and then shutdown Raspberry Pi...
[2018-01-26 17:23:26] Witty Pi daemon (v2.56) is started.
[2018-01-26 17:23:28] Synchronizing time between system and Witty Pi...
[2018-01-26 17:23:29] Writing RTC time to system...
[2018-01-26 18:00:15] Done :-)
[2018-01-26 18:00:19] Schedule next shutdown at: 2018-01-26 18:15:00
[2018-01-26 18:00:20] Schedule next startup at: 2018-01-26 19:00:00
[2018-01-26 18:00:21] Pending for incoming shutdown command...
[2018-01-26 18:00:25] Internet detected, apply NTP time to system and Witty Pi...
[2018-01-26 18:00:25] Writing system time to RTC...
[2018-01-26 18:00:26] Done :-)
[2018-01-26 18:23:19] Shutdown command is received...
[2018-01-26 18:23:19] Halting all processes and then shutdown Raspberry Pi...
[2018-01-26 18:23:25] Witty Pi daemon (v2.56) is started.
[2018-01-26 18:23:28] Synchronizing time between system and Witty Pi...
[2018-01-26 18:23:28] Writing RTC time to system...
[2018-01-26 19:00:14] Done :-)
[2018-01-26 19:00:18] Schedule next shutdown at: 2018-01-26 19:15:00
[2018-01-26 19:00:18] Schedule next startup at: 2018-01-27 07:00:00
[2018-01-26 19:00:20] Pending for incoming shutdown command...
[2018-01-26 19:00:24] Internet detected, apply NTP time to system and Witty Pi...
[2018-01-26 19:00:24] Writing system time to RTC...
[2018-01-26 19:00:25] Done :-)
[2018-01-26 19:23:20] Shutdown command is received...
[2018-01-26 19:23:20] Halting all processes and then shutdown Raspberry Pi...
[2018-01-26 19:23:26] Witty Pi daemon (v2.56) is started.
[2018-01-26 19:23:28] Synchronizing time between system and Witty Pi...
[2018-01-26 19:23:29] Writing RTC time to system...
[2018-01-27 07:00:14] Done :-)
[2018-01-27 07:00:18] Schedule next shutdown at: 2018-01-27 07:15:00
[2018-01-27 07:00:18] Schedule next startup at: 2018-01-27 08:00:00
[2018-01-27 07:00:20] Pending for incoming shutdown command...
[2018-01-27 07:00:24] Internet detected, apply NTP time to system and Witty Pi...
[2018-01-27 07:00:24] Writing system time to RTC...
[2018-01-27 07:00:25] Done :-)
[2018-01-27 07:23:20] Shutdown command is received...
[2018-01-27 07:23:20] Halting all processes and then shutdown Raspberry Pi...
[2018-01-27 07:23:27] Witty Pi daemon (v2.56) is started.
[2018-01-27 07:23:29] Synchronizing time between system and Witty Pi...
[2018-01-27 07:23:30] Writing RTC time to system...
[2018-01-27 08:00:15] Done :-)
[2018-01-27 08:00:19] Schedule next shutdown at: 2018-01-27 08:15:00
[2018-01-27 08:00:19] Schedule next startup at: 2018-01-27 09:00:00
[2018-01-27 08:00:21] Pending for incoming shutdown command...
[2018-01-27 08:00:25] Internet detected, apply NTP time to system and Witty Pi...
[2018-01-27 08:00:25] Writing system time to RTC...
[2018-01-27 08:00:26] Done :-)
[2018-01-27 08:23:21] Shutdown command is received...
[2018-01-27 08:23:21] Halting all processes and then shutdown Raspberry Pi...
[2018-01-27 08:23:27] Witty Pi daemon (v2.56) is started.
[2018-01-27 08:23:29] Synchronizing time between system and Witty Pi...
[2018-01-27 08:23:30] Writing RTC time to system...
[2018-01-27 09:00:14] Done :-)
[2018-01-27 09:00:17] Schedule next shutdown at: 2018-01-27 09:15:00
[2018-01-27 09:00:18] Schedule next startup at: 2018-01-27 10:00:00
[2018-01-27 09:00:20] Pending for incoming shutdown command...
[2018-01-27 09:00:24] Internet detected, apply NTP time to system and Witty Pi...
[2018-01-27 09:00:24] Writing system time to RTC...
[2018-01-27 09:00:25] Done :-)
[2018-01-27 09:23:21] Shutdown command is received...
[2018-01-27 09:23:21] Halting all processes and then shutdown Raspberry Pi...
[2018-01-27 09:23:28] Witty Pi daemon (v2.56) is started.
[2018-01-27 09:23:30] Synchronizing time between system and Witty Pi...
[2018-01-27 09:23:31] Writing RTC time to system...
[2018-01-27 10:00:15] Done :-)
[2018-01-27 10:00:19] Schedule next shutdown at: 2018-01-27 10:15:00
[2018-01-27 10:00:19] Schedule next startup at: 2018-01-27 11:00:00
[2018-01-27 10:00:21] Pending for incoming shutdown command...
[2018-01-27 10:00:25] Internet detected, apply NTP time to system and Witty Pi...
[2018-01-27 10:00:25] Writing system time to RTC...
[2018-01-27 10:00:26] Done :-)
[2018-01-27 10:23:22] Shutdown command is received...
[2018-01-27 10:23:22] Halting all processes and then shutdown Raspberry Pi...
[2018-01-27 10:23:28] Witty Pi daemon (v2.56) is started.
[2018-01-27 10:23:30] Synchronizing time between system and Witty Pi...
[2018-01-27 10:23:31] Writing RTC time to system...
[2018-01-27 11:00:14] Done :-)
[2018-01-27 11:00:17] Schedule next shutdown at: 2018-01-27 11:15:00
[2018-01-27 11:00:18] Schedule next startup at: 2018-01-27 12:00:00
[2018-01-27 11:00:20] Pending for incoming shutdown command...
[2018-01-27 11:00:24] Internet detected, apply NTP time to system and Witty Pi...
[2018-01-27 11:00:24] Writing system time to RTC...
[2018-01-27 11:00:25] Done :-)
[2018-01-27 11:23:22] Shutdown command is received...
[2018-01-27 11:23:22] Halting all processes and then shutdown Raspberry Pi...
[2018-01-27 11:23:28] Witty Pi daemon (v2.56) is started.
[2018-01-27 11:23:31] Synchronizing time between system and Witty Pi...
[2018-01-27 11:23:32] Writing RTC time to system...
[2018-01-27 12:00:14] Done :-)
[2018-01-27 12:00:17] Schedule next shutdown at: 2018-01-27 12:15:00
[2018-01-27 12:00:18] Schedule next startup at: 2018-01-27 13:00:00
[2018-01-27 12:00:20] Pending for incoming shutdown command...
[2018-01-27 12:00:24] Internet detected, apply NTP time to system and Witty Pi...
[2018-01-27 12:00:24] Writing system time to RTC...
[2018-01-27 12:00:25] Done :-)
[2018-01-27 12:23:23] Shutdown command is received...
[2018-01-27 12:23:23] Halting all processes and then shutdown Raspberry Pi...
[2018-01-27 12:23:30] Witty Pi daemon (v2.56) is started.
[2018-01-27 12:23:32] Synchronizing time between system and Witty Pi...
[2018-01-27 12:23:33] Writing RTC time to system...
[2018-01-27 13:00:15] Done :-)
[2018-01-27 13:00:19] Schedule next shutdown at: 2018-01-27 13:15:00
[2018-01-27 13:00:19] Schedule next startup at: 2018-01-27 14:00:00
[2018-01-27 13:00:21] Pending for incoming shutdown command...
[2018-01-27 13:00:25] Internet detected, apply NTP time to system and Witty Pi...
[2018-01-27 13:00:25] Writing system time to RTC...
[2018-01-27 13:00:26] Done :-)
[2018-01-27 13:23:23] Shutdown command is received...
[2018-01-27 13:23:23] Halting all processes and then shutdown Raspberry Pi...
[2018-01-27 13:23:30] Witty Pi daemon (v2.56) is started.
[2018-01-27 13:23:32] Synchronizing time between system and Witty Pi...
[2018-01-27 13:23:34] Writing RTC time to system...
[2018-01-27 14:00:15] Done :-)
[2018-01-27 14:00:19] Schedule next shutdown at: 2018-01-27 14:15:00
[2018-01-27 14:00:19] Schedule next startup at: 2018-01-27 15:00:00
[2018-01-27 14:00:21] Pending for incoming shutdown command...
[2018-01-27 14:00:25] Internet detected, apply NTP time to system and Witty Pi...
[2018-01-27 14:00:25] Writing system time to RTC...
[2018-01-27 14:00:26] Done :-)
[2018-01-27 14:23:24] Shutdown command is received...
[2018-01-27 14:23:24] Halting all processes and then shutdown Raspberry Pi...
[2018-01-27 14:23:31] Witty Pi daemon (v2.56) is started.
[2018-01-27 14:23:33] Synchronizing time between system and Witty Pi...
[2018-01-27 14:23:34] Writing RTC time to system...
[2018-01-27 15:00:15] Done :-)
[2018-01-27 15:00:19] Schedule next shutdown at: 2018-01-27 15:15:00
[2018-01-27 15:00:19] Schedule next startup at: 2018-01-27 16:00:00
[2018-01-27 15:00:21] Pending for incoming shutdown command...
[2018-01-27 15:00:25] Internet detected, apply NTP time to system and Witty Pi...
[2018-01-27 15:00:25] Writing system time to RTC...
[2018-01-27 15:00:26] Done :-)
[2018-01-27 15:23:24] Shutdown command is received...
[2018-01-27 15:23:24] Halting all processes and then shutdown Raspberry Pi...
[2018-01-27 15:23:31] Witty Pi daemon (v2.56) is started.
[2018-01-27 15:23:33] Synchronizing time between system and Witty Pi...
[2018-01-27 15:23:33] Writing RTC time to system...
[2018-01-27 16:00:14] Done :-)
[2018-01-27 16:00:17] Schedule next shutdown at: 2018-01-27 16:15:00
[2018-01-27 16:00:18] Schedule next startup at: 2018-01-27 17:00:00
[2018-01-27 16:00:20] Pending for incoming shutdown command...
[2018-01-27 16:00:24] Internet detected, apply NTP time to system and Witty Pi...
[2018-01-27 16:00:24] Writing system time to RTC...
[2018-01-27 16:00:25] Done :-)
[2018-01-27 16:23:25] Shutdown command is received...
[2018-01-27 16:23:25] Halting all processes and then shutdown Raspberry Pi...
[2018-01-27 16:23:32] Witty Pi daemon (v2.56) is started.
[2018-01-27 16:23:34] Synchronizing time between system and Witty Pi...
[2018-01-27 16:23:35] Writing RTC time to system...
[2018-01-27 17:00:15] Done :-)
[2018-01-27 17:00:19] Schedule next shutdown at: 2018-01-27 17:15:00
[2018-01-27 17:00:19] Schedule next startup at: 2018-01-27 18:00:00
[2018-01-27 17:00:21] Pending for incoming shutdown command...
[2018-01-27 17:00:25] Internet detected, apply NTP time to system and Witty Pi...
[2018-01-27 17:00:25] Writing system time to RTC...
[2018-01-27 17:00:26] Done :-)
[2018-01-27 17:23:25] Shutdown command is received...
[2018-01-27 17:23:25] Halting all processes and then shutdown Raspberry Pi...
[2018-01-27 17:23:31] Witty Pi daemon (v2.56) is started.
[2018-01-27 17:23:34] Synchronizing time between system and Witty Pi...
[2018-01-27 17:23:34] Writing RTC time to system...
[2018-01-27 18:00:14] Done :-)
[2018-01-27 18:00:18] Schedule next shutdown at: 2018-01-27 18:15:00
[2018-01-27 18:00:18] Schedule next startup at: 2018-01-27 19:00:00
[2018-01-27 18:00:20] Pending for incoming shutdown command...
[2018-01-27 18:00:24] Internet detected, apply NTP time to system and Witty Pi...
[2018-01-27 18:00:24] Writing system time to RTC...
[2018-01-27 18:00:25] Done :-)
[2018-01-27 18:23:26] Shutdown command is received...
[2018-01-27 18:23:26] Halting all processes and then shutdown Raspberry Pi...
[2018-01-27 18:23:32] Witty Pi daemon (v2.56) is started.
[2018-01-27 18:23:34] Synchronizing time between system and Witty Pi...
[2018-01-27 18:23:35] Writing RTC time to system...
[2018-01-27 19:00:14] Done :-)
[2018-01-27 19:00:18] Schedule next shutdown at: 2018-01-27 19:15:00
[2018-01-27 19:00:18] Schedule next startup at: 2018-01-28 07:00:00
[2018-01-27 19:00:20] Pending for incoming shutdown command...
[2018-01-27 19:00:24] Internet detected, apply NTP time to system and Witty Pi...
[2018-01-27 19:00:24] Writing system time to RTC...
[2018-01-27 19:00:25] Done :-)
[2018-01-27 19:23:26] Shutdown command is received...
[2018-01-27 19:23:26] Halting all processes and then shutdown Raspberry Pi...
[2018-01-27 19:23:33] Witty Pi daemon (v2.56) is started.
[2018-01-27 19:23:35] Synchronizing time between system and Witty Pi...
[2018-01-27 19:23:36] Writing RTC time to system...
[2018-01-28 07:00:14] Done :-)
[2018-01-28 07:00:17] Schedule next shutdown at: 2018-01-28 07:15:00
[2018-01-28 07:00:18] Schedule next startup at: 2018-01-28 08:00:00
[2018-01-28 07:00:20] Pending for incoming shutdown command...
[2018-01-28 07:00:24] Internet detected, apply NTP time to system and Witty Pi...
[2018-01-28 07:00:24] Writing system time to RTC...
[2018-01-28 07:00:25] Done :-)
[2018-01-28 07:23:26] Shutdown command is received...
[2018-01-28 07:23:27] Halting all processes and then shutdown Raspberry Pi...
[2018-01-28 07:23:33] Witty Pi daemon (v2.56) is started.
[2018-01-28 07:23:35] Synchronizing time between system and Witty Pi...
[2018-01-28 07:23:36] Writing RTC time to system...
[2018-01-28 08:00:14] Done :-)
[2018-01-28 08:00:17] Schedule next shutdown at: 2018-01-28 08:15:00
[2018-01-28 08:00:18] Schedule next startup at: 2018-01-28 09:00:00
[2018-01-28 08:00:20] Pending for incoming shutdown command...
[2018-01-28 08:00:24] Internet detected, apply NTP time to system and Witty Pi...
[2018-01-28 08:00:24] Writing system time to RTC...
[2018-01-28 08:00:25] Done :-)
[2018-01-28 08:23:27] Shutdown command is received...
[2018-01-28 08:23:27] Halting all processes and then shutdown Raspberry Pi...
[2018-01-28 08:23:33] Witty Pi daemon (v2.56) is started.
[2018-01-28 08:23:36] Synchronizing time between system and Witty Pi...
[2018-01-28 08:23:36] Writing RTC time to system...
[2018-01-28 09:00:14] Done :-)
[2018-01-28 09:00:17] Schedule next shutdown at: 2018-01-28 09:15:00
[2018-01-28 09:00:18] Schedule next startup at: 2018-01-28 10:00:00
[2018-01-28 09:00:20] Pending for incoming shutdown command...
[2018-01-28 09:00:24] Internet detected, apply NTP time to system and Witty Pi...
[2018-01-28 09:00:24] Writing system time to RTC...
[2018-01-28 09:00:25] Done :-)
[2018-01-28 09:23:28] Shutdown command is received...
[2018-01-28 09:23:28] Halting all processes and then shutdown Raspberry Pi...
[2018-01-28 09:23:34] Witty Pi daemon (v2.56) is started.
[2018-01-28 09:23:36] Synchronizing time between system and Witty Pi...
[2018-01-28 09:23:37] Writing RTC time to system...
[2018-01-28 10:00:14] Done :-)
[2018-01-28 10:00:17] Schedule next shutdown at: 2018-01-28 10:15:00
[2018-01-28 10:00:18] Schedule next startup at: 2018-01-28 11:00:00
[2018-01-28 10:00:20] Pending for incoming shutdown command...
[2018-01-28 10:00:24] Internet detected, apply NTP time to system and Witty Pi...
[2018-01-28 10:00:24] Writing system time to RTC...
[2018-01-28 10:00:25] Done :-)
[2018-01-28 10:23:28] Shutdown command is received...
[2018-01-28 10:23:28] Halting all processes and then shutdown Raspberry Pi...
[2018-01-28 10:23:35] Witty Pi daemon (v2.56) is started.
[2018-01-28 10:23:37] Synchronizing time between system and Witty Pi...
[2018-01-28 10:23:39] Writing RTC time to system...
[2018-01-28 11:00:15] Done :-)
[2018-01-28 11:00:19] Schedule next shutdown at: 2018-01-28 11:15:00
[2018-01-28 11:00:19] Schedule next startup at: 2018-01-28 12:00:00
[2018-01-28 11:00:21] Pending for incoming shutdown command...
[2018-01-28 11:00:25] Internet detected, apply NTP time to system and Witty Pi...
[2018-01-28 11:00:25] Writing system time to RTC...
[2018-01-28 11:00:26] Done :-)
[2018-01-28 11:23:28] Shutdown command is received...
[2018-01-28 11:23:29] Halting all processes and then shutdown Raspberry Pi...
[2018-01-28 11:23:35] Witty Pi daemon (v2.56) is started.
[2018-01-28 11:23:38] Synchronizing time between system and Witty Pi...
[2018-01-28 11:23:39] Writing RTC time to system...
[2018-01-28 12:00:15] Done :-)
[2018-01-28 12:00:19] Schedule next shutdown at: 2018-01-28 12:15:00
[2018-01-28 12:00:19] Schedule next startup at: 2018-01-28 13:00:00
[2018-01-28 12:00:21] Pending for incoming shutdown command...
[2018-01-28 12:00:25] Internet detected, apply NTP time to system and Witty Pi...
[2018-01-28 12:00:25] Writing system time to RTC...
[2018-01-28 12:00:26] Done :-)
[2018-01-28 12:23:29] Shutdown command is received...
[2018-01-28 12:23:29] Halting all processes and then shutdown Raspberry Pi...
[2018-01-28 12:23:36] Witty Pi daemon (v2.56) is started.
[2018-01-28 12:23:38] Synchronizing time between system and Witty Pi...
[2018-01-28 12:23:39] Writing RTC time to system...
[2018-01-28 13:00:15] Done :-)
[2018-01-28 13:00:19] Schedule next shutdown at: 2018-01-28 13:15:00
[2018-01-28 13:00:19] Schedule next startup at: 2018-01-28 14:00:00
[2018-01-28 13:00:21] Pending for incoming shutdown command...
[2018-01-28 13:00:25] Internet detected, apply NTP time to system and Witty Pi...
[2018-01-28 13:00:25] Writing system time to RTC...
[2018-01-28 13:00:26] Done :-)
[2018-01-28 13:23:30] Shutdown command is received...
[2018-01-28 13:23:30] Halting all processes and then shutdown Raspberry Pi...
[2018-01-28 13:23:36] Witty Pi daemon (v2.56) is started.
[2018-01-28 13:23:38] Synchronizing time between system and Witty Pi...
[2018-01-28 13:23:39] Writing RTC time to system...
[2018-01-28 14:00:14] Done :-)
[2018-01-28 14:00:17] Schedule next shutdown at: 2018-01-28 14:15:00
[2018-01-28 14:00:18] Schedule next startup at: 2018-01-28 15:00:00
[2018-01-28 14:00:20] Pending for incoming shutdown command...
[2018-01-28 14:00:24] Internet detected, apply NTP time to system and Witty Pi...
[2018-01-28 14:00:24] Writing system time to RTC...
[2018-01-28 14:00:25] Done :-)
[2018-01-28 14:23:30] Shutdown command is received...
[2018-01-28 14:23:30] Halting all processes and then shutdown Raspberry Pi...
[2018-01-28 14:23:36] Witty Pi daemon (v2.56) is started.
[2018-01-28 14:23:39] Synchronizing time between system and Witty Pi...
[2018-01-28 14:23:39] Writing RTC time to system...
[2018-01-28 15:00:14] Done :-)
[2018-01-28 15:00:17] Schedule next shutdown at: 2018-01-28 15:15:00
[2018-01-28 15:00:18] Schedule next startup at: 2018-01-28 16:00:00
[2018-01-28 15:00:20] Pending for incoming shutdown command...
[2018-01-28 15:00:24] Internet detected, apply NTP time to system and Witty Pi...
[2018-01-28 15:00:24] Writing system time to RTC...
[2018-01-28 15:00:25] Done :-)
[2018-01-28 15:23:31] Shutdown command is received...
[2018-01-28 15:23:31] Halting all processes and then shutdown Raspberry Pi...
[2018-01-28 15:23:37] Witty Pi daemon (v2.56) is started.
[2018-01-28 15:23:39] Synchronizing time between system and Witty Pi...
[2018-01-28 15:23:40] Writing RTC time to system...
[2018-01-28 16:00:14] Done :-)
[2018-01-28 16:00:17] Schedule next shutdown at: 2018-01-28 16:15:00
[2018-01-28 16:00:18] Schedule next startup at: 2018-01-28 17:00:00
[2018-01-28 16:00:20] Pending for incoming shutdown command...
[2018-01-28 16:00:24] Internet detected, apply NTP time to system and Witty Pi...
[2018-01-28 16:00:24] Writing system time to RTC...
[2018-01-28 16:00:25] Done :-)
[2018-01-28 16:23:31] Shutdown command is received...
[2018-01-28 16:23:31] Halting all processes and then shutdown Raspberry Pi...
[2018-01-28 16:23:37] Witty Pi daemon (v2.56) is started.
[2018-01-28 16:23:40] Synchronizing time between system and Witty Pi...
[2018-01-28 16:23:41] Writing RTC time to system...
[2018-01-28 17:00:14] Done :-)
[2018-01-28 17:00:18] Schedule next shutdown at: 2018-01-28 17:15:00
[2018-01-28 17:00:18] Schedule next startup at: 2018-01-28 18:00:00
[2018-01-28 17:00:20] Pending for incoming shutdown command...
[2018-01-28 17:00:24] Internet detected, apply NTP time to system and Witty Pi...
[2018-01-28 17:00:24] Writing system time to RTC...
[2018-01-28 17:00:25] Done :-)
[2018-01-28 17:23:32] Shutdown command is received...
[2018-01-28 17:23:32] Halting all processes and then shutdown Raspberry Pi...
[2018-01-28 17:23:38] Witty Pi daemon (v2.56) is started.
[2018-01-28 17:23:40] Synchronizing time between system and Witty Pi...
[2018-01-28 17:23:41] Writing RTC time to system...
[2018-01-28 18:00:14] Done :-)
[2018-01-28 18:00:17] Schedule next shutdown at: 2018-01-28 18:15:00
[2018-01-28 18:00:18] Schedule next startup at: 2018-01-28 19:00:00
[2018-01-28 18:00:20] Pending for incoming shutdown command...
[2018-01-28 18:00:24] Internet detected, apply NTP time to system and Witty Pi...
[2018-01-28 18:00:24] Writing system time to RTC...
[2018-01-28 18:00:25] Done :-)
[2018-01-28 18:23:32] Shutdown command is received...
[2018-01-28 18:23:32] Halting all processes and then shutdown Raspberry Pi...
[2018-01-28 18:23:39] Witty Pi daemon (v2.56) is started.
[2018-01-28 18:23:41] Synchronizing time between system and Witty Pi...
[2018-01-28 18:23:42] Writing RTC time to system...
[2018-01-28 19:00:15] Done :-)
[2018-01-28 19:00:19] Schedule next shutdown at: 2018-01-28 19:15:00
[2018-01-28 19:00:20] Schedule next startup at: 2018-01-29 07:00:00
[2018-01-28 19:00:21] Pending for incoming shutdown command...
[2018-01-28 19:00:25] Internet detected, apply NTP time to system and Witty Pi...
[2018-01-28 19:00:25] Writing system time to RTC...
[2018-01-28 19:00:26] Done :-)
[2018-01-28 19:23:32] Shutdown command is received...
[2018-01-28 19:23:33] Halting all processes and then shutdown Raspberry Pi...
[2018-01-28 19:23:39] Witty Pi daemon (v2.56) is started.
[2018-01-28 19:23:42] Synchronizing time between system and Witty Pi...
[2018-01-28 19:23:43] Writing RTC time to system...
[2018-01-29 07:00:15] Done :-)
[2018-01-29 07:00:19] Schedule next shutdown at: 2018-01-29 07:15:00
[2018-01-29 07:00:19] Schedule next startup at: 2018-01-29 08:00:00
[2018-01-29 07:00:21] Pending for incoming shutdown command...
[2018-01-29 07:00:25] Internet detected, apply NTP time to system and Witty Pi...
[2018-01-29 07:00:25] Writing system time to RTC...
[2018-01-29 07:00:26] Done :-)
[2018-01-29 07:23:33] Shutdown command is received...
[2018-01-29 07:23:33] Halting all processes and then shutdown Raspberry Pi...
[2018-01-29 07:23:40] Witty Pi daemon (v2.56) is started.
[2018-01-29 07:23:42] Synchronizing time between system and Witty Pi...
[2018-01-29 07:23:43] Writing RTC time to system...
[2018-01-29 08:00:15] Done :-)
[2018-01-29 08:00:19] Schedule next shutdown at: 2018-01-29 08:15:00
[2018-01-29 08:00:19] Schedule next startup at: 2018-01-29 09:00:00
[2018-01-29 08:00:21] Pending for incoming shutdown command...
[2018-01-29 08:00:25] Internet detected, apply NTP time to system and Witty Pi...
[2018-01-29 08:00:25] Writing system time to RTC...
[2018-01-29 08:00:26] Done :-)
[2018-01-29 08:23:33] Shutdown command is received...
[2018-01-29 08:23:34] Halting all processes and then shutdown Raspberry Pi...
[2018-01-29 08:23:40] Witty Pi daemon (v2.56) is started.
[2018-01-29 08:23:43] Synchronizing time between system and Witty Pi...
[2018-01-29 08:23:44] Writing RTC time to system...
[2018-01-29 09:00:15] Done :-)
[2018-01-29 09:00:19] Schedule next shutdown at: 2018-01-29 09:15:00
[2018-01-29 09:00:19] Schedule next startup at: 2018-01-29 10:00:00
[2018-01-29 09:00:21] Pending for incoming shutdown command...
[2018-01-29 09:00:25] Internet detected, apply NTP time to system and Witty Pi...
[2018-01-29 09:00:25] Writing system time to RTC...
[2018-01-29 09:00:26] Done :-)
[2018-01-29 09:23:34] Shutdown command is received...
[2018-01-29 09:23:34] Halting all processes and then shutdown Raspberry Pi...
[2018-01-29 09:23:41] Witty Pi daemon (v2.56) is started.
[2018-01-29 09:23:44] Synchronizing time between system and Witty Pi...
[2018-01-29 09:23:44] Writing RTC time to system...
[2018-01-29 10:00:15] Done :-)
[2018-01-29 10:00:19] Schedule next shutdown at: 2018-01-29 10:15:00
[2018-01-29 10:00:19] Schedule next startup at: 2018-01-29 11:00:00
[2018-01-29 10:00:21] Pending for incoming shutdown command...
[2018-01-29 10:00:25] Internet detected, apply NTP time to system and Witty Pi...
[2018-01-29 10:00:25] Writing system time to RTC...
[2018-01-29 10:00:26] Done :-)
[2018-01-29 10:23:34] Shutdown command is received...
[2018-01-29 10:23:35] Halting all processes and then shutdown Raspberry Pi...
[2018-01-29 10:23:42] Witty Pi daemon (v2.56) is started.
[2018-01-29 10:23:44] Synchronizing time between system and Witty Pi...
[2018-01-29 10:23:45] Writing RTC time to system...
[2018-01-29 11:00:15] Done :-)
[2018-01-29 11:00:19] Schedule next shutdown at: 2018-01-29 11:15:00
[2018-01-29 11:00:19] Schedule next startup at: 2018-01-29 12:00:00
[2018-01-29 11:00:21] Pending for incoming shutdown command...
[2018-01-29 11:00:25] Internet detected, apply NTP time to system and Witty Pi...
[2018-01-29 11:00:25] Writing system time to RTC...
[2018-01-29 11:00:26] Done :-)
[2018-01-29 11:23:35] Shutdown command is received...
[2018-01-29 11:23:35] Halting all processes and then shutdown Raspberry Pi...
[2018-01-29 11:23:41] Witty Pi daemon (v2.56) is started.
[2018-01-29 11:23:44] Synchronizing time between system and Witty Pi...
[2018-01-29 11:23:44] Writing RTC time to system...
[2018-01-29 12:00:14] Done :-)
[2018-01-29 12:00:17] Schedule next shutdown at: 2018-01-29 12:15:00
[2018-01-29 12:00:18] Schedule next startup at: 2018-01-29 13:00:00
[2018-01-29 12:00:20] Pending for incoming shutdown command...
[2018-01-29 12:00:24] Internet detected, apply NTP time to system and Witty Pi...
[2018-01-29 12:00:24] Writing system time to RTC...
[2018-01-29 12:00:25] Done :-)
[2018-01-29 12:23:35] Shutdown command is received...
[2018-01-29 12:23:36] Halting all processes and then shutdown Raspberry Pi...
[2018-01-29 12:23:42] Witty Pi daemon (v2.56) is started.
[2018-01-29 12:23:45] Synchronizing time between system and Witty Pi...
[2018-01-29 12:23:45] Writing RTC time to system...
[2018-01-29 13:00:14] Done :-)
[2018-01-29 13:00:17] Schedule next shutdown at: 2018-01-29 13:15:00
[2018-01-29 13:00:18] Schedule next startup at: 2018-01-29 14:00:00
[2018-01-29 13:00:20] Pending for incoming shutdown command...
[2018-01-29 13:00:24] Internet detected, apply NTP time to system and Witty Pi...
[2018-01-29 13:00:24] Writing system time to RTC...
[2018-01-29 13:00:25] Done :-)
[2018-01-29 13:23:36] Shutdown command is received...
[2018-01-29 13:23:36] Halting all processes and then shutdown Raspberry Pi...
[2018-01-29 13:23:43] Witty Pi daemon (v2.56) is started.
[2018-01-29 13:23:46] Synchronizing time between system and Witty Pi...
[2018-01-29 13:23:47] Writing RTC time to system...
[2018-01-29 14:00:15] Done :-)
[2018-01-29 14:00:19] Schedule next shutdown at: 2018-01-29 14:15:00
[2018-01-29 14:00:19] Schedule next startup at: 2018-01-29 15:00:00
[2018-01-29 14:00:21] Pending for incoming shutdown command...
[2018-01-29 14:00:25] Internet detected, apply NTP time to system and Witty Pi...
[2018-01-29 14:00:25] Writing system time to RTC...
[2018-01-29 14:00:26] Done :-)
[2018-01-29 14:23:36] Shutdown command is received...
[2018-01-29 14:23:37] Halting all processes and then shutdown Raspberry Pi...
[2018-01-29 14:23:43] Witty Pi daemon (v2.56) is started.
[2018-01-29 14:23:45] Synchronizing time between system and Witty Pi...
[2018-01-29 14:23:46] Writing RTC time to system...
[2018-01-29 15:00:14] Done :-)
[2018-01-29 15:00:17] Schedule next shutdown at: 2018-01-29 15:15:00
[2018-01-29 15:00:18] Schedule next startup at: 2018-01-29 16:00:00
[2018-01-29 15:00:20] Pending for incoming shutdown command...
[2018-01-29 15:00:24] Internet detected, apply NTP time to system and Witty Pi...
[2018-01-29 15:00:24] Writing system time to RTC...
[2018-01-29 15:00:25] Done :-)
[2018-01-29 15:23:37] Shutdown command is received...
[2018-01-29 15:23:37] Halting all processes and then shutdown Raspberry Pi...
[2018-01-29 15:23:44] Witty Pi daemon (v2.56) is started.
[2018-01-29 15:23:46] Synchronizing time between system and Witty Pi...
[2018-01-29 15:23:47] Writing RTC time to system...
[2018-01-29 16:00:14] Done :-)
[2018-01-29 16:00:17] Schedule next shutdown at: 2018-01-29 16:15:00
[2018-01-29 16:00:18] Schedule next startup at: 2018-01-29 17:00:00
[2018-01-29 16:00:20] Pending for incoming shutdown command...
[2018-01-29 16:00:24] Internet detected, apply NTP time to system and Witty Pi...
[2018-01-29 16:00:24] Writing system time to RTC...
[2018-01-29 16:00:25] Done :-)
[2018-01-29 16:23:37] Shutdown command is received...
[2018-01-29 16:23:38] Halting all processes and then shutdown Raspberry Pi...
[2018-01-29 16:23:44] Witty Pi daemon (v2.56) is started.
[2018-01-29 16:23:47] Synchronizing time between system and Witty Pi...
[2018-01-29 16:23:48] Writing RTC time to system...
[2018-01-29 17:00:15] Done :-)
[2018-01-29 17:00:19] Schedule next shutdown at: 2018-01-29 17:15:00
[2018-01-29 17:00:19] Schedule next startup at: 2018-01-29 18:00:00
[2018-01-29 17:00:21] Pending for incoming shutdown command...
[2018-01-29 17:00:25] Internet detected, apply NTP time to system and Witty Pi...
[2018-01-29 17:00:25] Writing system time to RTC...
[2018-01-29 17:00:26] Done :-)
[2018-01-29 17:23:38] Shutdown command is received...
[2018-01-29 17:23:38] Halting all processes and then shutdown Raspberry Pi...
[2018-01-29 17:23:45] Witty Pi daemon (v2.56) is started.
[2018-01-29 17:23:47] Synchronizing time between system and Witty Pi...
[2018-01-29 17:23:49] Writing RTC time to system...
[2018-01-29 18:00:15] Done :-)
[2018-01-29 18:00:19] Schedule next shutdown at: 2018-01-29 18:15:00
[2018-01-29 18:00:19] Schedule next startup at: 2018-01-29 19:00:00
[2018-01-29 18:00:21] Pending for incoming shutdown command...
[2018-01-29 18:00:25] Internet detected, apply NTP time to system and Witty Pi...
[2018-01-29 18:00:25] Writing system time to RTC...
[2018-01-29 18:00:26] Done :-)
[2018-01-29 18:23:38] Shutdown command is received...
[2018-01-29 18:23:39] Halting all processes and then shutdown Raspberry Pi...
[2018-01-29 18:23:45] Witty Pi daemon (v2.56) is started.
[2018-01-29 18:23:48] Synchronizing time between system and Witty Pi...
[2018-01-29 18:23:48] Writing RTC time to system...
[2018-01-29 19:00:14] Done :-)
[2018-01-29 19:00:18] Schedule next shutdown at: 2018-01-29 19:15:00
[2018-01-29 19:00:18] Schedule next startup at: 2018-01-30 07:00:00
[2018-01-29 19:00:20] Pending for incoming shutdown command...
[2018-01-29 19:00:24] Internet detected, apply NTP time to system and Witty Pi...
[2018-01-29 19:00:24] Writing system time to RTC...
[2018-01-29 19:00:25] Done :-)
[2018-01-29 19:23:39] Shutdown command is received...
[2018-01-29 19:23:39] Halting all processes and then shutdown Raspberry Pi...
[2018-01-29 19:23:45] Witty Pi daemon (v2.56) is started.
[2018-01-29 19:23:48] Synchronizing time between system and Witty Pi...
[2018-01-29 19:23:48] Writing RTC time to system...
[2018-01-30 07:00:14] Done :-)
[2018-01-30 07:00:17] Schedule next shutdown at: 2018-01-30 07:15:00
[2018-01-30 07:00:18] Schedule next startup at: 2018-01-30 08:00:00
[2018-01-30 07:00:20] Pending for incoming shutdown command...
[2018-01-30 07:00:24] Internet detected, apply NTP time to system and Witty Pi...
[2018-01-30 07:00:24] Writing system time to RTC...
[2018-01-30 07:00:25] Done :-)
[2018-01-30 07:23:39] Shutdown command is received...
[2018-01-30 07:23:40] Halting all processes and then shutdown Raspberry Pi...
[2018-01-30 07:23:46] Witty Pi daemon (v2.56) is started.
[2018-01-30 07:23:48] Synchronizing time between system and Witty Pi...
[2018-01-30 07:23:49] Writing RTC time to system...
[2018-01-30 08:00:14] Done :-)
[2018-01-30 08:00:17] Schedule next shutdown at: 2018-01-30 08:15:00
[2018-01-30 08:00:18] Schedule next startup at: 2018-01-30 09:00:00
[2018-01-30 08:00:20] Pending for incoming shutdown command...
[2018-01-30 08:00:24] Internet detected, apply NTP time to system and Witty Pi...
[2018-01-30 08:00:24] Writing system time to RTC...
[2018-01-30 08:00:25] Done :-)
[2018-01-30 08:23:40] Shutdown command is received...
[2018-01-30 08:23:40] Halting all processes and then shutdown Raspberry Pi...
[2018-01-30 08:23:47] Witty Pi daemon (v2.56) is started.
[2018-01-30 08:23:49] Synchronizing time between system and Witty Pi...
[2018-01-30 08:23:50] Writing RTC time to system...
[2018-01-30 09:00:15] Done :-)
[2018-01-30 09:00:19] Schedule next shutdown at: 2018-01-30 09:15:00
[2018-01-30 09:00:19] Schedule next startup at: 2018-01-30 10:00:00
[2018-01-30 09:00:21] Pending for incoming shutdown command...
[2018-01-30 09:00:25] Internet detected, apply NTP time to system and Witty Pi...
[2018-01-30 09:00:25] Writing system time to RTC...
[2018-01-30 09:00:26] Done :-)
[2018-01-30 09:23:40] Shutdown command is received...
[2018-01-30 09:23:41] Halting all processes and then shutdown Raspberry Pi...
[2018-01-30 09:23:47] Witty Pi daemon (v2.56) is started.
[2018-01-30 09:23:49] Synchronizing time between system and Witty Pi...
[2018-01-30 09:23:50] Writing RTC time to system...
[2018-01-30 10:00:14] Done :-)
[2018-01-30 10:00:17] Schedule next shutdown at: 2018-01-30 10:15:00
[2018-01-30 10:00:18] Schedule next startup at: 2018-01-30 11:00:00
[2018-01-30 10:00:20] Pending for incoming shutdown command...
[2018-01-30 10:00:24] Internet detected, apply NTP time to system and Witty Pi...
[2018-01-30 10:00:24] Writing system time to RTC...
[2018-01-30 10:00:25] Done :-)
[2018-01-30 10:23:41] Shutdown command is received...
[2018-01-30 10:23:41] Halting all processes and then shutdown Raspberry Pi...
[2018-01-30 10:23:48] Witty Pi daemon (v2.56) is started.
[2018-01-30 10:23:50] Synchronizing time between system and Witty Pi...
[2018-01-30 10:23:51] Writing RTC time to system...
[2018-01-30 11:00:15] Done :-)
[2018-01-30 11:00:19] Schedule next shutdown at: 2018-01-30 11:15:00
[2018-01-30 11:00:19] Schedule next startup at: 2018-01-30 12:00:00
[2018-01-30 11:00:20] Pending for incoming shutdown command...
[2018-01-30 11:00:25] Internet detected, apply NTP time to system and Witty Pi...
[2018-01-30 11:00:25] Writing system time to RTC...
[2018-01-30 11:00:26] Done :-)
[2018-01-30 11:23:41] Shutdown command is received...
[2018-01-30 11:23:42] Halting all processes and then shutdown Raspberry Pi...
[2018-01-30 11:23:48] Witty Pi daemon (v2.56) is started.
[2018-01-30 11:23:50] Synchronizing time between system and Witty Pi...
[2018-01-30 11:23:51] Writing RTC time to system...
[2018-01-30 12:00:14] Done :-)
[2018-01-30 12:00:17] Schedule next shutdown at: 2018-01-30 12:15:00
[2018-01-30 12:00:18] Schedule next startup at: 2018-01-30 13:00:00
[2018-01-30 12:00:20] Pending for incoming shutdown command...
[2018-01-30 12:00:24] Internet detected, apply NTP time to system and Witty Pi...
[2018-01-30 12:00:24] Writing system time to RTC...
[2018-01-30 12:00:25] Done :-)
[2018-01-30 12:23:42] Shutdown command is received...
[2018-01-30 12:23:42] Halting all processes and then shutdown Raspberry Pi...
[2018-01-30 12:23:49] Witty Pi daemon (v2.56) is started.
[2018-01-30 12:23:51] Synchronizing time between system and Witty Pi...
[2018-01-30 12:23:52] Writing RTC time to system...
[2018-01-30 13:00:15] Done :-)
[2018-01-30 13:00:19] Schedule next shutdown at: 2018-01-30 13:15:00
[2018-01-30 13:00:19] Schedule next startup at: 2018-01-30 14:00:00
[2018-01-30 13:00:21] Pending for incoming shutdown command...
[2018-01-30 13:00:25] Internet detected, apply NTP time to system and Witty Pi...
[2018-01-30 13:00:25] Writing system time to RTC...
[2018-01-30 13:00:26] Done :-)
[2018-01-30 13:23:42] Shutdown command is received...
[2018-01-30 13:23:43] Halting all processes and then shutdown Raspberry Pi...
[2018-01-30 13:23:49] Witty Pi daemon (v2.56) is started.
[2018-01-30 13:23:52] Synchronizing time between system and Witty Pi...
[2018-01-30 13:23:53] Writing RTC time to system...
[2018-01-30 14:00:15] Done :-)
[2018-01-30 14:00:19] Schedule next shutdown at: 2018-01-30 14:15:00
[2018-01-30 14:00:19] Schedule next startup at: 2018-01-30 15:00:00
[2018-01-30 14:00:21] Pending for incoming shutdown command...
[2018-01-30 14:00:25] Internet detected, apply NTP time to system and Witty Pi...
[2018-01-30 14:00:25] Writing system time to RTC...
[2018-01-30 14:00:26] Done :-)
[2018-01-30 14:23:43] Shutdown command is received...
[2018-01-30 14:23:43] Halting all processes and then shutdown Raspberry Pi...
[2018-01-30 14:23:50] Witty Pi daemon (v2.56) is started.
[2018-01-30 14:23:52] Synchronizing time between system and Witty Pi...
[2018-01-30 14:23:54] Writing RTC time to system...
[2018-01-30 15:00:15] Done :-)
[2018-01-30 15:00:19] Schedule next shutdown at: 2018-01-30 15:15:00
[2018-01-30 15:00:20] Schedule next startup at: 2018-01-30 16:00:00
[2018-01-30 15:00:21] Pending for incoming shutdown command...
[2018-01-30 15:00:25] Internet detected, apply NTP time to system and Witty Pi...
[2018-01-30 15:00:25] Writing system time to RTC...
[2018-01-30 15:00:26] Done :-)
[2018-01-30 15:23:43] Shutdown command is received...
[2018-01-30 15:23:44] Halting all processes and then shutdown Raspberry Pi...
[2018-01-30 15:23:50] Witty Pi daemon (v2.56) is started.
[2018-01-30 15:23:52] Synchronizing time between system and Witty Pi...
[2018-01-30 15:23:53] Writing RTC time to system...
[2018-01-30 16:00:14] Done :-)
[2018-01-30 16:00:18] Schedule next shutdown at: 2018-01-30 16:15:00
[2018-01-30 16:00:18] Schedule next startup at: 2018-01-30 17:00:00
[2018-01-30 16:00:20] Pending for incoming shutdown command...
[2018-01-30 16:00:24] Internet detected, apply NTP time to system and Witty Pi...
[2018-01-30 16:00:24] Writing system time to RTC...
[2018-01-30 16:00:25] Done :-)
[2018-01-30 16:23:44] Shutdown command is received...
[2018-01-30 16:23:44] Halting all processes and then shutdown Raspberry Pi...
[2018-01-30 16:23:50] Witty Pi daemon (v2.56) is started.
[2018-01-30 16:23:53] Synchronizing time between system and Witty Pi...
[2018-01-30 16:23:53] Writing RTC time to system...
[2018-01-30 17:00:14] Done :-)
[2018-01-30 17:00:17] Schedule next shutdown at: 2018-01-30 17:15:00
[2018-01-30 17:00:18] Schedule next startup at: 2018-01-30 18:00:00
[2018-01-30 17:00:20] Pending for incoming shutdown command...
[2018-01-30 17:00:24] Internet detected, apply NTP time to system and Witty Pi...
[2018-01-30 17:00:24] Writing system time to RTC...
[2018-01-30 17:00:25] Done :-)
[2018-01-30 17:23:44] Shutdown command is received...
[2018-01-30 17:23:45] Halting all processes and then shutdown Raspberry Pi...
[2018-01-30 17:23:51] Witty Pi daemon (v2.56) is started.
[2018-01-30 17:23:54] Synchronizing time between system and Witty Pi...
[2018-01-30 17:23:55] Writing RTC time to system...
[2018-01-30 18:00:15] Done :-)
[2018-01-30 18:00:19] Schedule next shutdown at: 2018-01-30 18:15:00
[2018-01-30 18:00:19] Schedule next startup at: 2018-01-30 19:00:00
[2018-01-30 18:00:21] Pending for incoming shutdown command...
[2018-01-30 18:00:25] Internet detected, apply NTP time to system and Witty Pi...
[2018-01-30 18:00:25] Writing system time to RTC...
[2018-01-30 18:00:26] Done :-)
[2018-01-30 18:23:45] Shutdown command is received...
[2018-01-30 18:23:45] Halting all processes and then shutdown Raspberry Pi...
[2018-01-30 18:23:51] Witty Pi daemon (v2.56) is started.
[2018-01-30 18:23:54] Synchronizing time between system and Witty Pi...
[2018-01-30 18:23:54] Writing RTC time to system...
[2018-01-30 19:00:14] Done :-)
[2018-01-30 19:00:17] Schedule next shutdown at: 2018-01-30 19:15:00
[2018-01-30 19:00:18] Schedule next startup at: 2018-01-31 07:00:00
[2018-01-30 19:00:20] Pending for incoming shutdown command...
[2018-01-30 19:00:24] Internet detected, apply NTP time to system and Witty Pi...
[2018-01-30 19:00:24] Writing system time to RTC...
[2018-01-30 19:00:25] Done :-)
[2018-01-30 19:23:45] Shutdown command is received...
[2018-01-30 19:23:46] Halting all processes and then shutdown Raspberry Pi...
[2018-01-30 19:23:52] Witty Pi daemon (v2.56) is started.
[2018-01-30 19:23:55] Synchronizing time between system and Witty Pi...
[2018-01-30 19:23:56] Writing RTC time to system...
[2018-01-31 07:00:15] Done :-)
[2018-01-31 07:00:18] Schedule next shutdown at: 2018-01-31 07:15:00
[2018-01-31 07:00:19] Schedule next startup at: 2018-01-31 08:00:00
[2018-01-31 07:00:21] Pending for incoming shutdown command...
[2018-01-31 07:00:25] Internet detected, apply NTP time to system and Witty Pi...
[2018-01-31 07:00:25] Writing system time to RTC...
[2018-01-31 07:00:26] Done :-)
[2018-01-31 07:23:46] Shutdown command is received...
[2018-01-31 07:23:46] Halting all processes and then shutdown Raspberry Pi...
[2018-01-31 07:23:52] Witty Pi daemon (v2.56) is started.
[2018-01-31 07:23:55] Synchronizing time between system and Witty Pi...
[2018-01-31 07:23:55] Writing RTC time to system...
[2018-01-31 08:00:14] Done :-)
[2018-01-31 08:00:17] Schedule next shutdown at: 2018-01-31 08:15:00
[2018-01-31 08:00:18] Schedule next startup at: 2018-01-31 09:00:00
[2018-01-31 08:00:20] Pending for incoming shutdown command...
[2018-01-31 08:00:24] Internet detected, apply NTP time to system and Witty Pi...
[2018-01-31 08:00:24] Writing system time to RTC...
[2018-01-31 08:00:25] Done :-)
[2018-01-31 08:23:46] Shutdown command is received...
[2018-01-31 08:23:46] Halting all processes and then shutdown Raspberry Pi...
[2018-01-31 08:23:53] Witty Pi daemon (v2.56) is started.
[2018-01-31 08:23:56] Synchronizing time between system and Witty Pi...
[2018-01-31 08:23:57] Writing RTC time to system...
[2018-01-31 09:00:15] Done :-)
[2018-01-31 09:00:19] Schedule next shutdown at: 2018-01-31 09:15:00
[2018-01-31 09:00:19] Schedule next startup at: 2018-01-31 10:00:00
[2018-01-31 09:00:21] Pending for incoming shutdown command...
[2018-01-31 09:00:25] Internet detected, apply NTP time to system and Witty Pi...
[2018-01-31 09:00:25] Writing system time to RTC...
[2018-01-31 09:00:26] Done :-)
[2018-01-31 09:23:47] Shutdown command is received...
[2018-01-31 09:23:47] Halting all processes and then shutdown Raspberry Pi...
[2018-01-31 09:23:53] Witty Pi daemon (v2.56) is started.
[2018-01-31 09:23:56] Synchronizing time between system and Witty Pi...
[2018-01-31 09:23:56] Writing RTC time to system...
[2018-01-31 10:00:14] Done :-)
[2018-01-31 10:00:17] Schedule next shutdown at: 2018-01-31 10:15:00
[2018-01-31 10:00:18] Schedule next startup at: 2018-01-31 11:00:00
[2018-01-31 10:00:20] Pending for incoming shutdown command...
[2018-01-31 10:00:24] Internet detected, apply NTP time to system and Witty Pi...
[2018-01-31 10:00:24] Writing system time to RTC...
[2018-01-31 10:00:25] Done :-)
[2018-01-31 10:23:47] Shutdown command is received...
[2018-01-31 10:23:48] Halting all processes and then shutdown Raspberry Pi...
[2018-01-31 10:23:54] Witty Pi daemon (v2.56) is started.
[2018-01-31 10:23:56] Synchronizing time between system and Witty Pi...
[2018-01-31 10:23:57] Writing RTC time to system...
[2018-01-31 11:00:14] Done :-)
[2018-01-31 11:00:17] Schedule next shutdown at: 2018-01-31 11:15:00
[2018-01-31 11:00:18] Schedule next startup at: 2018-01-31 12:00:00
[2018-01-31 11:00:20] Pending for incoming shutdown command...
[2018-01-31 11:00:24] Internet detected, apply NTP time to system and Witty Pi...
[2018-01-31 11:00:24] Writing system time to RTC...
[2018-01-31 11:00:25] Done :-)
[2018-01-31 11:23:48] Shutdown command is received...
[2018-01-31 11:23:48] Halting all processes and then shutdown Raspberry Pi...
[2018-01-31 11:23:55] Witty Pi daemon (v2.56) is started.
[2018-01-31 11:23:57] Synchronizing time between system and Witty Pi...
[2018-01-31 11:23:58] Writing RTC time to system...
[2018-01-31 12:00:15] Done :-)
[2018-01-31 12:00:19] Schedule next shutdown at: 2018-01-31 12:15:00
[2018-01-31 12:00:19] Schedule next startup at: 2018-01-31 13:00:00
[2018-01-31 12:00:21] Pending for incoming shutdown command...
[2018-01-31 12:00:25] Internet detected, apply NTP time to system and Witty Pi...
[2018-01-31 12:00:25] Writing system time to RTC...
[2018-01-31 12:00:26] Done :-)
[2018-01-31 12:23:48] Shutdown command is received...
[2018-01-31 12:23:49] Halting all processes and then shutdown Raspberry Pi...
[2018-01-31 12:23:55] Witty Pi daemon (v2.56) is started.
[2018-01-31 12:23:58] Synchronizing time between system and Witty Pi...
[2018-01-31 12:23:59] Writing RTC time to system...
[2018-01-31 13:00:15] Done :-)
[2018-01-31 13:00:19] Schedule next shutdown at: 2018-01-31 13:15:00
[2018-01-31 13:00:19] Schedule next startup at: 2018-01-31 14:00:00
[2018-01-31 13:00:21] Pending for incoming shutdown command...
[2018-01-31 13:00:25] Internet detected, apply NTP time to system and Witty Pi...
[2018-01-31 13:00:25] Writing system time to RTC...
[2018-01-31 13:00:26] Done :-)
[2018-01-31 13:23:49] Shutdown command is received...
[2018-01-31 13:23:49] Halting all processes and then shutdown Raspberry Pi...
[2018-01-31 13:23:56] Witty Pi daemon (v2.56) is started.
[2018-01-31 13:23:58] Synchronizing time between system and Witty Pi...
[2018-01-31 13:23:59] Writing RTC time to system...
[2018-01-31 14:00:15] Done :-)
[2018-01-31 14:00:19] Schedule next shutdown at: 2018-01-31 14:15:00
[2018-01-31 14:00:19] Schedule next startup at: 2018-01-31 15:00:00
[2018-01-31 14:00:21] Pending for incoming shutdown command...
[2018-01-31 14:00:25] Internet detected, apply NTP time to system and Witty Pi...
[2018-01-31 14:00:25] Writing system time to RTC...
[2018-01-31 14:00:26] Done :-)
[2018-01-31 14:23:49] Shutdown command is received...
[2018-01-31 14:23:49] Halting all processes and then shutdown Raspberry Pi...
[2018-01-31 14:23:56] Witty Pi daemon (v2.56) is started.
[2018-01-31 14:23:58] Synchronizing time between system and Witty Pi...
[2018-01-31 14:23:59] Writing RTC time to system...
[2018-01-31 15:00:14] Done :-)
[2018-01-31 15:00:17] Schedule next shutdown at: 2018-01-31 15:15:00
[2018-01-31 15:00:18] Schedule next startup at: 2018-01-31 16:00:00
[2018-01-31 15:00:20] Pending for incoming shutdown command...
[2018-01-31 15:00:24] Internet detected, apply NTP time to system and Witty Pi...
[2018-01-31 15:00:24] Writing system time to RTC...
[2018-01-31 15:00:25] Done :-)
[2018-01-31 15:23:50] Shutdown command is received...
[2018-01-31 15:23:50] Halting all processes and then shutdown Raspberry Pi...
[2018-01-31 15:23:56] Witty Pi daemon (v2.56) is started.
[2018-01-31 15:23:59] Synchronizing time between system and Witty Pi...
[2018-01-31 15:23:59] Writing RTC time to system...
[2018-01-31 16:00:14] Done :-)
[2018-01-31 16:00:17] Schedule next shutdown at: 2018-01-31 16:15:00
[2018-01-31 16:00:18] Schedule next startup at: 2018-01-31 17:00:00
[2018-01-31 16:00:20] Pending for incoming shutdown command...
[2018-01-31 16:00:24] Internet detected, apply NTP time to system and Witty Pi...
[2018-01-31 16:00:24] Writing system time to RTC...
[2018-01-31 16:00:25] Done :-)
[2018-01-31 16:23:50] Shutdown command is received...
[2018-01-31 16:23:51] Halting all processes and then shutdown Raspberry Pi...
[2018-01-31 16:23:57] Witty Pi daemon (v2.56) is started.
[2018-01-31 16:23:59] Synchronizing time between system and Witty Pi...
[2018-01-31 16:24:00] Writing RTC time to system...
[2018-01-31 17:00:14] Done :-)
[2018-01-31 17:00:18] Schedule next shutdown at: 2018-01-31 17:15:00
[2018-01-31 17:00:18] Schedule next startup at: 2018-01-31 18:00:00
[2018-01-31 17:00:20] Pending for incoming shutdown command...
[2018-01-31 17:00:24] Internet detected, apply NTP time to system and Witty Pi...
[2018-01-31 17:00:24] Writing system time to RTC...
[2018-01-31 17:00:25] Done :-)
[2018-01-31 17:23:51] Shutdown command is received...
[2018-01-31 17:23:51] Halting all processes and then shutdown Raspberry Pi...
[2018-01-31 17:23:58] Witty Pi daemon (v2.56) is started.
[2018-01-31 17:24:00] Synchronizing time between system and Witty Pi...
[2018-01-31 17:24:01] Writing RTC time to system...
[2018-01-31 18:00:15] Done :-)
[2018-01-31 18:00:19] Schedule next shutdown at: 2018-01-31 18:15:00
[2018-01-31 18:00:20] Schedule next startup at: 2018-01-31 19:00:00
[2018-01-31 18:00:21] Pending for incoming shutdown command...
[2018-01-31 18:00:25] Internet detected, apply NTP time to system and Witty Pi...
[2018-01-31 18:00:25] Writing system time to RTC...
[2018-01-31 18:00:26] Done :-)
[2018-01-31 18:23:51] Shutdown command is received...
[2018-01-31 18:23:51] Halting all processes and then shutdown Raspberry Pi...
[2018-01-31 18:23:58] Witty Pi daemon (v2.56) is started.
[2018-01-31 18:24:00] Synchronizing time between system and Witty Pi...
[2018-01-31 18:24:01] Writing RTC time to system...
[2018-01-31 19:00:14] Done :-)
[2018-01-31 19:00:18] Schedule next shutdown at: 2018-01-31 19:15:00
[2018-01-31 19:00:18] Schedule next startup at: 2018-02-01 07:00:00
[2018-01-31 19:00:20] Pending for incoming shutdown command...
[2018-01-31 19:00:24] Internet detected, apply NTP time to system and Witty Pi...
[2018-01-31 19:00:24] Writing system time to RTC...
[2018-01-31 19:00:25] Done :-)
[2018-01-31 19:23:52] Shutdown command is received...
[2018-01-31 19:23:52] Halting all processes and then shutdown Raspberry Pi...
[2018-01-31 19:23:58] Witty Pi daemon (v2.56) is started.
[2018-01-31 19:24:01] Synchronizing time between system and Witty Pi...
[2018-01-31 19:24:01] Writing RTC time to system...
[2018-02-01 07:00:14] Done :-)
[2018-02-01 07:00:18] Schedule next shutdown at: 2018-02-01 07:15:00
[2018-02-01 07:00:18] Schedule next startup at: 2018-02-01 08:00:00
[2018-02-01 07:00:20] Pending for incoming shutdown command...
[2018-02-01 07:00:24] Internet detected, apply NTP time to system and Witty Pi...
[2018-02-01 07:00:24] Writing system time to RTC...
[2018-02-01 07:00:25] Done :-)
[2018-02-01 07:23:52] Shutdown command is received...
[2018-02-01 07:23:52] Halting all processes and then shutdown Raspberry Pi...
[2018-02-01 07:23:59] Witty Pi daemon (v2.56) is started.
[2018-02-01 07:24:02] Synchronizing time between system and Witty Pi...
[2018-02-01 07:24:03] Writing RTC time to system...
[2018-02-01 08:00:15] Done :-)
[2018-02-01 08:00:19] Schedule next shutdown at: 2018-02-01 08:15:00
[2018-02-01 08:00:19] Schedule next startup at: 2018-02-01 09:00:00
[2018-02-01 08:00:21] Pending for incoming shutdown command...
[2018-02-01 08:00:25] Internet detected, apply NTP time to system and Witty Pi...
[2018-02-01 08:00:25] Writing system time to RTC...
[2018-02-01 08:00:26] Done :-)
[2018-02-01 08:23:53] Shutdown command is received...
[2018-02-01 08:23:53] Halting all processes and then shutdown Raspberry Pi...
[2018-02-01 08:23:59] Witty Pi daemon (v2.56) is started.
[2018-02-01 08:24:02] Synchronizing time between system and Witty Pi...
[2018-02-01 08:24:02] Writing RTC time to system...
[2018-02-01 09:00:14] Done :-)
[2018-02-01 09:00:17] Schedule next shutdown at: 2018-02-01 09:15:00
[2018-02-01 09:00:18] Schedule next startup at: 2018-02-01 10:00:00
[2018-02-01 09:00:20] Pending for incoming shutdown command...
[2018-02-01 09:00:24] Internet detected, apply NTP time to system and Witty Pi...
[2018-02-01 09:00:24] Writing system time to RTC...
[2018-02-01 09:00:25] Done :-)
[2018-02-01 09:23:53] Shutdown command is received...
[2018-02-01 09:23:53] Halting all processes and then shutdown Raspberry Pi...
[2018-02-01 09:24:00] Witty Pi daemon (v2.56) is started.
[2018-02-01 09:24:02] Synchronizing time between system and Witty Pi...
[2018-02-01 09:24:03] Writing RTC time to system...
[2018-02-01 10:00:14] Done :-)
[2018-02-01 10:00:17] Schedule next shutdown at: 2018-02-01 10:15:00
[2018-02-01 10:00:18] Schedule next startup at: 2018-02-01 11:00:00
[2018-02-01 10:00:20] Pending for incoming shutdown command...
[2018-02-01 10:00:24] Internet detected, apply NTP time to system and Witty Pi...
[2018-02-01 10:00:24] Writing system time to RTC...
[2018-02-01 10:00:25] Done :-)
[2018-02-01 10:23:54] Shutdown command is received...
[2018-02-01 10:23:54] Halting all processes and then shutdown Raspberry Pi...
[2018-02-01 10:24:00] Witty Pi daemon (v2.56) is started.
[2018-02-01 10:24:03] Synchronizing time between system and Witty Pi...
[2018-02-01 10:24:03] Writing RTC time to system...
[2018-02-01 11:00:14] Done :-)
[2018-02-01 11:00:17] Schedule next shutdown at: 2018-02-01 11:15:00
[2018-02-01 11:00:18] Schedule next startup at: 2018-02-01 12:00:00
[2018-02-01 11:00:20] Pending for incoming shutdown command...
[2018-02-01 11:00:24] Internet detected, apply NTP time to system and Witty Pi...
[2018-02-01 11:00:24] Writing system time to RTC...
[2018-02-01 11:00:25] Done :-)
[2018-02-01 11:23:54] Shutdown command is received...
[2018-02-01 11:23:54] Halting all processes and then shutdown Raspberry Pi...
[2018-02-01 11:24:01] Witty Pi daemon (v2.56) is started.
[2018-02-01 11:24:04] Synchronizing time between system and Witty Pi...
[2018-02-01 11:24:05] Writing RTC time to system...
[2018-02-01 12:00:15] Done :-)
[2018-02-01 12:00:19] Schedule next shutdown at: 2018-02-01 12:15:00
[2018-02-01 12:00:19] Schedule next startup at: 2018-02-01 13:00:00
[2018-02-01 12:00:21] Pending for incoming shutdown command...
[2018-02-01 12:00:25] Internet detected, apply NTP time to system and Witty Pi...
[2018-02-01 12:00:25] Writing system time to RTC...
[2018-02-01 12:00:26] Done :-)
[2018-02-01 12:23:55] Shutdown command is received...
[2018-02-01 12:23:55] Halting all processes and then shutdown Raspberry Pi...
[2018-02-01 12:24:01] Witty Pi daemon (v2.56) is started.
[2018-02-01 12:24:04] Synchronizing time between system and Witty Pi...
[2018-02-01 12:24:04] Writing RTC time to system...
[2018-02-01 13:00:14] Done :-)
[2018-02-01 13:00:17] Schedule next shutdown at: 2018-02-01 13:15:00
[2018-02-01 13:00:18] Schedule next startup at: 2018-02-01 14:00:00
[2018-02-01 13:00:20] Pending for incoming shutdown command...
[2018-02-01 13:00:24] Internet detected, apply NTP time to system and Witty Pi...
[2018-02-01 13:00:24] Writing system time to RTC...
[2018-02-01 13:00:25] Done :-)
[2018-02-01 13:23:55] Shutdown command is received...
[2018-02-01 13:23:55] Halting all processes and then shutdown Raspberry Pi...
[2018-02-01 13:24:02] Witty Pi daemon (v2.56) is started.
[2018-02-01 13:24:04] Synchronizing time between system and Witty Pi...
[2018-02-01 13:24:05] Writing RTC time to system...
[2018-02-01 14:00:14] Done :-)
[2018-02-01 14:00:17] Schedule next shutdown at: 2018-02-01 14:15:00
[2018-02-01 14:00:18] Schedule next startup at: 2018-02-01 15:00:00
[2018-02-01 14:00:20] Pending for incoming shutdown command...
[2018-02-01 14:00:24] Internet detected, apply NTP time to system and Witty Pi...
[2018-02-01 14:00:24] Writing system time to RTC...
[2018-02-01 14:00:25] Done :-)
[2018-02-01 14:23:56] Shutdown command is received...
[2018-02-01 14:23:56] Halting all processes and then shutdown Raspberry Pi...
[2018-02-01 14:24:03] Witty Pi daemon (v2.56) is started.
[2018-02-01 14:24:05] Synchronizing time between system and Witty Pi...
[2018-02-01 14:24:06] Writing RTC time to system...
[2018-02-01 15:00:15] Done :-)
[2018-02-01 15:00:19] Schedule next shutdown at: 2018-02-01 15:15:00
[2018-02-01 15:00:19] Schedule next startup at: 2018-02-01 16:00:00
[2018-02-01 15:00:21] Pending for incoming shutdown command...
[2018-02-01 15:00:25] Internet detected, apply NTP time to system and Witty Pi...
[2018-02-01 15:00:25] Writing system time to RTC...
[2018-02-01 15:00:26] Done :-)
[2018-02-01 15:23:56] Shutdown command is received...
[2018-02-01 15:23:56] Halting all processes and then shutdown Raspberry Pi...
[2018-02-01 15:24:04] Witty Pi daemon (v2.56) is started.
[2018-02-01 15:24:06] Synchronizing time between system and Witty Pi...
[2018-02-01 15:24:07] Writing RTC time to system...
[2018-02-01 16:00:15] Done :-)
[2018-02-01 16:00:19] Schedule next shutdown at: 2018-02-01 16:15:00
[2018-02-01 16:00:19] Schedule next startup at: 2018-02-01 17:00:00
[2018-02-01 16:00:21] Pending for incoming shutdown command...
[2018-02-01 16:00:25] Internet detected, apply NTP time to system and Witty Pi...
[2018-02-01 16:00:25] Writing system time to RTC...
[2018-02-01 16:00:26] Done :-)
[2018-02-01 16:23:57] Shutdown command is received...
[2018-02-01 16:23:57] Halting all processes and then shutdown Raspberry Pi...
[2018-02-01 16:24:03] Witty Pi daemon (v2.56) is started.
[2018-02-01 16:24:06] Synchronizing time between system and Witty Pi...
[2018-02-01 16:24:06] Writing RTC time to system...
[2018-02-01 17:00:14] Done :-)
[2018-02-01 17:00:17] Schedule next shutdown at: 2018-02-01 17:15:00
[2018-02-01 17:00:18] Schedule next startup at: 2018-02-01 18:00:00
[2018-02-01 17:00:20] Pending for incoming shutdown command...
[2018-02-01 17:00:24] Internet detected, apply NTP time to system and Witty Pi...
[2018-02-01 17:00:24] Writing system time to RTC...
[2018-02-01 17:00:25] Done :-)
[2018-02-01 17:23:57] Shutdown command is received...
[2018-02-01 17:23:57] Halting all processes and then shutdown Raspberry Pi...
[2018-02-01 17:24:04] Witty Pi daemon (v2.56) is started.
[2018-02-01 17:24:06] Synchronizing time between system and Witty Pi...
[2018-02-01 17:24:07] Writing RTC time to system...
[2018-02-01 18:00:14] Done :-)
[2018-02-01 18:00:18] Schedule next shutdown at: 2018-02-01 18:15:00
[2018-02-01 18:00:18] Schedule next startup at: 2018-02-01 19:00:00
[2018-02-01 18:00:20] Pending for incoming shutdown command...
[2018-02-01 18:00:24] Internet detected, apply NTP time to system and Witty Pi...
[2018-02-01 18:00:24] Writing system time to RTC...
[2018-02-01 18:00:25] Done :-)
[2018-02-01 18:23:58] Shutdown command is received...
[2018-02-01 18:23:58] Halting all processes and then shutdown Raspberry Pi...
[2018-02-01 18:24:05] Witty Pi daemon (v2.56) is started.
[2018-02-01 18:24:07] Synchronizing time between system and Witty Pi...
[2018-02-01 18:24:08] Writing RTC time to system...
[2018-02-01 19:00:15] Done :-)
[2018-02-01 19:00:19] Schedule next shutdown at: 2018-02-01 19:15:00
[2018-02-01 19:00:19] Schedule next startup at: 2018-02-02 07:00:00
[2018-02-01 19:00:21] Pending for incoming shutdown command...
[2018-02-01 19:00:25] Internet detected, apply NTP time to system and Witty Pi...
[2018-02-01 19:00:25] Writing system time to RTC...
[2018-02-01 19:00:26] Done :-)
[2018-02-01 19:23:58] Shutdown command is received...
[2018-02-01 19:23:58] Halting all processes and then shutdown Raspberry Pi...
[2018-02-01 19:24:05] Witty Pi daemon (v2.56) is started.
[2018-02-01 19:24:08] Synchronizing time between system and Witty Pi...
[2018-02-01 19:24:09] Writing RTC time to system...
[2018-02-02 07:00:15] Done :-)
[2018-02-02 07:00:19] Schedule next shutdown at: 2018-02-02 07:15:00
[2018-02-02 07:00:19] Schedule next startup at: 2018-02-02 08:00:00
[2018-02-02 07:00:21] Pending for incoming shutdown command...
[2018-02-02 07:00:25] Internet detected, apply NTP time to system and Witty Pi...
[2018-02-02 07:00:25] Writing system time to RTC...
[2018-02-02 07:00:26] Done :-)
[2018-02-02 07:23:59] Shutdown command is received...
[2018-02-02 07:23:59] Halting all processes and then shutdown Raspberry Pi...
[2018-02-02 07:24:06] Witty Pi daemon (v2.56) is started.
[2018-02-02 07:24:08] Synchronizing time between system and Witty Pi...
[2018-02-02 07:24:09] Writing RTC time to system...
[2018-02-02 08:00:15] Done :-)
[2018-02-02 08:00:19] Schedule next shutdown at: 2018-02-02 08:15:00
[2018-02-02 08:00:19] Schedule next startup at: 2018-02-02 09:00:00
[2018-02-02 08:00:21] Pending for incoming shutdown command...
[2018-02-02 08:00:25] Internet detected, apply NTP time to system and Witty Pi...
[2018-02-02 08:00:25] Writing system time to RTC...
[2018-02-02 08:00:26] Done :-)
[2018-02-02 08:23:59] Shutdown command is received...
[2018-02-02 08:23:59] Halting all processes and then shutdown Raspberry Pi...
[2018-02-02 08:24:06] Witty Pi daemon (v2.56) is started.
[2018-02-02 08:24:08] Synchronizing time between system and Witty Pi...
[2018-02-02 08:24:09] Writing RTC time to system...
[2018-02-02 09:00:14] Done :-)
[2018-02-02 09:00:17] Schedule next shutdown at: 2018-02-02 09:15:00
[2018-02-02 09:00:18] Schedule next startup at: 2018-02-02 10:00:00
[2018-02-02 09:00:20] Pending for incoming shutdown command...
[2018-02-02 09:00:24] Internet detected, apply NTP time to system and Witty Pi...
[2018-02-02 09:00:24] Writing system time to RTC...
[2018-02-02 09:00:25] Done :-)
[2018-02-02 09:24:00] Shutdown command is received...
[2018-02-02 09:24:00] Halting all processes and then shutdown Raspberry Pi...
[2018-02-02 09:24:06] Witty Pi daemon (v2.56) is started.
[2018-02-02 09:24:09] Synchronizing time between system and Witty Pi...
[2018-02-02 09:24:09] Writing RTC time to system...
[2018-02-02 10:00:14] Done :-)
[2018-02-02 10:00:17] Schedule next shutdown at: 2018-02-02 10:15:00
[2018-02-02 10:00:18] Schedule next startup at: 2018-02-02 11:00:00
[2018-02-02 10:00:20] Pending for incoming shutdown command...
[2018-02-02 10:00:24] Internet detected, apply NTP time to system and Witty Pi...
[2018-02-02 10:00:24] Writing system time to RTC...
[2018-02-02 10:00:25] Done :-)
[2018-02-02 10:24:00] Shutdown command is received...
[2018-02-02 10:24:00] Halting all processes and then shutdown Raspberry Pi...
[2018-02-02 10:24:07] Witty Pi daemon (v2.56) is started.
[2018-02-02 10:24:09] Synchronizing time between system and Witty Pi...
[2018-02-02 10:24:10] Writing RTC time to system...
[2018-02-02 11:00:14] Done :-)
[2018-02-02 11:00:17] Schedule next shutdown at: 2018-02-02 11:15:00
[2018-02-02 11:00:18] Schedule next startup at: 2018-02-02 12:00:00
[2018-02-02 11:00:20] Pending for incoming shutdown command...
[2018-02-02 11:00:24] Internet detected, apply NTP time to system and Witty Pi...
[2018-02-02 11:00:24] Writing system time to RTC...
[2018-02-02 11:00:25] Done :-)
[2018-02-02 11:24:01] Shutdown command is received...
[2018-02-02 11:24:01] Halting all processes and then shutdown Raspberry Pi...
[2018-02-02 11:24:08] Witty Pi daemon (v2.56) is started.
[2018-02-02 11:24:10] Synchronizing time between system and Witty Pi...
[2018-02-02 11:24:11] Writing RTC time to system...
[2018-02-02 12:00:15] Done :-)
[2018-02-02 12:00:19] Schedule next shutdown at: 2018-02-02 12:15:00
[2018-02-02 12:00:19] Schedule next startup at: 2018-02-02 13:00:00
[2018-02-02 12:00:21] Pending for incoming shutdown command...
[2018-02-02 12:00:25] Internet detected, apply NTP time to system and Witty Pi...
[2018-02-02 12:00:25] Writing system time to RTC...
[2018-02-02 12:00:26] Done :-)
[2018-02-02 12:24:01] Shutdown command is received...
[2018-02-02 12:24:01] Halting all processes and then shutdown Raspberry Pi...
[2018-02-02 12:24:08] Witty Pi daemon (v2.56) is started.
[2018-02-02 12:24:10] Synchronizing time between system and Witty Pi...
[2018-02-02 12:24:11] Writing RTC time to system...
[2018-02-02 13:00:14] Done :-)
[2018-02-02 13:00:17] Schedule next shutdown at: 2018-02-02 13:15:00
[2018-02-02 13:00:18] Schedule next startup at: 2018-02-02 14:00:00
[2018-02-02 13:00:20] Pending for incoming shutdown command...
[2018-02-02 13:00:24] Internet detected, apply NTP time to system and Witty Pi...
[2018-02-02 13:00:24] Writing system time to RTC...
[2018-02-02 13:00:25] Done :-)
[2018-02-02 13:24:02] Shutdown command is received...
[2018-02-02 13:24:02] Halting all processes and then shutdown Raspberry Pi...
[2018-02-02 13:24:08] Witty Pi daemon (v2.56) is started.
[2018-02-02 13:24:11] Synchronizing time between system and Witty Pi...
[2018-02-02 13:24:11] Writing RTC time to system...
[2018-02-02 14:00:14] Done :-)
[2018-02-02 14:00:17] Schedule next shutdown at: 2018-02-02 14:15:00
[2018-02-02 14:00:18] Schedule next startup at: 2018-02-02 15:00:00
[2018-02-02 14:00:20] Pending for incoming shutdown command...
[2018-02-02 14:00:24] Internet detected, apply NTP time to system and Witty Pi...
[2018-02-02 14:00:24] Writing system time to RTC...
[2018-02-02 14:00:25] Done :-)
[2018-02-02 14:24:02] Shutdown command is received...
[2018-02-02 14:24:02] Halting all processes and then shutdown Raspberry Pi...
[2018-02-02 14:24:09] Witty Pi daemon (v2.56) is started.
[2018-02-02 14:24:11] Synchronizing time between system and Witty Pi...
[2018-02-02 14:24:12] Writing RTC time to system...
[2018-02-02 15:38:47] Done :-)
[2018-02-02 15:38:50] Schedule next shutdown at: 2018-02-02 16:15:00
[2018-02-02 15:38:51] Schedule next startup at: 2018-02-02 17:00:00
[2018-02-02 15:38:53] Pending for incoming shutdown command...
[2018-02-02 15:38:57] Internet detected, apply NTP time to system and Witty Pi...
[2018-02-02 15:38:57] Writing system time to RTC...
[2018-02-02 15:38:58] Done :-)
[2018-02-02 16:24:03] Shutdown command is received...
[2018-02-02 16:24:03] Halting all processes and then shutdown Raspberry Pi...
[2018-02-02 16:24:09] Witty Pi daemon (v2.56) is started.
[2018-02-02 16:24:12] Synchronizing time between system and Witty Pi...
[2018-02-02 16:24:13] Writing RTC time to system...
[2018-02-12 17:55:10] Done :-)
[2018-02-12 17:55:13] Schedule next shutdown at: 2018-02-12 18:15:00
[2018-02-12 17:55:13] Schedule next startup at: 2018-02-12 19:00:00
[2018-02-12 17:55:16] Pending for incoming shutdown command...
[2018-02-12 17:55:20] Internet detected, apply NTP time to system and Witty Pi...
[2018-02-12 17:55:20] Writing system time to RTC...
[2018-02-12 17:55:21] Done :-)
[2018-02-12 18:15:56] Shutdown command is received...
[2018-02-12 18:15:56] Halting all processes and then shutdown Raspberry Pi...
[2018-02-12 18:16:01] Witty Pi daemon (v2.56) is started.
[2018-02-12 18:16:03] Seems I was unexpectedly woken up by shutdown alarm, must go back to sleep...
[2018-02-12 18:16:03] Halting all processes and then shutdown Raspberry Pi...
[2018-02-12 18:16:00] Witty Pi daemon (v2.56) is started.
[2018-02-12 18:16:03] Synchronizing time between system and Witty Pi...
[2018-02-12 18:16:03] Writing RTC time to system...
[2018-02-12 19:17:59] Done :-)
[2018-02-12 19:18:02] Schedule next shutdown at: 2018-02-13 07:15:00
[2018-02-12 19:18:02] Schedule next startup at: 2018-02-13 08:00:00
[2018-02-12 19:18:05] Pending for incoming shutdown command...
[2018-02-12 19:18:09] Internet detected, apply NTP time to system and Witty Pi...
[2018-02-12 19:18:09] Writing system time to RTC...
[2018-02-12 19:18:10] Done :-)
[2018-02-12 19:27:51] Shutdown command is received...
[2018-02-12 19:27:51] Halting all processes and then shutdown Raspberry Pi...
[2018-02-12 19:27:55] Witty Pi daemon (v2.56) is started.
[2018-02-12 19:27:58] Synchronizing time between system and Witty Pi...
[2018-02-12 19:27:59] Writing RTC time to system...
[2018-02-12 19:46:16] Done :-)
[2018-02-12 19:46:18] Schedule next shutdown at: 2018-02-13 07:15:00
[2018-02-12 19:46:18] Schedule next startup at: 2018-02-13 08:00:00
[2018-02-12 19:46:22] Pending for incoming shutdown command...
[2018-02-12 19:46:26] Internet detected, apply NTP time to system and Witty Pi...
[2018-02-12 19:46:26] Writing system time to RTC...
[2018-02-12 19:46:27] Done :-)
[2018-02-12 20:05:00] Clearing auto startup time...
[2018-02-12 20:05:00] done :-)
[2018-02-12 20:05:00] Clearing auto shutdown time...
[2018-02-12 20:05:01] done :-)
[2018-02-12 20:05:01] Deleting "schedule.wpi" file...
[2018-02-12 20:05:01] done :-)
[2018-02-12 20:44:18] Shutdown command is received...
[2018-02-12 20:44:18] Halting all processes and then shutdown Raspberry Pi...
[2018-02-12 20:44:23] Witty Pi daemon (v2.56) is started.
[2018-02-12 20:44:25] Synchronizing time between system and Witty Pi...
[2018-02-12 20:44:26] Writing RTC time to system...
[2018-02-12 20:50:27] Done :-)
[2018-02-12 20:50:29] File "schedule.wpi" not found, skip running schedule script.
[2018-02-12 20:50:33] Pending for incoming shutdown command...
[2018-02-12 20:50:37] Internet detected, apply NTP time to system and Witty Pi...
[2018-02-12 20:50:37] Writing system time to RTC...
[2018-02-12 20:50:38] Done :-)
[2018-02-12 21:04:51] Witty Pi daemon (v2.56) is started.
[2018-02-12 21:04:53] Synchronizing time between system and Witty Pi...
[2018-02-12 21:04:53] Writing RTC time to system...
[2018-02-12 21:18:07] Done :-)
[2018-02-12 21:18:09] File "schedule.wpi" not found, skip running schedule script.
[2018-02-12 21:18:13] Pending for incoming shutdown command...
[2018-02-12 21:18:17] Internet detected, apply NTP time to system and Witty Pi...
[2018-02-12 21:18:17] Writing system time to RTC...
[2018-02-12 21:18:18] Done :-)
[2018-02-13 15:27:47] Witty Pi daemon (v2.56) is started.
[2018-02-13 15:27:50] Synchronizing time between system and Witty Pi...
[2018-02-13 15:27:50] Writing RTC time to system...
[2018-02-13 15:50:34] Done :-)
[2018-02-13 15:50:36] File "schedule.wpi" not found, skip running schedule script.
[2018-02-13 15:50:40] Pending for incoming shutdown command...
[2018-02-13 15:50:44] Internet detected, apply NTP time to system and Witty Pi...
[2018-02-13 15:50:44] Writing system time to RTC...
[2018-02-13 15:50:45] Done :-)
[2018-02-13 16:03:16] Shutdown command is received...
[2018-02-13 16:03:16] Halting all processes and then shutdown Raspberry Pi...
[2018-02-13 16:03:21] Witty Pi daemon (v2.56) is started.
[2018-02-13 16:03:24] Synchronizing time between system and Witty Pi...
[2018-02-13 16:03:24] Writing RTC time to system...
[2018-02-13 15:58:24] Done :-)
[2018-02-13 15:58:26] File "schedule.wpi" not found, skip running schedule script.
[2018-02-13 15:58:30] Pending for incoming shutdown command...
[2018-02-13 15:58:34] Internet detected, apply NTP time to system and Witty Pi...
[2018-02-13 15:58:34] Writing system time to RTC...
[2018-02-13 15:58:35] Done :-)
[2018-02-13 16:22:36] Witty Pi daemon (v2.56) is started.
[2018-02-13 16:22:38] Synchronizing time between system and Witty Pi...
[2018-02-13 16:22:39] Writing RTC time to system...
[2018-02-13 16:46:11] Done :-)
[2018-02-13 16:46:13] File "schedule.wpi" not found, skip running schedule script.
[2018-02-13 16:46:17] Pending for incoming shutdown command...
[2018-02-13 16:46:21] Internet detected, apply NTP time to system and Witty Pi...
[2018-02-13 16:46:21] Writing system time to RTC...
[2018-02-13 16:46:22] Done :-)
[2018-02-14 10:45:13] Witty Pi daemon (v2.56) is started.
[2018-02-14 10:45:16] Synchronizing time between system and Witty Pi...
[2018-02-14 10:45:16] Writing RTC time to system...
[2018-02-14 14:14:09] Done :-)
[2018-02-14 14:14:11] File "schedule.wpi" not found, skip running schedule script.
[2018-02-14 14:14:15] Pending for incoming shutdown command...
[2018-02-14 14:14:19] Internet detected, apply NTP time to system and Witty Pi...
[2018-02-14 14:14:19] Writing system time to RTC...
[2018-02-14 14:14:20] Done :-)
[2018-02-16 12:42:54] Shutdown command is received...
[2018-02-16 12:42:55] Halting all processes and then shutdown Raspberry Pi...
[2018-02-16 12:42:59] Witty Pi daemon (v2.56) is started.
[2018-02-16 12:43:01] Synchronizing time between system and Witty Pi...
[2018-02-16 12:43:02] Writing RTC time to system...
[2018-02-16 12:54:55] Done :-)
[2018-02-16 12:54:57] File "schedule.wpi" not found, skip running schedule script.
[2018-02-16 12:55:01] Pending for incoming shutdown command...
[2018-02-16 12:55:05] Internet detected, apply NTP time to system and Witty Pi...
[2018-02-16 12:55:05] Writing system time to RTC...
[2018-02-16 12:55:06] Done :-)
[2018-02-18 14:40:27] Witty Pi daemon (v2.56) is started.
[2018-02-18 14:40:29] Synchronizing time between system and Witty Pi...
[2018-02-18 14:40:30] Writing RTC time to system...
[2018-02-28 19:07:14] Done :-)
[2018-02-28 19:07:16] File "schedule.wpi" not found, skip running schedule script.
[2018-02-28 19:07:20] Pending for incoming shutdown command...
[2018-02-28 19:07:24] Internet detected, apply NTP time to system and Witty Pi...
[2018-02-28 19:07:24] Writing system time to RTC...
[2018-02-28 19:07:25] Done :-)
[2018-02-28 19:21:50] Shutdown command is received...
[2018-02-28 19:21:50] Halting all processes and then shutdown Raspberry Pi...
[2018-02-28 19:21:57] Witty Pi daemon (v2.56) is started.
[2018-02-28 19:22:00] Synchronizing time between system and Witty Pi...
[2018-02-28 19:22:01] Writing RTC time to system...
[2018-02-28 19:25:00] Done :-)
[2018-02-28 19:25:02] File "schedule.wpi" not found, skip running schedule script.
[2018-02-28 19:25:06] Pending for incoming shutdown command...
[2018-02-28 19:25:10] Internet detected, apply NTP time to system and Witty Pi...
[2018-02-28 19:25:10] Writing system time to RTC...
[2018-02-28 19:25:11] Done :-)
[2018-02-28 22:12:06] Shutdown command is received...
[2018-02-28 22:12:06] Halting all processes and then shutdown Raspberry Pi...
[2018-02-28 22:12:13] Witty Pi daemon (v2.56) is started.
[2018-02-28 22:12:15] Witty Pi is not connected, skip I2C communications...
[2018-02-28 22:12:15] Witty Pi is not connected, skip synchronizing time...
[2018-02-28 22:12:13] Witty Pi daemon (v2.56) is started.
[2018-02-28 22:12:15] Synchronizing time between system and Witty Pi...
[2018-02-28 22:12:15] Writing RTC time to system...
[2018-02-28 23:49:24] Done :-)
[2018-02-28 23:49:26] File "schedule.wpi" not found, skip running schedule script.
[2018-02-28 23:49:30] Pending for incoming shutdown command...
[2018-02-28 23:49:34] Internet detected, apply NTP time to system and Witty Pi...
[2018-02-28 23:49:34] Writing system time to RTC...
[2018-02-28 23:49:35] Done :-)
[2018-03-03 07:09:47] Witty Pi daemon (v2.56) is started.
[2018-03-03 07:09:50] Synchronizing time between system and Witty Pi...
[2018-03-03 07:09:50] Writing RTC time to system...
[2018-03-03 07:26:52] Done :-)
[2018-03-03 07:26:54] File "schedule.wpi" not found, skip running schedule script.
[2018-03-03 07:26:58] Pending for incoming shutdown command...
[2018-03-03 07:27:02] Internet detected, apply NTP time to system and Witty Pi...
[2018-03-03 07:27:02] Writing system time to RTC...
[2018-03-03 07:27:03] Done :-)
[2018-03-03 07:38:03] Witty Pi daemon (v2.56) is started.
[2018-03-03 07:38:05] Witty Pi is not connected, skip I2C communications...
[2018-03-03 07:38:05] Witty Pi is not connected, skip synchronizing time...
[2018-03-03 07:38:08] Witty Pi is not connected, skip schedule script...
[2018-03-03 07:38:13] Pending for incoming shutdown command...
[2018-03-03 07:38:02] Witty Pi daemon (v2.56) is started.
[2018-03-03 07:38:05] Synchronizing time between system and Witty Pi...
[2018-03-03 07:38:06] Writing RTC time to system...
[2018-03-03 10:31:44] Done :-)
[2018-03-03 10:31:46] File "schedule.wpi" not found, skip running schedule script.
[2018-03-03 10:31:50] Pending for incoming shutdown command...
[2018-03-03 10:31:54] Internet detected, apply NTP time to system and Witty Pi...
[2018-03-03 10:31:54] Writing system time to RTC...
[2018-03-03 10:31:55] Done :-)
[2018-03-04 09:28:04] Witty Pi daemon (v2.56) is started.
[2018-03-04 09:28:07] Synchronizing time between system and Witty Pi...
[2018-03-04 09:28:07] Writing RTC time to system...
[2018-03-17 22:14:57] Done :-)
[2018-03-17 22:14:59] File "schedule.wpi" not found, skip running schedule script.
[2018-03-17 22:15:03] Pending for incoming shutdown command...
[2018-03-04 09:28:04] Witty Pi daemon (v2.56) is started.
[2018-03-04 09:28:07] Synchronizing time between system and Witty Pi...
[2018-03-04 09:28:07] Writing RTC time to system...
[2018-03-18 16:13:06] Done :-)
[2018-03-18 16:13:08] File "schedule.wpi" not found, skip running schedule script.
[2018-03-18 16:13:12] Pending for incoming shutdown command...
[2018-03-18 16:13:16] Internet detected, apply NTP time to system and Witty Pi...
[2018-03-18 16:13:16] Writing system time to RTC...
[2018-03-18 16:13:17] Done :-)
[2018-03-18 16:56:18] Witty Pi daemon (v2.56) is started.
[2018-03-18 16:56:20] Synchronizing time between system and Witty Pi...
[2018-03-18 16:56:22] Writing RTC time to system...
[2018-03-21 10:24:15] Done :-)
[2018-03-21 10:24:16] File "schedule.wpi" not found, skip running schedule script.
[2018-03-21 10:24:20] Pending for incoming shutdown command...
[2018-03-21 10:24:23] Shutdown command is received...
[2018-03-21 10:24:23] Halting all processes and then shutdown Raspberry Pi...
[2018-03-18 16:56:18] Witty Pi daemon (v2.56) is started.
[2018-03-18 16:56:20] Synchronizing time between system and Witty Pi...
[2018-03-18 16:56:21] Writing RTC time to system...
[2018-03-21 11:17:27] Done :-)
[2018-03-21 11:17:29] File "schedule.wpi" not found, skip running schedule script.
[2018-03-21 11:17:33] Pending for incoming shutdown command...
[2018-03-21 11:35:42] Shutdown command is received...
[2018-03-21 11:35:42] Halting all processes and then shutdown Raspberry Pi...
[2018-03-21 11:35:48] Witty Pi daemon (v2.56) is started.
[2018-03-21 11:35:50] Synchronizing time between system and Witty Pi...
[2018-03-21 11:35:51] Writing RTC time to system...
[2018-03-21 11:27:09] Done :-)
[2018-03-21 11:27:11] File "schedule.wpi" not found, skip running schedule script.
[2018-03-21 11:27:15] Pending for incoming shutdown command...
[2018-03-21 17:43:05] Shutdown command is received...
[2018-03-21 17:43:05] Halting all processes and then shutdown Raspberry Pi...
[2018-03-21 17:43:12] Witty Pi daemon (v2.56) is started.
[2018-03-21 17:43:14] Synchronizing time between system and Witty Pi...
[2018-03-21 17:43:15] Writing RTC time to system...
[2019-12-23 08:43:20] Done :-)
[2019-12-23 08:43:22] File "schedule.wpi" not found, skip running schedule script.
[2019-12-23 08:43:26] Pending for incoming shutdown command...
[2019-12-23 08:49:58] Shutdown command is received...
[2019-12-23 08:49:58] Halting all processes and then shutdown Raspberry Pi...
[2018-03-21 17:43:11] Witty Pi daemon (v2.56) is started.
[2018-03-21 17:43:14] Synchronizing time between system and Witty Pi...
[2018-03-21 17:43:14] Writing RTC time to system...
[2019-12-23 08:50:29] Done :-)
[2019-12-23 08:50:31] File "schedule.wpi" not found, skip running schedule script.
[2019-12-23 08:50:35] Pending for incoming shutdown command...
[2019-12-23 10:15:59] Shutdown command is received...
[2019-12-23 10:15:59] Halting all processes and then shutdown Raspberry Pi...
[2019-12-23 10:16:05] Witty Pi daemon (v2.56) is started.
[2019-12-23 10:16:07] Synchronizing time between system and Witty Pi...
[2019-12-23 10:16:07] Writing RTC time to system...
